District,State,Year,Status
Adilabad,Telangana,2013,No matched historical weather observation
Adilabad,Telangana,2014,No matched historical weather observation
Adilabad,Telangana,2015,No matched historical weather observation
Adilabad,Telangana,2016,No matched historical weather observation
Adilabad,Telangana,2017,No matched historical weather observation
Adilabad,Telangana,2018,No matched historical weather observation
Adilabad,Telangana,2019,No matched historical weather observation
Adilabad,Telangana,2020,No matched historical weather observation
Adilabad,Telangana,2021,No matched historical weather observation
Adilabad,Telangana,2022,No matched historical weather observation
Alappuzha,Kerala,2013,No matched historical weather observation
Alappuzha,Kerala,2014,No matched historical weather observation
Alappuzha,Kerala,2015,No matched historical weather observation
Alappuzha,Kerala,2016,No matched historical weather observation
Alappuzha,Kerala,2017,No matched historical weather observation
Alappuzha,Kerala,2018,No matched historical weather observation
Alappuzha,Kerala,2019,No matched historical weather observation
Alappuzha,Kerala,2020,No matched historical weather observation
Alappuzha,Kerala,2021,No matched historical weather observation
Alappuzha,Kerala,2022,No matched historical weather observation
Aligarh,Uttar Pradesh,2013,No matched historical weather observation
Aligarh,Uttar Pradesh,2014,No matched historical weather observation
Aligarh,Uttar Pradesh,2015,No matched historical weather observation
Aligarh,Uttar Pradesh,2016,No matched historical weather observation
Aligarh,Uttar Pradesh,2017,No matched historical weather observation
Aligarh,Uttar Pradesh,2018,No matched historical weather observation
Aligarh,Uttar Pradesh,2019,No matched historical weather observation
Aligarh,Uttar Pradesh,2020,No matched historical weather observation
Aligarh,Uttar Pradesh,2021,No matched historical weather observation
Aligarh,Uttar Pradesh,2022,No matched historical weather observation
Alipurduar,West Bengal,2016,No matched historical weather observation
Alipurduar,West Bengal,2017,No matched historical weather observation
Alipurduar,West Bengal,2018,No matched historical weather observation
Alipurduar,West Bengal,2019,No matched historical weather observation
Alipurduar,West Bengal,2020,No matched historical weather observation
Alipurduar,West Bengal,2021,No matched historical weather observation
Alipurduar,West Bengal,2022,No matched historical weather observation
Ambedkar nagar,Uttar Pradesh,2013,No matched historical weather observation
Ambedkar nagar,Uttar Pradesh,2014,No matched historical weather observation
Ambedkar nagar,Uttar Pradesh,2015,No matched historical weather observation
Ambedkar nagar,Uttar Pradesh,2016,No matched historical weather observation
Ambedkar nagar,Uttar Pradesh,2017,No matched historical weather observation
Ambedkar nagar,Uttar Pradesh,2018,No matched historical weather observation
Ambedkar nagar,Uttar Pradesh,2019,No matched historical weather observation
Ambedkar nagar,Uttar Pradesh,2020,No matched historical weather observation
Ambedkar nagar,Uttar Pradesh,2021,No matched historical weather observation
Ambedkar nagar,Uttar Pradesh,2022,No matched historical weather observation
Amethi,Uttar Pradesh,2013,No matched historical weather observation
Amethi,Uttar Pradesh,2014,No matched historical weather observation
Amethi,Uttar Pradesh,2015,No matched historical weather observation
Amethi,Uttar Pradesh,2016,No matched historical weather observation
Amethi,Uttar Pradesh,2017,No matched historical weather observation
Amethi,Uttar Pradesh,2018,No matched historical weather observation
Amethi,Uttar Pradesh,2019,No matched historical weather observation
Amethi,Uttar Pradesh,2020,No matched historical weather observation
Amethi,Uttar Pradesh,2021,No matched historical weather observation
Amethi,Uttar Pradesh,2022,No matched historical weather observation
Anand,Gujarat,2013,No matched historical weather observation
Anand,Gujarat,2014,No matched historical weather observation
Anand,Gujarat,2015,No matched historical weather observation
Anand,Gujarat,2016,No matched historical weather observation
Anand,Gujarat,2017,No matched historical weather observation
Anand,Gujarat,2018,No matched historical weather observation
Anand,Gujarat,2019,No matched historical weather observation
Anand,Gujarat,2020,No matched historical weather observation
Anand,Gujarat,2021,No matched historical weather observation
Anand,Gujarat,2022,No matched historical weather observation
Anantapur,Andhra Pradesh,2013,No matched historical weather observation
Anantapur,Andhra Pradesh,2014,No matched historical weather observation
Anantapur,Andhra Pradesh,2015,No matched historical weather observation
Anantapur,Andhra Pradesh,2016,No matched historical weather observation
Anantapur,Andhra Pradesh,2017,No matched historical weather observation
Anantapur,Andhra Pradesh,2018,No matched historical weather observation
Anantapur,Andhra Pradesh,2019,No matched historical weather observation
Anantapur,Andhra Pradesh,2020,No matched historical weather observation
Anantapur,Andhra Pradesh,2021,No matched historical weather observation
Anantapur,Andhra Pradesh,2022,No matched historical weather observation
Anugul,Odisha,2013,No matched historical weather observation
Anugul,Odisha,2014,No matched historical weather observation
Anugul,Odisha,2015,No matched historical weather observation
Anugul,Odisha,2016,No matched historical weather observation
Anugul,Odisha,2017,No matched historical weather observation
Anugul,Odisha,2018,No matched historical weather observation
Anugul,Odisha,2019,No matched historical weather observation
Anugul,Odisha,2020,No matched historical weather observation
Anugul,Odisha,2021,No matched historical weather observation
Anugul,Odisha,2022,No matched historical weather observation
Anuppur,Madhya Pradesh,2013,No matched historical weather observation
Anuppur,Madhya Pradesh,2014,No matched historical weather observation
Anuppur,Madhya Pradesh,2015,No matched historical weather observation
Anuppur,Madhya Pradesh,2016,No matched historical weather observation
Anuppur,Madhya Pradesh,2017,No matched historical weather observation
Anuppur,Madhya Pradesh,2018,No matched historical weather observation
Anuppur,Madhya Pradesh,2019,No matched historical weather observation
Anuppur,Madhya Pradesh,2020,No matched historical weather observation
Anuppur,Madhya Pradesh,2021,No matched historical weather observation
Anuppur,Madhya Pradesh,2022,No matched historical weather observation
Araria,Bihar,2013,No matched historical weather observation
Araria,Bihar,2014,No matched historical weather observation
Araria,Bihar,2015,No matched historical weather observation
Araria,Bihar,2016,No matched historical weather observation
Araria,Bihar,2017,No matched historical weather observation
Araria,Bihar,2018,No matched historical weather observation
Araria,Bihar,2019,No matched historical weather observation
Araria,Bihar,2020,No matched historical weather observation
Araria,Bihar,2021,No matched historical weather observation
Araria,Bihar,2022,No matched historical weather observation
Ariyalur,Tamil Nadu,2013,No matched historical weather observation
Ariyalur,Tamil Nadu,2014,No matched historical weather observation
Ariyalur,Tamil Nadu,2015,No matched historical weather observation
Ariyalur,Tamil Nadu,2016,No matched historical weather observation
Ariyalur,Tamil Nadu,2017,No matched historical weather observation
Ariyalur,Tamil Nadu,2018,No matched historical weather observation
Ariyalur,Tamil Nadu,2019,No matched historical weather observation
Ariyalur,Tamil Nadu,2020,No matched historical weather observation
Ariyalur,Tamil Nadu,2021,No matched historical weather observation
Ariyalur,Tamil Nadu,2022,No matched historical weather observation
Arwal,Bihar,2013,No matched historical weather observation
Arwal,Bihar,2014,No matched historical weather observation
Arwal,Bihar,2015,No matched historical weather observation
Arwal,Bihar,2016,No matched historical weather observation
Arwal,Bihar,2017,No matched historical weather observation
Arwal,Bihar,2018,No matched historical weather observation
Arwal,Bihar,2019,No matched historical weather observation
Arwal,Bihar,2020,No matched historical weather observation
Arwal,Bihar,2021,No matched historical weather observation
Arwal,Bihar,2022,No matched historical weather observation
Auraiya,Uttar Pradesh,2013,No matched historical weather observation
Auraiya,Uttar Pradesh,2014,No matched historical weather observation
Auraiya,Uttar Pradesh,2015,No matched historical weather observation
Auraiya,Uttar Pradesh,2016,No matched historical weather observation
Auraiya,Uttar Pradesh,2017,No matched historical weather observation
Auraiya,Uttar Pradesh,2018,No matched historical weather observation
Auraiya,Uttar Pradesh,2019,No matched historical weather observation
Auraiya,Uttar Pradesh,2020,No matched historical weather observation
Auraiya,Uttar Pradesh,2021,No matched historical weather observation
Auraiya,Uttar Pradesh,2022,No matched historical weather observation
Azamgarh,Uttar Pradesh,2013,No matched historical weather observation
Azamgarh,Uttar Pradesh,2014,No matched historical weather observation
Azamgarh,Uttar Pradesh,2015,No matched historical weather observation
Azamgarh,Uttar Pradesh,2016,No matched historical weather observation
Azamgarh,Uttar Pradesh,2017,No matched historical weather observation
Azamgarh,Uttar Pradesh,2018,No matched historical weather observation
Azamgarh,Uttar Pradesh,2019,No matched historical weather observation
Azamgarh,Uttar Pradesh,2020,No matched historical weather observation
Azamgarh,Uttar Pradesh,2021,No matched historical weather observation
Azamgarh,Uttar Pradesh,2022,No matched historical weather observation
Bahraich,Uttar Pradesh,2013,No matched historical weather observation
Bahraich,Uttar Pradesh,2014,No matched historical weather observation
Bahraich,Uttar Pradesh,2015,No matched historical weather observation
Bahraich,Uttar Pradesh,2016,No matched historical weather observation
Bahraich,Uttar Pradesh,2017,No matched historical weather observation
Bahraich,Uttar Pradesh,2018,No matched historical weather observation
Bahraich,Uttar Pradesh,2019,No matched historical weather observation
Bahraich,Uttar Pradesh,2020,No matched historical weather observation
Bahraich,Uttar Pradesh,2021,No matched historical weather observation
Bahraich,Uttar Pradesh,2022,No matched historical weather observation
Baksa,Assam,2013,No matched historical weather observation
Baksa,Assam,2014,No matched historical weather observation
Baksa,Assam,2015,No matched historical weather observation
Baksa,Assam,2016,No matched historical weather observation
Baksa,Assam,2017,No matched historical weather observation
Baksa,Assam,2018,No matched historical weather observation
Baksa,Assam,2019,No matched historical weather observation
Baksa,Assam,2020,No matched historical weather observation
Baksa,Assam,2021,No matched historical weather observation
Baksa,Assam,2022,No matched historical weather observation
Balangir,Odisha,2013,No matched historical weather observation
Balangir,Odisha,2014,No matched historical weather observation
Balangir,Odisha,2015,No matched historical weather observation
Balangir,Odisha,2016,No matched historical weather observation
Balangir,Odisha,2017,No matched historical weather observation
Balangir,Odisha,2018,No matched historical weather observation
Balangir,Odisha,2019,No matched historical weather observation
Balangir,Odisha,2020,No matched historical weather observation
Balangir,Odisha,2021,No matched historical weather observation
Balangir,Odisha,2022,No matched historical weather observation
Ballia,Uttar Pradesh,2013,No matched historical weather observation
Ballia,Uttar Pradesh,2014,No matched historical weather observation
Ballia,Uttar Pradesh,2015,No matched historical weather observation
Ballia,Uttar Pradesh,2016,No matched historical weather observation
Ballia,Uttar Pradesh,2017,No matched historical weather observation
Ballia,Uttar Pradesh,2018,No matched historical weather observation
Ballia,Uttar Pradesh,2019,No matched historical weather observation
Ballia,Uttar Pradesh,2020,No matched historical weather observation
Ballia,Uttar Pradesh,2021,No matched historical weather observation
Ballia,Uttar Pradesh,2022,No matched historical weather observation
Banda,Uttar Pradesh,2013,No matched historical weather observation
Banda,Uttar Pradesh,2014,No matched historical weather observation
Banda,Uttar Pradesh,2015,No matched historical weather observation
Banda,Uttar Pradesh,2016,No matched historical weather observation
Banda,Uttar Pradesh,2017,No matched historical weather observation
Banda,Uttar Pradesh,2018,No matched historical weather observation
Banda,Uttar Pradesh,2019,No matched historical weather observation
Banda,Uttar Pradesh,2020,No matched historical weather observation
Banda,Uttar Pradesh,2021,No matched historical weather observation
Banda,Uttar Pradesh,2022,No matched historical weather observation
Banka,Bihar,2013,No matched historical weather observation
Banka,Bihar,2014,No matched historical weather observation
Banka,Bihar,2015,No matched historical weather observation
Banka,Bihar,2016,No matched historical weather observation
Banka,Bihar,2017,No matched historical weather observation
Banka,Bihar,2018,No matched historical weather observation
Banka,Bihar,2019,No matched historical weather observation
Banka,Bihar,2020,No matched historical weather observation
Banka,Bihar,2021,No matched historical weather observation
Banka,Bihar,2022,No matched historical weather observation
Barabanki,Uttar Pradesh,2013,No matched historical weather observation
Barabanki,Uttar Pradesh,2014,No matched historical weather observation
Barabanki,Uttar Pradesh,2015,No matched historical weather observation
Barabanki,Uttar Pradesh,2016,No matched historical weather observation
Barabanki,Uttar Pradesh,2017,No matched historical weather observation
Barabanki,Uttar Pradesh,2018,No matched historical weather observation
Barabanki,Uttar Pradesh,2019,No matched historical weather observation
Barabanki,Uttar Pradesh,2020,No matched historical weather observation
Barabanki,Uttar Pradesh,2021,No matched historical weather observation
Barabanki,Uttar Pradesh,2022,No matched historical weather observation
Bareilly,Uttar Pradesh,2013,No matched historical weather observation
Bareilly,Uttar Pradesh,2014,No matched historical weather observation
Bareilly,Uttar Pradesh,2015,No matched historical weather observation
Bareilly,Uttar Pradesh,2016,No matched historical weather observation
Bareilly,Uttar Pradesh,2017,No matched historical weather observation
Bareilly,Uttar Pradesh,2018,No matched historical weather observation
Bareilly,Uttar Pradesh,2019,No matched historical weather observation
Bareilly,Uttar Pradesh,2020,No matched historical weather observation
Bareilly,Uttar Pradesh,2021,No matched historical weather observation
Bareilly,Uttar Pradesh,2022,No matched historical weather observation
Barpeta,Assam,2013,No matched historical weather observation
Barpeta,Assam,2014,No matched historical weather observation
Barpeta,Assam,2015,No matched historical weather observation
Barpeta,Assam,2016,No matched historical weather observation
Barpeta,Assam,2017,No matched historical weather observation
Barpeta,Assam,2018,No matched historical weather observation
Barpeta,Assam,2019,No matched historical weather observation
Barpeta,Assam,2020,No matched historical weather observation
Barpeta,Assam,2021,No matched historical weather observation
Barpeta,Assam,2022,No matched historical weather observation
Bastar,Chhattisgarh,2013,No matched historical weather observation
Bastar,Chhattisgarh,2014,No matched historical weather observation
Bastar,Chhattisgarh,2015,No matched historical weather observation
Bastar,Chhattisgarh,2016,No matched historical weather observation
Bastar,Chhattisgarh,2017,No matched historical weather observation
Bastar,Chhattisgarh,2018,No matched historical weather observation
Bastar,Chhattisgarh,2019,No matched historical weather observation
Bastar,Chhattisgarh,2020,No matched historical weather observation
Bastar,Chhattisgarh,2021,No matched historical weather observation
Bastar,Chhattisgarh,2022,No matched historical weather observation
Basti,Uttar Pradesh,2013,No matched historical weather observation
Basti,Uttar Pradesh,2014,No matched historical weather observation
Basti,Uttar Pradesh,2015,No matched historical weather observation
Basti,Uttar Pradesh,2016,No matched historical weather observation
Basti,Uttar Pradesh,2017,No matched historical weather observation
Basti,Uttar Pradesh,2018,No matched historical weather observation
Basti,Uttar Pradesh,2019,No matched historical weather observation
Basti,Uttar Pradesh,2020,No matched historical weather observation
Basti,Uttar Pradesh,2021,No matched historical weather observation
Basti,Uttar Pradesh,2022,No matched historical weather observation
Belgaum,Karnataka,2013,No matched historical weather observation
Belgaum,Karnataka,2014,No matched historical weather observation
Belgaum,Karnataka,2015,No matched historical weather observation
Belgaum,Karnataka,2016,No matched historical weather observation
Belgaum,Karnataka,2017,No matched historical weather observation
Belgaum,Karnataka,2018,No matched historical weather observation
Belgaum,Karnataka,2019,No matched historical weather observation
Belgaum,Karnataka,2020,No matched historical weather observation
Belgaum,Karnataka,2021,No matched historical weather observation
Belgaum,Karnataka,2022,No matched historical weather observation
Bellary,Karnataka,2013,No matched historical weather observation
Bellary,Karnataka,2014,No matched historical weather observation
Bellary,Karnataka,2015,No matched historical weather observation
Bellary,Karnataka,2016,No matched historical weather observation
Bellary,Karnataka,2017,No matched historical weather observation
Bellary,Karnataka,2018,No matched historical weather observation
Bellary,Karnataka,2019,No matched historical weather observation
Bellary,Karnataka,2020,No matched historical weather observation
Bellary,Karnataka,2021,No matched historical weather observation
Bellary,Karnataka,2022,No matched historical weather observation
Betul,Madhya Pradesh,2013,No matched historical weather observation
Betul,Madhya Pradesh,2014,No matched historical weather observation
Betul,Madhya Pradesh,2015,No matched historical weather observation
Betul,Madhya Pradesh,2016,No matched historical weather observation
Betul,Madhya Pradesh,2017,No matched historical weather observation
Betul,Madhya Pradesh,2018,No matched historical weather observation
Betul,Madhya Pradesh,2019,No matched historical weather observation
Betul,Madhya Pradesh,2020,No matched historical weather observation
Betul,Madhya Pradesh,2021,No matched historical weather observation
Betul,Madhya Pradesh,2022,No matched historical weather observation
Bhadradri,Telangana,2016,No matched historical weather observation
Bhadradri,Telangana,2017,No matched historical weather observation
Bhadradri,Telangana,2018,No matched historical weather observation
Bhadradri,Telangana,2019,No matched historical weather observation
Bhadradri,Telangana,2020,No matched historical weather observation
Bhadradri,Telangana,2021,No matched historical weather observation
Bhadradri,Telangana,2022,No matched historical weather observation
Bhagalpur,Bihar,2013,No matched historical weather observation
Bhagalpur,Bihar,2014,No matched historical weather observation
Bhagalpur,Bihar,2015,No matched historical weather observation
Bhagalpur,Bihar,2016,No matched historical weather observation
Bhagalpur,Bihar,2017,No matched historical weather observation
Bhagalpur,Bihar,2018,No matched historical weather observation
Bhagalpur,Bihar,2019,No matched historical weather observation
Bhagalpur,Bihar,2020,No matched historical weather observation
Bhagalpur,Bihar,2021,No matched historical weather observation
Bhagalpur,Bihar,2022,No matched historical weather observation
Bhandara,Maharashtra,2013,No matched historical weather observation
Bhandara,Maharashtra,2014,No matched historical weather observation
Bhandara,Maharashtra,2015,No matched historical weather observation
Bhandara,Maharashtra,2016,No matched historical weather observation
Bhandara,Maharashtra,2017,No matched historical weather observation
Bhandara,Maharashtra,2018,No matched historical weather observation
Bhandara,Maharashtra,2019,No matched historical weather observation
Bhandara,Maharashtra,2020,No matched historical weather observation
Bhandara,Maharashtra,2021,No matched historical weather observation
Bhandara,Maharashtra,2022,No matched historical weather observation
Bhind,Madhya Pradesh,2013,No matched historical weather observation
Bhind,Madhya Pradesh,2014,No matched historical weather observation
Bhind,Madhya Pradesh,2015,No matched historical weather observation
Bhind,Madhya Pradesh,2016,No matched historical weather observation
Bhind,Madhya Pradesh,2017,No matched historical weather observation
Bhind,Madhya Pradesh,2018,No matched historical weather observation
Bhind,Madhya Pradesh,2019,No matched historical weather observation
Bhind,Madhya Pradesh,2020,No matched historical weather observation
Bhind,Madhya Pradesh,2021,No matched historical weather observation
Bhind,Madhya Pradesh,2022,No matched historical weather observation
Bhiwani,Haryana,2013,No matched historical weather observation
Bhiwani,Haryana,2014,No matched historical weather observation
Bhiwani,Haryana,2015,No matched historical weather observation
Bhiwani,Haryana,2016,No matched historical weather observation
Bhiwani,Haryana,2017,No matched historical weather observation
Bhiwani,Haryana,2018,No matched historical weather observation
Bhiwani,Haryana,2019,No matched historical weather observation
Bhiwani,Haryana,2020,No matched historical weather observation
Bhiwani,Haryana,2021,No matched historical weather observation
Bhiwani,Haryana,2022,No matched historical weather observation
Bhojpur,Bihar,2013,No matched historical weather observation
Bhojpur,Bihar,2014,No matched historical weather observation
Bhojpur,Bihar,2015,No matched historical weather observation
Bhojpur,Bihar,2016,No matched historical weather observation
Bhojpur,Bihar,2017,No matched historical weather observation
Bhojpur,Bihar,2018,No matched historical weather observation
Bhojpur,Bihar,2019,No matched historical weather observation
Bhojpur,Bihar,2020,No matched historical weather observation
Bhojpur,Bihar,2021,No matched historical weather observation
Bhojpur,Bihar,2022,No matched historical weather observation
Bijnor,Uttar Pradesh,2013,No matched historical weather observation
Bijnor,Uttar Pradesh,2014,No matched historical weather observation
Bijnor,Uttar Pradesh,2015,No matched historical weather observation
Bijnor,Uttar Pradesh,2016,No matched historical weather observation
Bijnor,Uttar Pradesh,2017,No matched historical weather observation
Bijnor,Uttar Pradesh,2018,No matched historical weather observation
Bijnor,Uttar Pradesh,2019,No matched historical weather observation
Bijnor,Uttar Pradesh,2020,No matched historical weather observation
Bijnor,Uttar Pradesh,2021,No matched historical weather observation
Bijnor,Uttar Pradesh,2022,No matched historical weather observation
Bishnupur,Manipur,2013,No matched historical weather observation
Bishnupur,Manipur,2014,No matched historical weather observation
Bishnupur,Manipur,2015,No matched historical weather observation
Bishnupur,Manipur,2016,No matched historical weather observation
Bishnupur,Manipur,2017,No matched historical weather observation
Bishnupur,Manipur,2018,No matched historical weather observation
Bishnupur,Manipur,2019,No matched historical weather observation
Bishnupur,Manipur,2020,No matched historical weather observation
Bishnupur,Manipur,2021,No matched historical weather observation
Bishnupur,Manipur,2022,No matched historical weather observation
Bokaro,Jharkhand,2013,No matched historical weather observation
Bokaro,Jharkhand,2014,No matched historical weather observation
Bokaro,Jharkhand,2015,No matched historical weather observation
Bokaro,Jharkhand,2016,No matched historical weather observation
Bokaro,Jharkhand,2017,No matched historical weather observation
Bokaro,Jharkhand,2018,No matched historical weather observation
Bokaro,Jharkhand,2019,No matched historical weather observation
Bokaro,Jharkhand,2020,No matched historical weather observation
Bokaro,Jharkhand,2021,No matched historical weather observation
Bokaro,Jharkhand,2022,No matched historical weather observation
Bongaigaon,Assam,2013,No matched historical weather observation
Bongaigaon,Assam,2014,No matched historical weather observation
Bongaigaon,Assam,2015,No matched historical weather observation
Bongaigaon,Assam,2016,No matched historical weather observation
Bongaigaon,Assam,2017,No matched historical weather observation
Bongaigaon,Assam,2018,No matched historical weather observation
Bongaigaon,Assam,2019,No matched historical weather observation
Bongaigaon,Assam,2020,No matched historical weather observation
Bongaigaon,Assam,2021,No matched historical weather observation
Bongaigaon,Assam,2022,No matched historical weather observation
Budaun,Uttar Pradesh,2013,No matched historical weather observation
Budaun,Uttar Pradesh,2014,No matched historical weather observation
Budaun,Uttar Pradesh,2015,No matched historical weather observation
Budaun,Uttar Pradesh,2016,No matched historical weather observation
Budaun,Uttar Pradesh,2017,No matched historical weather observation
Budaun,Uttar Pradesh,2018,No matched historical weather observation
Budaun,Uttar Pradesh,2019,No matched historical weather observation
Budaun,Uttar Pradesh,2020,No matched historical weather observation
Budaun,Uttar Pradesh,2021,No matched historical weather observation
Budaun,Uttar Pradesh,2022,No matched historical weather observation
Bulandshahr,Uttar Pradesh,2013,No matched historical weather observation
Bulandshahr,Uttar Pradesh,2014,No matched historical weather observation
Bulandshahr,Uttar Pradesh,2015,No matched historical weather observation
Bulandshahr,Uttar Pradesh,2016,No matched historical weather observation
Bulandshahr,Uttar Pradesh,2017,No matched historical weather observation
Bulandshahr,Uttar Pradesh,2018,No matched historical weather observation
Bulandshahr,Uttar Pradesh,2019,No matched historical weather observation
Bulandshahr,Uttar Pradesh,2020,No matched historical weather observation
Bulandshahr,Uttar Pradesh,2021,No matched historical weather observation
Bulandshahr,Uttar Pradesh,2022,No matched historical weather observation
Bundi,Rajasthan,2013,No matched historical weather observation
Bundi,Rajasthan,2014,No matched historical weather observation
Bundi,Rajasthan,2015,No matched historical weather observation
Bundi,Rajasthan,2016,No matched historical weather observation
Bundi,Rajasthan,2017,No matched historical weather observation
Bundi,Rajasthan,2018,No matched historical weather observation
Bundi,Rajasthan,2019,No matched historical weather observation
Bundi,Rajasthan,2020,No matched historical weather observation
Bundi,Rajasthan,2021,No matched historical weather observation
Bundi,Rajasthan,2022,No matched historical weather observation
Buxar,Bihar,2013,No matched historical weather observation
Buxar,Bihar,2014,No matched historical weather observation
Buxar,Bihar,2015,No matched historical weather observation
Buxar,Bihar,2016,No matched historical weather observation
Buxar,Bihar,2017,No matched historical weather observation
Buxar,Bihar,2018,No matched historical weather observation
Buxar,Bihar,2019,No matched historical weather observation
Buxar,Bihar,2020,No matched historical weather observation
Buxar,Bihar,2021,No matched historical weather observation
Buxar,Bihar,2022,No matched historical weather observation
Cachar,Assam,2013,No matched historical weather observation
Cachar,Assam,2014,No matched historical weather observation
Cachar,Assam,2015,No matched historical weather observation
Cachar,Assam,2016,No matched historical weather observation
Cachar,Assam,2017,No matched historical weather observation
Cachar,Assam,2018,No matched historical weather observation
Cachar,Assam,2019,No matched historical weather observation
Cachar,Assam,2020,No matched historical weather observation
Cachar,Assam,2021,No matched historical weather observation
Cachar,Assam,2022,No matched historical weather observation
Chandrapur,Maharashtra,2013,No matched historical weather observation
Chandrapur,Maharashtra,2014,No matched historical weather observation
Chandrapur,Maharashtra,2015,No matched historical weather observation
Chandrapur,Maharashtra,2016,No matched historical weather observation
Chandrapur,Maharashtra,2017,No matched historical weather observation
Chandrapur,Maharashtra,2018,No matched historical weather observation
Chandrapur,Maharashtra,2019,No matched historical weather observation
Chandrapur,Maharashtra,2020,No matched historical weather observation
Chandrapur,Maharashtra,2021,No matched historical weather observation
Chandrapur,Maharashtra,2022,No matched historical weather observation
Chatra,Jharkhand,2013,No matched historical weather observation
Chatra,Jharkhand,2014,No matched historical weather observation
Chatra,Jharkhand,2015,No matched historical weather observation
Chatra,Jharkhand,2016,No matched historical weather observation
Chatra,Jharkhand,2017,No matched historical weather observation
Chatra,Jharkhand,2018,No matched historical weather observation
Chatra,Jharkhand,2019,No matched historical weather observation
Chatra,Jharkhand,2020,No matched historical weather observation
Chatra,Jharkhand,2021,No matched historical weather observation
Chatra,Jharkhand,2022,No matched historical weather observation
Chikmagalur,Karnataka,2013,No matched historical weather observation
Chikmagalur,Karnataka,2014,No matched historical weather observation
Chikmagalur,Karnataka,2015,No matched historical weather observation
Chikmagalur,Karnataka,2016,No matched historical weather observation
Chikmagalur,Karnataka,2017,No matched historical weather observation
Chikmagalur,Karnataka,2018,No matched historical weather observation
Chikmagalur,Karnataka,2019,No matched historical weather observation
Chikmagalur,Karnataka,2020,No matched historical weather observation
Chikmagalur,Karnataka,2021,No matched historical weather observation
Chikmagalur,Karnataka,2022,No matched historical weather observation
Chirang,Assam,2013,No matched historical weather observation
Chirang,Assam,2014,No matched historical weather observation
Chirang,Assam,2015,No matched historical weather observation
Chirang,Assam,2016,No matched historical weather observation
Chirang,Assam,2017,No matched historical weather observation
Chirang,Assam,2018,No matched historical weather observation
Chirang,Assam,2019,No matched historical weather observation
Chirang,Assam,2020,No matched historical weather observation
Chirang,Assam,2021,No matched historical weather observation
Chirang,Assam,2022,No matched historical weather observation
Chittoor,Andhra Pradesh,2013,No matched historical weather observation
Chittoor,Andhra Pradesh,2014,No matched historical weather observation
Chittoor,Andhra Pradesh,2015,No matched historical weather observation
Chittoor,Andhra Pradesh,2016,No matched historical weather observation
Chittoor,Andhra Pradesh,2017,No matched historical weather observation
Chittoor,Andhra Pradesh,2018,No matched historical weather observation
Chittoor,Andhra Pradesh,2019,No matched historical weather observation
Chittoor,Andhra Pradesh,2020,No matched historical weather observation
Chittoor,Andhra Pradesh,2021,No matched historical weather observation
Chittoor,Andhra Pradesh,2022,No matched historical weather observation
Cuddalore,Tamil Nadu,2013,No matched historical weather observation
Cuddalore,Tamil Nadu,2014,No matched historical weather observation
Cuddalore,Tamil Nadu,2015,No matched historical weather observation
Cuddalore,Tamil Nadu,2016,No matched historical weather observation
Cuddalore,Tamil Nadu,2017,No matched historical weather observation
Cuddalore,Tamil Nadu,2018,No matched historical weather observation
Cuddalore,Tamil Nadu,2019,No matched historical weather observation
Cuddalore,Tamil Nadu,2020,No matched historical weather observation
Cuddalore,Tamil Nadu,2021,No matched historical weather observation
Cuddalore,Tamil Nadu,2022,No matched historical weather observation
Cuttack,Odisha,2013,No matched historical weather observation
Cuttack,Odisha,2014,No matched historical weather observation
Cuttack,Odisha,2015,No matched historical weather observation
Cuttack,Odisha,2016,No matched historical weather observation
Cuttack,Odisha,2017,No matched historical weather observation
Cuttack,Odisha,2018,No matched historical weather observation
Cuttack,Odisha,2019,No matched historical weather observation
Cuttack,Odisha,2020,No matched historical weather observation
Cuttack,Odisha,2021,No matched historical weather observation
Cuttack,Odisha,2022,No matched historical weather observation
Damoh,Madhya Pradesh,2013,No matched historical weather observation
Damoh,Madhya Pradesh,2014,No matched historical weather observation
Damoh,Madhya Pradesh,2015,No matched historical weather observation
Damoh,Madhya Pradesh,2016,No matched historical weather observation
Damoh,Madhya Pradesh,2017,No matched historical weather observation
Damoh,Madhya Pradesh,2018,No matched historical weather observation
Damoh,Madhya Pradesh,2019,No matched historical weather observation
Damoh,Madhya Pradesh,2020,No matched historical weather observation
Damoh,Madhya Pradesh,2021,No matched historical weather observation
Damoh,Madhya Pradesh,2022,No matched historical weather observation
Darrang,Assam,2013,No matched historical weather observation
Darrang,Assam,2014,No matched historical weather observation
Darrang,Assam,2015,No matched historical weather observation
Darrang,Assam,2016,No matched historical weather observation
Darrang,Assam,2017,No matched historical weather observation
Darrang,Assam,2018,No matched historical weather observation
Darrang,Assam,2019,No matched historical weather observation
Darrang,Assam,2020,No matched historical weather observation
Darrang,Assam,2021,No matched historical weather observation
Darrang,Assam,2022,No matched historical weather observation
Datia,Madhya Pradesh,2013,No matched historical weather observation
Datia,Madhya Pradesh,2014,No matched historical weather observation
Datia,Madhya Pradesh,2015,No matched historical weather observation
Datia,Madhya Pradesh,2016,No matched historical weather observation
Datia,Madhya Pradesh,2017,No matched historical weather observation
Datia,Madhya Pradesh,2018,No matched historical weather observation
Datia,Madhya Pradesh,2019,No matched historical weather observation
Datia,Madhya Pradesh,2020,No matched historical weather observation
Datia,Madhya Pradesh,2021,No matched historical weather observation
Datia,Madhya Pradesh,2022,No matched historical weather observation
Deoghar,Jharkhand,2013,No matched historical weather observation
Deoghar,Jharkhand,2014,No matched historical weather observation
Deoghar,Jharkhand,2015,No matched historical weather observation
Deoghar,Jharkhand,2016,No matched historical weather observation
Deoghar,Jharkhand,2017,No matched historical weather observation
Deoghar,Jharkhand,2018,No matched historical weather observation
Deoghar,Jharkhand,2019,No matched historical weather observation
Deoghar,Jharkhand,2020,No matched historical weather observation
Deoghar,Jharkhand,2021,No matched historical weather observation
Deoghar,Jharkhand,2022,No matched historical weather observation
Deoria,Uttar Pradesh,2013,No matched historical weather observation
Deoria,Uttar Pradesh,2014,No matched historical weather observation
Deoria,Uttar Pradesh,2015,No matched historical weather observation
Deoria,Uttar Pradesh,2016,No matched historical weather observation
Deoria,Uttar Pradesh,2017,No matched historical weather observation
Deoria,Uttar Pradesh,2018,No matched historical weather observation
Deoria,Uttar Pradesh,2019,No matched historical weather observation
Deoria,Uttar Pradesh,2020,No matched historical weather observation
Deoria,Uttar Pradesh,2021,No matched historical weather observation
Deoria,Uttar Pradesh,2022,No matched historical weather observation
Dhalai,Tripura,2013,No matched historical weather observation
Dhalai,Tripura,2014,No matched historical weather observation
Dhalai,Tripura,2015,No matched historical weather observation
Dhalai,Tripura,2016,No matched historical weather observation
Dhalai,Tripura,2017,No matched historical weather observation
Dhalai,Tripura,2018,No matched historical weather observation
Dhalai,Tripura,2019,No matched historical weather observation
Dhalai,Tripura,2020,No matched historical weather observation
Dhalai,Tripura,2021,No matched historical weather observation
Dhalai,Tripura,2022,No matched historical weather observation
Dhamtari,Chhattisgarh,2013,No matched historical weather observation
Dhamtari,Chhattisgarh,2014,No matched historical weather observation
Dhamtari,Chhattisgarh,2015,No matched historical weather observation
Dhamtari,Chhattisgarh,2016,No matched historical weather observation
Dhamtari,Chhattisgarh,2017,No matched historical weather observation
Dhamtari,Chhattisgarh,2018,No matched historical weather observation
Dhamtari,Chhattisgarh,2019,No matched historical weather observation
Dhamtari,Chhattisgarh,2020,No matched historical weather observation
Dhamtari,Chhattisgarh,2021,No matched historical weather observation
Dhamtari,Chhattisgarh,2022,No matched historical weather observation
Dhanbad,Jharkhand,2013,No matched historical weather observation
Dhanbad,Jharkhand,2014,No matched historical weather observation
Dhanbad,Jharkhand,2015,No matched historical weather observation
Dhanbad,Jharkhand,2016,No matched historical weather observation
Dhanbad,Jharkhand,2017,No matched historical weather observation
Dhanbad,Jharkhand,2018,No matched historical weather observation
Dhanbad,Jharkhand,2019,No matched historical weather observation
Dhanbad,Jharkhand,2020,No matched historical weather observation
Dhanbad,Jharkhand,2021,No matched historical weather observation
Dhanbad,Jharkhand,2022,No matched historical weather observation
Dharmapuri,Tamil Nadu,2013,No matched historical weather observation
Dharmapuri,Tamil Nadu,2014,No matched historical weather observation
Dharmapuri,Tamil Nadu,2015,No matched historical weather observation
Dharmapuri,Tamil Nadu,2016,No matched historical weather observation
Dharmapuri,Tamil Nadu,2017,No matched historical weather observation
Dharmapuri,Tamil Nadu,2018,No matched historical weather observation
Dharmapuri,Tamil Nadu,2019,No matched historical weather observation
Dharmapuri,Tamil Nadu,2020,No matched historical weather observation
Dharmapuri,Tamil Nadu,2021,No matched historical weather observation
Dharmapuri,Tamil Nadu,2022,No matched historical weather observation
Dhenkanal,Odisha,2013,No matched historical weather observation
Dhenkanal,Odisha,2014,No matched historical weather observation
Dhenkanal,Odisha,2015,No matched historical weather observation
Dhenkanal,Odisha,2016,No matched historical weather observation
Dhenkanal,Odisha,2017,No matched historical weather observation
Dhenkanal,Odisha,2018,No matched historical weather observation
Dhenkanal,Odisha,2019,No matched historical weather observation
Dhenkanal,Odisha,2020,No matched historical weather observation
Dhenkanal,Odisha,2021,No matched historical weather observation
Dhenkanal,Odisha,2022,No matched historical weather observation
Dhubri,Assam,2013,No matched historical weather observation
Dhubri,Assam,2014,No matched historical weather observation
Dhubri,Assam,2015,No matched historical weather observation
Dhubri,Assam,2016,No matched historical weather observation
Dhubri,Assam,2017,No matched historical weather observation
Dhubri,Assam,2018,No matched historical weather observation
Dhubri,Assam,2019,No matched historical weather observation
Dhubri,Assam,2020,No matched historical weather observation
Dhubri,Assam,2021,No matched historical weather observation
Dhubri,Assam,2022,No matched historical weather observation
Dibrugarh,Assam,2013,No matched historical weather observation
Dibrugarh,Assam,2014,No matched historical weather observation
Dibrugarh,Assam,2015,No matched historical weather observation
Dibrugarh,Assam,2016,No matched historical weather observation
Dibrugarh,Assam,2017,No matched historical weather observation
Dibrugarh,Assam,2018,No matched historical weather observation
Dibrugarh,Assam,2019,No matched historical weather observation
Dibrugarh,Assam,2020,No matched historical weather observation
Dibrugarh,Assam,2021,No matched historical weather observation
Dibrugarh,Assam,2022,No matched historical weather observation
Dimapur,Nagaland,2013,No matched historical weather observation
Dimapur,Nagaland,2014,No matched historical weather observation
Dimapur,Nagaland,2015,No matched historical weather observation
Dimapur,Nagaland,2016,No matched historical weather observation
Dimapur,Nagaland,2017,No matched historical weather observation
Dimapur,Nagaland,2018,No matched historical weather observation
Dimapur,Nagaland,2019,No matched historical weather observation
Dimapur,Nagaland,2020,No matched historical weather observation
Dimapur,Nagaland,2021,No matched historical weather observation
Dimapur,Nagaland,2022,No matched historical weather observation
Dindori,Madhya Pradesh,2013,No matched historical weather observation
Dindori,Madhya Pradesh,2014,No matched historical weather observation
Dindori,Madhya Pradesh,2015,No matched historical weather observation
Dindori,Madhya Pradesh,2016,No matched historical weather observation
Dindori,Madhya Pradesh,2017,No matched historical weather observation
Dindori,Madhya Pradesh,2018,No matched historical weather observation
Dindori,Madhya Pradesh,2019,No matched historical weather observation
Dindori,Madhya Pradesh,2020,No matched historical weather observation
Dindori,Madhya Pradesh,2021,No matched historical weather observation
Dindori,Madhya Pradesh,2022,No matched historical weather observation
Dumka,Jharkhand,2013,No matched historical weather observation
Dumka,Jharkhand,2014,No matched historical weather observation
Dumka,Jharkhand,2015,No matched historical weather observation
Dumka,Jharkhand,2016,No matched historical weather observation
Dumka,Jharkhand,2017,No matched historical weather observation
Dumka,Jharkhand,2018,No matched historical weather observation
Dumka,Jharkhand,2019,No matched historical weather observation
Dumka,Jharkhand,2020,No matched historical weather observation
Dumka,Jharkhand,2021,No matched historical weather observation
Dumka,Jharkhand,2022,No matched historical weather observation
Durg,Chhattisgarh,2013,No matched historical weather observation
Durg,Chhattisgarh,2014,No matched historical weather observation
Durg,Chhattisgarh,2015,No matched historical weather observation
Durg,Chhattisgarh,2016,No matched historical weather observation
Durg,Chhattisgarh,2017,No matched historical weather observation
Durg,Chhattisgarh,2018,No matched historical weather observation
Durg,Chhattisgarh,2019,No matched historical weather observation
Durg,Chhattisgarh,2020,No matched historical weather observation
Durg,Chhattisgarh,2021,No matched historical weather observation
Durg,Chhattisgarh,2022,No matched historical weather observation
Erode,Tamil Nadu,2013,No matched historical weather observation
Erode,Tamil Nadu,2014,No matched historical weather observation
Erode,Tamil Nadu,2015,No matched historical weather observation
Erode,Tamil Nadu,2016,No matched historical weather observation
Erode,Tamil Nadu,2017,No matched historical weather observation
Erode,Tamil Nadu,2018,No matched historical weather observation
Erode,Tamil Nadu,2019,No matched historical weather observation
Erode,Tamil Nadu,2020,No matched historical weather observation
Erode,Tamil Nadu,2021,No matched historical weather observation
Erode,Tamil Nadu,2022,No matched historical weather observation
Etawah,Uttar Pradesh,2013,No matched historical weather observation
Etawah,Uttar Pradesh,2014,No matched historical weather observation
Etawah,Uttar Pradesh,2015,No matched historical weather observation
Etawah,Uttar Pradesh,2016,No matched historical weather observation
Etawah,Uttar Pradesh,2017,No matched historical weather observation
Etawah,Uttar Pradesh,2018,No matched historical weather observation
Etawah,Uttar Pradesh,2019,No matched historical weather observation
Etawah,Uttar Pradesh,2020,No matched historical weather observation
Etawah,Uttar Pradesh,2021,No matched historical weather observation
Etawah,Uttar Pradesh,2022,No matched historical weather observation
Faizabad,Uttar Pradesh,2013,No matched historical weather observation
Faizabad,Uttar Pradesh,2014,No matched historical weather observation
Faizabad,Uttar Pradesh,2015,No matched historical weather observation
Faizabad,Uttar Pradesh,2016,No matched historical weather observation
Faizabad,Uttar Pradesh,2017,No matched historical weather observation
Faizabad,Uttar Pradesh,2018,No matched historical weather observation
Faizabad,Uttar Pradesh,2019,No matched historical weather observation
Faizabad,Uttar Pradesh,2020,No matched historical weather observation
Faizabad,Uttar Pradesh,2021,No matched historical weather observation
Faizabad,Uttar Pradesh,2022,No matched historical weather observation
Fatehgarh sahib,Punjab,2013,No matched historical weather observation
Fatehgarh sahib,Punjab,2014,No matched historical weather observation
Fatehgarh sahib,Punjab,2015,No matched historical weather observation
Fatehgarh sahib,Punjab,2016,No matched historical weather observation
Fatehgarh sahib,Punjab,2017,No matched historical weather observation
Fatehgarh sahib,Punjab,2018,No matched historical weather observation
Fatehgarh sahib,Punjab,2019,No matched historical weather observation
Fatehgarh sahib,Punjab,2020,No matched historical weather observation
Fatehgarh sahib,Punjab,2021,No matched historical weather observation
Fatehgarh sahib,Punjab,2022,No matched historical weather observation
Fatehpur,Uttar Pradesh,2013,No matched historical weather observation
Fatehpur,Uttar Pradesh,2014,No matched historical weather observation
Fatehpur,Uttar Pradesh,2015,No matched historical weather observation
Fatehpur,Uttar Pradesh,2016,No matched historical weather observation
Fatehpur,Uttar Pradesh,2017,No matched historical weather observation
Fatehpur,Uttar Pradesh,2018,No matched historical weather observation
Fatehpur,Uttar Pradesh,2019,No matched historical weather observation
Fatehpur,Uttar Pradesh,2020,No matched historical weather observation
Fatehpur,Uttar Pradesh,2021,No matched historical weather observation
Fatehpur,Uttar Pradesh,2022,No matched historical weather observation
Fazilka,Punjab,2013,No matched historical weather observation
Fazilka,Punjab,2014,No matched historical weather observation
Fazilka,Punjab,2015,No matched historical weather observation
Fazilka,Punjab,2016,No matched historical weather observation
Fazilka,Punjab,2017,No matched historical weather observation
Fazilka,Punjab,2018,No matched historical weather observation
Fazilka,Punjab,2019,No matched historical weather observation
Fazilka,Punjab,2020,No matched historical weather observation
Fazilka,Punjab,2021,No matched historical weather observation
Fazilka,Punjab,2022,No matched historical weather observation
Firozabad,Uttar Pradesh,2013,No matched historical weather observation
Firozabad,Uttar Pradesh,2014,No matched historical weather observation
Firozabad,Uttar Pradesh,2015,No matched historical weather observation
Firozabad,Uttar Pradesh,2016,No matched historical weather observation
Firozabad,Uttar Pradesh,2017,No matched historical weather observation
Firozabad,Uttar Pradesh,2018,No matched historical weather observation
Firozabad,Uttar Pradesh,2019,No matched historical weather observation
Firozabad,Uttar Pradesh,2020,No matched historical weather observation
Firozabad,Uttar Pradesh,2021,No matched historical weather observation
Firozabad,Uttar Pradesh,2022,No matched historical weather observation
Gadchiroli,Maharashtra,2013,No matched historical weather observation
Gadchiroli,Maharashtra,2014,No matched historical weather observation
Gadchiroli,Maharashtra,2015,No matched historical weather observation
Gadchiroli,Maharashtra,2016,No matched historical weather observation
Gadchiroli,Maharashtra,2017,No matched historical weather observation
Gadchiroli,Maharashtra,2018,No matched historical weather observation
Gadchiroli,Maharashtra,2019,No matched historical weather observation
Gadchiroli,Maharashtra,2020,No matched historical weather observation
Gadchiroli,Maharashtra,2021,No matched historical weather observation
Gadchiroli,Maharashtra,2022,No matched historical weather observation
Gajapati,Odisha,2013,No matched historical weather observation
Gajapati,Odisha,2014,No matched historical weather observation
Gajapati,Odisha,2015,No matched historical weather observation
Gajapati,Odisha,2016,No matched historical weather observation
Gajapati,Odisha,2017,No matched historical weather observation
Gajapati,Odisha,2018,No matched historical weather observation
Gajapati,Odisha,2019,No matched historical weather observation
Gajapati,Odisha,2020,No matched historical weather observation
Gajapati,Odisha,2021,No matched historical weather observation
Gajapati,Odisha,2022,No matched historical weather observation
Garhwa,Jharkhand,2013,No matched historical weather observation
Garhwa,Jharkhand,2014,No matched historical weather observation
Garhwa,Jharkhand,2015,No matched historical weather observation
Garhwa,Jharkhand,2016,No matched historical weather observation
Garhwa,Jharkhand,2017,No matched historical weather observation
Garhwa,Jharkhand,2018,No matched historical weather observation
Garhwa,Jharkhand,2019,No matched historical weather observation
Garhwa,Jharkhand,2020,No matched historical weather observation
Garhwa,Jharkhand,2021,No matched historical weather observation
Garhwa,Jharkhand,2022,No matched historical weather observation
Gaurella-pendra-marwahi,Chhattisgarh,2019,No matched historical weather observation
Gaurella-pendra-marwahi,Chhattisgarh,2020,No matched historical weather observation
Gaurella-pendra-marwahi,Chhattisgarh,2021,No matched historical weather observation
Gaurella-pendra-marwahi,Chhattisgarh,2022,No matched historical weather observation
Gaya,Bihar,2013,No matched historical weather observation
Gaya,Bihar,2014,No matched historical weather observation
Gaya,Bihar,2015,No matched historical weather observation
Gaya,Bihar,2016,No matched historical weather observation
Gaya,Bihar,2017,No matched historical weather observation
Gaya,Bihar,2018,No matched historical weather observation
Gaya,Bihar,2019,No matched historical weather observation
Gaya,Bihar,2020,No matched historical weather observation
Gaya,Bihar,2021,No matched historical weather observation
Gaya,Bihar,2022,No matched historical weather observation
Ghazipur,Uttar Pradesh,2013,No matched historical weather observation
Ghazipur,Uttar Pradesh,2014,No matched historical weather observation
Ghazipur,Uttar Pradesh,2015,No matched historical weather observation
Ghazipur,Uttar Pradesh,2016,No matched historical weather observation
Ghazipur,Uttar Pradesh,2017,No matched historical weather observation
Ghazipur,Uttar Pradesh,2018,No matched historical weather observation
Ghazipur,Uttar Pradesh,2019,No matched historical weather observation
Ghazipur,Uttar Pradesh,2020,No matched historical weather observation
Ghazipur,Uttar Pradesh,2021,No matched historical weather observation
Ghazipur,Uttar Pradesh,2022,No matched historical weather observation
Giridih,Jharkhand,2013,No matched historical weather observation
Giridih,Jharkhand,2014,No matched historical weather observation
Giridih,Jharkhand,2015,No matched historical weather observation
Giridih,Jharkhand,2016,No matched historical weather observation
Giridih,Jharkhand,2017,No matched historical weather observation
Giridih,Jharkhand,2018,No matched historical weather observation
Giridih,Jharkhand,2019,No matched historical weather observation
Giridih,Jharkhand,2020,No matched historical weather observation
Giridih,Jharkhand,2021,No matched historical weather observation
Giridih,Jharkhand,2022,No matched historical weather observation
Goalpara,Assam,2013,No matched historical weather observation
Goalpara,Assam,2014,No matched historical weather observation
Goalpara,Assam,2015,No matched historical weather observation
Goalpara,Assam,2016,No matched historical weather observation
Goalpara,Assam,2017,No matched historical weather observation
Goalpara,Assam,2018,No matched historical weather observation
Goalpara,Assam,2019,No matched historical weather observation
Goalpara,Assam,2020,No matched historical weather observation
Goalpara,Assam,2021,No matched historical weather observation
Goalpara,Assam,2022,No matched historical weather observation
Godda,Jharkhand,2013,No matched historical weather observation
Godda,Jharkhand,2014,No matched historical weather observation
Godda,Jharkhand,2015,No matched historical weather observation
Godda,Jharkhand,2016,No matched historical weather observation
Godda,Jharkhand,2017,No matched historical weather observation
Godda,Jharkhand,2018,No matched historical weather observation
Godda,Jharkhand,2019,No matched historical weather observation
Godda,Jharkhand,2020,No matched historical weather observation
Godda,Jharkhand,2021,No matched historical weather observation
Godda,Jharkhand,2022,No matched historical weather observation
Golaghat,Assam,2013,No matched historical weather observation
Golaghat,Assam,2014,No matched historical weather observation
Golaghat,Assam,2015,No matched historical weather observation
Golaghat,Assam,2016,No matched historical weather observation
Golaghat,Assam,2017,No matched historical weather observation
Golaghat,Assam,2018,No matched historical weather observation
Golaghat,Assam,2019,No matched historical weather observation
Golaghat,Assam,2020,No matched historical weather observation
Golaghat,Assam,2021,No matched historical weather observation
Golaghat,Assam,2022,No matched historical weather observation
Gonda,Uttar Pradesh,2013,No matched historical weather observation
Gonda,Uttar Pradesh,2014,No matched historical weather observation
Gonda,Uttar Pradesh,2015,No matched historical weather observation
Gonda,Uttar Pradesh,2016,No matched historical weather observation
Gonda,Uttar Pradesh,2017,No matched historical weather observation
Gonda,Uttar Pradesh,2018,No matched historical weather observation
Gonda,Uttar Pradesh,2019,No matched historical weather observation
Gonda,Uttar Pradesh,2020,No matched historical weather observation
Gonda,Uttar Pradesh,2021,No matched historical weather observation
Gonda,Uttar Pradesh,2022,No matched historical weather observation
Gopalganj,Bihar,2013,No matched historical weather observation
Gopalganj,Bihar,2014,No matched historical weather observation
Gopalganj,Bihar,2015,No matched historical weather observation
Gopalganj,Bihar,2016,No matched historical weather observation
Gopalganj,Bihar,2017,No matched historical weather observation
Gopalganj,Bihar,2018,No matched historical weather observation
Gopalganj,Bihar,2019,No matched historical weather observation
Gopalganj,Bihar,2020,No matched historical weather observation
Gopalganj,Bihar,2021,No matched historical weather observation
Gopalganj,Bihar,2022,No matched historical weather observation
Gumla,Jharkhand,2013,No matched historical weather observation
Gumla,Jharkhand,2014,No matched historical weather observation
Gumla,Jharkhand,2015,No matched historical weather observation
Gumla,Jharkhand,2016,No matched historical weather observation
Gumla,Jharkhand,2017,No matched historical weather observation
Gumla,Jharkhand,2018,No matched historical weather observation
Gumla,Jharkhand,2019,No matched historical weather observation
Gumla,Jharkhand,2020,No matched historical weather observation
Gumla,Jharkhand,2021,No matched historical weather observation
Gumla,Jharkhand,2022,No matched historical weather observation
Gwalior,Madhya Pradesh,2013,No matched historical weather observation
Gwalior,Madhya Pradesh,2014,No matched historical weather observation
Gwalior,Madhya Pradesh,2015,No matched historical weather observation
Gwalior,Madhya Pradesh,2016,No matched historical weather observation
Gwalior,Madhya Pradesh,2017,No matched historical weather observation
Gwalior,Madhya Pradesh,2018,No matched historical weather observation
Gwalior,Madhya Pradesh,2019,No matched historical weather observation
Gwalior,Madhya Pradesh,2020,No matched historical weather observation
Gwalior,Madhya Pradesh,2021,No matched historical weather observation
Gwalior,Madhya Pradesh,2022,No matched historical weather observation
Hailakandi,Assam,2013,No matched historical weather observation
Hailakandi,Assam,2014,No matched historical weather observation
Hailakandi,Assam,2015,No matched historical weather observation
Hailakandi,Assam,2016,No matched historical weather observation
Hailakandi,Assam,2017,No matched historical weather observation
Hailakandi,Assam,2018,No matched historical weather observation
Hailakandi,Assam,2019,No matched historical weather observation
Hailakandi,Assam,2020,No matched historical weather observation
Hailakandi,Assam,2021,No matched historical weather observation
Hailakandi,Assam,2022,No matched historical weather observation
Hanumangarh,Rajasthan,2013,No matched historical weather observation
Hanumangarh,Rajasthan,2014,No matched historical weather observation
Hanumangarh,Rajasthan,2015,No matched historical weather observation
Hanumangarh,Rajasthan,2016,No matched historical weather observation
Hanumangarh,Rajasthan,2017,No matched historical weather observation
Hanumangarh,Rajasthan,2018,No matched historical weather observation
Hanumangarh,Rajasthan,2019,No matched historical weather observation
Hanumangarh,Rajasthan,2020,No matched historical weather observation
Hanumangarh,Rajasthan,2021,No matched historical weather observation
Hanumangarh,Rajasthan,2022,No matched historical weather observation
Hapur,Uttar Pradesh,2013,No matched historical weather observation
Hapur,Uttar Pradesh,2014,No matched historical weather observation
Hapur,Uttar Pradesh,2015,No matched historical weather observation
Hapur,Uttar Pradesh,2016,No matched historical weather observation
Hapur,Uttar Pradesh,2017,No matched historical weather observation
Hapur,Uttar Pradesh,2018,No matched historical weather observation
Hapur,Uttar Pradesh,2019,No matched historical weather observation
Hapur,Uttar Pradesh,2020,No matched historical weather observation
Hapur,Uttar Pradesh,2021,No matched historical weather observation
Hapur,Uttar Pradesh,2022,No matched historical weather observation
Hardoi,Uttar Pradesh,2013,No matched historical weather observation
Hardoi,Uttar Pradesh,2014,No matched historical weather observation
Hardoi,Uttar Pradesh,2015,No matched historical weather observation
Hardoi,Uttar Pradesh,2016,No matched historical weather observation
Hardoi,Uttar Pradesh,2017,No matched historical weather observation
Hardoi,Uttar Pradesh,2018,No matched historical weather observation
Hardoi,Uttar Pradesh,2019,No matched historical weather observation
Hardoi,Uttar Pradesh,2020,No matched historical weather observation
Hardoi,Uttar Pradesh,2021,No matched historical weather observation
Hardoi,Uttar Pradesh,2022,No matched historical weather observation
Hassan,Karnataka,2013,No matched historical weather observation
Hassan,Karnataka,2014,No matched historical weather observation
Hassan,Karnataka,2015,No matched historical weather observation
Hassan,Karnataka,2016,No matched historical weather observation
Hassan,Karnataka,2017,No matched historical weather observation
Hassan,Karnataka,2018,No matched historical weather observation
Hassan,Karnataka,2019,No matched historical weather observation
Hassan,Karnataka,2020,No matched historical weather observation
Hassan,Karnataka,2021,No matched historical weather observation
Hassan,Karnataka,2022,No matched historical weather observation
Haveri,Karnataka,2013,No matched historical weather observation
Haveri,Karnataka,2014,No matched historical weather observation
Haveri,Karnataka,2015,No matched historical weather observation
Haveri,Karnataka,2016,No matched historical weather observation
Haveri,Karnataka,2017,No matched historical weather observation
Haveri,Karnataka,2018,No matched historical weather observation
Haveri,Karnataka,2019,No matched historical weather observation
Haveri,Karnataka,2020,No matched historical weather observation
Haveri,Karnataka,2021,No matched historical weather observation
Haveri,Karnataka,2022,No matched historical weather observation
Hazaribagh,Jharkhand,2013,No matched historical weather observation
Hazaribagh,Jharkhand,2014,No matched historical weather observation
Hazaribagh,Jharkhand,2015,No matched historical weather observation
Hazaribagh,Jharkhand,2016,No matched historical weather observation
Hazaribagh,Jharkhand,2017,No matched historical weather observation
Hazaribagh,Jharkhand,2018,No matched historical weather observation
Hazaribagh,Jharkhand,2019,No matched historical weather observation
Hazaribagh,Jharkhand,2020,No matched historical weather observation
Hazaribagh,Jharkhand,2021,No matched historical weather observation
Hazaribagh,Jharkhand,2022,No matched historical weather observation
Hisar,Haryana,2013,No matched historical weather observation
Hisar,Haryana,2014,No matched historical weather observation
Hisar,Haryana,2015,No matched historical weather observation
Hisar,Haryana,2016,No matched historical weather observation
Hisar,Haryana,2017,No matched historical weather observation
Hisar,Haryana,2018,No matched historical weather observation
Hisar,Haryana,2019,No matched historical weather observation
Hisar,Haryana,2020,No matched historical weather observation
Hisar,Haryana,2021,No matched historical weather observation
Hisar,Haryana,2022,No matched historical weather observation
Hojai,Assam,2020,No matched historical weather observation
Hojai,Assam,2021,No matched historical weather observation
Hojai,Assam,2022,No matched historical weather observation
Hoshangabad,Madhya Pradesh,2013,No matched historical weather observation
Hoshangabad,Madhya Pradesh,2014,No matched historical weather observation
Hoshangabad,Madhya Pradesh,2015,No matched historical weather observation
Hoshangabad,Madhya Pradesh,2016,No matched historical weather observation
Hoshangabad,Madhya Pradesh,2017,No matched historical weather observation
Hoshangabad,Madhya Pradesh,2018,No matched historical weather observation
Hoshangabad,Madhya Pradesh,2019,No matched historical weather observation
Hoshangabad,Madhya Pradesh,2020,No matched historical weather observation
Hoshangabad,Madhya Pradesh,2021,No matched historical weather observation
Hoshangabad,Madhya Pradesh,2022,No matched historical weather observation
Hoshiarpur,Punjab,2013,No matched historical weather observation
Hoshiarpur,Punjab,2014,No matched historical weather observation
Hoshiarpur,Punjab,2015,No matched historical weather observation
Hoshiarpur,Punjab,2016,No matched historical weather observation
Hoshiarpur,Punjab,2017,No matched historical weather observation
Hoshiarpur,Punjab,2018,No matched historical weather observation
Hoshiarpur,Punjab,2019,No matched historical weather observation
Hoshiarpur,Punjab,2020,No matched historical weather observation
Hoshiarpur,Punjab,2021,No matched historical weather observation
Hoshiarpur,Punjab,2022,No matched historical weather observation
Imphal east,Manipur,2013,No matched historical weather observation
Imphal east,Manipur,2014,No matched historical weather observation
Imphal east,Manipur,2015,No matched historical weather observation
Imphal east,Manipur,2016,No matched historical weather observation
Imphal east,Manipur,2017,No matched historical weather observation
Imphal east,Manipur,2018,No matched historical weather observation
Imphal east,Manipur,2019,No matched historical weather observation
Imphal east,Manipur,2020,No matched historical weather observation
Imphal east,Manipur,2021,No matched historical weather observation
Imphal east,Manipur,2022,No matched historical weather observation
Imphal west,Manipur,2013,No matched historical weather observation
Imphal west,Manipur,2014,No matched historical weather observation
Imphal west,Manipur,2015,No matched historical weather observation
Imphal west,Manipur,2016,No matched historical weather observation
Imphal west,Manipur,2017,No matched historical weather observation
Imphal west,Manipur,2018,No matched historical weather observation
Imphal west,Manipur,2019,No matched historical weather observation
Imphal west,Manipur,2020,No matched historical weather observation
Imphal west,Manipur,2021,No matched historical weather observation
Imphal west,Manipur,2022,No matched historical weather observation
Jabalpur,Madhya Pradesh,2013,No matched historical weather observation
Jabalpur,Madhya Pradesh,2014,No matched historical weather observation
Jabalpur,Madhya Pradesh,2015,No matched historical weather observation
Jabalpur,Madhya Pradesh,2016,No matched historical weather observation
Jabalpur,Madhya Pradesh,2017,No matched historical weather observation
Jabalpur,Madhya Pradesh,2018,No matched historical weather observation
Jabalpur,Madhya Pradesh,2019,No matched historical weather observation
Jabalpur,Madhya Pradesh,2020,No matched historical weather observation
Jabalpur,Madhya Pradesh,2021,No matched historical weather observation
Jabalpur,Madhya Pradesh,2022,No matched historical weather observation
Jagatsinghapur,Odisha,2013,No matched historical weather observation
Jagatsinghapur,Odisha,2014,No matched historical weather observation
Jagatsinghapur,Odisha,2015,No matched historical weather observation
Jagatsinghapur,Odisha,2016,No matched historical weather observation
Jagatsinghapur,Odisha,2017,No matched historical weather observation
Jagatsinghapur,Odisha,2018,No matched historical weather observation
Jagatsinghapur,Odisha,2019,No matched historical weather observation
Jagatsinghapur,Odisha,2020,No matched historical weather observation
Jagatsinghapur,Odisha,2021,No matched historical weather observation
Jagatsinghapur,Odisha,2022,No matched historical weather observation
Jajapur,Odisha,2013,No matched historical weather observation
Jajapur,Odisha,2014,No matched historical weather observation
Jajapur,Odisha,2015,No matched historical weather observation
Jajapur,Odisha,2016,No matched historical weather observation
Jajapur,Odisha,2017,No matched historical weather observation
Jajapur,Odisha,2018,No matched historical weather observation
Jajapur,Odisha,2019,No matched historical weather observation
Jajapur,Odisha,2020,No matched historical weather observation
Jajapur,Odisha,2021,No matched historical weather observation
Jajapur,Odisha,2022,No matched historical weather observation
Jammu,Jammu and Kashmir,2014,No matched historical weather observation
Jammu,Jammu and Kashmir,2015,No matched historical weather observation
Jammu,Jammu and Kashmir,2016,No matched historical weather observation
Jammu,Jammu and Kashmir,2017,No matched historical weather observation
Jammu,Jammu and Kashmir,2018,No matched historical weather observation
Jammu,Jammu and Kashmir,2019,No matched historical weather observation
Jammu,Jammu and Kashmir,2020,No matched historical weather observation
Jamtara,Jharkhand,2013,No matched historical weather observation
Jamtara,Jharkhand,2014,No matched historical weather observation
Jamtara,Jharkhand,2015,No matched historical weather observation
Jamtara,Jharkhand,2016,No matched historical weather observation
Jamtara,Jharkhand,2017,No matched historical weather observation
Jamtara,Jharkhand,2018,No matched historical weather observation
Jamtara,Jharkhand,2019,No matched historical weather observation
Jamtara,Jharkhand,2020,No matched historical weather observation
Jamtara,Jharkhand,2021,No matched historical weather observation
Jamtara,Jharkhand,2022,No matched historical weather observation
Jamui,Bihar,2013,No matched historical weather observation
Jamui,Bihar,2014,No matched historical weather observation
Jamui,Bihar,2015,No matched historical weather observation
Jamui,Bihar,2016,No matched historical weather observation
Jamui,Bihar,2017,No matched historical weather observation
Jamui,Bihar,2018,No matched historical weather observation
Jamui,Bihar,2019,No matched historical weather observation
Jamui,Bihar,2020,No matched historical weather observation
Jamui,Bihar,2021,No matched historical weather observation
Jamui,Bihar,2022,No matched historical weather observation
Jashpur,Chhattisgarh,2013,No matched historical weather observation
Jashpur,Chhattisgarh,2014,No matched historical weather observation
Jashpur,Chhattisgarh,2015,No matched historical weather observation
Jashpur,Chhattisgarh,2016,No matched historical weather observation
Jashpur,Chhattisgarh,2017,No matched historical weather observation
Jashpur,Chhattisgarh,2018,No matched historical weather observation
Jashpur,Chhattisgarh,2019,No matched historical weather observation
Jashpur,Chhattisgarh,2020,No matched historical weather observation
Jashpur,Chhattisgarh,2021,No matched historical weather observation
Jashpur,Chhattisgarh,2022,No matched historical weather observation
Jaunpur,Uttar Pradesh,2013,No matched historical weather observation
Jaunpur,Uttar Pradesh,2014,No matched historical weather observation
Jaunpur,Uttar Pradesh,2015,No matched historical weather observation
Jaunpur,Uttar Pradesh,2016,No matched historical weather observation
Jaunpur,Uttar Pradesh,2017,No matched historical weather observation
Jaunpur,Uttar Pradesh,2018,No matched historical weather observation
Jaunpur,Uttar Pradesh,2019,No matched historical weather observation
Jaunpur,Uttar Pradesh,2020,No matched historical weather observation
Jaunpur,Uttar Pradesh,2021,No matched historical weather observation
Jaunpur,Uttar Pradesh,2022,No matched historical weather observation
Jayashankar,Telangana,2016,No matched historical weather observation
Jayashankar,Telangana,2017,No matched historical weather observation
Jayashankar,Telangana,2018,No matched historical weather observation
Jayashankar,Telangana,2019,No matched historical weather observation
Jayashankar,Telangana,2020,No matched historical weather observation
Jayashankar,Telangana,2021,No matched historical weather observation
Jayashankar,Telangana,2022,No matched historical weather observation
Jehanabad,Bihar,2013,No matched historical weather observation
Jehanabad,Bihar,2014,No matched historical weather observation
Jehanabad,Bihar,2015,No matched historical weather observation
Jehanabad,Bihar,2016,No matched historical weather observation
Jehanabad,Bihar,2017,No matched historical weather observation
Jehanabad,Bihar,2018,No matched historical weather observation
Jehanabad,Bihar,2019,No matched historical weather observation
Jehanabad,Bihar,2020,No matched historical weather observation
Jehanabad,Bihar,2021,No matched historical weather observation
Jehanabad,Bihar,2022,No matched historical weather observation
Jhajjar,Haryana,2013,No matched historical weather observation
Jhajjar,Haryana,2014,No matched historical weather observation
Jhajjar,Haryana,2015,No matched historical weather observation
Jhajjar,Haryana,2016,No matched historical weather observation
Jhajjar,Haryana,2017,No matched historical weather observation
Jhajjar,Haryana,2018,No matched historical weather observation
Jhajjar,Haryana,2019,No matched historical weather observation
Jhajjar,Haryana,2020,No matched historical weather observation
Jhajjar,Haryana,2021,No matched historical weather observation
Jhajjar,Haryana,2022,No matched historical weather observation
Jhargram,West Bengal,2016,No matched historical weather observation
Jhargram,West Bengal,2017,No matched historical weather observation
Jhargram,West Bengal,2018,No matched historical weather observation
Jhargram,West Bengal,2019,No matched historical weather observation
Jhargram,West Bengal,2020,No matched historical weather observation
Jhargram,West Bengal,2021,No matched historical weather observation
Jhargram,West Bengal,2022,No matched historical weather observation
Jharsuguda,Odisha,2013,No matched historical weather observation
Jharsuguda,Odisha,2014,No matched historical weather observation
Jharsuguda,Odisha,2015,No matched historical weather observation
Jharsuguda,Odisha,2016,No matched historical weather observation
Jharsuguda,Odisha,2017,No matched historical weather observation
Jharsuguda,Odisha,2018,No matched historical weather observation
Jharsuguda,Odisha,2019,No matched historical weather observation
Jharsuguda,Odisha,2020,No matched historical weather observation
Jharsuguda,Odisha,2021,No matched historical weather observation
Jharsuguda,Odisha,2022,No matched historical weather observation
Jogulamba,Telangana,2016,No matched historical weather observation
Jogulamba,Telangana,2017,No matched historical weather observation
Jogulamba,Telangana,2018,No matched historical weather observation
Jogulamba,Telangana,2019,No matched historical weather observation
Jogulamba,Telangana,2020,No matched historical weather observation
Jogulamba,Telangana,2021,No matched historical weather observation
Jogulamba,Telangana,2022,No matched historical weather observation
Jorhat,Assam,2013,No matched historical weather observation
Jorhat,Assam,2014,No matched historical weather observation
Jorhat,Assam,2015,No matched historical weather observation
Jorhat,Assam,2016,No matched historical weather observation
Jorhat,Assam,2017,No matched historical weather observation
Jorhat,Assam,2018,No matched historical weather observation
Jorhat,Assam,2019,No matched historical weather observation
Jorhat,Assam,2020,No matched historical weather observation
Jorhat,Assam,2021,No matched historical weather observation
Jorhat,Assam,2022,No matched historical weather observation
Kaimur (bhabua),Bihar,2013,No matched historical weather observation
Kaimur (bhabua),Bihar,2014,No matched historical weather observation
Kaimur (bhabua),Bihar,2015,No matched historical weather observation
Kaimur (bhabua),Bihar,2016,No matched historical weather observation
Kaimur (bhabua),Bihar,2017,No matched historical weather observation
Kaimur (bhabua),Bihar,2018,No matched historical weather observation
Kaimur (bhabua),Bihar,2019,No matched historical weather observation
Kaimur (bhabua),Bihar,2020,No matched historical weather observation
Kaimur (bhabua),Bihar,2021,No matched historical weather observation
Kaimur (bhabua),Bihar,2022,No matched historical weather observation
Kallakurichi,Tamil Nadu,2020,No matched historical weather observation
Kallakurichi,Tamil Nadu,2021,No matched historical weather observation
Kallakurichi,Tamil Nadu,2022,No matched historical weather observation
Kamrup,Assam,2013,No matched historical weather observation
Kamrup,Assam,2014,No matched historical weather observation
Kamrup,Assam,2015,No matched historical weather observation
Kamrup,Assam,2016,No matched historical weather observation
Kamrup,Assam,2017,No matched historical weather observation
Kamrup,Assam,2018,No matched historical weather observation
Kamrup,Assam,2019,No matched historical weather observation
Kamrup,Assam,2020,No matched historical weather observation
Kamrup,Assam,2021,No matched historical weather observation
Kamrup,Assam,2022,No matched historical weather observation
Kandhamal,Odisha,2013,No matched historical weather observation
Kandhamal,Odisha,2014,No matched historical weather observation
Kandhamal,Odisha,2015,No matched historical weather observation
Kandhamal,Odisha,2016,No matched historical weather observation
Kandhamal,Odisha,2017,No matched historical weather observation
Kandhamal,Odisha,2018,No matched historical weather observation
Kandhamal,Odisha,2019,No matched historical weather observation
Kandhamal,Odisha,2020,No matched historical weather observation
Kandhamal,Odisha,2021,No matched historical weather observation
Kandhamal,Odisha,2022,No matched historical weather observation
Kangra,Himachal Pradesh,2013,No matched historical weather observation
Kangra,Himachal Pradesh,2014,No matched historical weather observation
Kangra,Himachal Pradesh,2015,No matched historical weather observation
Kangra,Himachal Pradesh,2016,No matched historical weather observation
Kangra,Himachal Pradesh,2017,No matched historical weather observation
Kangra,Himachal Pradesh,2018,No matched historical weather observation
Kangra,Himachal Pradesh,2019,No matched historical weather observation
Kangra,Himachal Pradesh,2020,No matched historical weather observation
Kangra,Himachal Pradesh,2021,No matched historical weather observation
Kangra,Himachal Pradesh,2022,No matched historical weather observation
Kannauj,Uttar Pradesh,2013,No matched historical weather observation
Kannauj,Uttar Pradesh,2014,No matched historical weather observation
Kannauj,Uttar Pradesh,2015,No matched historical weather observation
Kannauj,Uttar Pradesh,2016,No matched historical weather observation
Kannauj,Uttar Pradesh,2017,No matched historical weather observation
Kannauj,Uttar Pradesh,2018,No matched historical weather observation
Kannauj,Uttar Pradesh,2019,No matched historical weather observation
Kannauj,Uttar Pradesh,2020,No matched historical weather observation
Kannauj,Uttar Pradesh,2021,No matched historical weather observation
Kannauj,Uttar Pradesh,2022,No matched historical weather observation
Kanniyakumari,Tamil Nadu,2013,No matched historical weather observation
Kanniyakumari,Tamil Nadu,2014,No matched historical weather observation
Kanniyakumari,Tamil Nadu,2015,No matched historical weather observation
Kanniyakumari,Tamil Nadu,2016,No matched historical weather observation
Kanniyakumari,Tamil Nadu,2017,No matched historical weather observation
Kanniyakumari,Tamil Nadu,2018,No matched historical weather observation
Kanniyakumari,Tamil Nadu,2019,No matched historical weather observation
Kanniyakumari,Tamil Nadu,2020,No matched historical weather observation
Kanniyakumari,Tamil Nadu,2021,No matched historical weather observation
Kanniyakumari,Tamil Nadu,2022,No matched historical weather observation
Kanpur dehat,Uttar Pradesh,2013,No matched historical weather observation
Kanpur dehat,Uttar Pradesh,2014,No matched historical weather observation
Kanpur dehat,Uttar Pradesh,2015,No matched historical weather observation
Kanpur dehat,Uttar Pradesh,2016,No matched historical weather observation
Kanpur dehat,Uttar Pradesh,2017,No matched historical weather observation
Kanpur dehat,Uttar Pradesh,2018,No matched historical weather observation
Kanpur dehat,Uttar Pradesh,2019,No matched historical weather observation
Kanpur dehat,Uttar Pradesh,2020,No matched historical weather observation
Kanpur dehat,Uttar Pradesh,2021,No matched historical weather observation
Kanpur dehat,Uttar Pradesh,2022,No matched historical weather observation
Kanpur nagar,Uttar Pradesh,2013,No matched historical weather observation
Kanpur nagar,Uttar Pradesh,2014,No matched historical weather observation
Kanpur nagar,Uttar Pradesh,2015,No matched historical weather observation
Kanpur nagar,Uttar Pradesh,2016,No matched historical weather observation
Kanpur nagar,Uttar Pradesh,2017,No matched historical weather observation
Kanpur nagar,Uttar Pradesh,2018,No matched historical weather observation
Kanpur nagar,Uttar Pradesh,2019,No matched historical weather observation
Kanpur nagar,Uttar Pradesh,2020,No matched historical weather observation
Kanpur nagar,Uttar Pradesh,2021,No matched historical weather observation
Kanpur nagar,Uttar Pradesh,2022,No matched historical weather observation
Kapurthala,Punjab,2013,No matched historical weather observation
Kapurthala,Punjab,2014,No matched historical weather observation
Kapurthala,Punjab,2015,No matched historical weather observation
Kapurthala,Punjab,2016,No matched historical weather observation
Kapurthala,Punjab,2017,No matched historical weather observation
Kapurthala,Punjab,2018,No matched historical weather observation
Kapurthala,Punjab,2019,No matched historical weather observation
Kapurthala,Punjab,2020,No matched historical weather observation
Kapurthala,Punjab,2021,No matched historical weather observation
Kapurthala,Punjab,2022,No matched historical weather observation
Karimganj,Assam,2013,No matched historical weather observation
Karimganj,Assam,2014,No matched historical weather observation
Karimganj,Assam,2015,No matched historical weather observation
Karimganj,Assam,2016,No matched historical weather observation
Karimganj,Assam,2017,No matched historical weather observation
Karimganj,Assam,2018,No matched historical weather observation
Karimganj,Assam,2019,No matched historical weather observation
Karimganj,Assam,2020,No matched historical weather observation
Karimganj,Assam,2021,No matched historical weather observation
Karimganj,Assam,2022,No matched historical weather observation
Katihar,Bihar,2013,No matched historical weather observation
Katihar,Bihar,2014,No matched historical weather observation
Katihar,Bihar,2015,No matched historical weather observation
Katihar,Bihar,2016,No matched historical weather observation
Katihar,Bihar,2017,No matched historical weather observation
Katihar,Bihar,2018,No matched historical weather observation
Katihar,Bihar,2019,No matched historical weather observation
Katihar,Bihar,2020,No matched historical weather observation
Katihar,Bihar,2021,No matched historical weather observation
Katihar,Bihar,2022,No matched historical weather observation
Katni,Madhya Pradesh,2013,No matched historical weather observation
Katni,Madhya Pradesh,2014,No matched historical weather observation
Katni,Madhya Pradesh,2015,No matched historical weather observation
Katni,Madhya Pradesh,2016,No matched historical weather observation
Katni,Madhya Pradesh,2017,No matched historical weather observation
Katni,Madhya Pradesh,2018,No matched historical weather observation
Katni,Madhya Pradesh,2019,No matched historical weather observation
Katni,Madhya Pradesh,2020,No matched historical weather observation
Katni,Madhya Pradesh,2021,No matched historical weather observation
Katni,Madhya Pradesh,2022,No matched historical weather observation
Kendrapara,Odisha,2013,No matched historical weather observation
Kendrapara,Odisha,2014,No matched historical weather observation
Kendrapara,Odisha,2015,No matched historical weather observation
Kendrapara,Odisha,2016,No matched historical weather observation
Kendrapara,Odisha,2017,No matched historical weather observation
Kendrapara,Odisha,2018,No matched historical weather observation
Kendrapara,Odisha,2019,No matched historical weather observation
Kendrapara,Odisha,2020,No matched historical weather observation
Kendrapara,Odisha,2021,No matched historical weather observation
Kendrapara,Odisha,2022,No matched historical weather observation
Khammam,Telangana,2013,No matched historical weather observation
Khammam,Telangana,2014,No matched historical weather observation
Khammam,Telangana,2015,No matched historical weather observation
Khammam,Telangana,2016,No matched historical weather observation
Khammam,Telangana,2017,No matched historical weather observation
Khammam,Telangana,2018,No matched historical weather observation
Khammam,Telangana,2019,No matched historical weather observation
Khammam,Telangana,2020,No matched historical weather observation
Khammam,Telangana,2021,No matched historical weather observation
Khammam,Telangana,2022,No matched historical weather observation
Kheda,Gujarat,2013,No matched historical weather observation
Kheda,Gujarat,2014,No matched historical weather observation
Kheda,Gujarat,2015,No matched historical weather observation
Kheda,Gujarat,2016,No matched historical weather observation
Kheda,Gujarat,2017,No matched historical weather observation
Kheda,Gujarat,2018,No matched historical weather observation
Kheda,Gujarat,2019,No matched historical weather observation
Kheda,Gujarat,2020,No matched historical weather observation
Kheda,Gujarat,2021,No matched historical weather observation
Kheda,Gujarat,2022,No matched historical weather observation
Kheri,Uttar Pradesh,2013,No matched historical weather observation
Kheri,Uttar Pradesh,2014,No matched historical weather observation
Kheri,Uttar Pradesh,2015,No matched historical weather observation
Kheri,Uttar Pradesh,2016,No matched historical weather observation
Kheri,Uttar Pradesh,2017,No matched historical weather observation
Kheri,Uttar Pradesh,2018,No matched historical weather observation
Kheri,Uttar Pradesh,2019,No matched historical weather observation
Kheri,Uttar Pradesh,2020,No matched historical weather observation
Kheri,Uttar Pradesh,2021,No matched historical weather observation
Kheri,Uttar Pradesh,2022,No matched historical weather observation
Khordha,Odisha,2013,No matched historical weather observation
Khordha,Odisha,2014,No matched historical weather observation
Khordha,Odisha,2015,No matched historical weather observation
Khordha,Odisha,2016,No matched historical weather observation
Khordha,Odisha,2017,No matched historical weather observation
Khordha,Odisha,2018,No matched historical weather observation
Khordha,Odisha,2019,No matched historical weather observation
Khordha,Odisha,2020,No matched historical weather observation
Khordha,Odisha,2021,No matched historical weather observation
Khordha,Odisha,2022,No matched historical weather observation
Khowai,Tripura,2013,No matched historical weather observation
Khowai,Tripura,2014,No matched historical weather observation
Khowai,Tripura,2015,No matched historical weather observation
Khowai,Tripura,2016,No matched historical weather observation
Khowai,Tripura,2017,No matched historical weather observation
Khowai,Tripura,2018,No matched historical weather observation
Khowai,Tripura,2019,No matched historical weather observation
Khowai,Tripura,2020,No matched historical weather observation
Khowai,Tripura,2021,No matched historical weather observation
Khowai,Tripura,2022,No matched historical weather observation
Khunti,Jharkhand,2013,No matched historical weather observation
Khunti,Jharkhand,2014,No matched historical weather observation
Khunti,Jharkhand,2015,No matched historical weather observation
Khunti,Jharkhand,2016,No matched historical weather observation
Khunti,Jharkhand,2017,No matched historical weather observation
Khunti,Jharkhand,2018,No matched historical weather observation
Khunti,Jharkhand,2019,No matched historical weather observation
Khunti,Jharkhand,2020,No matched historical weather observation
Khunti,Jharkhand,2021,No matched historical weather observation
Khunti,Jharkhand,2022,No matched historical weather observation
Kishanganj,Bihar,2013,No matched historical weather observation
Kishanganj,Bihar,2014,No matched historical weather observation
Kishanganj,Bihar,2015,No matched historical weather observation
Kishanganj,Bihar,2016,No matched historical weather observation
Kishanganj,Bihar,2017,No matched historical weather observation
Kishanganj,Bihar,2018,No matched historical weather observation
Kishanganj,Bihar,2019,No matched historical weather observation
Kishanganj,Bihar,2020,No matched historical weather observation
Kishanganj,Bihar,2021,No matched historical weather observation
Kishanganj,Bihar,2022,No matched historical weather observation
Kodagu,Karnataka,2013,No matched historical weather observation
Kodagu,Karnataka,2014,No matched historical weather observation
Kodagu,Karnataka,2015,No matched historical weather observation
Kodagu,Karnataka,2016,No matched historical weather observation
Kodagu,Karnataka,2017,No matched historical weather observation
Kodagu,Karnataka,2018,No matched historical weather observation
Kodagu,Karnataka,2019,No matched historical weather observation
Kodagu,Karnataka,2020,No matched historical weather observation
Kodagu,Karnataka,2021,No matched historical weather observation
Kodagu,Karnataka,2022,No matched historical weather observation
Kokrajhar,Assam,2013,No matched historical weather observation
Kokrajhar,Assam,2014,No matched historical weather observation
Kokrajhar,Assam,2015,No matched historical weather observation
Kokrajhar,Assam,2016,No matched historical weather observation
Kokrajhar,Assam,2017,No matched historical weather observation
Kokrajhar,Assam,2018,No matched historical weather observation
Kokrajhar,Assam,2019,No matched historical weather observation
Kokrajhar,Assam,2020,No matched historical weather observation
Kokrajhar,Assam,2021,No matched historical weather observation
Kokrajhar,Assam,2022,No matched historical weather observation
Kolhapur,Maharashtra,2013,No matched historical weather observation
Kolhapur,Maharashtra,2014,No matched historical weather observation
Kolhapur,Maharashtra,2015,No matched historical weather observation
Kolhapur,Maharashtra,2016,No matched historical weather observation
Kolhapur,Maharashtra,2017,No matched historical weather observation
Kolhapur,Maharashtra,2018,No matched historical weather observation
Kolhapur,Maharashtra,2019,No matched historical weather observation
Kolhapur,Maharashtra,2020,No matched historical weather observation
Kolhapur,Maharashtra,2021,No matched historical weather observation
Kolhapur,Maharashtra,2022,No matched historical weather observation
Kondagaon,Chhattisgarh,2013,No matched historical weather observation
Kondagaon,Chhattisgarh,2014,No matched historical weather observation
Kondagaon,Chhattisgarh,2015,No matched historical weather observation
Kondagaon,Chhattisgarh,2016,No matched historical weather observation
Kondagaon,Chhattisgarh,2017,No matched historical weather observation
Kondagaon,Chhattisgarh,2018,No matched historical weather observation
Kondagaon,Chhattisgarh,2019,No matched historical weather observation
Kondagaon,Chhattisgarh,2020,No matched historical weather observation
Kondagaon,Chhattisgarh,2021,No matched historical weather observation
Kondagaon,Chhattisgarh,2022,No matched historical weather observation
Koppal,Karnataka,2013,No matched historical weather observation
Koppal,Karnataka,2014,No matched historical weather observation
Koppal,Karnataka,2015,No matched historical weather observation
Koppal,Karnataka,2016,No matched historical weather observation
Koppal,Karnataka,2017,No matched historical weather observation
Koppal,Karnataka,2018,No matched historical weather observation
Koppal,Karnataka,2019,No matched historical weather observation
Koppal,Karnataka,2020,No matched historical weather observation
Koppal,Karnataka,2021,No matched historical weather observation
Koppal,Karnataka,2022,No matched historical weather observation
Korba,Chhattisgarh,2013,No matched historical weather observation
Korba,Chhattisgarh,2014,No matched historical weather observation
Korba,Chhattisgarh,2015,No matched historical weather observation
Korba,Chhattisgarh,2016,No matched historical weather observation
Korba,Chhattisgarh,2017,No matched historical weather observation
Korba,Chhattisgarh,2018,No matched historical weather observation
Korba,Chhattisgarh,2019,No matched historical weather observation
Korba,Chhattisgarh,2020,No matched historical weather observation
Korba,Chhattisgarh,2021,No matched historical weather observation
Korba,Chhattisgarh,2022,No matched historical weather observation
Kota,Rajasthan,2013,No matched historical weather observation
Kota,Rajasthan,2014,No matched historical weather observation
Kota,Rajasthan,2015,No matched historical weather observation
Kota,Rajasthan,2016,No matched historical weather observation
Kota,Rajasthan,2017,No matched historical weather observation
Kota,Rajasthan,2018,No matched historical weather observation
Kota,Rajasthan,2019,No matched historical weather observation
Kota,Rajasthan,2020,No matched historical weather observation
Kota,Rajasthan,2021,No matched historical weather observation
Kota,Rajasthan,2022,No matched historical weather observation
Kottayam,Kerala,2013,No matched historical weather observation
Kottayam,Kerala,2014,No matched historical weather observation
Kottayam,Kerala,2015,No matched historical weather observation
Kottayam,Kerala,2016,No matched historical weather observation
Kottayam,Kerala,2017,No matched historical weather observation
Kottayam,Kerala,2018,No matched historical weather observation
Kottayam,Kerala,2019,No matched historical weather observation
Kottayam,Kerala,2020,No matched historical weather observation
Kottayam,Kerala,2021,No matched historical weather observation
Kottayam,Kerala,2022,No matched historical weather observation
Krishnagiri,Tamil Nadu,2013,No matched historical weather observation
Krishnagiri,Tamil Nadu,2014,No matched historical weather observation
Krishnagiri,Tamil Nadu,2015,No matched historical weather observation
Krishnagiri,Tamil Nadu,2016,No matched historical weather observation
Krishnagiri,Tamil Nadu,2017,No matched historical weather observation
Krishnagiri,Tamil Nadu,2018,No matched historical weather observation
Krishnagiri,Tamil Nadu,2019,No matched historical weather observation
Krishnagiri,Tamil Nadu,2020,No matched historical weather observation
Krishnagiri,Tamil Nadu,2021,No matched historical weather observation
Krishnagiri,Tamil Nadu,2022,No matched historical weather observation
Kurnool,Andhra Pradesh,2013,No matched historical weather observation
Kurnool,Andhra Pradesh,2014,No matched historical weather observation
Kurnool,Andhra Pradesh,2015,No matched historical weather observation
Kurnool,Andhra Pradesh,2016,No matched historical weather observation
Kurnool,Andhra Pradesh,2017,No matched historical weather observation
Kurnool,Andhra Pradesh,2018,No matched historical weather observation
Kurnool,Andhra Pradesh,2019,No matched historical weather observation
Kurnool,Andhra Pradesh,2020,No matched historical weather observation
Kurnool,Andhra Pradesh,2021,No matched historical weather observation
Kurnool,Andhra Pradesh,2022,No matched historical weather observation
Kurukshetra,Haryana,2013,No matched historical weather observation
Kurukshetra,Haryana,2014,No matched historical weather observation
Kurukshetra,Haryana,2015,No matched historical weather observation
Kurukshetra,Haryana,2016,No matched historical weather observation
Kurukshetra,Haryana,2017,No matched historical weather observation
Kurukshetra,Haryana,2018,No matched historical weather observation
Kurukshetra,Haryana,2019,No matched historical weather observation
Kurukshetra,Haryana,2020,No matched historical weather observation
Kurukshetra,Haryana,2021,No matched historical weather observation
Kurukshetra,Haryana,2022,No matched historical weather observation
Kushi nagar,Uttar Pradesh,2013,No matched historical weather observation
Kushi nagar,Uttar Pradesh,2014,No matched historical weather observation
Kushi nagar,Uttar Pradesh,2015,No matched historical weather observation
Kushi nagar,Uttar Pradesh,2016,No matched historical weather observation
Kushi nagar,Uttar Pradesh,2017,No matched historical weather observation
Kushi nagar,Uttar Pradesh,2018,No matched historical weather observation
Kushi nagar,Uttar Pradesh,2019,No matched historical weather observation
Kushi nagar,Uttar Pradesh,2020,No matched historical weather observation
Kushi nagar,Uttar Pradesh,2021,No matched historical weather observation
Kushi nagar,Uttar Pradesh,2022,No matched historical weather observation
Lakhimpur,Assam,2013,No matched historical weather observation
Lakhimpur,Assam,2014,No matched historical weather observation
Lakhimpur,Assam,2015,No matched historical weather observation
Lakhimpur,Assam,2016,No matched historical weather observation
Lakhimpur,Assam,2017,No matched historical weather observation
Lakhimpur,Assam,2018,No matched historical weather observation
Lakhimpur,Assam,2019,No matched historical weather observation
Lakhimpur,Assam,2020,No matched historical weather observation
Lakhimpur,Assam,2021,No matched historical weather observation
Lakhimpur,Assam,2022,No matched historical weather observation
Lakhisarai,Bihar,2013,No matched historical weather observation
Lakhisarai,Bihar,2014,No matched historical weather observation
Lakhisarai,Bihar,2015,No matched historical weather observation
Lakhisarai,Bihar,2016,No matched historical weather observation
Lakhisarai,Bihar,2017,No matched historical weather observation
Lakhisarai,Bihar,2018,No matched historical weather observation
Lakhisarai,Bihar,2019,No matched historical weather observation
Lakhisarai,Bihar,2020,No matched historical weather observation
Lakhisarai,Bihar,2021,No matched historical weather observation
Lakhisarai,Bihar,2022,No matched historical weather observation
Lohardaga,Jharkhand,2013,No matched historical weather observation
Lohardaga,Jharkhand,2014,No matched historical weather observation
Lohardaga,Jharkhand,2015,No matched historical weather observation
Lohardaga,Jharkhand,2016,No matched historical weather observation
Lohardaga,Jharkhand,2017,No matched historical weather observation
Lohardaga,Jharkhand,2018,No matched historical weather observation
Lohardaga,Jharkhand,2019,No matched historical weather observation
Lohardaga,Jharkhand,2020,No matched historical weather observation
Lohardaga,Jharkhand,2021,No matched historical weather observation
Lohardaga,Jharkhand,2022,No matched historical weather observation
Lucknow,Uttar Pradesh,2013,No matched historical weather observation
Lucknow,Uttar Pradesh,2014,No matched historical weather observation
Lucknow,Uttar Pradesh,2015,No matched historical weather observation
Lucknow,Uttar Pradesh,2016,No matched historical weather observation
Lucknow,Uttar Pradesh,2017,No matched historical weather observation
Lucknow,Uttar Pradesh,2018,No matched historical weather observation
Lucknow,Uttar Pradesh,2019,No matched historical weather observation
Lucknow,Uttar Pradesh,2020,No matched historical weather observation
Lucknow,Uttar Pradesh,2021,No matched historical weather observation
Lucknow,Uttar Pradesh,2022,No matched historical weather observation
Madhepura,Bihar,2013,No matched historical weather observation
Madhepura,Bihar,2014,No matched historical weather observation
Madhepura,Bihar,2015,No matched historical weather observation
Madhepura,Bihar,2016,No matched historical weather observation
Madhepura,Bihar,2017,No matched historical weather observation
Madhepura,Bihar,2018,No matched historical weather observation
Madhepura,Bihar,2019,No matched historical weather observation
Madhepura,Bihar,2020,No matched historical weather observation
Madhepura,Bihar,2021,No matched historical weather observation
Madhepura,Bihar,2022,No matched historical weather observation
Madhubani,Bihar,2013,No matched historical weather observation
Madhubani,Bihar,2014,No matched historical weather observation
Madhubani,Bihar,2015,No matched historical weather observation
Madhubani,Bihar,2016,No matched historical weather observation
Madhubani,Bihar,2017,No matched historical weather observation
Madhubani,Bihar,2018,No matched historical weather observation
Madhubani,Bihar,2019,No matched historical weather observation
Madhubani,Bihar,2020,No matched historical weather observation
Madhubani,Bihar,2021,No matched historical weather observation
Madhubani,Bihar,2022,No matched historical weather observation
Madurai,Tamil Nadu,2013,No matched historical weather observation
Madurai,Tamil Nadu,2014,No matched historical weather observation
Madurai,Tamil Nadu,2015,No matched historical weather observation
Madurai,Tamil Nadu,2016,No matched historical weather observation
Madurai,Tamil Nadu,2017,No matched historical weather observation
Madurai,Tamil Nadu,2018,No matched historical weather observation
Madurai,Tamil Nadu,2019,No matched historical weather observation
Madurai,Tamil Nadu,2020,No matched historical weather observation
Madurai,Tamil Nadu,2021,No matched historical weather observation
Madurai,Tamil Nadu,2022,No matched historical weather observation
Mahabubabad,Telangana,2016,No matched historical weather observation
Mahabubabad,Telangana,2017,No matched historical weather observation
Mahabubabad,Telangana,2018,No matched historical weather observation
Mahabubabad,Telangana,2019,No matched historical weather observation
Mahabubabad,Telangana,2020,No matched historical weather observation
Mahabubabad,Telangana,2021,No matched historical weather observation
Mahabubabad,Telangana,2022,No matched historical weather observation
Mahisagar,Gujarat,2014,No matched historical weather observation
Mahisagar,Gujarat,2015,No matched historical weather observation
Mahisagar,Gujarat,2016,No matched historical weather observation
Mahisagar,Gujarat,2017,No matched historical weather observation
Mahisagar,Gujarat,2018,No matched historical weather observation
Mahisagar,Gujarat,2019,No matched historical weather observation
Mahisagar,Gujarat,2020,No matched historical weather observation
Mahisagar,Gujarat,2021,No matched historical weather observation
Mahisagar,Gujarat,2022,No matched historical weather observation
Mainpuri,Uttar Pradesh,2013,No matched historical weather observation
Mainpuri,Uttar Pradesh,2014,No matched historical weather observation
Mainpuri,Uttar Pradesh,2015,No matched historical weather observation
Mainpuri,Uttar Pradesh,2016,No matched historical weather observation
Mainpuri,Uttar Pradesh,2017,No matched historical weather observation
Mainpuri,Uttar Pradesh,2018,No matched historical weather observation
Mainpuri,Uttar Pradesh,2019,No matched historical weather observation
Mainpuri,Uttar Pradesh,2020,No matched historical weather observation
Mainpuri,Uttar Pradesh,2021,No matched historical weather observation
Mainpuri,Uttar Pradesh,2022,No matched historical weather observation
Malkangiri,Odisha,2013,No matched historical weather observation
Malkangiri,Odisha,2014,No matched historical weather observation
Malkangiri,Odisha,2015,No matched historical weather observation
Malkangiri,Odisha,2016,No matched historical weather observation
Malkangiri,Odisha,2017,No matched historical weather observation
Malkangiri,Odisha,2018,No matched historical weather observation
Malkangiri,Odisha,2019,No matched historical weather observation
Malkangiri,Odisha,2020,No matched historical weather observation
Malkangiri,Odisha,2021,No matched historical weather observation
Malkangiri,Odisha,2022,No matched historical weather observation
Mancherial,Telangana,2016,No matched historical weather observation
Mancherial,Telangana,2017,No matched historical weather observation
Mancherial,Telangana,2018,No matched historical weather observation
Mancherial,Telangana,2019,No matched historical weather observation
Mancherial,Telangana,2020,No matched historical weather observation
Mancherial,Telangana,2021,No matched historical weather observation
Mancherial,Telangana,2022,No matched historical weather observation
Mandya,Karnataka,2013,No matched historical weather observation
Mandya,Karnataka,2014,No matched historical weather observation
Mandya,Karnataka,2015,No matched historical weather observation
Mandya,Karnataka,2016,No matched historical weather observation
Mandya,Karnataka,2017,No matched historical weather observation
Mandya,Karnataka,2018,No matched historical weather observation
Mandya,Karnataka,2019,No matched historical weather observation
Mandya,Karnataka,2020,No matched historical weather observation
Mandya,Karnataka,2021,No matched historical weather observation
Mandya,Karnataka,2022,No matched historical weather observation
Mathura,Uttar Pradesh,2013,No matched historical weather observation
Mathura,Uttar Pradesh,2014,No matched historical weather observation
Mathura,Uttar Pradesh,2015,No matched historical weather observation
Mathura,Uttar Pradesh,2016,No matched historical weather observation
Mathura,Uttar Pradesh,2017,No matched historical weather observation
Mathura,Uttar Pradesh,2018,No matched historical weather observation
Mathura,Uttar Pradesh,2019,No matched historical weather observation
Mathura,Uttar Pradesh,2020,No matched historical weather observation
Mathura,Uttar Pradesh,2021,No matched historical weather observation
Mathura,Uttar Pradesh,2022,No matched historical weather observation
Mau,Uttar Pradesh,2013,No matched historical weather observation
Mau,Uttar Pradesh,2014,No matched historical weather observation
Mau,Uttar Pradesh,2015,No matched historical weather observation
Mau,Uttar Pradesh,2016,No matched historical weather observation
Mau,Uttar Pradesh,2017,No matched historical weather observation
Mau,Uttar Pradesh,2018,No matched historical weather observation
Mau,Uttar Pradesh,2019,No matched historical weather observation
Mau,Uttar Pradesh,2020,No matched historical weather observation
Mau,Uttar Pradesh,2021,No matched historical weather observation
Mau,Uttar Pradesh,2022,No matched historical weather observation
Mayiladuthurai,Tamil Nadu,2020,No matched historical weather observation
Mayiladuthurai,Tamil Nadu,2021,No matched historical weather observation
Mayiladuthurai,Tamil Nadu,2022,No matched historical weather observation
Mirzapur,Uttar Pradesh,2013,No matched historical weather observation
Mirzapur,Uttar Pradesh,2014,No matched historical weather observation
Mirzapur,Uttar Pradesh,2015,No matched historical weather observation
Mirzapur,Uttar Pradesh,2016,No matched historical weather observation
Mirzapur,Uttar Pradesh,2017,No matched historical weather observation
Mirzapur,Uttar Pradesh,2018,No matched historical weather observation
Mirzapur,Uttar Pradesh,2019,No matched historical weather observation
Mirzapur,Uttar Pradesh,2020,No matched historical weather observation
Mirzapur,Uttar Pradesh,2021,No matched historical weather observation
Mirzapur,Uttar Pradesh,2022,No matched historical weather observation
Moradabad,Uttar Pradesh,2013,No matched historical weather observation
Moradabad,Uttar Pradesh,2014,No matched historical weather observation
Moradabad,Uttar Pradesh,2015,No matched historical weather observation
Moradabad,Uttar Pradesh,2016,No matched historical weather observation
Moradabad,Uttar Pradesh,2017,No matched historical weather observation
Moradabad,Uttar Pradesh,2018,No matched historical weather observation
Moradabad,Uttar Pradesh,2019,No matched historical weather observation
Moradabad,Uttar Pradesh,2020,No matched historical weather observation
Moradabad,Uttar Pradesh,2021,No matched historical weather observation
Moradabad,Uttar Pradesh,2022,No matched historical weather observation
Mulugu,Telangana,2018,No matched historical weather observation
Mulugu,Telangana,2019,No matched historical weather observation
Mulugu,Telangana,2020,No matched historical weather observation
Mulugu,Telangana,2021,No matched historical weather observation
Mulugu,Telangana,2022,No matched historical weather observation
Mungeli,Chhattisgarh,2013,No matched historical weather observation
Mungeli,Chhattisgarh,2014,No matched historical weather observation
Mungeli,Chhattisgarh,2015,No matched historical weather observation
Mungeli,Chhattisgarh,2016,No matched historical weather observation
Mungeli,Chhattisgarh,2017,No matched historical weather observation
Mungeli,Chhattisgarh,2018,No matched historical weather observation
Mungeli,Chhattisgarh,2019,No matched historical weather observation
Mungeli,Chhattisgarh,2020,No matched historical weather observation
Mungeli,Chhattisgarh,2021,No matched historical weather observation
Mungeli,Chhattisgarh,2022,No matched historical weather observation
Munger,Bihar,2013,No matched historical weather observation
Munger,Bihar,2014,No matched historical weather observation
Munger,Bihar,2015,No matched historical weather observation
Munger,Bihar,2016,No matched historical weather observation
Munger,Bihar,2017,No matched historical weather observation
Munger,Bihar,2018,No matched historical weather observation
Munger,Bihar,2019,No matched historical weather observation
Munger,Bihar,2020,No matched historical weather observation
Munger,Bihar,2021,No matched historical weather observation
Munger,Bihar,2022,No matched historical weather observation
Muzaffarpur,Bihar,2013,No matched historical weather observation
Muzaffarpur,Bihar,2014,No matched historical weather observation
Muzaffarpur,Bihar,2015,No matched historical weather observation
Muzaffarpur,Bihar,2016,No matched historical weather observation
Muzaffarpur,Bihar,2017,No matched historical weather observation
Muzaffarpur,Bihar,2018,No matched historical weather observation
Muzaffarpur,Bihar,2019,No matched historical weather observation
Muzaffarpur,Bihar,2020,No matched historical weather observation
Muzaffarpur,Bihar,2021,No matched historical weather observation
Muzaffarpur,Bihar,2022,No matched historical weather observation
Mysore,Karnataka,2013,No matched historical weather observation
Mysore,Karnataka,2014,No matched historical weather observation
Mysore,Karnataka,2015,No matched historical weather observation
Mysore,Karnataka,2016,No matched historical weather observation
Mysore,Karnataka,2017,No matched historical weather observation
Mysore,Karnataka,2018,No matched historical weather observation
Mysore,Karnataka,2019,No matched historical weather observation
Mysore,Karnataka,2020,No matched historical weather observation
Mysore,Karnataka,2021,No matched historical weather observation
Mysore,Karnataka,2022,No matched historical weather observation
Nagarkurnool,Telangana,2016,No matched historical weather observation
Nagarkurnool,Telangana,2017,No matched historical weather observation
Nagarkurnool,Telangana,2018,No matched historical weather observation
Nagarkurnool,Telangana,2019,No matched historical weather observation
Nagarkurnool,Telangana,2020,No matched historical weather observation
Nagarkurnool,Telangana,2021,No matched historical weather observation
Nagarkurnool,Telangana,2022,No matched historical weather observation
Nagpur,Maharashtra,2013,No matched historical weather observation
Nagpur,Maharashtra,2014,No matched historical weather observation
Nagpur,Maharashtra,2015,No matched historical weather observation
Nagpur,Maharashtra,2016,No matched historical weather observation
Nagpur,Maharashtra,2017,No matched historical weather observation
Nagpur,Maharashtra,2018,No matched historical weather observation
Nagpur,Maharashtra,2019,No matched historical weather observation
Nagpur,Maharashtra,2020,No matched historical weather observation
Nagpur,Maharashtra,2021,No matched historical weather observation
Nagpur,Maharashtra,2022,No matched historical weather observation
Nalanda,Bihar,2013,No matched historical weather observation
Nalanda,Bihar,2014,No matched historical weather observation
Nalanda,Bihar,2015,No matched historical weather observation
Nalanda,Bihar,2016,No matched historical weather observation
Nalanda,Bihar,2017,No matched historical weather observation
Nalanda,Bihar,2018,No matched historical weather observation
Nalanda,Bihar,2019,No matched historical weather observation
Nalanda,Bihar,2020,No matched historical weather observation
Nalanda,Bihar,2021,No matched historical weather observation
Nalanda,Bihar,2022,No matched historical weather observation
Nalbari,Assam,2013,No matched historical weather observation
Nalbari,Assam,2014,No matched historical weather observation
Nalbari,Assam,2015,No matched historical weather observation
Nalbari,Assam,2016,No matched historical weather observation
Nalbari,Assam,2017,No matched historical weather observation
Nalbari,Assam,2018,No matched historical weather observation
Nalbari,Assam,2019,No matched historical weather observation
Nalbari,Assam,2020,No matched historical weather observation
Nalbari,Assam,2021,No matched historical weather observation
Nalbari,Assam,2022,No matched historical weather observation
Nashik,Maharashtra,2013,No matched historical weather observation
Nashik,Maharashtra,2014,No matched historical weather observation
Nashik,Maharashtra,2015,No matched historical weather observation
Nashik,Maharashtra,2016,No matched historical weather observation
Nashik,Maharashtra,2017,No matched historical weather observation
Nashik,Maharashtra,2018,No matched historical weather observation
Nashik,Maharashtra,2019,No matched historical weather observation
Nashik,Maharashtra,2020,No matched historical weather observation
Nashik,Maharashtra,2021,No matched historical weather observation
Nashik,Maharashtra,2022,No matched historical weather observation
Navsari,Gujarat,2013,No matched historical weather observation
Navsari,Gujarat,2014,No matched historical weather observation
Navsari,Gujarat,2015,No matched historical weather observation
Navsari,Gujarat,2016,No matched historical weather observation
Navsari,Gujarat,2017,No matched historical weather observation
Navsari,Gujarat,2018,No matched historical weather observation
Navsari,Gujarat,2019,No matched historical weather observation
Navsari,Gujarat,2020,No matched historical weather observation
Navsari,Gujarat,2021,No matched historical weather observation
Navsari,Gujarat,2022,No matched historical weather observation
Nawada,Bihar,2013,No matched historical weather observation
Nawada,Bihar,2014,No matched historical weather observation
Nawada,Bihar,2015,No matched historical weather observation
Nawada,Bihar,2016,No matched historical weather observation
Nawada,Bihar,2017,No matched historical weather observation
Nawada,Bihar,2018,No matched historical weather observation
Nawada,Bihar,2019,No matched historical weather observation
Nawada,Bihar,2020,No matched historical weather observation
Nawada,Bihar,2021,No matched historical weather observation
Nawada,Bihar,2022,No matched historical weather observation
Nayagarh,Odisha,2013,No matched historical weather observation
Nayagarh,Odisha,2014,No matched historical weather observation
Nayagarh,Odisha,2015,No matched historical weather observation
Nayagarh,Odisha,2016,No matched historical weather observation
Nayagarh,Odisha,2017,No matched historical weather observation
Nayagarh,Odisha,2018,No matched historical weather observation
Nayagarh,Odisha,2019,No matched historical weather observation
Nayagarh,Odisha,2020,No matched historical weather observation
Nayagarh,Odisha,2021,No matched historical weather observation
Nayagarh,Odisha,2022,No matched historical weather observation
Nirmal,Telangana,2016,No matched historical weather observation
Nirmal,Telangana,2017,No matched historical weather observation
Nirmal,Telangana,2018,No matched historical weather observation
Nirmal,Telangana,2019,No matched historical weather observation
Nirmal,Telangana,2020,No matched historical weather observation
Nirmal,Telangana,2021,No matched historical weather observation
Nirmal,Telangana,2022,No matched historical weather observation
North goa,Goa,2013,No matched historical weather observation
North goa,Goa,2014,No matched historical weather observation
North goa,Goa,2015,No matched historical weather observation
North goa,Goa,2016,No matched historical weather observation
North goa,Goa,2017,No matched historical weather observation
North goa,Goa,2018,No matched historical weather observation
North goa,Goa,2019,No matched historical weather observation
North goa,Goa,2020,No matched historical weather observation
North goa,Goa,2021,No matched historical weather observation
North goa,Goa,2022,No matched historical weather observation
North tripura,Tripura,2013,No matched historical weather observation
North tripura,Tripura,2014,No matched historical weather observation
North tripura,Tripura,2015,No matched historical weather observation
North tripura,Tripura,2016,No matched historical weather observation
North tripura,Tripura,2017,No matched historical weather observation
North tripura,Tripura,2018,No matched historical weather observation
North tripura,Tripura,2019,No matched historical weather observation
North tripura,Tripura,2020,No matched historical weather observation
North tripura,Tripura,2021,No matched historical weather observation
North tripura,Tripura,2022,No matched historical weather observation
Nuapada,Odisha,2013,No matched historical weather observation
Nuapada,Odisha,2014,No matched historical weather observation
Nuapada,Odisha,2015,No matched historical weather observation
Nuapada,Odisha,2016,No matched historical weather observation
Nuapada,Odisha,2017,No matched historical weather observation
Nuapada,Odisha,2018,No matched historical weather observation
Nuapada,Odisha,2019,No matched historical weather observation
Nuapada,Odisha,2020,No matched historical weather observation
Nuapada,Odisha,2021,No matched historical weather observation
Nuapada,Odisha,2022,No matched historical weather observation
Pakur,Jharkhand,2013,No matched historical weather observation
Pakur,Jharkhand,2014,No matched historical weather observation
Pakur,Jharkhand,2015,No matched historical weather observation
Pakur,Jharkhand,2016,No matched historical weather observation
Pakur,Jharkhand,2017,No matched historical weather observation
Pakur,Jharkhand,2018,No matched historical weather observation
Pakur,Jharkhand,2019,No matched historical weather observation
Pakur,Jharkhand,2020,No matched historical weather observation
Pakur,Jharkhand,2021,No matched historical weather observation
Pakur,Jharkhand,2022,No matched historical weather observation
Palakkad,Kerala,2013,No matched historical weather observation
Palakkad,Kerala,2014,No matched historical weather observation
Palakkad,Kerala,2015,No matched historical weather observation
Palakkad,Kerala,2016,No matched historical weather observation
Palakkad,Kerala,2017,No matched historical weather observation
Palakkad,Kerala,2018,No matched historical weather observation
Palakkad,Kerala,2019,No matched historical weather observation
Palakkad,Kerala,2020,No matched historical weather observation
Palakkad,Kerala,2021,No matched historical weather observation
Palakkad,Kerala,2022,No matched historical weather observation
Palamu,Jharkhand,2013,No matched historical weather observation
Palamu,Jharkhand,2014,No matched historical weather observation
Palamu,Jharkhand,2015,No matched historical weather observation
Palamu,Jharkhand,2016,No matched historical weather observation
Palamu,Jharkhand,2017,No matched historical weather observation
Palamu,Jharkhand,2018,No matched historical weather observation
Palamu,Jharkhand,2019,No matched historical weather observation
Palamu,Jharkhand,2020,No matched historical weather observation
Palamu,Jharkhand,2021,No matched historical weather observation
Palamu,Jharkhand,2022,No matched historical weather observation
Palghar,Maharashtra,2014,No matched historical weather observation
Palghar,Maharashtra,2015,No matched historical weather observation
Palghar,Maharashtra,2016,No matched historical weather observation
Palghar,Maharashtra,2017,No matched historical weather observation
Palghar,Maharashtra,2018,No matched historical weather observation
Palghar,Maharashtra,2019,No matched historical weather observation
Palghar,Maharashtra,2020,No matched historical weather observation
Palghar,Maharashtra,2021,No matched historical weather observation
Palghar,Maharashtra,2022,No matched historical weather observation
Palwal,Haryana,2013,No matched historical weather observation
Palwal,Haryana,2014,No matched historical weather observation
Palwal,Haryana,2015,No matched historical weather observation
Palwal,Haryana,2016,No matched historical weather observation
Palwal,Haryana,2017,No matched historical weather observation
Palwal,Haryana,2018,No matched historical weather observation
Palwal,Haryana,2019,No matched historical weather observation
Palwal,Haryana,2020,No matched historical weather observation
Palwal,Haryana,2021,No matched historical weather observation
Palwal,Haryana,2022,No matched historical weather observation
Panch mahals,Gujarat,2013,No matched historical weather observation
Panch mahals,Gujarat,2014,No matched historical weather observation
Panch mahals,Gujarat,2015,No matched historical weather observation
Panch mahals,Gujarat,2016,No matched historical weather observation
Panch mahals,Gujarat,2017,No matched historical weather observation
Panch mahals,Gujarat,2018,No matched historical weather observation
Panch mahals,Gujarat,2019,No matched historical weather observation
Panch mahals,Gujarat,2020,No matched historical weather observation
Panch mahals,Gujarat,2021,No matched historical weather observation
Panch mahals,Gujarat,2022,No matched historical weather observation
Panipat,Haryana,2013,No matched historical weather observation
Panipat,Haryana,2014,No matched historical weather observation
Panipat,Haryana,2015,No matched historical weather observation
Panipat,Haryana,2016,No matched historical weather observation
Panipat,Haryana,2017,No matched historical weather observation
Panipat,Haryana,2018,No matched historical weather observation
Panipat,Haryana,2019,No matched historical weather observation
Panipat,Haryana,2020,No matched historical weather observation
Panipat,Haryana,2021,No matched historical weather observation
Panipat,Haryana,2022,No matched historical weather observation
Panna,Madhya Pradesh,2013,No matched historical weather observation
Panna,Madhya Pradesh,2014,No matched historical weather observation
Panna,Madhya Pradesh,2015,No matched historical weather observation
Panna,Madhya Pradesh,2016,No matched historical weather observation
Panna,Madhya Pradesh,2017,No matched historical weather observation
Panna,Madhya Pradesh,2018,No matched historical weather observation
Panna,Madhya Pradesh,2019,No matched historical weather observation
Panna,Madhya Pradesh,2020,No matched historical weather observation
Panna,Madhya Pradesh,2021,No matched historical weather observation
Panna,Madhya Pradesh,2022,No matched historical weather observation
Pashchim champaran,Bihar,2013,No matched historical weather observation
Pashchim champaran,Bihar,2014,No matched historical weather observation
Pashchim champaran,Bihar,2015,No matched historical weather observation
Pashchim champaran,Bihar,2016,No matched historical weather observation
Pashchim champaran,Bihar,2017,No matched historical weather observation
Pashchim champaran,Bihar,2018,No matched historical weather observation
Pashchim champaran,Bihar,2019,No matched historical weather observation
Pashchim champaran,Bihar,2020,No matched historical weather observation
Pashchim champaran,Bihar,2021,No matched historical weather observation
Pashchim champaran,Bihar,2022,No matched historical weather observation
Pathankot,Punjab,2013,No matched historical weather observation
Pathankot,Punjab,2014,No matched historical weather observation
Pathankot,Punjab,2015,No matched historical weather observation
Pathankot,Punjab,2016,No matched historical weather observation
Pathankot,Punjab,2017,No matched historical weather observation
Pathankot,Punjab,2018,No matched historical weather observation
Pathankot,Punjab,2019,No matched historical weather observation
Pathankot,Punjab,2020,No matched historical weather observation
Pathankot,Punjab,2021,No matched historical weather observation
Pathankot,Punjab,2022,No matched historical weather observation
Patna,Bihar,2013,No matched historical weather observation
Patna,Bihar,2014,No matched historical weather observation
Patna,Bihar,2015,No matched historical weather observation
Patna,Bihar,2016,No matched historical weather observation
Patna,Bihar,2017,No matched historical weather observation
Patna,Bihar,2018,No matched historical weather observation
Patna,Bihar,2019,No matched historical weather observation
Patna,Bihar,2020,No matched historical weather observation
Patna,Bihar,2021,No matched historical weather observation
Patna,Bihar,2022,No matched historical weather observation
Prakasam,Andhra Pradesh,2013,No matched historical weather observation
Prakasam,Andhra Pradesh,2014,No matched historical weather observation
Prakasam,Andhra Pradesh,2015,No matched historical weather observation
Prakasam,Andhra Pradesh,2016,No matched historical weather observation
Prakasam,Andhra Pradesh,2017,No matched historical weather observation
Prakasam,Andhra Pradesh,2018,No matched historical weather observation
Prakasam,Andhra Pradesh,2019,No matched historical weather observation
Prakasam,Andhra Pradesh,2020,No matched historical weather observation
Prakasam,Andhra Pradesh,2021,No matched historical weather observation
Prakasam,Andhra Pradesh,2022,No matched historical weather observation
Pudukkottai,Tamil Nadu,2013,No matched historical weather observation
Pudukkottai,Tamil Nadu,2014,No matched historical weather observation
Pudukkottai,Tamil Nadu,2015,No matched historical weather observation
Pudukkottai,Tamil Nadu,2016,No matched historical weather observation
Pudukkottai,Tamil Nadu,2017,No matched historical weather observation
Pudukkottai,Tamil Nadu,2018,No matched historical weather observation
Pudukkottai,Tamil Nadu,2019,No matched historical weather observation
Pudukkottai,Tamil Nadu,2020,No matched historical weather observation
Pudukkottai,Tamil Nadu,2021,No matched historical weather observation
Pudukkottai,Tamil Nadu,2022,No matched historical weather observation
Pune,Maharashtra,2013,No matched historical weather observation
Pune,Maharashtra,2014,No matched historical weather observation
Pune,Maharashtra,2015,No matched historical weather observation
Pune,Maharashtra,2016,No matched historical weather observation
Pune,Maharashtra,2017,No matched historical weather observation
Pune,Maharashtra,2018,No matched historical weather observation
Pune,Maharashtra,2019,No matched historical weather observation
Pune,Maharashtra,2020,No matched historical weather observation
Pune,Maharashtra,2021,No matched historical weather observation
Pune,Maharashtra,2022,No matched historical weather observation
Puri,Odisha,2013,No matched historical weather observation
Puri,Odisha,2014,No matched historical weather observation
Puri,Odisha,2015,No matched historical weather observation
Puri,Odisha,2016,No matched historical weather observation
Puri,Odisha,2017,No matched historical weather observation
Puri,Odisha,2018,No matched historical weather observation
Puri,Odisha,2019,No matched historical weather observation
Puri,Odisha,2020,No matched historical weather observation
Puri,Odisha,2021,No matched historical weather observation
Puri,Odisha,2022,No matched historical weather observation
Purnia,Bihar,2013,No matched historical weather observation
Purnia,Bihar,2014,No matched historical weather observation
Purnia,Bihar,2015,No matched historical weather observation
Purnia,Bihar,2016,No matched historical weather observation
Purnia,Bihar,2017,No matched historical weather observation
Purnia,Bihar,2018,No matched historical weather observation
Purnia,Bihar,2019,No matched historical weather observation
Purnia,Bihar,2020,No matched historical weather observation
Purnia,Bihar,2021,No matched historical weather observation
Purnia,Bihar,2022,No matched historical weather observation
Rae bareli,Uttar Pradesh,2013,No matched historical weather observation
Rae bareli,Uttar Pradesh,2014,No matched historical weather observation
Rae bareli,Uttar Pradesh,2015,No matched historical weather observation
Rae bareli,Uttar Pradesh,2016,No matched historical weather observation
Rae bareli,Uttar Pradesh,2017,No matched historical weather observation
Rae bareli,Uttar Pradesh,2018,No matched historical weather observation
Rae bareli,Uttar Pradesh,2019,No matched historical weather observation
Rae bareli,Uttar Pradesh,2020,No matched historical weather observation
Rae bareli,Uttar Pradesh,2021,No matched historical weather observation
Rae bareli,Uttar Pradesh,2022,No matched historical weather observation
Raisen,Madhya Pradesh,2013,No matched historical weather observation
Raisen,Madhya Pradesh,2014,No matched historical weather observation
Raisen,Madhya Pradesh,2015,No matched historical weather observation
Raisen,Madhya Pradesh,2016,No matched historical weather observation
Raisen,Madhya Pradesh,2017,No matched historical weather observation
Raisen,Madhya Pradesh,2018,No matched historical weather observation
Raisen,Madhya Pradesh,2019,No matched historical weather observation
Raisen,Madhya Pradesh,2020,No matched historical weather observation
Raisen,Madhya Pradesh,2021,No matched historical weather observation
Raisen,Madhya Pradesh,2022,No matched historical weather observation
Ramanathapuram,Tamil Nadu,2013,No matched historical weather observation
Ramanathapuram,Tamil Nadu,2014,No matched historical weather observation
Ramanathapuram,Tamil Nadu,2015,No matched historical weather observation
Ramanathapuram,Tamil Nadu,2016,No matched historical weather observation
Ramanathapuram,Tamil Nadu,2017,No matched historical weather observation
Ramanathapuram,Tamil Nadu,2018,No matched historical weather observation
Ramanathapuram,Tamil Nadu,2019,No matched historical weather observation
Ramanathapuram,Tamil Nadu,2020,No matched historical weather observation
Ramanathapuram,Tamil Nadu,2021,No matched historical weather observation
Ramanathapuram,Tamil Nadu,2022,No matched historical weather observation
Ramgarh,Jharkhand,2013,No matched historical weather observation
Ramgarh,Jharkhand,2014,No matched historical weather observation
Ramgarh,Jharkhand,2015,No matched historical weather observation
Ramgarh,Jharkhand,2016,No matched historical weather observation
Ramgarh,Jharkhand,2017,No matched historical weather observation
Ramgarh,Jharkhand,2018,No matched historical weather observation
Ramgarh,Jharkhand,2019,No matched historical weather observation
Ramgarh,Jharkhand,2020,No matched historical weather observation
Ramgarh,Jharkhand,2021,No matched historical weather observation
Ramgarh,Jharkhand,2022,No matched historical weather observation
Rampur,Uttar Pradesh,2013,No matched historical weather observation
Rampur,Uttar Pradesh,2014,No matched historical weather observation
Rampur,Uttar Pradesh,2015,No matched historical weather observation
Rampur,Uttar Pradesh,2016,No matched historical weather observation
Rampur,Uttar Pradesh,2017,No matched historical weather observation
Rampur,Uttar Pradesh,2018,No matched historical weather observation
Rampur,Uttar Pradesh,2019,No matched historical weather observation
Rampur,Uttar Pradesh,2020,No matched historical weather observation
Rampur,Uttar Pradesh,2021,No matched historical weather observation
Rampur,Uttar Pradesh,2022,No matched historical weather observation
Ranchi,Jharkhand,2013,No matched historical weather observation
Ranchi,Jharkhand,2014,No matched historical weather observation
Ranchi,Jharkhand,2015,No matched historical weather observation
Ranchi,Jharkhand,2016,No matched historical weather observation
Ranchi,Jharkhand,2017,No matched historical weather observation
Ranchi,Jharkhand,2018,No matched historical weather observation
Ranchi,Jharkhand,2019,No matched historical weather observation
Ranchi,Jharkhand,2020,No matched historical weather observation
Ranchi,Jharkhand,2021,No matched historical weather observation
Ranchi,Jharkhand,2022,No matched historical weather observation
Ranipet,Tamil Nadu,2020,No matched historical weather observation
Ranipet,Tamil Nadu,2021,No matched historical weather observation
Ranipet,Tamil Nadu,2022,No matched historical weather observation
Ratnagiri,Maharashtra,2013,No matched historical weather observation
Ratnagiri,Maharashtra,2014,No matched historical weather observation
Ratnagiri,Maharashtra,2015,No matched historical weather observation
Ratnagiri,Maharashtra,2016,No matched historical weather observation
Ratnagiri,Maharashtra,2017,No matched historical weather observation
Ratnagiri,Maharashtra,2018,No matched historical weather observation
Ratnagiri,Maharashtra,2019,No matched historical weather observation
Ratnagiri,Maharashtra,2020,No matched historical weather observation
Ratnagiri,Maharashtra,2021,No matched historical weather observation
Ratnagiri,Maharashtra,2022,No matched historical weather observation
Rayagada,Odisha,2013,No matched historical weather observation
Rayagada,Odisha,2014,No matched historical weather observation
Rayagada,Odisha,2015,No matched historical weather observation
Rayagada,Odisha,2016,No matched historical weather observation
Rayagada,Odisha,2017,No matched historical weather observation
Rayagada,Odisha,2018,No matched historical weather observation
Rayagada,Odisha,2019,No matched historical weather observation
Rayagada,Odisha,2020,No matched historical weather observation
Rayagada,Odisha,2021,No matched historical weather observation
Rayagada,Odisha,2022,No matched historical weather observation
Rohtak,Haryana,2013,No matched historical weather observation
Rohtak,Haryana,2014,No matched historical weather observation
Rohtak,Haryana,2015,No matched historical weather observation
Rohtak,Haryana,2016,No matched historical weather observation
Rohtak,Haryana,2017,No matched historical weather observation
Rohtak,Haryana,2018,No matched historical weather observation
Rohtak,Haryana,2019,No matched historical weather observation
Rohtak,Haryana,2020,No matched historical weather observation
Rohtak,Haryana,2021,No matched historical weather observation
Rohtak,Haryana,2022,No matched historical weather observation
Rupnagar,Punjab,2013,No matched historical weather observation
Rupnagar,Punjab,2014,No matched historical weather observation
Rupnagar,Punjab,2015,No matched historical weather observation
Rupnagar,Punjab,2016,No matched historical weather observation
Rupnagar,Punjab,2017,No matched historical weather observation
Rupnagar,Punjab,2018,No matched historical weather observation
Rupnagar,Punjab,2019,No matched historical weather observation
Rupnagar,Punjab,2020,No matched historical weather observation
Rupnagar,Punjab,2021,No matched historical weather observation
Rupnagar,Punjab,2022,No matched historical weather observation
Saharanpur,Uttar Pradesh,2013,No matched historical weather observation
Saharanpur,Uttar Pradesh,2014,No matched historical weather observation
Saharanpur,Uttar Pradesh,2015,No matched historical weather observation
Saharanpur,Uttar Pradesh,2016,No matched historical weather observation
Saharanpur,Uttar Pradesh,2017,No matched historical weather observation
Saharanpur,Uttar Pradesh,2018,No matched historical weather observation
Saharanpur,Uttar Pradesh,2019,No matched historical weather observation
Saharanpur,Uttar Pradesh,2020,No matched historical weather observation
Saharanpur,Uttar Pradesh,2021,No matched historical weather observation
Saharanpur,Uttar Pradesh,2022,No matched historical weather observation
Saharsa,Bihar,2013,No matched historical weather observation
Saharsa,Bihar,2014,No matched historical weather observation
Saharsa,Bihar,2015,No matched historical weather observation
Saharsa,Bihar,2016,No matched historical weather observation
Saharsa,Bihar,2017,No matched historical weather observation
Saharsa,Bihar,2018,No matched historical weather observation
Saharsa,Bihar,2019,No matched historical weather observation
Saharsa,Bihar,2020,No matched historical weather observation
Saharsa,Bihar,2021,No matched historical weather observation
Saharsa,Bihar,2022,No matched historical weather observation
Salem,Tamil Nadu,2013,No matched historical weather observation
Salem,Tamil Nadu,2014,No matched historical weather observation
Salem,Tamil Nadu,2015,No matched historical weather observation
Salem,Tamil Nadu,2016,No matched historical weather observation
Salem,Tamil Nadu,2017,No matched historical weather observation
Salem,Tamil Nadu,2018,No matched historical weather observation
Salem,Tamil Nadu,2019,No matched historical weather observation
Salem,Tamil Nadu,2020,No matched historical weather observation
Salem,Tamil Nadu,2021,No matched historical weather observation
Salem,Tamil Nadu,2022,No matched historical weather observation
Samastipur,Bihar,2013,No matched historical weather observation
Samastipur,Bihar,2014,No matched historical weather observation
Samastipur,Bihar,2015,No matched historical weather observation
Samastipur,Bihar,2016,No matched historical weather observation
Samastipur,Bihar,2017,No matched historical weather observation
Samastipur,Bihar,2018,No matched historical weather observation
Samastipur,Bihar,2019,No matched historical weather observation
Samastipur,Bihar,2020,No matched historical weather observation
Samastipur,Bihar,2021,No matched historical weather observation
Samastipur,Bihar,2022,No matched historical weather observation
Sambalpur,Odisha,2013,No matched historical weather observation
Sambalpur,Odisha,2014,No matched historical weather observation
Sambalpur,Odisha,2015,No matched historical weather observation
Sambalpur,Odisha,2016,No matched historical weather observation
Sambalpur,Odisha,2017,No matched historical weather observation
Sambalpur,Odisha,2018,No matched historical weather observation
Sambalpur,Odisha,2019,No matched historical weather observation
Sambalpur,Odisha,2020,No matched historical weather observation
Sambalpur,Odisha,2021,No matched historical weather observation
Sambalpur,Odisha,2022,No matched historical weather observation
Sambhal,Uttar Pradesh,2013,No matched historical weather observation
Sambhal,Uttar Pradesh,2014,No matched historical weather observation
Sambhal,Uttar Pradesh,2015,No matched historical weather observation
Sambhal,Uttar Pradesh,2016,No matched historical weather observation
Sambhal,Uttar Pradesh,2017,No matched historical weather observation
Sambhal,Uttar Pradesh,2018,No matched historical weather observation
Sambhal,Uttar Pradesh,2019,No matched historical weather observation
Sambhal,Uttar Pradesh,2020,No matched historical weather observation
Sambhal,Uttar Pradesh,2021,No matched historical weather observation
Sambhal,Uttar Pradesh,2022,No matched historical weather observation
Saraikela kharsawan,Jharkhand,2013,No matched historical weather observation
Saraikela kharsawan,Jharkhand,2014,No matched historical weather observation
Saraikela kharsawan,Jharkhand,2015,No matched historical weather observation
Saraikela kharsawan,Jharkhand,2016,No matched historical weather observation
Saraikela kharsawan,Jharkhand,2017,No matched historical weather observation
Saraikela kharsawan,Jharkhand,2018,No matched historical weather observation
Saraikela kharsawan,Jharkhand,2019,No matched historical weather observation
Saraikela kharsawan,Jharkhand,2020,No matched historical weather observation
Saraikela kharsawan,Jharkhand,2021,No matched historical weather observation
Saraikela kharsawan,Jharkhand,2022,No matched historical weather observation
Satara,Maharashtra,2013,No matched historical weather observation
Satara,Maharashtra,2014,No matched historical weather observation
Satara,Maharashtra,2015,No matched historical weather observation
Satara,Maharashtra,2016,No matched historical weather observation
Satara,Maharashtra,2017,No matched historical weather observation
Satara,Maharashtra,2018,No matched historical weather observation
Satara,Maharashtra,2019,No matched historical weather observation
Satara,Maharashtra,2020,No matched historical weather observation
Satara,Maharashtra,2021,No matched historical weather observation
Satara,Maharashtra,2022,No matched historical weather observation
Sehore,Madhya Pradesh,2013,No matched historical weather observation
Sehore,Madhya Pradesh,2014,No matched historical weather observation
Sehore,Madhya Pradesh,2015,No matched historical weather observation
Sehore,Madhya Pradesh,2017,No matched historical weather observation
Sehore,Madhya Pradesh,2018,No matched historical weather observation
Sehore,Madhya Pradesh,2019,No matched historical weather observation
Sehore,Madhya Pradesh,2020,No matched historical weather observation
Sehore,Madhya Pradesh,2021,No matched historical weather observation
Sehore,Madhya Pradesh,2022,No matched historical weather observation
Seoni,Madhya Pradesh,2013,No matched historical weather observation
Seoni,Madhya Pradesh,2014,No matched historical weather observation
Seoni,Madhya Pradesh,2015,No matched historical weather observation
Seoni,Madhya Pradesh,2016,No matched historical weather observation
Seoni,Madhya Pradesh,2017,No matched historical weather observation
Seoni,Madhya Pradesh,2018,No matched historical weather observation
Seoni,Madhya Pradesh,2019,No matched historical weather observation
Seoni,Madhya Pradesh,2020,No matched historical weather observation
Seoni,Madhya Pradesh,2021,No matched historical weather observation
Seoni,Madhya Pradesh,2022,No matched historical weather observation
Shahdol,Madhya Pradesh,2013,No matched historical weather observation
Shahdol,Madhya Pradesh,2014,No matched historical weather observation
Shahdol,Madhya Pradesh,2015,No matched historical weather observation
Shahdol,Madhya Pradesh,2016,No matched historical weather observation
Shahdol,Madhya Pradesh,2017,No matched historical weather observation
Shahdol,Madhya Pradesh,2018,No matched historical weather observation
Shahdol,Madhya Pradesh,2019,No matched historical weather observation
Shahdol,Madhya Pradesh,2020,No matched historical weather observation
Shahdol,Madhya Pradesh,2021,No matched historical weather observation
Shahdol,Madhya Pradesh,2022,No matched historical weather observation
Sheikhpura,Bihar,2013,No matched historical weather observation
Sheikhpura,Bihar,2014,No matched historical weather observation
Sheikhpura,Bihar,2015,No matched historical weather observation
Sheikhpura,Bihar,2016,No matched historical weather observation
Sheikhpura,Bihar,2017,No matched historical weather observation
Sheikhpura,Bihar,2018,No matched historical weather observation
Sheikhpura,Bihar,2019,No matched historical weather observation
Sheikhpura,Bihar,2020,No matched historical weather observation
Sheikhpura,Bihar,2021,No matched historical weather observation
Sheikhpura,Bihar,2022,No matched historical weather observation
Sheopur,Madhya Pradesh,2013,No matched historical weather observation
Sheopur,Madhya Pradesh,2014,No matched historical weather observation
Sheopur,Madhya Pradesh,2015,No matched historical weather observation
Sheopur,Madhya Pradesh,2016,No matched historical weather observation
Sheopur,Madhya Pradesh,2017,No matched historical weather observation
Sheopur,Madhya Pradesh,2018,No matched historical weather observation
Sheopur,Madhya Pradesh,2019,No matched historical weather observation
Sheopur,Madhya Pradesh,2020,No matched historical weather observation
Sheopur,Madhya Pradesh,2021,No matched historical weather observation
Sheopur,Madhya Pradesh,2022,No matched historical weather observation
Shimoga,Karnataka,2013,No matched historical weather observation
Shimoga,Karnataka,2014,No matched historical weather observation
Shimoga,Karnataka,2015,No matched historical weather observation
Shimoga,Karnataka,2016,No matched historical weather observation
Shimoga,Karnataka,2017,No matched historical weather observation
Shimoga,Karnataka,2018,No matched historical weather observation
Shimoga,Karnataka,2019,No matched historical weather observation
Shimoga,Karnataka,2020,No matched historical weather observation
Shimoga,Karnataka,2021,No matched historical weather observation
Shimoga,Karnataka,2022,No matched historical weather observation
Shivpuri,Madhya Pradesh,2013,No matched historical weather observation
Shivpuri,Madhya Pradesh,2014,No matched historical weather observation
Shivpuri,Madhya Pradesh,2015,No matched historical weather observation
Shivpuri,Madhya Pradesh,2016,No matched historical weather observation
Shivpuri,Madhya Pradesh,2017,No matched historical weather observation
Shivpuri,Madhya Pradesh,2018,No matched historical weather observation
Shivpuri,Madhya Pradesh,2019,No matched historical weather observation
Shivpuri,Madhya Pradesh,2020,No matched historical weather observation
Shivpuri,Madhya Pradesh,2021,No matched historical weather observation
Shivpuri,Madhya Pradesh,2022,No matched historical weather observation
Siddipet,Telangana,2016,No matched historical weather observation
Siddipet,Telangana,2017,No matched historical weather observation
Siddipet,Telangana,2018,No matched historical weather observation
Siddipet,Telangana,2019,No matched historical weather observation
Siddipet,Telangana,2020,No matched historical weather observation
Siddipet,Telangana,2021,No matched historical weather observation
Siddipet,Telangana,2022,No matched historical weather observation
Sidhi,Madhya Pradesh,2013,No matched historical weather observation
Sidhi,Madhya Pradesh,2014,No matched historical weather observation
Sidhi,Madhya Pradesh,2015,No matched historical weather observation
Sidhi,Madhya Pradesh,2016,No matched historical weather observation
Sidhi,Madhya Pradesh,2017,No matched historical weather observation
Sidhi,Madhya Pradesh,2018,No matched historical weather observation
Sidhi,Madhya Pradesh,2019,No matched historical weather observation
Sidhi,Madhya Pradesh,2020,No matched historical weather observation
Sidhi,Madhya Pradesh,2021,No matched historical weather observation
Sidhi,Madhya Pradesh,2022,No matched historical weather observation
Simdega,Jharkhand,2013,No matched historical weather observation
Simdega,Jharkhand,2014,No matched historical weather observation
Simdega,Jharkhand,2015,No matched historical weather observation
Simdega,Jharkhand,2016,No matched historical weather observation
Simdega,Jharkhand,2017,No matched historical weather observation
Simdega,Jharkhand,2018,No matched historical weather observation
Simdega,Jharkhand,2019,No matched historical weather observation
Simdega,Jharkhand,2020,No matched historical weather observation
Simdega,Jharkhand,2021,No matched historical weather observation
Simdega,Jharkhand,2022,No matched historical weather observation
Sindhudurg,Maharashtra,2013,No matched historical weather observation
Sindhudurg,Maharashtra,2014,No matched historical weather observation
Sindhudurg,Maharashtra,2015,No matched historical weather observation
Sindhudurg,Maharashtra,2016,No matched historical weather observation
Sindhudurg,Maharashtra,2017,No matched historical weather observation
Sindhudurg,Maharashtra,2018,No matched historical weather observation
Sindhudurg,Maharashtra,2019,No matched historical weather observation
Sindhudurg,Maharashtra,2020,No matched historical weather observation
Sindhudurg,Maharashtra,2021,No matched historical weather observation
Sindhudurg,Maharashtra,2022,No matched historical weather observation
Singrauli,Madhya Pradesh,2013,No matched historical weather observation
Singrauli,Madhya Pradesh,2014,No matched historical weather observation
Singrauli,Madhya Pradesh,2015,No matched historical weather observation
Singrauli,Madhya Pradesh,2016,No matched historical weather observation
Singrauli,Madhya Pradesh,2017,No matched historical weather observation
Singrauli,Madhya Pradesh,2018,No matched historical weather observation
Singrauli,Madhya Pradesh,2019,No matched historical weather observation
Singrauli,Madhya Pradesh,2020,No matched historical weather observation
Singrauli,Madhya Pradesh,2021,No matched historical weather observation
Singrauli,Madhya Pradesh,2022,No matched historical weather observation
Sirsa,Haryana,2013,No matched historical weather observation
Sirsa,Haryana,2014,No matched historical weather observation
Sirsa,Haryana,2015,No matched historical weather observation
Sirsa,Haryana,2016,No matched historical weather observation
Sirsa,Haryana,2017,No matched historical weather observation
Sirsa,Haryana,2018,No matched historical weather observation
Sirsa,Haryana,2019,No matched historical weather observation
Sirsa,Haryana,2020,No matched historical weather observation
Sirsa,Haryana,2021,No matched historical weather observation
Sirsa,Haryana,2022,No matched historical weather observation
Sitamarhi,Bihar,2013,No matched historical weather observation
Sitamarhi,Bihar,2014,No matched historical weather observation
Sitamarhi,Bihar,2015,No matched historical weather observation
Sitamarhi,Bihar,2016,No matched historical weather observation
Sitamarhi,Bihar,2017,No matched historical weather observation
Sitamarhi,Bihar,2018,No matched historical weather observation
Sitamarhi,Bihar,2019,No matched historical weather observation
Sitamarhi,Bihar,2020,No matched historical weather observation
Sitamarhi,Bihar,2021,No matched historical weather observation
Sitamarhi,Bihar,2022,No matched historical weather observation
Sivaganga,Tamil Nadu,2013,No matched historical weather observation
Sivaganga,Tamil Nadu,2014,No matched historical weather observation
Sivaganga,Tamil Nadu,2015,No matched historical weather observation
Sivaganga,Tamil Nadu,2016,No matched historical weather observation
Sivaganga,Tamil Nadu,2017,No matched historical weather observation
Sivaganga,Tamil Nadu,2018,No matched historical weather observation
Sivaganga,Tamil Nadu,2019,No matched historical weather observation
Sivaganga,Tamil Nadu,2020,No matched historical weather observation
Sivaganga,Tamil Nadu,2021,No matched historical weather observation
Sivaganga,Tamil Nadu,2022,No matched historical weather observation
Sivasagar,Assam,2013,No matched historical weather observation
Sivasagar,Assam,2014,No matched historical weather observation
Sivasagar,Assam,2015,No matched historical weather observation
Sivasagar,Assam,2016,No matched historical weather observation
Sivasagar,Assam,2017,No matched historical weather observation
Sivasagar,Assam,2018,No matched historical weather observation
Sivasagar,Assam,2019,No matched historical weather observation
Sivasagar,Assam,2020,No matched historical weather observation
Sivasagar,Assam,2021,No matched historical weather observation
Sivasagar,Assam,2022,No matched historical weather observation
Siwan,Bihar,2013,No matched historical weather observation
Siwan,Bihar,2014,No matched historical weather observation
Siwan,Bihar,2015,No matched historical weather observation
Siwan,Bihar,2016,No matched historical weather observation
Siwan,Bihar,2017,No matched historical weather observation
Siwan,Bihar,2018,No matched historical weather observation
Siwan,Bihar,2019,No matched historical weather observation
Siwan,Bihar,2020,No matched historical weather observation
Siwan,Bihar,2021,No matched historical weather observation
Siwan,Bihar,2022,No matched historical weather observation
Sonbhadra,Uttar Pradesh,2013,No matched historical weather observation
Sonbhadra,Uttar Pradesh,2014,No matched historical weather observation
Sonbhadra,Uttar Pradesh,2015,No matched historical weather observation
Sonbhadra,Uttar Pradesh,2016,No matched historical weather observation
Sonbhadra,Uttar Pradesh,2017,No matched historical weather observation
Sonbhadra,Uttar Pradesh,2018,No matched historical weather observation
Sonbhadra,Uttar Pradesh,2019,No matched historical weather observation
Sonbhadra,Uttar Pradesh,2020,No matched historical weather observation
Sonbhadra,Uttar Pradesh,2021,No matched historical weather observation
Sonbhadra,Uttar Pradesh,2022,No matched historical weather observation
Sonipat,Haryana,2013,No matched historical weather observation
Sonipat,Haryana,2014,No matched historical weather observation
Sonipat,Haryana,2015,No matched historical weather observation
Sonipat,Haryana,2016,No matched historical weather observation
Sonipat,Haryana,2017,No matched historical weather observation
Sonipat,Haryana,2018,No matched historical weather observation
Sonipat,Haryana,2019,No matched historical weather observation
Sonipat,Haryana,2020,No matched historical weather observation
Sonipat,Haryana,2021,No matched historical weather observation
Sonipat,Haryana,2022,No matched historical weather observation
Sonitpur,Assam,2013,No matched historical weather observation
Sonitpur,Assam,2014,No matched historical weather observation
Sonitpur,Assam,2015,No matched historical weather observation
Sonitpur,Assam,2016,No matched historical weather observation
Sonitpur,Assam,2017,No matched historical weather observation
Sonitpur,Assam,2018,No matched historical weather observation
Sonitpur,Assam,2019,No matched historical weather observation
Sonitpur,Assam,2020,No matched historical weather observation
Sonitpur,Assam,2021,No matched historical weather observation
Sonitpur,Assam,2022,No matched historical weather observation
South goa,Goa,2013,No matched historical weather observation
South goa,Goa,2014,No matched historical weather observation
South goa,Goa,2015,No matched historical weather observation
South goa,Goa,2016,No matched historical weather observation
South goa,Goa,2017,No matched historical weather observation
South goa,Goa,2018,No matched historical weather observation
South goa,Goa,2019,No matched historical weather observation
South goa,Goa,2020,No matched historical weather observation
South goa,Goa,2021,No matched historical weather observation
South goa,Goa,2022,No matched historical weather observation
South tripura,Tripura,2013,No matched historical weather observation
South tripura,Tripura,2014,No matched historical weather observation
South tripura,Tripura,2015,No matched historical weather observation
South tripura,Tripura,2016,No matched historical weather observation
South tripura,Tripura,2017,No matched historical weather observation
South tripura,Tripura,2018,No matched historical weather observation
South tripura,Tripura,2019,No matched historical weather observation
South tripura,Tripura,2020,No matched historical weather observation
South tripura,Tripura,2021,No matched historical weather observation
South tripura,Tripura,2022,No matched historical weather observation
South west garo hills,Meghalaya,2013,No matched historical weather observation
South west garo hills,Meghalaya,2014,No matched historical weather observation
South west garo hills,Meghalaya,2015,No matched historical weather observation
South west garo hills,Meghalaya,2016,No matched historical weather observation
South west garo hills,Meghalaya,2017,No matched historical weather observation
South west garo hills,Meghalaya,2018,No matched historical weather observation
South west garo hills,Meghalaya,2019,No matched historical weather observation
South west garo hills,Meghalaya,2020,No matched historical weather observation
South west garo hills,Meghalaya,2021,No matched historical weather observation
South west garo hills,Meghalaya,2022,No matched historical weather observation
Srikakulam,Andhra Pradesh,2013,No matched historical weather observation
Srikakulam,Andhra Pradesh,2014,No matched historical weather observation
Srikakulam,Andhra Pradesh,2015,No matched historical weather observation
Srikakulam,Andhra Pradesh,2016,No matched historical weather observation
Srikakulam,Andhra Pradesh,2017,No matched historical weather observation
Srikakulam,Andhra Pradesh,2018,No matched historical weather observation
Srikakulam,Andhra Pradesh,2019,No matched historical weather observation
Srikakulam,Andhra Pradesh,2020,No matched historical weather observation
Srikakulam,Andhra Pradesh,2021,No matched historical weather observation
Srikakulam,Andhra Pradesh,2022,No matched historical weather observation
Sukma,Chhattisgarh,2013,No matched historical weather observation
Sukma,Chhattisgarh,2014,No matched historical weather observation
Sukma,Chhattisgarh,2015,No matched historical weather observation
Sukma,Chhattisgarh,2016,No matched historical weather observation
Sukma,Chhattisgarh,2017,No matched historical weather observation
Sukma,Chhattisgarh,2018,No matched historical weather observation
Sukma,Chhattisgarh,2019,No matched historical weather observation
Sukma,Chhattisgarh,2020,No matched historical weather observation
Sukma,Chhattisgarh,2021,No matched historical weather observation
Sukma,Chhattisgarh,2022,No matched historical weather observation
Sultanpur,Uttar Pradesh,2013,No matched historical weather observation
Sultanpur,Uttar Pradesh,2014,No matched historical weather observation
Sultanpur,Uttar Pradesh,2015,No matched historical weather observation
Sultanpur,Uttar Pradesh,2016,No matched historical weather observation
Sultanpur,Uttar Pradesh,2017,No matched historical weather observation
Sultanpur,Uttar Pradesh,2018,No matched historical weather observation
Sultanpur,Uttar Pradesh,2019,No matched historical weather observation
Sultanpur,Uttar Pradesh,2020,No matched historical weather observation
Sultanpur,Uttar Pradesh,2021,No matched historical weather observation
Sultanpur,Uttar Pradesh,2022,No matched historical weather observation
Supaul,Bihar,2013,No matched historical weather observation
Supaul,Bihar,2014,No matched historical weather observation
Supaul,Bihar,2015,No matched historical weather observation
Supaul,Bihar,2016,No matched historical weather observation
Supaul,Bihar,2017,No matched historical weather observation
Supaul,Bihar,2018,No matched historical weather observation
Supaul,Bihar,2019,No matched historical weather observation
Supaul,Bihar,2020,No matched historical weather observation
Supaul,Bihar,2021,No matched historical weather observation
Supaul,Bihar,2022,No matched historical weather observation
Surajpur,Chhattisgarh,2013,No matched historical weather observation
Surajpur,Chhattisgarh,2014,No matched historical weather observation
Surajpur,Chhattisgarh,2015,No matched historical weather observation
Surajpur,Chhattisgarh,2016,No matched historical weather observation
Surajpur,Chhattisgarh,2017,No matched historical weather observation
Surajpur,Chhattisgarh,2018,No matched historical weather observation
Surajpur,Chhattisgarh,2019,No matched historical weather observation
Surajpur,Chhattisgarh,2020,No matched historical weather observation
Surajpur,Chhattisgarh,2021,No matched historical weather observation
Surajpur,Chhattisgarh,2022,No matched historical weather observation
Surguja,Chhattisgarh,2013,No matched historical weather observation
Surguja,Chhattisgarh,2014,No matched historical weather observation
Surguja,Chhattisgarh,2015,No matched historical weather observation
Surguja,Chhattisgarh,2016,No matched historical weather observation
Surguja,Chhattisgarh,2017,No matched historical weather observation
Surguja,Chhattisgarh,2018,No matched historical weather observation
Surguja,Chhattisgarh,2019,No matched historical weather observation
Surguja,Chhattisgarh,2020,No matched historical weather observation
Surguja,Chhattisgarh,2021,No matched historical weather observation
Surguja,Chhattisgarh,2022,No matched historical weather observation
Tapi,Gujarat,2013,No matched historical weather observation
Tapi,Gujarat,2014,No matched historical weather observation
Tapi,Gujarat,2015,No matched historical weather observation
Tapi,Gujarat,2016,No matched historical weather observation
Tapi,Gujarat,2017,No matched historical weather observation
Tapi,Gujarat,2018,No matched historical weather observation
Tapi,Gujarat,2019,No matched historical weather observation
Tapi,Gujarat,2020,No matched historical weather observation
Tapi,Gujarat,2021,No matched historical weather observation
Tapi,Gujarat,2022,No matched historical weather observation
Thane,Maharashtra,2013,No matched historical weather observation
Thane,Maharashtra,2014,No matched historical weather observation
Thane,Maharashtra,2015,No matched historical weather observation
Thane,Maharashtra,2016,No matched historical weather observation
Thane,Maharashtra,2017,No matched historical weather observation
Thane,Maharashtra,2018,No matched historical weather observation
Thane,Maharashtra,2019,No matched historical weather observation
Thane,Maharashtra,2020,No matched historical weather observation
Thane,Maharashtra,2021,No matched historical weather observation
Thane,Maharashtra,2022,No matched historical weather observation
Theni,Tamil Nadu,2013,No matched historical weather observation
Theni,Tamil Nadu,2014,No matched historical weather observation
Theni,Tamil Nadu,2015,No matched historical weather observation
Theni,Tamil Nadu,2016,No matched historical weather observation
Theni,Tamil Nadu,2017,No matched historical weather observation
Theni,Tamil Nadu,2018,No matched historical weather observation
Theni,Tamil Nadu,2019,No matched historical weather observation
Theni,Tamil Nadu,2020,No matched historical weather observation
Theni,Tamil Nadu,2021,No matched historical weather observation
Theni,Tamil Nadu,2022,No matched historical weather observation
Thiruvallur,Tamil Nadu,2013,No matched historical weather observation
Thiruvallur,Tamil Nadu,2014,No matched historical weather observation
Thiruvallur,Tamil Nadu,2015,No matched historical weather observation
Thiruvallur,Tamil Nadu,2016,No matched historical weather observation
Thiruvallur,Tamil Nadu,2017,No matched historical weather observation
Thiruvallur,Tamil Nadu,2018,No matched historical weather observation
Thiruvallur,Tamil Nadu,2019,No matched historical weather observation
Thiruvallur,Tamil Nadu,2020,No matched historical weather observation
Thiruvallur,Tamil Nadu,2021,No matched historical weather observation
Thiruvallur,Tamil Nadu,2022,No matched historical weather observation
Thoubal,Manipur,2013,No matched historical weather observation
Thoubal,Manipur,2014,No matched historical weather observation
Thoubal,Manipur,2015,No matched historical weather observation
Thoubal,Manipur,2016,No matched historical weather observation
Thoubal,Manipur,2017,No matched historical weather observation
Thoubal,Manipur,2018,No matched historical weather observation
Thoubal,Manipur,2019,No matched historical weather observation
Thoubal,Manipur,2020,No matched historical weather observation
Thoubal,Manipur,2021,No matched historical weather observation
Thoubal,Manipur,2022,No matched historical weather observation
Thrissur,Kerala,2013,No matched historical weather observation
Thrissur,Kerala,2014,No matched historical weather observation
Thrissur,Kerala,2015,No matched historical weather observation
Thrissur,Kerala,2016,No matched historical weather observation
Thrissur,Kerala,2017,No matched historical weather observation
Thrissur,Kerala,2018,No matched historical weather observation
Thrissur,Kerala,2019,No matched historical weather observation
Thrissur,Kerala,2020,No matched historical weather observation
Thrissur,Kerala,2021,No matched historical weather observation
Thrissur,Kerala,2022,No matched historical weather observation
Tinsukia,Assam,2013,No matched historical weather observation
Tinsukia,Assam,2014,No matched historical weather observation
Tinsukia,Assam,2015,No matched historical weather observation
Tinsukia,Assam,2016,No matched historical weather observation
Tinsukia,Assam,2017,No matched historical weather observation
Tinsukia,Assam,2018,No matched historical weather observation
Tinsukia,Assam,2019,No matched historical weather observation
Tinsukia,Assam,2020,No matched historical weather observation
Tinsukia,Assam,2021,No matched historical weather observation
Tinsukia,Assam,2022,No matched historical weather observation
Tiruchirappalli,Tamil Nadu,2013,No matched historical weather observation
Tiruchirappalli,Tamil Nadu,2014,No matched historical weather observation
Tiruchirappalli,Tamil Nadu,2015,No matched historical weather observation
Tiruchirappalli,Tamil Nadu,2016,No matched historical weather observation
Tiruchirappalli,Tamil Nadu,2017,No matched historical weather observation
Tiruchirappalli,Tamil Nadu,2018,No matched historical weather observation
Tiruchirappalli,Tamil Nadu,2019,No matched historical weather observation
Tiruchirappalli,Tamil Nadu,2020,No matched historical weather observation
Tiruchirappalli,Tamil Nadu,2021,No matched historical weather observation
Tiruchirappalli,Tamil Nadu,2022,No matched historical weather observation
Tirunelveli,Tamil Nadu,2013,No matched historical weather observation
Tirunelveli,Tamil Nadu,2014,No matched historical weather observation
Tirunelveli,Tamil Nadu,2015,No matched historical weather observation
Tirunelveli,Tamil Nadu,2016,No matched historical weather observation
Tirunelveli,Tamil Nadu,2017,No matched historical weather observation
Tirunelveli,Tamil Nadu,2018,No matched historical weather observation
Tirunelveli,Tamil Nadu,2019,No matched historical weather observation
Tirunelveli,Tamil Nadu,2020,No matched historical weather observation
Tirunelveli,Tamil Nadu,2021,No matched historical weather observation
Tirunelveli,Tamil Nadu,2022,No matched historical weather observation
Udalguri,Assam,2013,No matched historical weather observation
Udalguri,Assam,2014,No matched historical weather observation
Udalguri,Assam,2015,No matched historical weather observation
Udalguri,Assam,2016,No matched historical weather observation
Udalguri,Assam,2017,No matched historical weather observation
Udalguri,Assam,2018,No matched historical weather observation
Udalguri,Assam,2019,No matched historical weather observation
Udalguri,Assam,2020,No matched historical weather observation
Udalguri,Assam,2021,No matched historical weather observation
Udalguri,Assam,2022,No matched historical weather observation
Unnao,Uttar Pradesh,2013,No matched historical weather observation
Unnao,Uttar Pradesh,2014,No matched historical weather observation
Unnao,Uttar Pradesh,2015,No matched historical weather observation
Unnao,Uttar Pradesh,2016,No matched historical weather observation
Unnao,Uttar Pradesh,2017,No matched historical weather observation
Unnao,Uttar Pradesh,2018,No matched historical weather observation
Unnao,Uttar Pradesh,2019,No matched historical weather observation
Unnao,Uttar Pradesh,2020,No matched historical weather observation
Unnao,Uttar Pradesh,2021,No matched historical weather observation
Unnao,Uttar Pradesh,2022,No matched historical weather observation
Vadodara,Gujarat,2013,No matched historical weather observation
Vadodara,Gujarat,2014,No matched historical weather observation
Vadodara,Gujarat,2015,No matched historical weather observation
Vadodara,Gujarat,2016,No matched historical weather observation
Vadodara,Gujarat,2017,No matched historical weather observation
Vadodara,Gujarat,2018,No matched historical weather observation
Vadodara,Gujarat,2019,No matched historical weather observation
Vadodara,Gujarat,2020,No matched historical weather observation
Vadodara,Gujarat,2021,No matched historical weather observation
Vadodara,Gujarat,2022,No matched historical weather observation
Vaishali,Bihar,2013,No matched historical weather observation
Vaishali,Bihar,2014,No matched historical weather observation
Vaishali,Bihar,2015,No matched historical weather observation
Vaishali,Bihar,2016,No matched historical weather observation
Vaishali,Bihar,2017,No matched historical weather observation
Vaishali,Bihar,2018,No matched historical weather observation
Vaishali,Bihar,2019,No matched historical weather observation
Vaishali,Bihar,2020,No matched historical weather observation
Vaishali,Bihar,2021,No matched historical weather observation
Vaishali,Bihar,2022,No matched historical weather observation
Valsad,Gujarat,2013,No matched historical weather observation
Valsad,Gujarat,2014,No matched historical weather observation
Valsad,Gujarat,2015,No matched historical weather observation
Valsad,Gujarat,2016,No matched historical weather observation
Valsad,Gujarat,2017,No matched historical weather observation
Valsad,Gujarat,2018,No matched historical weather observation
Valsad,Gujarat,2019,No matched historical weather observation
Valsad,Gujarat,2020,No matched historical weather observation
Valsad,Gujarat,2021,No matched historical weather observation
Valsad,Gujarat,2022,No matched historical weather observation
Vellore,Tamil Nadu,2013,No matched historical weather observation
Vellore,Tamil Nadu,2014,No matched historical weather observation
Vellore,Tamil Nadu,2015,No matched historical weather observation
Vellore,Tamil Nadu,2016,No matched historical weather observation
Vellore,Tamil Nadu,2017,No matched historical weather observation
Vellore,Tamil Nadu,2018,No matched historical weather observation
Vellore,Tamil Nadu,2019,No matched historical weather observation
Vellore,Tamil Nadu,2020,No matched historical weather observation
Vellore,Tamil Nadu,2021,No matched historical weather observation
Vellore,Tamil Nadu,2022,No matched historical weather observation
Vikarabad,Telangana,2016,No matched historical weather observation
Vikarabad,Telangana,2017,No matched historical weather observation
Vikarabad,Telangana,2018,No matched historical weather observation
Vikarabad,Telangana,2019,No matched historical weather observation
Vikarabad,Telangana,2020,No matched historical weather observation
Vikarabad,Telangana,2021,No matched historical weather observation
Vikarabad,Telangana,2022,No matched historical weather observation
Virudhunagar,Tamil Nadu,2013,No matched historical weather observation
Virudhunagar,Tamil Nadu,2014,No matched historical weather observation
Virudhunagar,Tamil Nadu,2015,No matched historical weather observation
Virudhunagar,Tamil Nadu,2016,No matched historical weather observation
Virudhunagar,Tamil Nadu,2017,No matched historical weather observation
Virudhunagar,Tamil Nadu,2018,No matched historical weather observation
Virudhunagar,Tamil Nadu,2019,No matched historical weather observation
Virudhunagar,Tamil Nadu,2020,No matched historical weather observation
Virudhunagar,Tamil Nadu,2021,No matched historical weather observation
Virudhunagar,Tamil Nadu,2022,No matched historical weather observation
Wanaparthy,Telangana,2016,No matched historical weather observation
Wanaparthy,Telangana,2017,No matched historical weather observation
Wanaparthy,Telangana,2018,No matched historical weather observation
Wanaparthy,Telangana,2019,No matched historical weather observation
Wanaparthy,Telangana,2020,No matched historical weather observation
Wanaparthy,Telangana,2021,No matched historical weather observation
Wanaparthy,Telangana,2022,No matched historical weather observation
West garo hills,Meghalaya,2013,No matched historical weather observation
West garo hills,Meghalaya,2014,No matched historical weather observation
West garo hills,Meghalaya,2015,No matched historical weather observation
West garo hills,Meghalaya,2016,No matched historical weather observation
West garo hills,Meghalaya,2017,No matched historical weather observation
West garo hills,Meghalaya,2018,No matched historical weather observation
West garo hills,Meghalaya,2019,No matched historical weather observation
West garo hills,Meghalaya,2020,No matched historical weather observation
West garo hills,Meghalaya,2021,No matched historical weather observation
West garo hills,Meghalaya,2022,No matched historical weather observation
West tripura,Tripura,2013,No matched historical weather observation
West tripura,Tripura,2014,No matched historical weather observation
West tripura,Tripura,2015,No matched historical weather observation
West tripura,Tripura,2016,No matched historical weather observation
West tripura,Tripura,2017,No matched historical weather observation
West tripura,Tripura,2018,No matched historical weather observation
West tripura,Tripura,2019,No matched historical weather observation
West tripura,Tripura,2020,No matched historical weather observation
West tripura,Tripura,2021,No matched historical weather observation
West tripura,Tripura,2022,No matched historical weather observation
Yadgir,Karnataka,2013,No matched historical weather observation
Yadgir,Karnataka,2014,No matched historical weather observation
Yadgir,Karnataka,2015,No matched historical weather observation
Yadgir,Karnataka,2016,No matched historical weather observation
Yadgir,Karnataka,2017,No matched historical weather observation
Yadgir,Karnataka,2018,No matched historical weather observation
Yadgir,Karnataka,2019,No matched historical weather observation
Yadgir,Karnataka,2020,No matched historical weather observation
Yadgir,Karnataka,2021,No matched historical weather observation
Yadgir,Karnataka,2022,No matched historical weather observation
Yamunanagar,Haryana,2013,No matched historical weather observation
Yamunanagar,Haryana,2014,No matched historical weather observation
Yamunanagar,Haryana,2015,No matched historical weather observation
Yamunanagar,Haryana,2016,No matched historical weather observation
Yamunanagar,Haryana,2017,No matched historical weather observation
Yamunanagar,Haryana,2018,No matched historical weather observation
Yamunanagar,Haryana,2019,No matched historical weather observation
Yamunanagar,Haryana,2020,No matched historical weather observation
Yamunanagar,Haryana,2021,No matched historical weather observation
Yamunanagar,Haryana,2022,No matched historical weather observation
