State,District,Year,ReportingYear,Season,Crop,Area,Production,ReportedYieldTonnesPerHectare,CropDataSource,SelectionRank,SelectionMethod,YieldTonnesPerHectare,HistoricalYieldBaseline,YieldAnomaly,FailureLikeEvent,Latitude,Longitude,ResolvedLocation,CoordinateSource,Rainfall,Temperature,WeatherAggregation,WeatherDataSource,OutcomeDefinition,ObservationStatus
Gujarat,Ahmadabad,2013,2013 - 2014,Whole Year,All Crops,116512.0,276281.0,2.37,"DES, Ministry of Agriculture & Farmers Welfare",94,Top total DES-reported production across available reporting years,2.3712664789892886,,,,22.761087559557858,72.24774386705248,Ahmadabad,geoBoundaries India ADM2 centroid,955.3,26.54,Calendar year; proxy for DES reporting year starting this year,Open-Meteo Historical Weather API,Yield anomaly <= -20% vs preceding 5-year mean,Observed DES production + historical weather API
Gujarat,Ahmadabad,2014,2014 - 2015,Whole Year,All Crops,125434.0,336407.0,2.68,"DES, Ministry of Agriculture & Farmers Welfare",94,Top total DES-reported production across available reporting years,2.681944289427109,,,,22.761087559557858,72.24774386705248,Ahmadabad,geoBoundaries India ADM2 centroid,778.9,27.23,Calendar year; proxy for DES reporting year starting this year,Open-Meteo Historical Weather API,Yield anomaly <= -20% vs preceding 5-year mean,Observed DES production + historical weather API
Gujarat,Ahmadabad,2015,2015 - 2016,Whole Year,All Crops,124285.0,323258.0,2.6,"DES, Ministry of Agriculture & Farmers Welfare",94,Top total DES-reported production across available reporting years,2.6009413847206018,,,,22.761087559557858,72.24774386705248,Ahmadabad,geoBoundaries India ADM2 centroid,547.2,27.61,Calendar year; proxy for DES reporting year starting this year,Open-Meteo Historical Weather API,Yield anomaly <= -20% vs preceding 5-year mean,Observed DES production + historical weather API
Gujarat,Ahmadabad,2016,2016 - 2017,Whole Year,All Crops,147770.0,407564.0,2.76,"DES, Ministry of Agriculture & Farmers Welfare",94,Top total DES-reported production across available reporting years,2.7580970427014955,2.5513840510456665,0.08101994349737707,0,22.761087559557858,72.24774386705248,Ahmadabad,geoBoundaries India ADM2 centroid,666.7,27.29,Calendar year; proxy for DES reporting year starting this year,Open-Meteo Historical Weather API,Yield anomaly <= -20% vs preceding 5-year mean,Observed DES production + historical weather API
Gujarat,Ahmadabad,2017,2017 - 2018,Whole Year,All Crops,151840.0,343029.0,2.26,"DES, Ministry of Agriculture & Farmers Welfare",94,Top total DES-reported production across available reporting years,2.2591477871443626,2.6030622989596237,-0.13211920127793897,0,22.761087559557858,72.24774386705248,Ahmadabad,geoBoundaries India ADM2 centroid,1133.7,27.52,Calendar year; proxy for DES reporting year starting this year,Open-Meteo Historical Weather API,Yield anomaly <= -20% vs preceding 5-year mean,Observed DES production + historical weather API
Gujarat,Ahmadabad,2018,2018 - 2019,Whole Year,All Crops,123270.0,185009.0,1.5,"DES, Ministry of Agriculture & Farmers Welfare",94,Top total DES-reported production across available reporting years,1.5008436764825182,2.5342793965965713,-0.4077828677855777,1,22.761087559557858,72.24774386705248,Ahmadabad,geoBoundaries India ADM2 centroid,779.2,27.64,Calendar year; proxy for DES reporting year starting this year,Open-Meteo Historical Weather API,Yield anomaly <= -20% vs preceding 5-year mean,Observed DES production + historical weather API
Gujarat,Ahmadabad,2019,2019 - 2020,Whole Year,All Crops,150096.0,328991.0,2.19,"DES, Ministry of Agriculture & Farmers Welfare",94,Top total DES-reported production across available reporting years,2.1918705361901716,2.360194836095217,-0.07131796804687807,0,22.761087559557858,72.24774386705248,Ahmadabad,geoBoundaries India ADM2 centroid,1553.0,27.35,Calendar year; proxy for DES reporting year starting this year,Open-Meteo Historical Weather API,Yield anomaly <= -20% vs preceding 5-year mean,Observed DES production + historical weather API
Gujarat,Ahmadabad,2020,2020 - 2021,Whole Year,All Crops,164078.0,416234.0,2.54,"DES, Ministry of Agriculture & Farmers Welfare",94,Top total DES-reported production across available reporting years,2.5368056655980693,2.26218008544783,0.12139863749877966,0,22.761087559557858,72.24774386705248,Ahmadabad,geoBoundaries India ADM2 centroid,1047.7,27.42,Calendar year; proxy for DES reporting year starting this year,Open-Meteo Historical Weather API,Yield anomaly <= -20% vs preceding 5-year mean,Observed DES production + historical weather API
Gujarat,Ahmadabad,2021,2021 - 2022,Whole Year,All Crops,161276.0,348879.0,2.16,"DES, Ministry of Agriculture & Farmers Welfare",94,Top total DES-reported production across available reporting years,2.163241895880354,2.2493529416233233,-0.03828258524908246,0,22.761087559557858,72.24774386705248,Ahmadabad,geoBoundaries India ADM2 centroid,1027.8,27.6,Calendar year; proxy for DES reporting year starting this year,Open-Meteo Historical Weather API,Yield anomaly <= -20% vs preceding 5-year mean,Observed DES production + historical weather API
Gujarat,Ahmadabad,2022,2022 - 2023,Whole Year,All Crops,181822.0,518558.0,2.85,"DES, Ministry of Agriculture & Farmers Welfare",94,Top total DES-reported production across available reporting years,2.852009107808736,2.1303819122590952,0.3387313755327628,0,22.761087559557858,72.24774386705248,Ahmadabad,geoBoundaries India ADM2 centroid,884.9,27.65,Calendar year; proxy for DES reporting year starting this year,Open-Meteo Historical Weather API,Yield anomaly <= -20% vs preceding 5-year mean,Observed DES production + historical weather API
Uttar Pradesh,Allahabad,2013,2013 - 2014,Whole Year,All Crops,159525.0,420986.0,2.64,"DES, Ministry of Agriculture & Farmers Welfare",60,Top total DES-reported production across available reporting years,2.6389970224102806,,,,25.303092486865996,81.96136300049122,Allahabad,geoBoundaries India ADM2 centroid,1115.1,25.21,Calendar year; proxy for DES reporting year starting this year,Open-Meteo Historical Weather API,Yield anomaly <= -20% vs preceding 5-year mean,Observed DES production + historical weather API
Uttar Pradesh,Allahabad,2014,2014 - 2015,Whole Year,All Crops,149419.0,313780.0,2.1,"DES, Ministry of Agriculture & Farmers Welfare",60,Top total DES-reported production across available reporting years,2.1000006692589297,,,,25.303092486865996,81.96136300049122,Allahabad,geoBoundaries India ADM2 centroid,761.4,25.33,Calendar year; proxy for DES reporting year starting this year,Open-Meteo Historical Weather API,Yield anomaly <= -20% vs preceding 5-year mean,Observed DES production + historical weather API
Uttar Pradesh,Allahabad,2015,2015 - 2016,Whole Year,All Crops,146462.0,268465.0,1.83,"DES, Ministry of Agriculture & Farmers Welfare",60,Top total DES-reported production across available reporting years,1.8330010514672748,,,,25.303092486865996,81.96136300049122,Allahabad,geoBoundaries India ADM2 centroid,741.3,25.95,Calendar year; proxy for DES reporting year starting this year,Open-Meteo Historical Weather API,Yield anomaly <= -20% vs preceding 5-year mean,Observed DES production + historical weather API
Uttar Pradesh,Allahabad,2016,2016 - 2017,Whole Year,All Crops,166477.0,459976.0,2.76,"DES, Ministry of Agriculture & Farmers Welfare",60,Top total DES-reported production across available reporting years,2.763000294334953,2.1906662477121617,0.26126026601291397,0,25.303092486865996,81.96136300049122,Allahabad,geoBoundaries India ADM2 centroid,1185.6,26.21,Calendar year; proxy for DES reporting year starting this year,Open-Meteo Historical Weather API,Yield anomaly <= -20% vs preceding 5-year mean,Observed DES production + historical weather API
Uttar Pradesh,Allahabad,2017,2017 - 2018,Whole Year,All Crops,167118.0,458572.0,2.74,"DES, Ministry of Agriculture & Farmers Welfare",60,Top total DES-reported production across available reporting years,2.744001244629543,2.3337497593678593,0.175790692046095,0,25.303092486865996,81.96136300049122,Allahabad,geoBoundaries India ADM2 centroid,793.0,26.23,Calendar year; proxy for DES reporting year starting this year,Open-Meteo Historical Weather API,Yield anomaly <= -20% vs preceding 5-year mean,Observed DES production + historical weather API
Uttar Pradesh,Allahabad,2018,2018 - 2019,Whole Year,All Crops,154505.0,482056.0,3.12,"DES, Ministry of Agriculture & Farmers Welfare",60,Top total DES-reported production across available reporting years,3.12000258891298,2.4158000564201965,0.29149868202929485,0,25.303092486865996,81.96136300049122,Allahabad,geoBoundaries India ADM2 centroid,1131.8,26.1,Calendar year; proxy for DES reporting year starting this year,Open-Meteo Historical Weather API,Yield anomaly <= -20% vs preceding 5-year mean,Observed DES production + historical weather API
Uttar Pradesh,Allahabad,2019,2019 - 2020,Whole Year,All Crops,154773.0,483047.0,3.12,"DES, Ministry of Agriculture & Farmers Welfare",60,Top total DES-reported production across available reporting years,3.121003017322143,2.5120011697207363,0.24243692835107655,0,25.303092486865996,81.96136300049122,Allahabad,geoBoundaries India ADM2 centroid,1498.7,26.03,Calendar year; proxy for DES reporting year starting this year,Open-Meteo Historical Weather API,Yield anomaly <= -20% vs preceding 5-year mean,Observed DES production + historical weather API
Uttar Pradesh,Allahabad,2020,2020 - 2021,Whole Year,All Crops,157847.0,496271.0,3.14,"DES, Ministry of Agriculture & Farmers Welfare",60,Top total DES-reported production across available reporting years,3.144000202727958,2.7162016393333785,0.15749882379850555,0,25.303092486865996,81.96136300049122,Allahabad,geoBoundaries India ADM2 centroid,1336.7,25.15,Calendar year; proxy for DES reporting year starting this year,Open-Meteo Historical Weather API,Yield anomaly <= -20% vs preceding 5-year mean,Observed DES production + historical weather API
Uttar Pradesh,Allahabad,2021,2021 - 2022,Whole Year,All Crops,155944.0,464714.0,2.98,"DES, Ministry of Agriculture & Farmers Welfare",60,Top total DES-reported production across available reporting years,2.980005643051352,2.9784014695855157,0.0005386021603257518,0,25.303092486865996,81.96136300049122,Allahabad,geoBoundaries India ADM2 centroid,1085.7,25.45,Calendar year; proxy for DES reporting year starting this year,Open-Meteo Historical Weather API,Yield anomaly <= -20% vs preceding 5-year mean,Observed DES production + historical weather API
Uttar Pradesh,Allahabad,2022,2022 - 2023,Whole Year,All Crops,155753.0,469972.0,3.02,"DES, Ministry of Agriculture & Farmers Welfare",60,Top total DES-reported production across available reporting years,3.0174186050990994,3.021802539328795,-0.0014507679349126112,0,25.303092486865996,81.96136300049122,Allahabad,geoBoundaries India ADM2 centroid,992.6,25.96,Calendar year; proxy for DES reporting year starting this year,Open-Meteo Historical Weather API,Yield anomaly <= -20% vs preceding 5-year mean,Observed DES production + historical weather API
Haryana,Ambala,2013,2013 - 2014,Whole Year,All Crops,79000.0,308000.0,3.9,"DES, Ministry of Agriculture & Farmers Welfare",97,Top total DES-reported production across available reporting years,3.8987341772151898,,,,30.324767034623605,76.94225953222933,Ambala,geoBoundaries India ADM2 centroid,1274.8,22.75,Calendar year; proxy for DES reporting year starting this year,Open-Meteo Historical Weather API,Yield anomaly <= -20% vs preceding 5-year mean,Observed DES production + historical weather API
Haryana,Ambala,2014,2014 - 2015,Whole Year,All Crops,83000.0,301000.0,3.63,"DES, Ministry of Agriculture & Farmers Welfare",97,Top total DES-reported production across available reporting years,3.6265060240963853,,,,30.324767034623605,76.94225953222933,Ambala,geoBoundaries India ADM2 centroid,924.3,23.03,Calendar year; proxy for DES reporting year starting this year,Open-Meteo Historical Weather API,Yield anomaly <= -20% vs preceding 5-year mean,Observed DES production + historical weather API
Haryana,Ambala,2015,2015 - 2016,Whole Year,All Crops,86000.0,328000.0,3.81,"DES, Ministry of Agriculture & Farmers Welfare",97,Top total DES-reported production across available reporting years,3.813953488372093,,,,30.324767034623605,76.94225953222933,Ambala,geoBoundaries India ADM2 centroid,1361.7,23.05,Calendar year; proxy for DES reporting year starting this year,Open-Meteo Historical Weather API,Yield anomaly <= -20% vs preceding 5-year mean,Observed DES production + historical weather API
Haryana,Ambala,2016,2016 - 2017,Whole Year,All Crops,83000.0,319000.0,3.84,"DES, Ministry of Agriculture & Farmers Welfare",97,Top total DES-reported production across available reporting years,3.8433734939759034,3.7797312298945562,0.016837775019024948,0,30.324767034623605,76.94225953222933,Ambala,geoBoundaries India ADM2 centroid,887.8,24.17,Calendar year; proxy for DES reporting year starting this year,Open-Meteo Historical Weather API,Yield anomaly <= -20% vs preceding 5-year mean,Observed DES production + historical weather API
Haryana,Ambala,2017,2017 - 2018,Whole Year,All Crops,85000.0,331000.0,3.89,"DES, Ministry of Agriculture & Farmers Welfare",97,Top total DES-reported production across available reporting years,3.8941176470588235,3.795641795914893,0.02594445325423389,0,30.324767034623605,76.94225953222933,Ambala,geoBoundaries India ADM2 centroid,894.0,23.52,Calendar year; proxy for DES reporting year starting this year,Open-Meteo Historical Weather API,Yield anomaly <= -20% vs preceding 5-year mean,Observed DES production + historical weather API
Haryana,Ambala,2018,2018 - 2019,Whole Year,All Crops,85000.0,277000.0,3.26,"DES, Ministry of Agriculture & Farmers Welfare",97,Top total DES-reported production across available reporting years,3.2588235294117647,3.815336966143679,-0.14586219819383495,0,30.324767034623605,76.94225953222933,Ambala,geoBoundaries India ADM2 centroid,981.3,23.19,Calendar year; proxy for DES reporting year starting this year,Open-Meteo Historical Weather API,Yield anomaly <= -20% vs preceding 5-year mean,Observed DES production + historical weather API
Haryana,Ambala,2019,2019 - 2020,Whole Year,All Crops,90900.0,360400.0,3.96,"DES, Ministry of Agriculture & Farmers Welfare",97,Top total DES-reported production across available reporting years,3.9647964796479647,3.687354836582994,0.07524137365691419,0,30.324767034623605,76.94225953222933,Ambala,geoBoundaries India ADM2 centroid,1044.9,22.91,Calendar year; proxy for DES reporting year starting this year,Open-Meteo Historical Weather API,Yield anomaly <= -20% vs preceding 5-year mean,Observed DES production + historical weather API
Haryana,Ambala,2020,2020 - 2021,Whole Year,All Crops,96000.0,398400.0,4.15,"DES, Ministry of Agriculture & Farmers Welfare",97,Top total DES-reported production across available reporting years,4.15,3.75501292769331,0.10518927095926922,0,30.324767034623605,76.94225953222933,Ambala,geoBoundaries India ADM2 centroid,1014.8,22.7,Calendar year; proxy for DES reporting year starting this year,Open-Meteo Historical Weather API,Yield anomaly <= -20% vs preceding 5-year mean,Observed DES production + historical weather API
Haryana,Ambala,2021,2021 - 2022,Whole Year,All Crops,93944.0,385830.0,4.11,"DES, Ministry of Agriculture & Farmers Welfare",97,Top total DES-reported production across available reporting years,4.1070212041216045,3.822222230018892,0.07451135935162645,0,30.324767034623605,76.94225953222933,Ambala,geoBoundaries India ADM2 centroid,812.5,23.2,Calendar year; proxy for DES reporting year starting this year,Open-Meteo Historical Weather API,Yield anomaly <= -20% vs preceding 5-year mean,Observed DES production + historical weather API
Haryana,Ambala,2022,2022 - 2023,Whole Year,All Crops,104990.0,390440.0,3.72,"DES, Ministry of Agriculture & Farmers Welfare",97,Top total DES-reported production across available reporting years,3.718830364796647,3.874951772048031,-0.04028989686466966,0,30.324767034623605,76.94225953222933,Ambala,geoBoundaries India ADM2 centroid,898.9,23.58,Calendar year; proxy for DES reporting year starting this year,Open-Meteo Historical Weather API,Yield anomaly <= -20% vs preceding 5-year mean,Observed DES production + historical weather API
Punjab,Amritsar,2013,2013 - 2014,Whole Year,All Crops,182000.0,518000.0,2.85,"DES, Ministry of Agriculture & Farmers Welfare",34,Top total DES-reported production across available reporting years,2.8461538461538463,,,,31.706156026128703,74.900497452654,Amritsar,geoBoundaries India ADM2 centroid,1025.9,22.79,Calendar year; proxy for DES reporting year starting this year,Open-Meteo Historical Weather API,Yield anomaly <= -20% vs preceding 5-year mean,Observed DES production + historical weather API
Punjab,Amritsar,2014,2014 - 2015,Whole Year,All Crops,182000.0,505000.0,2.77,"DES, Ministry of Agriculture & Farmers Welfare",34,Top total DES-reported production across available reporting years,2.7747252747252746,,,,31.706156026128703,74.900497452654,Amritsar,geoBoundaries India ADM2 centroid,944.8,22.42,Calendar year; proxy for DES reporting year starting this year,Open-Meteo Historical Weather API,Yield anomaly <= -20% vs preceding 5-year mean,Observed DES production + historical weather API
Punjab,Amritsar,2015,2015 - 2016,Whole Year,All Crops,181000.0,513000.0,2.83,"DES, Ministry of Agriculture & Farmers Welfare",34,Top total DES-reported production across available reporting years,2.834254143646409,,,,31.706156026128703,74.900497452654,Amritsar,geoBoundaries India ADM2 centroid,1075.8,22.46,Calendar year; proxy for DES reporting year starting this year,Open-Meteo Historical Weather API,Yield anomaly <= -20% vs preceding 5-year mean,Observed DES production + historical weather API
Punjab,Amritsar,2016,2016 - 2017,Whole Year,All Crops,180000.0,574000.0,3.19,"DES, Ministry of Agriculture & Farmers Welfare",34,Top total DES-reported production across available reporting years,3.188888888888889,2.8183777548418436,0.13146255267255236,0,31.706156026128703,74.900497452654,Amritsar,geoBoundaries India ADM2 centroid,611.7,24.16,Calendar year; proxy for DES reporting year starting this year,Open-Meteo Historical Weather API,Yield anomaly <= -20% vs preceding 5-year mean,Observed DES production + historical weather API
Punjab,Amritsar,2017,2017 - 2018,Whole Year,All Crops,180000.0,677000.0,3.76,"DES, Ministry of Agriculture & Farmers Welfare",34,Top total DES-reported production across available reporting years,3.761111111111111,2.9110055383536046,0.29203158893277337,0,31.706156026128703,74.900497452654,Amritsar,geoBoundaries India ADM2 centroid,709.7,23.07,Calendar year; proxy for DES reporting year starting this year,Open-Meteo Historical Weather API,Yield anomaly <= -20% vs preceding 5-year mean,Observed DES production + historical weather API
Punjab,Amritsar,2018,2018 - 2019,Whole Year,All Crops,180000.0,537000.0,2.98,"DES, Ministry of Agriculture & Farmers Welfare",34,Top total DES-reported production across available reporting years,2.9833333333333334,3.081026652905106,-0.03170804104523317,0,31.706156026128703,74.900497452654,Amritsar,geoBoundaries India ADM2 centroid,709.4,22.87,Calendar year; proxy for DES reporting year starting this year,Open-Meteo Historical Weather API,Yield anomaly <= -20% vs preceding 5-year mean,Observed DES production + historical weather API
Punjab,Amritsar,2019,2019 - 2020,Whole Year,All Crops,181000.0,598000.0,3.3,"DES, Ministry of Agriculture & Farmers Welfare",34,Top total DES-reported production across available reporting years,3.303867403314917,3.1084625503410033,0.0628622188008916,0,31.706156026128703,74.900497452654,Amritsar,geoBoundaries India ADM2 centroid,901.5,22.4,Calendar year; proxy for DES reporting year starting this year,Open-Meteo Historical Weather API,Yield anomaly <= -20% vs preceding 5-year mean,Observed DES production + historical weather API
Punjab,Amritsar,2020,2020 - 2021,Whole Year,All Crops,184700.0,617000.0,3.34,"DES, Ministry of Agriculture & Farmers Welfare",34,Top total DES-reported production across available reporting years,3.3405522468868436,3.214290976058932,0.039281219954368174,0,31.706156026128703,74.900497452654,Amritsar,geoBoundaries India ADM2 centroid,591.6,22.55,Calendar year; proxy for DES reporting year starting this year,Open-Meteo Historical Weather API,Yield anomaly <= -20% vs preceding 5-year mean,Observed DES production + historical weather API
Punjab,Amritsar,2021,2021 - 2022,Whole Year,All Crops,183000.0,659000.0,3.6,"DES, Ministry of Agriculture & Farmers Welfare",34,Top total DES-reported production across available reporting years,3.601092896174863,3.3155505967070185,0.08612213601911045,0,31.706156026128703,74.900497452654,Amritsar,geoBoundaries India ADM2 centroid,595.7,23.05,Calendar year; proxy for DES reporting year starting this year,Open-Meteo Historical Weather API,Yield anomaly <= -20% vs preceding 5-year mean,Observed DES production + historical weather API
Punjab,Amritsar,2022,2022 - 2023,Whole Year,All Crops,181000.0,644000.0,3.56,"DES, Ministry of Agriculture & Farmers Welfare",34,Top total DES-reported production across available reporting years,3.5580110497237567,3.3979913981642134,0.04709242396728697,0,31.706156026128703,74.900497452654,Amritsar,geoBoundaries India ADM2 centroid,839.5,23.18,Calendar year; proxy for DES reporting year starting this year,Open-Meteo Historical Weather API,Yield anomaly <= -20% vs preceding 5-year mean,Observed DES production + historical weather API
Madhya Pradesh,Balaghat,2013,2013 - 2014,Whole Year,All Crops,258647.0,434079.0,1.68,"DES, Ministry of Agriculture & Farmers Welfare",31,Top total DES-reported production across available reporting years,1.6782680641956025,,,,21.880829226126544,80.35513151961167,Balaghat,geoBoundaries India ADM2 centroid,1871.1,24.25,Calendar year; proxy for DES reporting year starting this year,Open-Meteo Historical Weather API,Yield anomaly <= -20% vs preceding 5-year mean,Observed DES production + historical weather API
Madhya Pradesh,Balaghat,2014,2014 - 2015,Whole Year,All Crops,245000.0,449330.0,1.83,"DES, Ministry of Agriculture & Farmers Welfare",31,Top total DES-reported production across available reporting years,1.834,,,,21.880829226126544,80.35513151961167,Balaghat,geoBoundaries India ADM2 centroid,1047.4,24.76,Calendar year; proxy for DES reporting year starting this year,Open-Meteo Historical Weather API,Yield anomaly <= -20% vs preceding 5-year mean,Observed DES production + historical weather API
Madhya Pradesh,Balaghat,2015,2015 - 2016,Whole Year,All Crops,266000.0,449330.0,1.69,"DES, Ministry of Agriculture & Farmers Welfare",31,Top total DES-reported production across available reporting years,1.6892105263157895,,,,21.880829226126544,80.35513151961167,Balaghat,geoBoundaries India ADM2 centroid,1422.4,24.71,Calendar year; proxy for DES reporting year starting this year,Open-Meteo Historical Weather API,Yield anomaly <= -20% vs preceding 5-year mean,Observed DES production + historical weather API
Madhya Pradesh,Balaghat,2016,2016 - 2017,Whole Year,All Crops,272000.0,675330.0,2.48,"DES, Ministry of Agriculture & Farmers Welfare",31,Top total DES-reported production across available reporting years,2.4828308823529412,1.733826196837131,0.4319952523973596,0,21.880829226126544,80.35513151961167,Balaghat,geoBoundaries India ADM2 centroid,1692.1,25.01,Calendar year; proxy for DES reporting year starting this year,Open-Meteo Historical Weather API,Yield anomaly <= -20% vs preceding 5-year mean,Observed DES production + historical weather API
Madhya Pradesh,Balaghat,2017,2017 - 2018,Whole Year,All Crops,220210.0,395480.0,1.8,"DES, Ministry of Agriculture & Farmers Welfare",31,Top total DES-reported production across available reporting years,1.795922074383543,1.9210773682160833,-0.065148492144676,0,21.880829226126544,80.35513151961167,Balaghat,geoBoundaries India ADM2 centroid,1431.9,25.35,Calendar year; proxy for DES reporting year starting this year,Open-Meteo Historical Weather API,Yield anomaly <= -20% vs preceding 5-year mean,Observed DES production + historical weather API
Madhya Pradesh,Balaghat,2018,2018 - 2019,Whole Year,All Crops,300301.0,603446.0,2.01,"DES, Ministry of Agriculture & Farmers Welfare",31,Top total DES-reported production across available reporting years,2.00947049793374,1.896046309449575,0.05982142309440319,0,21.880829226126544,80.35513151961167,Balaghat,geoBoundaries India ADM2 centroid,1546.0,24.89,Calendar year; proxy for DES reporting year starting this year,Open-Meteo Historical Weather API,Yield anomaly <= -20% vs preceding 5-year mean,Observed DES production + historical weather API
Madhya Pradesh,Balaghat,2019,2019 - 2020,Whole Year,All Crops,348135.0,799725.0,2.3,"DES, Ministry of Agriculture & Farmers Welfare",31,Top total DES-reported production across available reporting years,2.2971692016028267,1.9622867961972026,0.17065925636079626,0,21.880829226126544,80.35513151961167,Balaghat,geoBoundaries India ADM2 centroid,2239.0,24.95,Calendar year; proxy for DES reporting year starting this year,Open-Meteo Historical Weather API,Yield anomaly <= -20% vs preceding 5-year mean,Observed DES production + historical weather API
Madhya Pradesh,Balaghat,2020,2020 - 2021,Whole Year,All Crops,338669.0,791274.0,2.34,"DES, Ministry of Agriculture & Farmers Welfare",31,Top total DES-reported production across available reporting years,2.3364228789762276,2.0549206365177684,0.13698935007800972,0,21.880829226126544,80.35513151961167,Balaghat,geoBoundaries India ADM2 centroid,1889.3,23.96,Calendar year; proxy for DES reporting year starting this year,Open-Meteo Historical Weather API,Yield anomaly <= -20% vs preceding 5-year mean,Observed DES production + historical weather API
Madhya Pradesh,Balaghat,2021,2021 - 2022,Whole Year,All Crops,301090.0,588130.0,1.95,"DES, Ministry of Agriculture & Farmers Welfare",31,Top total DES-reported production across available reporting years,1.9533362117639244,2.1843631070498555,-0.1057639613763437,0,21.880829226126544,80.35513151961167,Balaghat,geoBoundaries India ADM2 centroid,1526.3,24.46,Calendar year; proxy for DES reporting year starting this year,Open-Meteo Historical Weather API,Yield anomaly <= -20% vs preceding 5-year mean,Observed DES production + historical weather API
Madhya Pradesh,Balaghat,2022,2022 - 2023,Whole Year,All Crops,306354.0,897617.0,2.93,"DES, Ministry of Agriculture & Farmers Welfare",31,Top total DES-reported production across available reporting years,2.929999281876522,2.078464172932052,0.40969438878670905,0,21.880829226126544,80.35513151961167,Balaghat,geoBoundaries India ADM2 centroid,1758.4,24.45,Calendar year; proxy for DES reporting year starting this year,Open-Meteo Historical Weather API,Yield anomaly <= -20% vs preceding 5-year mean,Observed DES production + historical weather API
Odisha,Baleshwar,2013,2013 - 2014,Whole Year,All Crops,226000.0,282000.0,1.25,"DES, Ministry of Agriculture & Farmers Welfare",40,Top total DES-reported production across available reporting years,1.247787610619469,,,,21.496717791481057,86.91315627222545,Baleshwar,geoBoundaries India ADM2 centroid,2127.3,25.83,Calendar year; proxy for DES reporting year starting this year,Open-Meteo Historical Weather API,Yield anomaly <= -20% vs preceding 5-year mean,Observed DES production + historical weather API
Odisha,Baleshwar,2014,2014 - 2015,Whole Year,All Crops,219000.0,501000.0,2.29,"DES, Ministry of Agriculture & Farmers Welfare",40,Top total DES-reported production across available reporting years,2.287671232876712,,,,21.496717791481057,86.91315627222545,Baleshwar,geoBoundaries India ADM2 centroid,1712.5,26.09,Calendar year; proxy for DES reporting year starting this year,Open-Meteo Historical Weather API,Yield anomaly <= -20% vs preceding 5-year mean,Observed DES production + historical weather API
Odisha,Baleshwar,2015,2015 - 2016,Whole Year,All Crops,221000.0,376000.0,1.7,"DES, Ministry of Agriculture & Farmers Welfare",40,Top total DES-reported production across available reporting years,1.7013574660633484,,,,21.496717791481057,86.91315627222545,Baleshwar,geoBoundaries India ADM2 centroid,1510.3,26.42,Calendar year; proxy for DES reporting year starting this year,Open-Meteo Historical Weather API,Yield anomaly <= -20% vs preceding 5-year mean,Observed DES production + historical weather API
Odisha,Baleshwar,2016,2016 - 2017,Whole Year,All Crops,221830.0,617890.0,2.79,"DES, Ministry of Agriculture & Farmers Welfare",40,Top total DES-reported production across available reporting years,2.7854212685389714,1.745605436519843,0.5956763253969783,0,21.496717791481057,86.91315627222545,Baleshwar,geoBoundaries India ADM2 centroid,1747.4,26.67,Calendar year; proxy for DES reporting year starting this year,Open-Meteo Historical Weather API,Yield anomaly <= -20% vs preceding 5-year mean,Observed DES production + historical weather API
Odisha,Baleshwar,2017,2017 - 2018,Whole Year,All Crops,211890.0,493580.0,2.33,"DES, Ministry of Agriculture & Farmers Welfare",40,Top total DES-reported production across available reporting years,2.329416206522252,2.0055593945246253,0.1614795417586672,0,21.496717791481057,86.91315627222545,Baleshwar,geoBoundaries India ADM2 centroid,1857.8,26.38,Calendar year; proxy for DES reporting year starting this year,Open-Meteo Historical Weather API,Yield anomaly <= -20% vs preceding 5-year mean,Observed DES production + historical weather API
Odisha,Baleshwar,2018,2018 - 2019,Whole Year,All Crops,221620.0,587640.0,2.65,"DES, Ministry of Agriculture & Farmers Welfare",40,Top total DES-reported production across available reporting years,2.6515657431639745,2.0703307569241507,0.280744989319172,0,21.496717791481057,86.91315627222545,Baleshwar,geoBoundaries India ADM2 centroid,1646.7,26.09,Calendar year; proxy for DES reporting year starting this year,Open-Meteo Historical Weather API,Yield anomaly <= -20% vs preceding 5-year mean,Observed DES production + historical weather API
Odisha,Baleshwar,2019,2019 - 2020,Whole Year,All Crops,206100.0,515880.0,2.5,"DES, Ministry of Agriculture & Farmers Welfare",40,Top total DES-reported production across available reporting years,2.503056768558952,2.351086383433052,0.06463836726577155,0,21.496717791481057,86.91315627222545,Baleshwar,geoBoundaries India ADM2 centroid,1861.7,26.19,Calendar year; proxy for DES reporting year starting this year,Open-Meteo Historical Weather API,Yield anomaly <= -20% vs preceding 5-year mean,Observed DES production + historical weather API
Odisha,Baleshwar,2020,2020 - 2021,Whole Year,All Crops,222700.0,695180.0,3.12,"DES, Ministry of Agriculture & Farmers Welfare",40,Top total DES-reported production across available reporting years,3.121598563089358,2.3941634905694995,0.30383684129558897,0,21.496717791481057,86.91315627222545,Baleshwar,geoBoundaries India ADM2 centroid,1554.3,26.01,Calendar year; proxy for DES reporting year starting this year,Open-Meteo Historical Weather API,Yield anomaly <= -20% vs preceding 5-year mean,Observed DES production + historical weather API
Odisha,Baleshwar,2021,2021 - 2022,Whole Year,All Crops,225543.0,598808.0,2.65,"DES, Ministry of Agriculture & Farmers Welfare",40,Top total DES-reported production across available reporting years,2.6549615816052814,2.6782117099747014,-0.0086812137676896,0,21.496717791481057,86.91315627222545,Baleshwar,geoBoundaries India ADM2 centroid,1866.1,26.42,Calendar year; proxy for DES reporting year starting this year,Open-Meteo Historical Weather API,Yield anomaly <= -20% vs preceding 5-year mean,Observed DES production + historical weather API
Odisha,Baleshwar,2022,2022 - 2023,Whole Year,All Crops,220140.0,686260.0,3.12,"DES, Ministry of Agriculture & Farmers Welfare",40,Top total DES-reported production across available reporting years,3.117379849186881,2.6521197725879633,0.1754295116713045,0,21.496717791481057,86.91315627222545,Baleshwar,geoBoundaries India ADM2 centroid,1555.9,26.28,Calendar year; proxy for DES reporting year starting this year,Open-Meteo Historical Weather API,Yield anomaly <= -20% vs preceding 5-year mean,Observed DES production + historical weather API
Chhattisgarh,Balod,2013,2013 - 2014,Whole Year,All Crops,181677.0,291899.0,1.61,"DES, Ministry of Agriculture & Farmers Welfare",64,Top total DES-reported production across available reporting years,1.6066920964128646,,,,20.738523566543563,81.18871354929118,Balod,geoBoundaries India ADM2 centroid,1540.6,25.82,Calendar year; proxy for DES reporting year starting this year,Open-Meteo Historical Weather API,Yield anomaly <= -20% vs preceding 5-year mean,Observed DES production + historical weather API
Chhattisgarh,Balod,2014,2014 - 2015,Whole Year,All Crops,183795.0,348670.0,1.9,"DES, Ministry of Agriculture & Farmers Welfare",64,Top total DES-reported production across available reporting years,1.8970592235915014,,,,20.738523566543563,81.18871354929118,Balod,geoBoundaries India ADM2 centroid,1390.0,26.43,Calendar year; proxy for DES reporting year starting this year,Open-Meteo Historical Weather API,Yield anomaly <= -20% vs preceding 5-year mean,Observed DES production + historical weather API
Chhattisgarh,Balod,2015,2015 - 2016,Whole Year,All Crops,179085.0,194925.0,1.09,"DES, Ministry of Agriculture & Farmers Welfare",64,Top total DES-reported production across available reporting years,1.0884496188960548,,,,20.738523566543563,81.18871354929118,Balod,geoBoundaries India ADM2 centroid,1182.1,26.41,Calendar year; proxy for DES reporting year starting this year,Open-Meteo Historical Weather API,Yield anomaly <= -20% vs preceding 5-year mean,Observed DES production + historical weather API
Chhattisgarh,Balod,2016,2016 - 2017,Whole Year,All Crops,191042.0,448458.0,2.35,"DES, Ministry of Agriculture & Farmers Welfare",64,Top total DES-reported production across available reporting years,2.3474314548633286,1.5307336463001402,0.5335335840674751,0,20.738523566543563,81.18871354929118,Balod,geoBoundaries India ADM2 centroid,1510.9,26.67,Calendar year; proxy for DES reporting year starting this year,Open-Meteo Historical Weather API,Yield anomaly <= -20% vs preceding 5-year mean,Observed DES production + historical weather API
Chhattisgarh,Balod,2017,2017 - 2018,Whole Year,All Crops,174962.0,241672.0,1.38,"DES, Ministry of Agriculture & Farmers Welfare",64,Top total DES-reported production across available reporting years,1.3812827928350155,1.7349080984409373,-0.20382941662656628,1,20.738523566543563,81.18871354929118,Balod,geoBoundaries India ADM2 centroid,959.4,26.17,Calendar year; proxy for DES reporting year starting this year,Open-Meteo Historical Weather API,Yield anomaly <= -20% vs preceding 5-year mean,Observed DES production + historical weather API
Chhattisgarh,Balod,2018,2018 - 2019,Whole Year,All Crops,185448.0,300866.0,1.62,"DES, Ministry of Agriculture & Farmers Welfare",64,Top total DES-reported production across available reporting years,1.622373926922911,1.6641830373197528,-0.02512290382683957,0,20.738523566543563,81.18871354929118,Balod,geoBoundaries India ADM2 centroid,1530.4,25.66,Calendar year; proxy for DES reporting year starting this year,Open-Meteo Historical Weather API,Yield anomaly <= -20% vs preceding 5-year mean,Observed DES production + historical weather API
Chhattisgarh,Balod,2019,2019 - 2020,Whole Year,All Crops,201908.0,435947.0,2.16,"DES, Ministry of Agriculture & Farmers Welfare",64,Top total DES-reported production across available reporting years,2.159136834597936,1.6673194034217622,0.2949749341169061,0,20.738523566543563,81.18871354929118,Balod,geoBoundaries India ADM2 centroid,1502.2,25.98,Calendar year; proxy for DES reporting year starting this year,Open-Meteo Historical Weather API,Yield anomaly <= -20% vs preceding 5-year mean,Observed DES production + historical weather API
Chhattisgarh,Balod,2020,2020 - 2021,Whole Year,All Crops,208479.0,674632.0,3.24,"DES, Ministry of Agriculture & Farmers Welfare",64,Top total DES-reported production across available reporting years,3.235971009070458,1.7197349256230492,0.8816684832391166,0,20.738523566543563,81.18871354929118,Balod,geoBoundaries India ADM2 centroid,1532.9,25.63,Calendar year; proxy for DES reporting year starting this year,Open-Meteo Historical Weather API,Yield anomaly <= -20% vs preceding 5-year mean,Observed DES production + historical weather API
Chhattisgarh,Balod,2021,2021 - 2022,Whole Year,All Crops,194131.0,585238.0,3.01,"DES, Ministry of Agriculture & Farmers Welfare",64,Top total DES-reported production across available reporting years,3.0146550525160847,2.1492392036579298,0.402661484764119,0,20.738523566543563,81.18871354929118,Balod,geoBoundaries India ADM2 centroid,1045.6,25.7,Calendar year; proxy for DES reporting year starting this year,Open-Meteo Historical Weather API,Yield anomaly <= -20% vs preceding 5-year mean,Observed DES production + historical weather API
Chhattisgarh,Balod,2022,2022 - 2023,Whole Year,All Crops,193620.0,582628.0,3.01,"DES, Ministry of Agriculture & Farmers Welfare",64,Top total DES-reported production across available reporting years,3.009131288090073,2.282683923188481,0.318242643022991,0,20.738523566543563,81.18871354929118,Balod,geoBoundaries India ADM2 centroid,1583.6,25.64,Calendar year; proxy for DES reporting year starting this year,Open-Meteo Historical Weather API,Yield anomaly <= -20% vs preceding 5-year mean,Observed DES production + historical weather API
Chhattisgarh,Baloda bazar,2013,2013 - 2014,Whole Year,All Crops,223120.0,324941.0,1.46,"DES, Ministry of Agriculture & Farmers Welfare",61,Top total DES-reported production across available reporting years,1.4563508425959124,,,,21.553992751183127,82.30810820147455,Baloda Bazar,geoBoundaries India ADM2 centroid,1538.8,26.14,Calendar year; proxy for DES reporting year starting this year,Open-Meteo Historical Weather API,Yield anomaly <= -20% vs preceding 5-year mean,Observed DES production + historical weather API
Chhattisgarh,Baloda bazar,2014,2014 - 2015,Whole Year,All Crops,238360.0,383684.0,1.61,"DES, Ministry of Agriculture & Farmers Welfare",61,Top total DES-reported production across available reporting years,1.6096828326900487,,,,21.553992751183127,82.30810820147455,Baloda Bazar,geoBoundaries India ADM2 centroid,1310.9,26.67,Calendar year; proxy for DES reporting year starting this year,Open-Meteo Historical Weather API,Yield anomaly <= -20% vs preceding 5-year mean,Observed DES production + historical weather API
Chhattisgarh,Baloda bazar,2015,2015 - 2016,Whole Year,All Crops,239456.0,339816.0,1.42,"DES, Ministry of Agriculture & Farmers Welfare",61,Top total DES-reported production across available reporting years,1.419116664439396,,,,21.553992751183127,82.30810820147455,Baloda Bazar,geoBoundaries India ADM2 centroid,1257.4,26.89,Calendar year; proxy for DES reporting year starting this year,Open-Meteo Historical Weather API,Yield anomaly <= -20% vs preceding 5-year mean,Observed DES production + historical weather API
Chhattisgarh,Baloda bazar,2016,2016 - 2017,Whole Year,All Crops,225526.0,412515.0,1.83,"DES, Ministry of Agriculture & Farmers Welfare",61,Top total DES-reported production across available reporting years,1.829123914759274,1.4950501132417857,0.22345324652235288,0,21.553992751183127,82.30810820147455,Baloda Bazar,geoBoundaries India ADM2 centroid,1427.4,27.08,Calendar year; proxy for DES reporting year starting this year,Open-Meteo Historical Weather API,Yield anomaly <= -20% vs preceding 5-year mean,Observed DES production + historical weather API
Chhattisgarh,Baloda bazar,2017,2017 - 2018,Whole Year,All Crops,225580.0,279965.0,1.24,"DES, Ministry of Agriculture & Farmers Welfare",61,Top total DES-reported production across available reporting years,1.2410896356059935,1.5785685636211577,-0.21378794421257463,1,21.553992751183127,82.30810820147455,Baloda Bazar,geoBoundaries India ADM2 centroid,1447.7,26.68,Calendar year; proxy for DES reporting year starting this year,Open-Meteo Historical Weather API,Yield anomaly <= -20% vs preceding 5-year mean,Observed DES production + historical weather API
Chhattisgarh,Baloda bazar,2018,2018 - 2019,Whole Year,All Crops,232934.0,308961.0,1.33,"DES, Ministry of Agriculture & Farmers Welfare",61,Top total DES-reported production across available reporting years,1.3263885907596142,1.511072778018125,-0.12222057729127822,0,21.553992751183127,82.30810820147455,Baloda Bazar,geoBoundaries India ADM2 centroid,1303.5,26.02,Calendar year; proxy for DES reporting year starting this year,Open-Meteo Historical Weather API,Yield anomaly <= -20% vs preceding 5-year mean,Observed DES production + historical weather API
Chhattisgarh,Baloda bazar,2019,2019 - 2020,Whole Year,All Crops,235090.0,396497.0,1.69,"DES, Ministry of Agriculture & Farmers Welfare",61,Top total DES-reported production across available reporting years,1.6865753541196988,1.4850803276508653,0.1356795472387431,0,21.553992751183127,82.30810820147455,Baloda Bazar,geoBoundaries India ADM2 centroid,1594.5,26.29,Calendar year; proxy for DES reporting year starting this year,Open-Meteo Historical Weather API,Yield anomaly <= -20% vs preceding 5-year mean,Observed DES production + historical weather API
Chhattisgarh,Baloda bazar,2020,2020 - 2021,Whole Year,All Crops,238962.0,631463.0,2.64,"DES, Ministry of Agriculture & Farmers Welfare",61,Top total DES-reported production across available reporting years,2.6425247528895808,1.5004588319367953,0.7611444557119935,0,21.553992751183127,82.30810820147455,Baloda Bazar,geoBoundaries India ADM2 centroid,1567.9,25.56,Calendar year; proxy for DES reporting year starting this year,Open-Meteo Historical Weather API,Yield anomaly <= -20% vs preceding 5-year mean,Observed DES production + historical weather API
Chhattisgarh,Baloda bazar,2021,2021 - 2022,Whole Year,All Crops,243319.0,623838.0,2.56,"DES, Ministry of Agriculture & Farmers Welfare",61,Top total DES-reported production across available reporting years,2.5638688306297492,1.7451404496268323,0.4691475583973701,0,21.553992751183127,82.30810820147455,Baloda Bazar,geoBoundaries India ADM2 centroid,1256.3,26.07,Calendar year; proxy for DES reporting year starting this year,Open-Meteo Historical Weather API,Yield anomaly <= -20% vs preceding 5-year mean,Observed DES production + historical weather API
Chhattisgarh,Baloda bazar,2022,2022 - 2023,Whole Year,All Crops,203076.0,547114.0,2.69,"DES, Ministry of Agriculture & Farmers Welfare",61,Top total DES-reported production across available reporting years,2.694134215761587,1.8920894328009275,0.4238936960677191,0,21.553992751183127,82.30810820147455,Baloda Bazar,geoBoundaries India ADM2 centroid,1458.9,26.1,Calendar year; proxy for DES reporting year starting this year,Open-Meteo Historical Weather API,Yield anomaly <= -20% vs preceding 5-year mean,Observed DES production + historical weather API
West Bengal,Bankura,2013,2013 - 2014,Whole Year,All Crops,377610.0,1045356.0,2.77,"DES, Ministry of Agriculture & Farmers Welfare",6,Top total DES-reported production across available reporting years,2.7683482958608088,,,,23.141454166601765,87.13443709055578,Bankura,geoBoundaries India ADM2 centroid,1418.3,25.19,Calendar year; proxy for DES reporting year starting this year,Open-Meteo Historical Weather API,Yield anomaly <= -20% vs preceding 5-year mean,Observed DES production + historical weather API
West Bengal,Bankura,2014,2014 - 2015,Whole Year,All Crops,356087.0,984156.0,2.76,"DES, Ministry of Agriculture & Farmers Welfare",6,Top total DES-reported production across available reporting years,2.763807721146798,,,,23.141454166601765,87.13443709055578,Bankura,geoBoundaries India ADM2 centroid,1184.7,25.59,Calendar year; proxy for DES reporting year starting this year,Open-Meteo Historical Weather API,Yield anomaly <= -20% vs preceding 5-year mean,Observed DES production + historical weather API
West Bengal,Bankura,2015,2015 - 2016,Whole Year,All Crops,360613.0,990643.0,2.75,"DES, Ministry of Agriculture & Farmers Welfare",6,Top total DES-reported production across available reporting years,2.747108395981287,,,,23.141454166601765,87.13443709055578,Bankura,geoBoundaries India ADM2 centroid,1574.6,25.99,Calendar year; proxy for DES reporting year starting this year,Open-Meteo Historical Weather API,Yield anomaly <= -20% vs preceding 5-year mean,Observed DES production + historical weather API
West Bengal,Bankura,2016,2016 - 2017,Whole Year,All Crops,376627.0,1058239.0,2.81,"DES, Ministry of Agriculture & Farmers Welfare",6,Top total DES-reported production across available reporting years,2.809779967978929,2.7597548043296314,0.01812666964862797,0,23.141454166601765,87.13443709055578,Bankura,geoBoundaries India ADM2 centroid,1237.6,26.26,Calendar year; proxy for DES reporting year starting this year,Open-Meteo Historical Weather API,Yield anomaly <= -20% vs preceding 5-year mean,Observed DES production + historical weather API
West Bengal,Bankura,2017,2017 - 2018,Whole Year,All Crops,384614.0,1081485.0,2.81,"DES, Ministry of Agriculture & Farmers Welfare",6,Top total DES-reported production across available reporting years,2.811871122736042,2.772261095241956,0.014287985919532842,0,23.141454166601765,87.13443709055578,Bankura,geoBoundaries India ADM2 centroid,1636.9,25.64,Calendar year; proxy for DES reporting year starting this year,Open-Meteo Historical Weather API,Yield anomaly <= -20% vs preceding 5-year mean,Observed DES production + historical weather API
West Bengal,Bankura,2018,2018 - 2019,Whole Year,All Crops,384203.0,921936.0,2.4,"DES, Ministry of Agriculture & Farmers Welfare",6,Top total DES-reported production across available reporting years,2.3996064580443153,2.7801831007407727,-0.1368890569096164,0,23.141454166601765,87.13443709055578,Bankura,geoBoundaries India ADM2 centroid,1473.8,25.27,Calendar year; proxy for DES reporting year starting this year,Open-Meteo Historical Weather API,Yield anomaly <= -20% vs preceding 5-year mean,Observed DES production + historical weather API
West Bengal,Bankura,2019,2019 - 2020,Whole Year,All Crops,386585.0,997336.0,2.58,"DES, Ministry of Agriculture & Farmers Welfare",6,Top total DES-reported production across available reporting years,2.579862126052485,2.706434733177474,-0.0467672859697551,0,23.141454166601765,87.13443709055578,Bankura,geoBoundaries India ADM2 centroid,1761.3,25.42,Calendar year; proxy for DES reporting year starting this year,Open-Meteo Historical Weather API,Yield anomaly <= -20% vs preceding 5-year mean,Observed DES production + historical weather API
West Bengal,Bankura,2020,2020 - 2021,Whole Year,All Crops,418570.0,1308248.0,3.13,"DES, Ministry of Agriculture & Farmers Welfare",6,Top total DES-reported production across available reporting years,3.1255178345318586,2.669645614158612,0.17076132425798507,0,23.141454166601765,87.13443709055578,Bankura,geoBoundaries India ADM2 centroid,1596.2,25.2,Calendar year; proxy for DES reporting year starting this year,Open-Meteo Historical Weather API,Yield anomaly <= -20% vs preceding 5-year mean,Observed DES production + historical weather API
West Bengal,Bankura,2021,2021 - 2022,Whole Year,All Crops,414890.0,1277977.0,3.08,"DES, Ministry of Agriculture & Farmers Welfare",6,Top total DES-reported production across available reporting years,3.0802791101255753,2.7453275018687258,0.12200788722979317,0,23.141454166601765,87.13443709055578,Bankura,geoBoundaries India ADM2 centroid,1972.1,25.55,Calendar year; proxy for DES reporting year starting this year,Open-Meteo Historical Weather API,Yield anomaly <= -20% vs preceding 5-year mean,Observed DES production + historical weather API
West Bengal,Bankura,2022,2022 - 2023,Whole Year,All Crops,355532.0,1050757.0,2.96,"DES, Ministry of Agriculture & Farmers Welfare",6,Top total DES-reported production across available reporting years,2.9554498610532947,2.7994273302980552,0.055733731348056814,0,23.141454166601765,87.13443709055578,Bankura,geoBoundaries India ADM2 centroid,1561.7,25.25,Calendar year; proxy for DES reporting year starting this year,Open-Meteo Historical Weather API,Yield anomaly <= -20% vs preceding 5-year mean,Observed DES production + historical weather API
Odisha,Bargarh,2013,2013 - 2014,Whole Year,All Crops,325000.0,741000.0,2.28,"DES, Ministry of Agriculture & Farmers Welfare",15,Top total DES-reported production across available reporting years,2.28,,,,21.220601346141414,83.35327253003422,Bargarh,geoBoundaries India ADM2 centroid,1411.3,26.51,Calendar year; proxy for DES reporting year starting this year,Open-Meteo Historical Weather API,Yield anomaly <= -20% vs preceding 5-year mean,Observed DES production + historical weather API
Odisha,Bargarh,2014,2014 - 2015,Whole Year,All Crops,307000.0,898000.0,2.93,"DES, Ministry of Agriculture & Farmers Welfare",15,Top total DES-reported production across available reporting years,2.9250814332247557,,,,21.220601346141414,83.35327253003422,Bargarh,geoBoundaries India ADM2 centroid,1642.1,26.75,Calendar year; proxy for DES reporting year starting this year,Open-Meteo Historical Weather API,Yield anomaly <= -20% vs preceding 5-year mean,Observed DES production + historical weather API
Odisha,Bargarh,2015,2015 - 2016,Whole Year,All Crops,307000.0,592000.0,1.93,"DES, Ministry of Agriculture & Farmers Welfare",15,Top total DES-reported production across available reporting years,1.9283387622149837,,,,21.220601346141414,83.35327253003422,Bargarh,geoBoundaries India ADM2 centroid,1215.6,27.23,Calendar year; proxy for DES reporting year starting this year,Open-Meteo Historical Weather API,Yield anomaly <= -20% vs preceding 5-year mean,Observed DES production + historical weather API
Odisha,Bargarh,2016,2016 - 2017,Whole Year,All Crops,278980.0,679940.0,2.44,"DES, Ministry of Agriculture & Farmers Welfare",15,Top total DES-reported production across available reporting years,2.437235644132196,2.3778067318132465,0.024993163457667,0,21.220601346141414,83.35327253003422,Bargarh,geoBoundaries India ADM2 centroid,1339.2,27.42,Calendar year; proxy for DES reporting year starting this year,Open-Meteo Historical Weather API,Yield anomaly <= -20% vs preceding 5-year mean,Observed DES production + historical weather API
Odisha,Bargarh,2017,2017 - 2018,Whole Year,All Crops,297360.0,311920.0,1.05,"DES, Ministry of Agriculture & Farmers Welfare",15,Top total DES-reported production across available reporting years,1.048964218455744,2.3926639598929835,-0.561591499667734,1,21.220601346141414,83.35327253003422,Bargarh,geoBoundaries India ADM2 centroid,1517.2,27.26,Calendar year; proxy for DES reporting year starting this year,Open-Meteo Historical Weather API,Yield anomaly <= -20% vs preceding 5-year mean,Observed DES production + historical weather API
Odisha,Bargarh,2018,2018 - 2019,Whole Year,All Crops,304810.0,599360.0,1.97,"DES, Ministry of Agriculture & Farmers Welfare",15,Top total DES-reported production across available reporting years,1.9663396870181424,2.123924011605536,-0.07419489761701537,0,21.220601346141414,83.35327253003422,Bargarh,geoBoundaries India ADM2 centroid,1597.9,26.73,Calendar year; proxy for DES reporting year starting this year,Open-Meteo Historical Weather API,Yield anomaly <= -20% vs preceding 5-year mean,Observed DES production + historical weather API
Odisha,Bargarh,2019,2019 - 2020,Whole Year,All Crops,299210.0,582000.0,1.95,"DES, Ministry of Agriculture & Farmers Welfare",15,Top total DES-reported production across available reporting years,1.9451221550081883,2.0611919490091646,-0.0563119771823154,0,21.220601346141414,83.35327253003422,Bargarh,geoBoundaries India ADM2 centroid,1815.7,26.83,Calendar year; proxy for DES reporting year starting this year,Open-Meteo Historical Weather API,Yield anomaly <= -20% vs preceding 5-year mean,Observed DES production + historical weather API
Odisha,Bargarh,2020,2020 - 2021,Whole Year,All Crops,324690.0,1047460.0,3.23,"DES, Ministry of Agriculture & Farmers Welfare",15,Top total DES-reported production across available reporting years,3.2260309833995504,1.865200093365851,0.7295897608379425,0,21.220601346141414,83.35327253003422,Bargarh,geoBoundaries India ADM2 centroid,1842.9,26.25,Calendar year; proxy for DES reporting year starting this year,Open-Meteo Historical Weather API,Yield anomaly <= -20% vs preceding 5-year mean,Observed DES production + historical weather API
Odisha,Bargarh,2021,2021 - 2022,Whole Year,All Crops,315696.0,817696.0,2.59,"DES, Ministry of Agriculture & Farmers Welfare",15,Top total DES-reported production across available reporting years,2.5901373473214737,2.1247385376027643,0.21903815527523474,0,21.220601346141414,83.35327253003422,Bargarh,geoBoundaries India ADM2 centroid,1231.8,26.58,Calendar year; proxy for DES reporting year starting this year,Open-Meteo Historical Weather API,Yield anomaly <= -20% vs preceding 5-year mean,Observed DES production + historical weather API
Odisha,Bargarh,2022,2022 - 2023,Whole Year,All Crops,325960.0,1311280.0,4.02,"DES, Ministry of Agriculture & Farmers Welfare",15,Top total DES-reported production across available reporting years,4.02282488648914,2.15531887824062,0.8664639033705115,0,21.220601346141414,83.35327253003422,Bargarh,geoBoundaries India ADM2 centroid,1739.9,26.42,Calendar year; proxy for DES reporting year starting this year,Open-Meteo Historical Weather API,Yield anomaly <= -20% vs preceding 5-year mean,Observed DES production + historical weather API
Punjab,Barnala,2013,2013 - 2014,Whole Year,All Crops,107000.0,500000.0,4.67,"DES, Ministry of Agriculture & Farmers Welfare",38,Top total DES-reported production across available reporting years,4.672897196261682,,,,30.38647546804211,75.50068209451841,Barnala,geoBoundaries India ADM2 centroid,733.1,23.58,Calendar year; proxy for DES reporting year starting this year,Open-Meteo Historical Weather API,Yield anomaly <= -20% vs preceding 5-year mean,Observed DES production + historical weather API
Punjab,Barnala,2014,2014 - 2015,Whole Year,All Crops,108000.0,507000.0,4.69,"DES, Ministry of Agriculture & Farmers Welfare",38,Top total DES-reported production across available reporting years,4.694444444444445,,,,30.38647546804211,75.50068209451841,Barnala,geoBoundaries India ADM2 centroid,478.2,23.9,Calendar year; proxy for DES reporting year starting this year,Open-Meteo Historical Weather API,Yield anomaly <= -20% vs preceding 5-year mean,Observed DES production + historical weather API
Punjab,Barnala,2015,2015 - 2016,Whole Year,All Crops,110000.0,511000.0,4.65,"DES, Ministry of Agriculture & Farmers Welfare",38,Top total DES-reported production across available reporting years,4.6454545454545455,,,,30.38647546804211,75.50068209451841,Barnala,geoBoundaries India ADM2 centroid,1051.8,23.19,Calendar year; proxy for DES reporting year starting this year,Open-Meteo Historical Weather API,Yield anomaly <= -20% vs preceding 5-year mean,Observed DES production + historical weather API
Punjab,Barnala,2016,2016 - 2017,Whole Year,All Crops,112000.0,516000.0,4.61,"DES, Ministry of Agriculture & Farmers Welfare",38,Top total DES-reported production across available reporting years,4.607142857142857,4.6709320620535575,-0.01365663299385611,0,30.38647546804211,75.50068209451841,Barnala,geoBoundaries India ADM2 centroid,421.3,24.98,Calendar year; proxy for DES reporting year starting this year,Open-Meteo Historical Weather API,Yield anomaly <= -20% vs preceding 5-year mean,Observed DES production + historical weather API
Punjab,Barnala,2017,2017 - 2018,Whole Year,All Crops,113000.0,565000.0,5.0,"DES, Ministry of Agriculture & Farmers Welfare",38,Top total DES-reported production across available reporting years,5.0,4.654984760825882,0.07411737243000238,0,30.38647546804211,75.50068209451841,Barnala,geoBoundaries India ADM2 centroid,643.8,23.62,Calendar year; proxy for DES reporting year starting this year,Open-Meteo Historical Weather API,Yield anomaly <= -20% vs preceding 5-year mean,Observed DES production + historical weather API
Punjab,Barnala,2018,2018 - 2019,Whole Year,All Crops,114000.0,567000.0,4.97,"DES, Ministry of Agriculture & Farmers Welfare",38,Top total DES-reported production across available reporting years,4.973684210526316,4.723987808660706,0.05285712240997542,0,30.38647546804211,75.50068209451841,Barnala,geoBoundaries India ADM2 centroid,685.2,23.25,Calendar year; proxy for DES reporting year starting this year,Open-Meteo Historical Weather API,Yield anomaly <= -20% vs preceding 5-year mean,Observed DES production + historical weather API
Punjab,Barnala,2019,2019 - 2020,Whole Year,All Crops,114000.0,525000.0,4.61,"DES, Ministry of Agriculture & Farmers Welfare",38,Top total DES-reported production across available reporting years,4.605263157894737,4.784145211513632,-0.03739059867756378,0,30.38647546804211,75.50068209451841,Barnala,geoBoundaries India ADM2 centroid,772.4,23.03,Calendar year; proxy for DES reporting year starting this year,Open-Meteo Historical Weather API,Yield anomaly <= -20% vs preceding 5-year mean,Observed DES production + historical weather API
Punjab,Barnala,2020,2020 - 2021,Whole Year,All Crops,115300.0,602000.0,5.22,"DES, Ministry of Agriculture & Farmers Welfare",38,Top total DES-reported production across available reporting years,5.2211621856027755,4.766308954203692,0.09543091641130852,0,30.38647546804211,75.50068209451841,Barnala,geoBoundaries India ADM2 centroid,533.1,23.12,Calendar year; proxy for DES reporting year starting this year,Open-Meteo Historical Weather API,Yield anomaly <= -20% vs preceding 5-year mean,Observed DES production + historical weather API
Punjab,Barnala,2021,2021 - 2022,Whole Year,All Crops,116100.0,551000.0,4.75,"DES, Ministry of Agriculture & Farmers Welfare",38,Top total DES-reported production across available reporting years,4.745908699397072,4.881450482233337,-0.02776670240322765,0,30.38647546804211,75.50068209451841,Barnala,geoBoundaries India ADM2 centroid,639.4,23.45,Calendar year; proxy for DES reporting year starting this year,Open-Meteo Historical Weather API,Yield anomaly <= -20% vs preceding 5-year mean,Observed DES production + historical weather API
Punjab,Barnala,2022,2022 - 2023,Whole Year,All Crops,114500.0,601000.0,5.25,"DES, Ministry of Agriculture & Farmers Welfare",38,Top total DES-reported production across available reporting years,5.248908296943231,4.90920365068418,0.06919750542671155,0,30.38647546804211,75.50068209451841,Barnala,geoBoundaries India ADM2 centroid,775.8,23.72,Calendar year; proxy for DES reporting year starting this year,Open-Meteo Historical Weather API,Yield anomaly <= -20% vs preceding 5-year mean,Observed DES production + historical weather API
Punjab,Bathinda,2013,2013 - 2014,Whole Year,All Crops,111000.0,501000.0,4.51,"DES, Ministry of Agriculture & Farmers Welfare",17,Top total DES-reported production across available reporting years,4.513513513513513,,,,30.182541569135864,75.04161353165237,Bathinda,geoBoundaries India ADM2 centroid,587.3,24.28,Calendar year; proxy for DES reporting year starting this year,Open-Meteo Historical Weather API,Yield anomaly <= -20% vs preceding 5-year mean,Observed DES production + historical weather API
Punjab,Bathinda,2014,2014 - 2015,Whole Year,All Crops,119000.0,529000.0,4.45,"DES, Ministry of Agriculture & Farmers Welfare",17,Top total DES-reported production across available reporting years,4.445378151260504,,,,30.182541569135864,75.04161353165237,Bathinda,geoBoundaries India ADM2 centroid,402.9,24.42,Calendar year; proxy for DES reporting year starting this year,Open-Meteo Historical Weather API,Yield anomaly <= -20% vs preceding 5-year mean,Observed DES production + historical weather API
Punjab,Bathinda,2015,2015 - 2016,Whole Year,All Crops,137000.0,620000.0,4.53,"DES, Ministry of Agriculture & Farmers Welfare",17,Top total DES-reported production across available reporting years,4.525547445255475,,,,30.182541569135864,75.04161353165237,Bathinda,geoBoundaries India ADM2 centroid,689.7,24.25,Calendar year; proxy for DES reporting year starting this year,Open-Meteo Historical Weather API,Yield anomaly <= -20% vs preceding 5-year mean,Observed DES production + historical weather API
Punjab,Bathinda,2016,2016 - 2017,Whole Year,All Crops,152000.0,689000.0,4.53,"DES, Ministry of Agriculture & Farmers Welfare",17,Top total DES-reported production across available reporting years,4.532894736842105,4.494813036676497,0.008472365781373226,0,30.182541569135864,75.04161353165237,Bathinda,geoBoundaries India ADM2 centroid,397.4,25.77,Calendar year; proxy for DES reporting year starting this year,Open-Meteo Historical Weather API,Yield anomaly <= -20% vs preceding 5-year mean,Observed DES production + historical weather API
Punjab,Bathinda,2017,2017 - 2018,Whole Year,All Crops,160000.0,747000.0,4.67,"DES, Ministry of Agriculture & Farmers Welfare",17,Top total DES-reported production across available reporting years,4.66875,4.504333461717899,0.03650185752885937,0,30.182541569135864,75.04161353165237,Bathinda,geoBoundaries India ADM2 centroid,459.7,24.66,Calendar year; proxy for DES reporting year starting this year,Open-Meteo Historical Weather API,Yield anomaly <= -20% vs preceding 5-year mean,Observed DES production + historical weather API
Punjab,Bathinda,2018,2018 - 2019,Whole Year,All Crops,167000.0,762000.0,4.56,"DES, Ministry of Agriculture & Farmers Welfare",17,Top total DES-reported production across available reporting years,4.562874251497006,4.53721676937432,0.00565489449300105,0,30.182541569135864,75.04161353165237,Bathinda,geoBoundaries India ADM2 centroid,375.9,24.47,Calendar year; proxy for DES reporting year starting this year,Open-Meteo Historical Weather API,Yield anomaly <= -20% vs preceding 5-year mean,Observed DES production + historical weather API
Punjab,Bathinda,2019,2019 - 2020,Whole Year,All Crops,179000.0,764000.0,4.27,"DES, Ministry of Agriculture & Farmers Welfare",17,Top total DES-reported production across available reporting years,4.268156424581005,4.547088916971019,-0.06134309169740637,0,30.182541569135864,75.04161353165237,Bathinda,geoBoundaries India ADM2 centroid,472.8,24.15,Calendar year; proxy for DES reporting year starting this year,Open-Meteo Historical Weather API,Yield anomaly <= -20% vs preceding 5-year mean,Observed DES production + historical weather API
Punjab,Bathinda,2020,2020 - 2021,Whole Year,All Crops,177200.0,822000.0,4.64,"DES, Ministry of Agriculture & Farmers Welfare",17,Top total DES-reported production across available reporting years,4.63882618510158,4.511644571635118,0.028189634942889175,0,30.182541569135864,75.04161353165237,Bathinda,geoBoundaries India ADM2 centroid,511.5,23.87,Calendar year; proxy for DES reporting year starting this year,Open-Meteo Historical Weather API,Yield anomaly <= -20% vs preceding 5-year mean,Observed DES production + historical weather API
Punjab,Bathinda,2021,2021 - 2022,Whole Year,All Crops,180400.0,829000.0,4.6,"DES, Ministry of Agriculture & Farmers Welfare",17,Top total DES-reported production across available reporting years,4.595343680709535,4.534300319604339,0.013462575657212206,0,30.182541569135864,75.04161353165237,Bathinda,geoBoundaries India ADM2 centroid,360.5,24.28,Calendar year; proxy for DES reporting year starting this year,Open-Meteo Historical Weather API,Yield anomaly <= -20% vs preceding 5-year mean,Observed DES production + historical weather API
Punjab,Bathinda,2022,2022 - 2023,Whole Year,All Crops,189800.0,901000.0,4.75,"DES, Ministry of Agriculture & Farmers Welfare",17,Top total DES-reported production across available reporting years,4.747102212855638,4.5467901083778255,0.044055718364637286,0,30.182541569135864,75.04161353165237,Bathinda,geoBoundaries India ADM2 centroid,575.0,24.52,Calendar year; proxy for DES reporting year starting this year,Open-Meteo Historical Weather API,Yield anomaly <= -20% vs preceding 5-year mean,Observed DES production + historical weather API
Odisha,Bhadrak,2013,2013 - 2014,Whole Year,All Crops,168000.0,247000.0,1.47,"DES, Ministry of Agriculture & Farmers Welfare",98,Top total DES-reported production across available reporting years,1.4702380952380953,,,,20.98681828107341,86.6195769186693,Bhadrak,geoBoundaries India ADM2 centroid,1669.7,26.3,Calendar year; proxy for DES reporting year starting this year,Open-Meteo Historical Weather API,Yield anomaly <= -20% vs preceding 5-year mean,Observed DES production + historical weather API
Odisha,Bhadrak,2014,2014 - 2015,Whole Year,All Crops,164000.0,233000.0,1.42,"DES, Ministry of Agriculture & Farmers Welfare",98,Top total DES-reported production across available reporting years,1.420731707317073,,,,20.98681828107341,86.6195769186693,Bhadrak,geoBoundaries India ADM2 centroid,1465.6,26.58,Calendar year; proxy for DES reporting year starting this year,Open-Meteo Historical Weather API,Yield anomaly <= -20% vs preceding 5-year mean,Observed DES production + historical weather API
Odisha,Bhadrak,2015,2015 - 2016,Whole Year,All Crops,162000.0,407000.0,2.51,"DES, Ministry of Agriculture & Farmers Welfare",98,Top total DES-reported production across available reporting years,2.5123456790123457,,,,20.98681828107341,86.6195769186693,Bhadrak,geoBoundaries India ADM2 centroid,1671.3,26.68,Calendar year; proxy for DES reporting year starting this year,Open-Meteo Historical Weather API,Yield anomaly <= -20% vs preceding 5-year mean,Observed DES production + historical weather API
Odisha,Bhadrak,2016,2016 - 2017,Whole Year,All Crops,155950.0,483760.0,3.1,"DES, Ministry of Agriculture & Farmers Welfare",98,Top total DES-reported production across available reporting years,3.102019878166079,1.8011051605225046,0.7222869303567905,0,20.98681828107341,86.6195769186693,Bhadrak,geoBoundaries India ADM2 centroid,1493.1,27.01,Calendar year; proxy for DES reporting year starting this year,Open-Meteo Historical Weather API,Yield anomaly <= -20% vs preceding 5-year mean,Observed DES production + historical weather API
Odisha,Bhadrak,2017,2017 - 2018,Whole Year,All Crops,158260.0,307400.0,1.94,"DES, Ministry of Agriculture & Farmers Welfare",98,Top total DES-reported production across available reporting years,1.9423733097434601,2.126333839933398,-0.08651535649533759,0,20.98681828107341,86.6195769186693,Bhadrak,geoBoundaries India ADM2 centroid,1995.3,26.55,Calendar year; proxy for DES reporting year starting this year,Open-Meteo Historical Weather API,Yield anomaly <= -20% vs preceding 5-year mean,Observed DES production + historical weather API
Odisha,Bhadrak,2018,2018 - 2019,Whole Year,All Crops,151110.0,274240.0,1.81,"DES, Ministry of Agriculture & Farmers Welfare",98,Top total DES-reported production across available reporting years,1.8148368738005427,2.0895417338954103,-0.1314665582595239,0,20.98681828107341,86.6195769186693,Bhadrak,geoBoundaries India ADM2 centroid,1995.0,26.25,Calendar year; proxy for DES reporting year starting this year,Open-Meteo Historical Weather API,Yield anomaly <= -20% vs preceding 5-year mean,Observed DES production + historical weather API
Odisha,Bhadrak,2019,2019 - 2020,Whole Year,All Crops,155360.0,277850.0,1.79,"DES, Ministry of Agriculture & Farmers Welfare",98,Top total DES-reported production across available reporting years,1.7884268795056644,2.1584614896079004,-0.17143442766238803,0,20.98681828107341,86.6195769186693,Bhadrak,geoBoundaries India ADM2 centroid,2158.5,26.42,Calendar year; proxy for DES reporting year starting this year,Open-Meteo Historical Weather API,Yield anomaly <= -20% vs preceding 5-year mean,Observed DES production + historical weather API
Odisha,Bhadrak,2020,2020 - 2021,Whole Year,All Crops,151702.0,334024.0,2.2,"DES, Ministry of Agriculture & Farmers Welfare",98,Top total DES-reported production across available reporting years,2.201843087104982,2.232000524045618,-0.013511393306473884,0,20.98681828107341,86.6195769186693,Bhadrak,geoBoundaries India ADM2 centroid,1768.3,26.24,Calendar year; proxy for DES reporting year starting this year,Open-Meteo Historical Weather API,Yield anomaly <= -20% vs preceding 5-year mean,Observed DES production + historical weather API
Odisha,Bhadrak,2021,2021 - 2022,Whole Year,All Crops,159332.0,396667.0,2.49,"DES, Ministry of Agriculture & Farmers Welfare",98,Top total DES-reported production across available reporting years,2.4895626741646373,2.1699000056641458,0.14731677389099396,0,20.98681828107341,86.6195769186693,Bhadrak,geoBoundaries India ADM2 centroid,1842.3,26.68,Calendar year; proxy for DES reporting year starting this year,Open-Meteo Historical Weather API,Yield anomaly <= -20% vs preceding 5-year mean,Observed DES production + historical weather API
Odisha,Bhadrak,2022,2022 - 2023,Whole Year,All Crops,141060.0,404430.0,2.87,"DES, Ministry of Agriculture & Farmers Welfare",98,Top total DES-reported production across available reporting years,2.8670778392173544,2.047408564863857,0.4003447521027643,0,20.98681828107341,86.6195769186693,Bhadrak,geoBoundaries India ADM2 centroid,1564.9,26.64,Calendar year; proxy for DES reporting year starting this year,Open-Meteo Historical Weather API,Yield anomaly <= -20% vs preceding 5-year mean,Observed DES production + historical weather API
West Bengal,Birbhum,2013,2013 - 2014,Whole Year,All Crops,384605.0,1274099.0,3.31,"DES, Ministry of Agriculture & Farmers Welfare",4,Top total DES-reported production across available reporting years,3.3127468441647925,,,,23.95370624123209,87.66555570909533,Birbhum,geoBoundaries India ADM2 centroid,1161.7,25.31,Calendar year; proxy for DES reporting year starting this year,Open-Meteo Historical Weather API,Yield anomaly <= -20% vs preceding 5-year mean,Observed DES production + historical weather API
West Bengal,Birbhum,2014,2014 - 2015,Whole Year,All Crops,384727.0,1261884.0,3.28,"DES, Ministry of Agriculture & Farmers Welfare",4,Top total DES-reported production across available reporting years,3.2799465595084305,,,,23.95370624123209,87.66555570909533,Birbhum,geoBoundaries India ADM2 centroid,1328.1,25.56,Calendar year; proxy for DES reporting year starting this year,Open-Meteo Historical Weather API,Yield anomaly <= -20% vs preceding 5-year mean,Observed DES production + historical weather API
West Bengal,Birbhum,2015,2015 - 2016,Whole Year,All Crops,399512.0,1340667.0,3.36,"DES, Ministry of Agriculture & Farmers Welfare",4,Top total DES-reported production across available reporting years,3.3557615290654597,,,,23.95370624123209,87.66555570909533,Birbhum,geoBoundaries India ADM2 centroid,1738.7,25.77,Calendar year; proxy for DES reporting year starting this year,Open-Meteo Historical Weather API,Yield anomaly <= -20% vs preceding 5-year mean,Observed DES production + historical weather API
West Bengal,Birbhum,2016,2016 - 2017,Whole Year,All Crops,401627.0,1309023.0,3.26,"DES, Ministry of Agriculture & Farmers Welfare",4,Top total DES-reported production across available reporting years,3.2593002960458337,3.3161516442462275,-0.017143772148971337,0,23.95370624123209,87.66555570909533,Birbhum,geoBoundaries India ADM2 centroid,1372.6,26.16,Calendar year; proxy for DES reporting year starting this year,Open-Meteo Historical Weather API,Yield anomaly <= -20% vs preceding 5-year mean,Observed DES production + historical weather API
West Bengal,Birbhum,2017,2017 - 2018,Whole Year,All Crops,423813.0,1376106.0,3.25,"DES, Ministry of Agriculture & Farmers Welfare",4,Top total DES-reported production across available reporting years,3.246965052983273,3.3019388071961293,-0.016648931861804384,0,23.95370624123209,87.66555570909533,Birbhum,geoBoundaries India ADM2 centroid,1888.5,25.67,Calendar year; proxy for DES reporting year starting this year,Open-Meteo Historical Weather API,Yield anomaly <= -20% vs preceding 5-year mean,Observed DES production + historical weather API
West Bengal,Birbhum,2018,2018 - 2019,Whole Year,All Crops,388365.0,1197661.0,3.08,"DES, Ministry of Agriculture & Farmers Welfare",4,Top total DES-reported production across available reporting years,3.0838541063175104,3.2909440563535584,-0.06292721677727586,0,23.95370624123209,87.66555570909533,Birbhum,geoBoundaries India ADM2 centroid,1336.9,25.25,Calendar year; proxy for DES reporting year starting this year,Open-Meteo Historical Weather API,Yield anomaly <= -20% vs preceding 5-year mean,Observed DES production + historical weather API
West Bengal,Birbhum,2019,2019 - 2020,Whole Year,All Crops,387173.0,1334010.0,3.45,"DES, Ministry of Agriculture & Farmers Welfare",4,Top total DES-reported production across available reporting years,3.4455140208640582,3.245165508784102,0.06173753281231642,0,23.95370624123209,87.66555570909533,Birbhum,geoBoundaries India ADM2 centroid,1604.4,25.53,Calendar year; proxy for DES reporting year starting this year,Open-Meteo Historical Weather API,Yield anomaly <= -20% vs preceding 5-year mean,Observed DES production + historical weather API
West Bengal,Birbhum,2020,2020 - 2021,Whole Year,All Crops,389659.0,1299947.0,3.34,"DES, Ministry of Agriculture & Farmers Welfare",4,Top total DES-reported production across available reporting years,3.3361143974603436,3.278279001055227,0.017641999471826653,0,23.95370624123209,87.66555570909533,Birbhum,geoBoundaries India ADM2 centroid,1844.9,25.15,Calendar year; proxy for DES reporting year starting this year,Open-Meteo Historical Weather API,Yield anomaly <= -20% vs preceding 5-year mean,Observed DES production + historical weather API
West Bengal,Birbhum,2021,2021 - 2022,Whole Year,All Crops,391218.0,1341135.0,3.43,"DES, Ministry of Agriculture & Farmers Welfare",4,Top total DES-reported production across available reporting years,3.4281014677238777,3.2743495747342037,0.046956468599463674,0,23.95370624123209,87.66555570909533,Birbhum,geoBoundaries India ADM2 centroid,1859.8,25.64,Calendar year; proxy for DES reporting year starting this year,Open-Meteo Historical Weather API,Yield anomaly <= -20% vs preceding 5-year mean,Observed DES production + historical weather API
West Bengal,Birbhum,2022,2022 - 2023,Whole Year,All Crops,269209.0,868762.0,3.23,"DES, Ministry of Agriculture & Farmers Welfare",4,Top total DES-reported production across available reporting years,3.2270912190900005,3.308109809069813,-0.02449090104496665,0,23.95370624123209,87.66555570909533,Birbhum,geoBoundaries India ADM2 centroid,1282.6,25.54,Calendar year; proxy for DES reporting year starting this year,Open-Meteo Historical Weather API,Yield anomaly <= -20% vs preceding 5-year mean,Observed DES production + historical weather API
Uttar Pradesh,Chandauli,2013,2013 - 2014,Whole Year,All Crops,112455.0,300817.0,2.67,"DES, Ministry of Agriculture & Farmers Welfare",92,Top total DES-reported production across available reporting years,2.6749988884442666,,,,25.137616688245384,83.26096988991786,Chandauli,geoBoundaries India ADM2 centroid,897.6,25.32,Calendar year; proxy for DES reporting year starting this year,Open-Meteo Historical Weather API,Yield anomaly <= -20% vs preceding 5-year mean,Observed DES production + historical weather API
Uttar Pradesh,Chandauli,2014,2014 - 2015,Whole Year,All Crops,102598.0,303793.0,2.96,"DES, Ministry of Agriculture & Farmers Welfare",92,Top total DES-reported production across available reporting years,2.961003138462738,,,,25.137616688245384,83.26096988991786,Chandauli,geoBoundaries India ADM2 centroid,779.3,25.47,Calendar year; proxy for DES reporting year starting this year,Open-Meteo Historical Weather API,Yield anomaly <= -20% vs preceding 5-year mean,Observed DES production + historical weather API
Uttar Pradesh,Chandauli,2015,2015 - 2016,Whole Year,All Crops,113922.0,351449.0,3.08,"DES, Ministry of Agriculture & Farmers Welfare",92,Top total DES-reported production across available reporting years,3.0849967521637613,,,,25.137616688245384,83.26096988991786,Chandauli,geoBoundaries India ADM2 centroid,913.8,26.09,Calendar year; proxy for DES reporting year starting this year,Open-Meteo Historical Weather API,Yield anomaly <= -20% vs preceding 5-year mean,Observed DES production + historical weather API
Uttar Pradesh,Chandauli,2016,2016 - 2017,Whole Year,All Crops,116007.0,319135.0,2.75,"DES, Ministry of Agriculture & Farmers Welfare",92,Top total DES-reported production across available reporting years,2.7509977846164455,2.9069995930235883,-0.0536642002914367,0,25.137616688245384,83.26096988991786,Chandauli,geoBoundaries India ADM2 centroid,1121.7,26.29,Calendar year; proxy for DES reporting year starting this year,Open-Meteo Historical Weather API,Yield anomaly <= -20% vs preceding 5-year mean,Observed DES production + historical weather API
Uttar Pradesh,Chandauli,2017,2017 - 2018,Whole Year,All Crops,114635.0,352159.0,3.07,"DES, Ministry of Agriculture & Farmers Welfare",92,Top total DES-reported production across available reporting years,3.0720024425350023,2.867999140921803,0.07113087960954934,0,25.137616688245384,83.26096988991786,Chandauli,geoBoundaries India ADM2 centroid,1213.3,26.08,Calendar year; proxy for DES reporting year starting this year,Open-Meteo Historical Weather API,Yield anomaly <= -20% vs preceding 5-year mean,Observed DES production + historical weather API
Uttar Pradesh,Chandauli,2018,2018 - 2019,Whole Year,All Crops,112163.0,357015.0,3.18,"DES, Ministry of Agriculture & Farmers Welfare",92,Top total DES-reported production across available reporting years,3.183001524566925,2.9087998012444425,0.09426627546013089,0,25.137616688245384,83.26096988991786,Chandauli,geoBoundaries India ADM2 centroid,1125.9,26.04,Calendar year; proxy for DES reporting year starting this year,Open-Meteo Historical Weather API,Yield anomaly <= -20% vs preceding 5-year mean,Observed DES production + historical weather API
Uttar Pradesh,Chandauli,2019,2019 - 2020,Whole Year,All Crops,114283.0,381591.0,3.34,"DES, Ministry of Agriculture & Farmers Welfare",92,Top total DES-reported production across available reporting years,3.3390005512630925,3.0104003284689744,0.10915499167555476,0,25.137616688245384,83.26096988991786,Chandauli,geoBoundaries India ADM2 centroid,1550.6,26.03,Calendar year; proxy for DES reporting year starting this year,Open-Meteo Historical Weather API,Yield anomaly <= -20% vs preceding 5-year mean,Observed DES production + historical weather API
Uttar Pradesh,Chandauli,2020,2020 - 2021,Whole Year,All Crops,114594.0,374035.0,3.26,"DES, Ministry of Agriculture & Farmers Welfare",92,Top total DES-reported production across available reporting years,3.2640016056687085,3.0859998110290454,0.05768042953324337,0,25.137616688245384,83.26096988991786,Chandauli,geoBoundaries India ADM2 centroid,1376.6,25.22,Calendar year; proxy for DES reporting year starting this year,Open-Meteo Historical Weather API,Yield anomaly <= -20% vs preceding 5-year mean,Observed DES production + historical weather API
Uttar Pradesh,Chandauli,2021,2021 - 2022,Whole Year,All Crops,117662.0,395344.0,3.36,"DES, Ministry of Agriculture & Farmers Welfare",92,Top total DES-reported production across available reporting years,3.359997280345396,3.121800781730035,0.07630099268645774,0,25.137616688245384,83.26096988991786,Chandauli,geoBoundaries India ADM2 centroid,1562.0,25.5,Calendar year; proxy for DES reporting year starting this year,Open-Meteo Historical Weather API,Yield anomaly <= -20% vs preceding 5-year mean,Observed DES production + historical weather API
Uttar Pradesh,Chandauli,2022,2022 - 2023,Whole Year,All Crops,114672.0,380826.0,3.32,"DES, Ministry of Agriculture & Farmers Welfare",92,Top total DES-reported production across available reporting years,3.3210025115110926,3.243600680875825,0.023862934513371625,0,25.137616688245384,83.26096988991786,Chandauli,geoBoundaries India ADM2 centroid,1072.0,26.07,Calendar year; proxy for DES reporting year starting this year,Open-Meteo Historical Weather API,Yield anomaly <= -20% vs preceding 5-year mean,Observed DES production + historical weather API
Bihar,Darbhanga,2013,2013 - 2014,Whole Year,All Crops,79663.0,124989.0,1.57,"DES, Ministry of Agriculture & Farmers Welfare",251,Top total DES-reported production across available reporting years,1.5689717936808807,,,,26.08719175541917,86.0478020880389,Darbhanga,geoBoundaries India ADM2 centroid,1461.6,24.73,Calendar year; proxy for DES reporting year starting this year,Open-Meteo Historical Weather API,Yield anomaly <= -20% vs preceding 5-year mean,Observed DES production + historical weather API
Bihar,Darbhanga,2014,2014 - 2015,Whole Year,All Crops,78981.0,134777.0,1.71,"DES, Ministry of Agriculture & Farmers Welfare",251,Top total DES-reported production across available reporting years,1.7064483863207607,,,,26.08719175541917,86.0478020880389,Darbhanga,geoBoundaries India ADM2 centroid,1234.6,24.92,Calendar year; proxy for DES reporting year starting this year,Open-Meteo Historical Weather API,Yield anomaly <= -20% vs preceding 5-year mean,Observed DES production + historical weather API
Bihar,Darbhanga,2015,2015 - 2016,Whole Year,All Crops,78960.0,110696.0,1.4,"DES, Ministry of Agriculture & Farmers Welfare",251,Top total DES-reported production across available reporting years,1.4019250253292805,,,,26.08719175541917,86.0478020880389,Darbhanga,geoBoundaries India ADM2 centroid,1187.9,25.26,Calendar year; proxy for DES reporting year starting this year,Open-Meteo Historical Weather API,Yield anomaly <= -20% vs preceding 5-year mean,Observed DES production + historical weather API
Bihar,Darbhanga,2016,2016 - 2017,Whole Year,All Crops,78608.0,144400.0,1.84,"DES, Ministry of Agriculture & Farmers Welfare",251,Top total DES-reported production across available reporting years,1.8369631589660085,1.5591150684436406,0.1782088417628629,0,26.08719175541917,86.0478020880389,Darbhanga,geoBoundaries India ADM2 centroid,1452.4,25.54,Calendar year; proxy for DES reporting year starting this year,Open-Meteo Historical Weather API,Yield anomaly <= -20% vs preceding 5-year mean,Observed DES production + historical weather API
Bihar,Darbhanga,2017,2017 - 2018,Whole Year,All Crops,78565.0,135762.0,1.73,"DES, Ministry of Agriculture & Farmers Welfare",251,Top total DES-reported production across available reporting years,1.7280213835677465,1.6285770910742325,0.06106207255311391,0,26.08719175541917,86.0478020880389,Darbhanga,geoBoundaries India ADM2 centroid,1690.4,24.67,Calendar year; proxy for DES reporting year starting this year,Open-Meteo Historical Weather API,Yield anomaly <= -20% vs preceding 5-year mean,Observed DES production + historical weather API
Bihar,Darbhanga,2018,2018 - 2019,Whole Year,All Crops,79959.0,101215.0,1.27,"DES, Ministry of Agriculture & Farmers Welfare",251,Top total DES-reported production across available reporting years,1.2658362410735502,1.6484659495729352,-0.23211259449945698,1,26.08719175541917,86.0478020880389,Darbhanga,geoBoundaries India ADM2 centroid,1076.6,24.55,Calendar year; proxy for DES reporting year starting this year,Open-Meteo Historical Weather API,Yield anomaly <= -20% vs preceding 5-year mean,Observed DES production + historical weather API
Bihar,Darbhanga,2019,2019 - 2020,Whole Year,All Crops,75021.0,100844.0,1.34,"DES, Ministry of Agriculture & Farmers Welfare",251,Top total DES-reported production across available reporting years,1.3442102877860866,1.5878388390514693,-0.15343405468713656,0,26.08719175541917,86.0478020880389,Darbhanga,geoBoundaries India ADM2 centroid,1819.7,24.86,Calendar year; proxy for DES reporting year starting this year,Open-Meteo Historical Weather API,Yield anomaly <= -20% vs preceding 5-year mean,Observed DES production + historical weather API
Bihar,Darbhanga,2020,2020 - 2021,Whole Year,All Crops,74672.0,79271.0,1.06,"DES, Ministry of Agriculture & Farmers Welfare",251,Top total DES-reported production across available reporting years,1.06158935076066,1.5153912193445342,-0.29946185697193184,1,26.08719175541917,86.0478020880389,Darbhanga,geoBoundaries India ADM2 centroid,1821.9,24.18,Calendar year; proxy for DES reporting year starting this year,Open-Meteo Historical Weather API,Yield anomaly <= -20% vs preceding 5-year mean,Observed DES production + historical weather API
Bihar,Darbhanga,2021,2021 - 2022,Whole Year,All Crops,101736.0,138784.0,1.36,"DES, Ministry of Agriculture & Farmers Welfare",251,Top total DES-reported production across available reporting years,1.3641582134151136,1.4473240844308104,-0.057461816541527044,0,26.08719175541917,86.0478020880389,Darbhanga,geoBoundaries India ADM2 centroid,1884.4,24.59,Calendar year; proxy for DES reporting year starting this year,Open-Meteo Historical Weather API,Yield anomaly <= -20% vs preceding 5-year mean,Observed DES production + historical weather API
Bihar,Darbhanga,2022,2022 - 2023,Whole Year,All Crops,96272.0,181810.0,1.89,"DES, Ministry of Agriculture & Farmers Welfare",251,Top total DES-reported production across available reporting years,1.8885034070134619,1.3527630953206313,0.39603409757851926,0,26.08719175541917,86.0478020880389,Darbhanga,geoBoundaries India ADM2 centroid,1362.4,24.27,Calendar year; proxy for DES reporting year starting this year,Open-Meteo Historical Weather API,Yield anomaly <= -20% vs preceding 5-year mean,Observed DES production + historical weather API
Assam,Dhemaji,2013,2013 - 2014,Whole Year,All Crops,82350.0,129145.0,1.57,"DES, Ministry of Agriculture & Farmers Welfare",259,Top total DES-reported production across available reporting years,1.5682452944748027,,,,27.574113623764195,94.76343796974326,Dhemaji,geoBoundaries India ADM2 centroid,2626.6,23.24,Calendar year; proxy for DES reporting year starting this year,Open-Meteo Historical Weather API,Yield anomaly <= -20% vs preceding 5-year mean,Observed DES production + historical weather API
Assam,Dhemaji,2014,2014 - 2015,Whole Year,All Crops,85539.0,131692.0,1.54,"DES, Ministry of Agriculture & Farmers Welfare",259,Top total DES-reported production across available reporting years,1.5395550567577363,,,,27.574113623764195,94.76343796974326,Dhemaji,geoBoundaries India ADM2 centroid,2372.2,23.36,Calendar year; proxy for DES reporting year starting this year,Open-Meteo Historical Weather API,Yield anomaly <= -20% vs preceding 5-year mean,Observed DES production + historical weather API
Assam,Dhemaji,2015,2015 - 2016,Whole Year,All Crops,80570.0,117402.0,1.46,"DES, Ministry of Agriculture & Farmers Welfare",259,Top total DES-reported production across available reporting years,1.457142857142857,,,,27.574113623764195,94.76343796974326,Dhemaji,geoBoundaries India ADM2 centroid,2645.8,23.16,Calendar year; proxy for DES reporting year starting this year,Open-Meteo Historical Weather API,Yield anomaly <= -20% vs preceding 5-year mean,Observed DES production + historical weather API
Assam,Dhemaji,2016,2016 - 2017,Whole Year,All Crops,72328.0,102040.0,1.41,"DES, Ministry of Agriculture & Farmers Welfare",259,Top total DES-reported production across available reporting years,1.410795266010397,1.5216477361251322,-0.07285028425634199,0,27.574113623764195,94.76343796974326,Dhemaji,geoBoundaries India ADM2 centroid,2693.5,23.35,Calendar year; proxy for DES reporting year starting this year,Open-Meteo Historical Weather API,Yield anomaly <= -20% vs preceding 5-year mean,Observed DES production + historical weather API
Assam,Dhemaji,2017,2017 - 2018,Whole Year,All Crops,69486.0,112157.0,1.61,"DES, Ministry of Agriculture & Farmers Welfare",259,Top total DES-reported production across available reporting years,1.6140949255965231,1.4939346185964482,0.0804321055984134,0,27.574113623764195,94.76343796974326,Dhemaji,geoBoundaries India ADM2 centroid,3714.3,23.03,Calendar year; proxy for DES reporting year starting this year,Open-Meteo Historical Weather API,Yield anomaly <= -20% vs preceding 5-year mean,Observed DES production + historical weather API
Assam,Dhemaji,2018,2018 - 2019,Whole Year,All Crops,69832.0,85616.0,1.23,"DES, Ministry of Agriculture & Farmers Welfare",259,Top total DES-reported production across available reporting years,1.2260281819223278,1.5179666799964633,-0.19232207262600498,0,27.574113623764195,94.76343796974326,Dhemaji,geoBoundaries India ADM2 centroid,3615.4,22.54,Calendar year; proxy for DES reporting year starting this year,Open-Meteo Historical Weather API,Yield anomaly <= -20% vs preceding 5-year mean,Observed DES production + historical weather API
Assam,Dhemaji,2019,2019 - 2020,Whole Year,All Crops,68970.0,86210.0,1.25,"DES, Ministry of Agriculture & Farmers Welfare",259,Top total DES-reported production across available reporting years,1.249963752356097,1.4495232574859682,-0.1376725099782009,0,27.574113623764195,94.76343796974326,Dhemaji,geoBoundaries India ADM2 centroid,3800.3,22.75,Calendar year; proxy for DES reporting year starting this year,Open-Meteo Historical Weather API,Yield anomaly <= -20% vs preceding 5-year mean,Observed DES production + historical weather API
Assam,Dhemaji,2020,2020 - 2021,Whole Year,All Crops,67519.0,99513.0,1.47,"DES, Ministry of Agriculture & Farmers Welfare",259,Top total DES-reported production across available reporting years,1.473851804677202,1.3916049966056403,0.059102121846483335,0,27.574113623764195,94.76343796974326,Dhemaji,geoBoundaries India ADM2 centroid,3886.7,22.65,Calendar year; proxy for DES reporting year starting this year,Open-Meteo Historical Weather API,Yield anomaly <= -20% vs preceding 5-year mean,Observed DES production + historical weather API
Assam,Dhemaji,2021,2021 - 2022,Whole Year,All Crops,67908.0,103807.0,1.53,"DES, Ministry of Agriculture & Farmers Welfare",259,Top total DES-reported production across available reporting years,1.528641691700536,1.3949467861125096,0.09584229801382782,0,27.574113623764195,94.76343796974326,Dhemaji,geoBoundaries India ADM2 centroid,2465.4,23.2,Calendar year; proxy for DES reporting year starting this year,Open-Meteo Historical Weather API,Yield anomaly <= -20% vs preceding 5-year mean,Observed DES production + historical weather API
Assam,Dhemaji,2022,2022 - 2023,Whole Year,All Crops,77044.0,167720.0,2.18,"DES, Ministry of Agriculture & Farmers Welfare",259,Top total DES-reported production across available reporting years,2.176937853693993,1.4185160712505371,0.5346585758276572,0,27.574113623764195,94.76343796974326,Dhemaji,geoBoundaries India ADM2 centroid,4671.4,22.57,Calendar year; proxy for DES reporting year starting this year,Open-Meteo Historical Weather API,Yield anomaly <= -20% vs preceding 5-year mean,Observed DES production + historical weather API
Andhra Pradesh,East godavari,2013,2013 - 2014,Whole Year,All Crops,404682.0,1211706.0,2.99,"DES, Ministry of Agriculture & Farmers Welfare",2,Top total DES-reported production across available reporting years,2.9942176820318176,,,,17.194085358659937,82.01404957496521,East Godavari,geoBoundaries India ADM2 centroid,1471.4,26.74,Calendar year; proxy for DES reporting year starting this year,Open-Meteo Historical Weather API,Yield anomaly <= -20% vs preceding 5-year mean,Observed DES production + historical weather API
Andhra Pradesh,East godavari,2014,2014 - 2015,Whole Year,All Crops,394117.0,1563229.0,3.97,"DES, Ministry of Agriculture & Farmers Welfare",2,Top total DES-reported production across available reporting years,3.9664084523123844,,,,17.194085358659937,82.01404957496521,East Godavari,geoBoundaries India ADM2 centroid,1040.6,27.18,Calendar year; proxy for DES reporting year starting this year,Open-Meteo Historical Weather API,Yield anomaly <= -20% vs preceding 5-year mean,Observed DES production + historical weather API
Andhra Pradesh,East godavari,2015,2015 - 2016,Whole Year,All Crops,381740.0,1445573.0,3.79,"DES, Ministry of Agriculture & Farmers Welfare",2,Top total DES-reported production across available reporting years,3.7867999161733117,,,,17.194085358659937,82.01404957496521,East Godavari,geoBoundaries India ADM2 centroid,1107.7,27.43,Calendar year; proxy for DES reporting year starting this year,Open-Meteo Historical Weather API,Yield anomaly <= -20% vs preceding 5-year mean,Observed DES production + historical weather API
Andhra Pradesh,East godavari,2016,2016 - 2017,Whole Year,All Crops,383959.0,1627030.0,4.24,"DES, Ministry of Agriculture & Farmers Welfare",2,Top total DES-reported production across available reporting years,4.237509734112236,3.582475350172505,0.18284407285822346,0,17.194085358659937,82.01404957496521,East Godavari,geoBoundaries India ADM2 centroid,1400.7,27.63,Calendar year; proxy for DES reporting year starting this year,Open-Meteo Historical Weather API,Yield anomaly <= -20% vs preceding 5-year mean,Observed DES production + historical weather API
Andhra Pradesh,East godavari,2017,2017 - 2018,Whole Year,All Crops,386539.0,1672790.0,4.33,"DES, Ministry of Agriculture & Farmers Welfare",2,Top total DES-reported production across available reporting years,4.327609891886718,3.7462339461574374,0.1551894393369655,0,17.194085358659937,82.01404957496521,East Godavari,geoBoundaries India ADM2 centroid,1245.3,27.6,Calendar year; proxy for DES reporting year starting this year,Open-Meteo Historical Weather API,Yield anomaly <= -20% vs preceding 5-year mean,Observed DES production + historical weather API
Andhra Pradesh,East godavari,2018,2018 - 2019,Whole Year,All Crops,385598.0,1723728.0,4.47,"DES, Ministry of Agriculture & Farmers Welfare",2,Top total DES-reported production across available reporting years,4.470272148714464,3.8625091353032937,0.15734927533406284,0,17.194085358659937,82.01404957496521,East Godavari,geoBoundaries India ADM2 centroid,1451.7,27.33,Calendar year; proxy for DES reporting year starting this year,Open-Meteo Historical Weather API,Yield anomaly <= -20% vs preceding 5-year mean,Observed DES production + historical weather API
Andhra Pradesh,East godavari,2019,2019 - 2020,Whole Year,All Crops,387586.0,1632480.0,4.21,"DES, Ministry of Agriculture & Farmers Welfare",2,Top total DES-reported production across available reporting years,4.211916839101516,4.157720028639823,0.013035223653436567,0,17.194085358659937,82.01404957496521,East Godavari,geoBoundaries India ADM2 centroid,1585.0,27.72,Calendar year; proxy for DES reporting year starting this year,Open-Meteo Historical Weather API,Yield anomaly <= -20% vs preceding 5-year mean,Observed DES production + historical weather API
Andhra Pradesh,East godavari,2020,2020 - 2021,Whole Year,All Crops,398611.0,1424839.0,3.57,"DES, Ministry of Agriculture & Farmers Welfare",2,Top total DES-reported production across available reporting years,3.5745099859261287,4.206821705997649,-0.1503062797194462,0,17.194085358659937,82.01404957496521,East Godavari,geoBoundaries India ADM2 centroid,1918.1,27.43,Calendar year; proxy for DES reporting year starting this year,Open-Meteo Historical Weather API,Yield anomaly <= -20% vs preceding 5-year mean,Observed DES production + historical weather API
Andhra Pradesh,East godavari,2021,2021 - 2022,Whole Year,All Crops,430625.0,1447672.0,3.36,"DES, Ministry of Agriculture & Farmers Welfare",2,Top total DES-reported production across available reporting years,3.3617927431059504,4.164363719948212,-0.19272355414052122,0,17.194085358659937,82.01404957496521,East Godavari,geoBoundaries India ADM2 centroid,1415.8,27.36,Calendar year; proxy for DES reporting year starting this year,Open-Meteo Historical Weather API,Yield anomaly <= -20% vs preceding 5-year mean,Observed DES production + historical weather API
Andhra Pradesh,East godavari,2022,2022 - 2023,Whole Year,All Crops,132082.0,580924.0,4.4,"DES, Ministry of Agriculture & Farmers Welfare",2,Top total DES-reported production across available reporting years,4.398207174331097,3.9892203217469557,0.10252300439626727,0,17.194085358659937,82.01404957496521,East Godavari,geoBoundaries India ADM2 centroid,1570.9,27.27,Calendar year; proxy for DES reporting year starting this year,Open-Meteo Historical Weather API,Yield anomaly <= -20% vs preceding 5-year mean,Observed DES production + historical weather API
Punjab,Faridkot,2013,2013 - 2014,Whole Year,All Crops,104000.0,443000.0,4.26,"DES, Ministry of Agriculture & Farmers Welfare",54,Top total DES-reported production across available reporting years,4.259615384615385,,,,30.610222868303147,74.78160165200046,Faridkot,geoBoundaries India ADM2 centroid,525.4,24.11,Calendar year; proxy for DES reporting year starting this year,Open-Meteo Historical Weather API,Yield anomaly <= -20% vs preceding 5-year mean,Observed DES production + historical weather API
Punjab,Faridkot,2014,2014 - 2015,Whole Year,All Crops,106000.0,421000.0,3.97,"DES, Ministry of Agriculture & Farmers Welfare",54,Top total DES-reported production across available reporting years,3.9716981132075473,,,,30.610222868303147,74.78160165200046,Faridkot,geoBoundaries India ADM2 centroid,394.8,24.12,Calendar year; proxy for DES reporting year starting this year,Open-Meteo Historical Weather API,Yield anomaly <= -20% vs preceding 5-year mean,Observed DES production + historical weather API
Punjab,Faridkot,2015,2015 - 2016,Whole Year,All Crops,110000.0,439000.0,3.99,"DES, Ministry of Agriculture & Farmers Welfare",54,Top total DES-reported production across available reporting years,3.9909090909090907,,,,30.610222868303147,74.78160165200046,Faridkot,geoBoundaries India ADM2 centroid,696.8,23.82,Calendar year; proxy for DES reporting year starting this year,Open-Meteo Historical Weather API,Yield anomaly <= -20% vs preceding 5-year mean,Observed DES production + historical weather API
Punjab,Faridkot,2016,2016 - 2017,Whole Year,All Crops,115000.0,468000.0,4.07,"DES, Ministry of Agriculture & Farmers Welfare",54,Top total DES-reported production across available reporting years,4.069565217391304,4.074074196244008,-0.0011067493215664026,0,30.610222868303147,74.78160165200046,Faridkot,geoBoundaries India ADM2 centroid,357.1,25.49,Calendar year; proxy for DES reporting year starting this year,Open-Meteo Historical Weather API,Yield anomaly <= -20% vs preceding 5-year mean,Observed DES production + historical weather API
Punjab,Faridkot,2017,2017 - 2018,Whole Year,All Crops,115000.0,511000.0,4.44,"DES, Ministry of Agriculture & Farmers Welfare",54,Top total DES-reported production across available reporting years,4.443478260869565,4.072946951530832,0.09097376267065482,0,30.610222868303147,74.78160165200046,Faridkot,geoBoundaries India ADM2 centroid,418.7,24.89,Calendar year; proxy for DES reporting year starting this year,Open-Meteo Historical Weather API,Yield anomaly <= -20% vs preceding 5-year mean,Observed DES production + historical weather API
Punjab,Faridkot,2018,2018 - 2019,Whole Year,All Crops,116000.0,477000.0,4.11,"DES, Ministry of Agriculture & Farmers Welfare",54,Top total DES-reported production across available reporting years,4.112068965517241,4.1470532133985785,-0.008435929340937287,0,30.610222868303147,74.78160165200046,Faridkot,geoBoundaries India ADM2 centroid,387.5,24.5,Calendar year; proxy for DES reporting year starting this year,Open-Meteo Historical Weather API,Yield anomaly <= -20% vs preceding 5-year mean,Observed DES production + historical weather API
Punjab,Faridkot,2019,2019 - 2020,Whole Year,All Crops,116000.0,436000.0,3.76,"DES, Ministry of Agriculture & Farmers Welfare",54,Top total DES-reported production across available reporting years,3.7586206896551726,4.117543929578949,-0.08716925576565238,0,30.610222868303147,74.78160165200046,Faridkot,geoBoundaries India ADM2 centroid,517.1,23.72,Calendar year; proxy for DES reporting year starting this year,Open-Meteo Historical Weather API,Yield anomaly <= -20% vs preceding 5-year mean,Observed DES production + historical weather API
Punjab,Faridkot,2020,2020 - 2021,Whole Year,All Crops,116200.0,477000.0,4.1,"DES, Ministry of Agriculture & Farmers Welfare",54,Top total DES-reported production across available reporting years,4.104991394148021,4.074928444868474,0.007377540412373262,0,30.610222868303147,74.78160165200046,Faridkot,geoBoundaries India ADM2 centroid,508.2,23.61,Calendar year; proxy for DES reporting year starting this year,Open-Meteo Historical Weather API,Yield anomaly <= -20% vs preceding 5-year mean,Observed DES production + historical weather API
Punjab,Faridkot,2021,2021 - 2022,Whole Year,All Crops,115700.0,503000.0,4.35,"DES, Ministry of Agriculture & Farmers Welfare",54,Top total DES-reported production across available reporting years,4.347450302506482,4.097744905516261,0.060937272267503895,0,30.610222868303147,74.78160165200046,Faridkot,geoBoundaries India ADM2 centroid,442.2,24.09,Calendar year; proxy for DES reporting year starting this year,Open-Meteo Historical Weather API,Yield anomaly <= -20% vs preceding 5-year mean,Observed DES production + historical weather API
Punjab,Faridkot,2022,2022 - 2023,Whole Year,All Crops,115900.0,519000.0,4.48,"DES, Ministry of Agriculture & Farmers Welfare",54,Top total DES-reported production across available reporting years,4.47799827437446,4.1533219225392966,0.0781726911350662,0,30.610222868303147,74.78160165200046,Faridkot,geoBoundaries India ADM2 centroid,627.8,24.38,Calendar year; proxy for DES reporting year starting this year,Open-Meteo Historical Weather API,Yield anomaly <= -20% vs preceding 5-year mean,Observed DES production + historical weather API
Haryana,Fatehabad,2013,2013 - 2014,Whole Year,All Crops,92000.0,356000.0,3.87,"DES, Ministry of Agriculture & Farmers Welfare",51,Top total DES-reported production across available reporting years,3.869565217391304,,,,29.575846481200724,75.58057912462931,Fatehabad,geoBoundaries India ADM2 centroid,526.2,24.24,Calendar year; proxy for DES reporting year starting this year,Open-Meteo Historical Weather API,Yield anomaly <= -20% vs preceding 5-year mean,Observed DES production + historical weather API
Haryana,Fatehabad,2014,2014 - 2015,Whole Year,All Crops,99000.0,366000.0,3.7,"DES, Ministry of Agriculture & Farmers Welfare",51,Top total DES-reported production across available reporting years,3.696969696969697,,,,29.575846481200724,75.58057912462931,Fatehabad,geoBoundaries India ADM2 centroid,373.3,24.57,Calendar year; proxy for DES reporting year starting this year,Open-Meteo Historical Weather API,Yield anomaly <= -20% vs preceding 5-year mean,Observed DES production + historical weather API
Haryana,Fatehabad,2015,2015 - 2016,Whole Year,All Crops,110000.0,447000.0,4.06,"DES, Ministry of Agriculture & Farmers Welfare",51,Top total DES-reported production across available reporting years,4.0636363636363635,,,,29.575846481200724,75.58057912462931,Fatehabad,geoBoundaries India ADM2 centroid,565.5,24.54,Calendar year; proxy for DES reporting year starting this year,Open-Meteo Historical Weather API,Yield anomaly <= -20% vs preceding 5-year mean,Observed DES production + historical weather API
Haryana,Fatehabad,2016,2016 - 2017,Whole Year,All Crops,116000.0,486000.0,4.19,"DES, Ministry of Agriculture & Farmers Welfare",51,Top total DES-reported production across available reporting years,4.189655172413793,3.876723759332455,0.08072058586274466,0,29.575846481200724,75.58057912462931,Fatehabad,geoBoundaries India ADM2 centroid,366.6,25.88,Calendar year; proxy for DES reporting year starting this year,Open-Meteo Historical Weather API,Yield anomaly <= -20% vs preceding 5-year mean,Observed DES production + historical weather API
Haryana,Fatehabad,2017,2017 - 2018,Whole Year,All Crops,117800.0,513100.0,4.36,"DES, Ministry of Agriculture & Farmers Welfare",51,Top total DES-reported production across available reporting years,4.355687606112054,3.954956612602789,0.10132373948991091,0,29.575846481200724,75.58057912462931,Fatehabad,geoBoundaries India ADM2 centroid,456.2,24.92,Calendar year; proxy for DES reporting year starting this year,Open-Meteo Historical Weather API,Yield anomaly <= -20% vs preceding 5-year mean,Observed DES production + historical weather API
Haryana,Fatehabad,2018,2018 - 2019,Whole Year,All Crops,124000.0,495000.0,3.99,"DES, Ministry of Agriculture & Farmers Welfare",51,Top total DES-reported production across available reporting years,3.9919354838709675,4.035102811304642,-0.010697949829862607,0,29.575846481200724,75.58057912462931,Fatehabad,geoBoundaries India ADM2 centroid,443.2,24.41,Calendar year; proxy for DES reporting year starting this year,Open-Meteo Historical Weather API,Yield anomaly <= -20% vs preceding 5-year mean,Observed DES production + historical weather API
Haryana,Fatehabad,2019,2019 - 2020,Whole Year,All Crops,128700.0,501700.0,3.9,"DES, Ministry of Agriculture & Farmers Welfare",51,Top total DES-reported production across available reporting years,3.8982128982128983,4.059576864600575,-0.0397489619656588,0,29.575846481200724,75.58057912462931,Fatehabad,geoBoundaries India ADM2 centroid,437.8,24.38,Calendar year; proxy for DES reporting year starting this year,Open-Meteo Historical Weather API,Yield anomaly <= -20% vs preceding 5-year mean,Observed DES production + historical weather API
Haryana,Fatehabad,2020,2020 - 2021,Whole Year,All Crops,126000.0,532000.0,4.22,"DES, Ministry of Agriculture & Farmers Welfare",51,Top total DES-reported production across available reporting years,4.222222222222222,4.099825504849216,0.029854128481379805,0,29.575846481200724,75.58057912462931,Fatehabad,geoBoundaries India ADM2 centroid,451.1,24.06,Calendar year; proxy for DES reporting year starting this year,Open-Meteo Historical Weather API,Yield anomaly <= -20% vs preceding 5-year mean,Observed DES production + historical weather API
Haryana,Fatehabad,2021,2021 - 2022,Whole Year,All Crops,129196.0,524150.0,4.06,"DES, Ministry of Agriculture & Farmers Welfare",51,Top total DES-reported production across available reporting years,4.057014149044862,4.131542676566387,-0.018038910246344964,0,29.575846481200724,75.58057912462931,Fatehabad,geoBoundaries India ADM2 centroid,410.3,24.42,Calendar year; proxy for DES reporting year starting this year,Open-Meteo Historical Weather API,Yield anomaly <= -20% vs preceding 5-year mean,Observed DES production + historical weather API
Haryana,Fatehabad,2022,2022 - 2023,Whole Year,All Crops,139930.0,586320.0,4.19,"DES, Ministry of Agriculture & Farmers Welfare",51,Top total DES-reported production across available reporting years,4.190095047523762,4.105014471892601,0.020726011129489352,0,29.575846481200724,75.58057912462931,Fatehabad,geoBoundaries India ADM2 centroid,489.8,24.67,Calendar year; proxy for DES reporting year starting this year,Open-Meteo Historical Weather API,Yield anomaly <= -20% vs preceding 5-year mean,Observed DES production + historical weather API
Odisha,Ganjam,2013,2013 - 2014,Whole Year,All Crops,252000.0,92000.0,0.37,"DES, Ministry of Agriculture & Farmers Welfare",35,Top total DES-reported production across available reporting years,0.36507936507936506,,,,19.62772937048724,84.67371936061599,Ganjam,geoBoundaries India ADM2 centroid,1645.3,26.18,Calendar year; proxy for DES reporting year starting this year,Open-Meteo Historical Weather API,Yield anomaly <= -20% vs preceding 5-year mean,Observed DES production + historical weather API
Odisha,Ganjam,2014,2014 - 2015,Whole Year,All Crops,265000.0,717000.0,2.71,"DES, Ministry of Agriculture & Farmers Welfare",35,Top total DES-reported production across available reporting years,2.7056603773584906,,,,19.62772937048724,84.67371936061599,Ganjam,geoBoundaries India ADM2 centroid,1450.0,26.41,Calendar year; proxy for DES reporting year starting this year,Open-Meteo Historical Weather API,Yield anomaly <= -20% vs preceding 5-year mean,Observed DES production + historical weather API
Odisha,Ganjam,2015,2015 - 2016,Whole Year,All Crops,242000.0,465000.0,1.92,"DES, Ministry of Agriculture & Farmers Welfare",35,Top total DES-reported production across available reporting years,1.921487603305785,,,,19.62772937048724,84.67371936061599,Ganjam,geoBoundaries India ADM2 centroid,1221.8,26.74,Calendar year; proxy for DES reporting year starting this year,Open-Meteo Historical Weather API,Yield anomaly <= -20% vs preceding 5-year mean,Observed DES production + historical weather API
Odisha,Ganjam,2016,2016 - 2017,Whole Year,All Crops,243690.0,694830.0,2.85,"DES, Ministry of Agriculture & Farmers Welfare",35,Top total DES-reported production across available reporting years,2.851286470515819,1.6640757819145469,0.7134354706102186,0,19.62772937048724,84.67371936061599,Ganjam,geoBoundaries India ADM2 centroid,1418.0,26.84,Calendar year; proxy for DES reporting year starting this year,Open-Meteo Historical Weather API,Yield anomaly <= -20% vs preceding 5-year mean,Observed DES production + historical weather API
Odisha,Ganjam,2017,2017 - 2018,Whole Year,All Crops,204870.0,322690.0,1.58,"DES, Ministry of Agriculture & Farmers Welfare",35,Top total DES-reported production across available reporting years,1.5750964025967686,1.960878454064865,-0.196739400480625,0,19.62772937048724,84.67371936061599,Ganjam,geoBoundaries India ADM2 centroid,1381.2,26.81,Calendar year; proxy for DES reporting year starting this year,Open-Meteo Historical Weather API,Yield anomaly <= -20% vs preceding 5-year mean,Observed DES production + historical weather API
Odisha,Ganjam,2018,2018 - 2019,Whole Year,All Crops,249290.0,436680.0,1.75,"DES, Ministry of Agriculture & Farmers Welfare",35,Top total DES-reported production across available reporting years,1.751694813269686,1.8837220437712456,-0.07008848834047665,0,19.62772937048724,84.67371936061599,Ganjam,geoBoundaries India ADM2 centroid,1837.4,26.47,Calendar year; proxy for DES reporting year starting this year,Open-Meteo Historical Weather API,Yield anomaly <= -20% vs preceding 5-year mean,Observed DES production + historical weather API
Odisha,Ganjam,2019,2019 - 2020,Whole Year,All Crops,281470.0,726240.0,2.58,"DES, Ministry of Agriculture & Farmers Welfare",35,Top total DES-reported production across available reporting years,2.580168401605855,2.16104513340931,0.19394470838067468,0,19.62772937048724,84.67371936061599,Ganjam,geoBoundaries India ADM2 centroid,1529.5,26.82,Calendar year; proxy for DES reporting year starting this year,Open-Meteo Historical Weather API,Yield anomaly <= -20% vs preceding 5-year mean,Observed DES production + historical weather API
Odisha,Ganjam,2020,2020 - 2021,Whole Year,All Crops,274910.0,786240.0,2.86,"DES, Ministry of Agriculture & Farmers Welfare",35,Top total DES-reported production across available reporting years,2.8599905423593177,2.1359467382587822,0.33898027096442207,0,19.62772937048724,84.67371936061599,Ganjam,geoBoundaries India ADM2 centroid,1457.9,26.58,Calendar year; proxy for DES reporting year starting this year,Open-Meteo Historical Weather API,Yield anomaly <= -20% vs preceding 5-year mean,Observed DES production + historical weather API
Odisha,Ganjam,2021,2021 - 2022,Whole Year,All Crops,257267.0,544047.0,2.11,"DES, Ministry of Agriculture & Farmers Welfare",35,Top total DES-reported production across available reporting years,2.1147173947688587,2.323647326069489,-0.08991464795737347,0,19.62772937048724,84.67371936061599,Ganjam,geoBoundaries India ADM2 centroid,1549.6,26.85,Calendar year; proxy for DES reporting year starting this year,Open-Meteo Historical Weather API,Yield anomaly <= -20% vs preceding 5-year mean,Observed DES production + historical weather API
Odisha,Ganjam,2022,2022 - 2023,Whole Year,All Crops,293560.0,898000.0,3.06,"DES, Ministry of Agriculture & Farmers Welfare",35,Top total DES-reported production across available reporting years,3.0589998637416542,2.1763335109200974,0.40557494905658475,0,19.62772937048724,84.67371936061599,Ganjam,geoBoundaries India ADM2 centroid,1630.7,26.45,Calendar year; proxy for DES reporting year starting this year,Open-Meteo Historical Weather API,Yield anomaly <= -20% vs preceding 5-year mean,Observed DES production + historical weather API
Tripura,Gomati,2013,2013 - 2014,Whole Year,All Crops,31355.0,90682.0,2.89,"DES, Ministry of Agriculture & Farmers Welfare",260,Top total DES-reported production across available reporting years,2.8921065220857916,,,,23.520677564038273,91.63393778534264,Gomati,geoBoundaries India ADM2 centroid,2063.1,24.79,Calendar year; proxy for DES reporting year starting this year,Open-Meteo Historical Weather API,Yield anomaly <= -20% vs preceding 5-year mean,Observed DES production + historical weather API
Tripura,Gomati,2014,2014 - 2015,Whole Year,All Crops,35009.0,107500.0,3.07,"DES, Ministry of Agriculture & Farmers Welfare",260,Top total DES-reported production across available reporting years,3.070638978548373,,,,23.520677564038273,91.63393778534264,Gomati,geoBoundaries India ADM2 centroid,1490.2,25.1,Calendar year; proxy for DES reporting year starting this year,Open-Meteo Historical Weather API,Yield anomaly <= -20% vs preceding 5-year mean,Observed DES production + historical weather API
Tripura,Gomati,2015,2015 - 2016,Whole Year,All Crops,37868.0,106934.0,2.82,"DES, Ministry of Agriculture & Farmers Welfare",260,Top total DES-reported production across available reporting years,2.8238618358508503,,,,23.520677564038273,91.63393778534264,Gomati,geoBoundaries India ADM2 centroid,2365.3,24.85,Calendar year; proxy for DES reporting year starting this year,Open-Meteo Historical Weather API,Yield anomaly <= -20% vs preceding 5-year mean,Observed DES production + historical weather API
Tripura,Gomati,2016,2016 - 2017,Whole Year,All Crops,39704.0,115579.0,2.91,"DES, Ministry of Agriculture & Farmers Welfare",260,Top total DES-reported production across available reporting years,2.911016522264759,2.928869112161672,-0.006095386722057006,0,23.520677564038273,91.63393778534264,Gomati,geoBoundaries India ADM2 centroid,2317.1,25.17,Calendar year; proxy for DES reporting year starting this year,Open-Meteo Historical Weather API,Yield anomaly <= -20% vs preceding 5-year mean,Observed DES production + historical weather API
Tripura,Gomati,2017,2017 - 2018,Whole Year,All Crops,38430.0,112753.0,2.93,"DES, Ministry of Agriculture & Farmers Welfare",260,Top total DES-reported production across available reporting years,2.933983866770752,2.9244059646874434,0.0032751615880157736,0,23.520677564038273,91.63393778534264,Gomati,geoBoundaries India ADM2 centroid,3023.0,24.43,Calendar year; proxy for DES reporting year starting this year,Open-Meteo Historical Weather API,Yield anomaly <= -20% vs preceding 5-year mean,Observed DES production + historical weather API
Tripura,Gomati,2018,2018 - 2019,Whole Year,All Crops,37984.0,113552.0,2.99,"DES, Ministry of Agriculture & Farmers Welfare",260,Top total DES-reported production across available reporting years,2.989469250210615,2.926321545104105,0.021579209301916702,0,23.520677564038273,91.63393778534264,Gomati,geoBoundaries India ADM2 centroid,1914.6,24.09,Calendar year; proxy for DES reporting year starting this year,Open-Meteo Historical Weather API,Yield anomaly <= -20% vs preceding 5-year mean,Observed DES production + historical weather API
Tripura,Gomati,2019,2019 - 2020,Whole Year,All Crops,38228.0,116989.0,3.06,"DES, Ministry of Agriculture & Farmers Welfare",260,Top total DES-reported production across available reporting years,3.06029611802867,2.94579409072907,0.03886966426470817,0,23.520677564038273,91.63393778534264,Gomati,geoBoundaries India ADM2 centroid,1751.3,24.56,Calendar year; proxy for DES reporting year starting this year,Open-Meteo Historical Weather API,Yield anomaly <= -20% vs preceding 5-year mean,Observed DES production + historical weather API
Tripura,Gomati,2020,2020 - 2021,Whole Year,All Crops,38105.0,115724.0,3.04,"DES, Ministry of Agriculture & Farmers Welfare",260,Top total DES-reported production across available reporting years,3.0369767747014826,2.943725518625129,0.03167797251691673,0,23.520677564038273,91.63393778534264,Gomati,geoBoundaries India ADM2 centroid,1954.9,24.49,Calendar year; proxy for DES reporting year starting this year,Open-Meteo Historical Weather API,Yield anomaly <= -20% vs preceding 5-year mean,Observed DES production + historical weather API
Tripura,Gomati,2021,2021 - 2022,Whole Year,All Crops,38736.0,123952.0,3.2,"DES, Ministry of Agriculture & Farmers Welfare",260,Top total DES-reported production across available reporting years,3.1999173895084674,2.986348506395256,0.07151505681800185,0,23.520677564038273,91.63393778534264,Gomati,geoBoundaries India ADM2 centroid,1853.7,24.96,Calendar year; proxy for DES reporting year starting this year,Open-Meteo Historical Weather API,Yield anomaly <= -20% vs preceding 5-year mean,Observed DES production + historical weather API
Tripura,Gomati,2022,2022 - 2023,Whole Year,All Crops,37593.0,125568.0,3.34,"DES, Ministry of Agriculture & Farmers Welfare",260,Top total DES-reported production across available reporting years,3.3401963131434043,3.0441286798439977,0.09725858018412659,0,23.520677564038273,91.63393778534264,Gomati,geoBoundaries India ADM2 centroid,1477.5,24.94,Calendar year; proxy for DES reporting year starting this year,Open-Meteo Historical Weather API,Yield anomaly <= -20% vs preceding 5-year mean,Observed DES production + historical weather API
Uttar Pradesh,Gorakhpur,2013,2013 - 2014,Whole Year,All Crops,150787.0,362341.0,2.4,"DES, Ministry of Agriculture & Farmers Welfare",95,Top total DES-reported production across available reporting years,2.402998932268697,,,,26.657933363649843,83.36138710543345,Gorakhpur,geoBoundaries India ADM2 centroid,1242.4,24.55,Calendar year; proxy for DES reporting year starting this year,Open-Meteo Historical Weather API,Yield anomaly <= -20% vs preceding 5-year mean,Observed DES production + historical weather API
Uttar Pradesh,Gorakhpur,2014,2014 - 2015,Whole Year,All Crops,152483.0,336988.0,2.21,"DES, Ministry of Agriculture & Farmers Welfare",95,Top total DES-reported production across available reporting years,2.210003738121627,,,,26.657933363649843,83.36138710543345,Gorakhpur,geoBoundaries India ADM2 centroid,1047.7,24.56,Calendar year; proxy for DES reporting year starting this year,Open-Meteo Historical Weather API,Yield anomaly <= -20% vs preceding 5-year mean,Observed DES production + historical weather API
Uttar Pradesh,Gorakhpur,2015,2015 - 2016,Whole Year,All Crops,150540.0,210003.0,1.39,"DES, Ministry of Agriculture & Farmers Welfare",95,Top total DES-reported production across available reporting years,1.394998007174173,,,,26.657933363649843,83.36138710543345,Gorakhpur,geoBoundaries India ADM2 centroid,963.3,25.14,Calendar year; proxy for DES reporting year starting this year,Open-Meteo Historical Weather API,Yield anomaly <= -20% vs preceding 5-year mean,Observed DES production + historical weather API
Uttar Pradesh,Gorakhpur,2016,2016 - 2017,Whole Year,All Crops,152498.0,282122.0,1.85,"DES, Ministry of Agriculture & Farmers Welfare",95,Top total DES-reported production across available reporting years,1.850004590224134,2.002666892521499,-0.07622950320267807,0,26.657933363649843,83.36138710543345,Gorakhpur,geoBoundaries India ADM2 centroid,1273.5,25.63,Calendar year; proxy for DES reporting year starting this year,Open-Meteo Historical Weather API,Yield anomaly <= -20% vs preceding 5-year mean,Observed DES production + historical weather API
Uttar Pradesh,Gorakhpur,2017,2017 - 2018,Whole Year,All Crops,153224.0,391027.0,2.55,"DES, Ministry of Agriculture & Farmers Welfare",95,Top total DES-reported production across available reporting years,2.5519957708975096,1.9645013169471577,0.29905526093681645,0,26.657933363649843,83.36138710543345,Gorakhpur,geoBoundaries India ADM2 centroid,1190.3,25.15,Calendar year; proxy for DES reporting year starting this year,Open-Meteo Historical Weather API,Yield anomaly <= -20% vs preceding 5-year mean,Observed DES production + historical weather API
Uttar Pradesh,Gorakhpur,2018,2018 - 2019,Whole Year,All Crops,150555.0,401681.0,2.67,"DES, Ministry of Agriculture & Farmers Welfare",95,Top total DES-reported production across available reporting years,2.668001726943642,2.082000207737228,0.2814608360886264,0,26.657933363649843,83.36138710543345,Gorakhpur,geoBoundaries India ADM2 centroid,1121.0,24.79,Calendar year; proxy for DES reporting year starting this year,Open-Meteo Historical Weather API,Yield anomaly <= -20% vs preceding 5-year mean,Observed DES production + historical weather API
Uttar Pradesh,Gorakhpur,2019,2019 - 2020,Whole Year,All Crops,146308.0,409078.0,2.8,"DES, Ministry of Agriculture & Farmers Welfare",95,Top total DES-reported production across available reporting years,2.796005686633677,2.135000766672217,0.30960406678998775,0,26.657933363649843,83.36138710543345,Gorakhpur,geoBoundaries India ADM2 centroid,1598.3,24.71,Calendar year; proxy for DES reporting year starting this year,Open-Meteo Historical Weather API,Yield anomaly <= -20% vs preceding 5-year mean,Observed DES production + historical weather API
Uttar Pradesh,Gorakhpur,2020,2020 - 2021,Whole Year,All Crops,153160.0,370038.0,2.42,"DES, Ministry of Agriculture & Farmers Welfare",95,Top total DES-reported production across available reporting years,2.4160224601723685,2.2522011563746274,0.0727383090689131,0,26.657933363649843,83.36138710543345,Gorakhpur,geoBoundaries India ADM2 centroid,1771.1,23.77,Calendar year; proxy for DES reporting year starting this year,Open-Meteo Historical Weather API,Yield anomaly <= -20% vs preceding 5-year mean,Observed DES production + historical weather API
Uttar Pradesh,Gorakhpur,2021,2021 - 2022,Whole Year,All Crops,156326.0,348986.0,2.23,"DES, Ministry of Agriculture & Farmers Welfare",95,Top total DES-reported production across available reporting years,2.2324245486995125,2.4564060469742666,-0.09118260336097461,0,26.657933363649843,83.36138710543345,Gorakhpur,geoBoundaries India ADM2 centroid,1893.0,24.39,Calendar year; proxy for DES reporting year starting this year,Open-Meteo Historical Weather API,Yield anomaly <= -20% vs preceding 5-year mean,Observed DES production + historical weather API
Uttar Pradesh,Gorakhpur,2022,2022 - 2023,Whole Year,All Crops,152723.0,365142.0,2.39,"DES, Ministry of Agriculture & Farmers Welfare",95,Top total DES-reported production across available reporting years,2.390877601932911,2.532890038669342,-0.05606735174774402,0,26.657933363649843,83.36138710543345,Gorakhpur,geoBoundaries India ADM2 centroid,1443.9,24.35,Calendar year; proxy for DES reporting year starting this year,Open-Meteo Historical Weather API,Yield anomaly <= -20% vs preceding 5-year mean,Observed DES production + historical weather API
Andhra Pradesh,Guntur,2013,2013 - 2014,Whole Year,All Crops,328167.0,1096004.0,3.34,"DES, Ministry of Agriculture & Farmers Welfare",14,Top total DES-reported production across available reporting years,3.3397751754442098,,,,16.294607741688004,80.09716925860874,Guntur,geoBoundaries India ADM2 centroid,1016.6,27.49,Calendar year; proxy for DES reporting year starting this year,Open-Meteo Historical Weather API,Yield anomaly <= -20% vs preceding 5-year mean,Observed DES production + historical weather API
Andhra Pradesh,Guntur,2014,2014 - 2015,Whole Year,All Crops,285302.0,1111932.0,3.9,"DES, Ministry of Agriculture & Farmers Welfare",14,Top total DES-reported production across available reporting years,3.897385927893951,,,,16.294607741688004,80.09716925860874,Guntur,geoBoundaries India ADM2 centroid,769.3,28.02,Calendar year; proxy for DES reporting year starting this year,Open-Meteo Historical Weather API,Yield anomaly <= -20% vs preceding 5-year mean,Observed DES production + historical weather API
Andhra Pradesh,Guntur,2015,2015 - 2016,Whole Year,All Crops,163218.0,474871.0,2.91,"DES, Ministry of Agriculture & Farmers Welfare",14,Top total DES-reported production across available reporting years,2.909427881728731,,,,16.294607741688004,80.09716925860874,Guntur,geoBoundaries India ADM2 centroid,978.6,28.2,Calendar year; proxy for DES reporting year starting this year,Open-Meteo Historical Weather API,Yield anomaly <= -20% vs preceding 5-year mean,Observed DES production + historical weather API
Andhra Pradesh,Guntur,2016,2016 - 2017,Whole Year,All Crops,175940.0,735531.0,4.18,"DES, Ministry of Agriculture & Farmers Welfare",14,Top total DES-reported production across available reporting years,4.180578606343071,3.3821963283556307,0.23605438610821317,0,16.294607741688004,80.09716925860874,Guntur,geoBoundaries India ADM2 centroid,1058.1,28.09,Calendar year; proxy for DES reporting year starting this year,Open-Meteo Historical Weather API,Yield anomaly <= -20% vs preceding 5-year mean,Observed DES production + historical weather API
Andhra Pradesh,Guntur,2017,2017 - 2018,Whole Year,All Crops,202491.0,852842.0,4.21,"DES, Ministry of Agriculture & Farmers Welfare",14,Top total DES-reported production across available reporting years,4.211752621104148,3.581791897852491,0.17587864990966073,0,16.294607741688004,80.09716925860874,Guntur,geoBoundaries India ADM2 centroid,904.0,28.67,Calendar year; proxy for DES reporting year starting this year,Open-Meteo Historical Weather API,Yield anomaly <= -20% vs preceding 5-year mean,Observed DES production + historical weather API
Andhra Pradesh,Guntur,2018,2018 - 2019,Whole Year,All Crops,246838.0,979193.0,3.97,"DES, Ministry of Agriculture & Farmers Welfare",14,Top total DES-reported production across available reporting years,3.966945932149831,3.707784042502822,0.0698967055999491,0,16.294607741688004,80.09716925860874,Guntur,geoBoundaries India ADM2 centroid,719.2,28.51,Calendar year; proxy for DES reporting year starting this year,Open-Meteo Historical Weather API,Yield anomaly <= -20% vs preceding 5-year mean,Observed DES production + historical weather API
Andhra Pradesh,Guntur,2019,2019 - 2020,Whole Year,All Crops,246702.0,983049.0,3.98,"DES, Ministry of Agriculture & Farmers Welfare",14,Top total DES-reported production across available reporting years,3.9847629934090523,3.8332181938439462,0.03953461345051612,0,16.294607741688004,80.09716925860874,Guntur,geoBoundaries India ADM2 centroid,970.1,28.5,Calendar year; proxy for DES reporting year starting this year,Open-Meteo Historical Weather API,Yield anomaly <= -20% vs preceding 5-year mean,Observed DES production + historical weather API
Andhra Pradesh,Guntur,2020,2020 - 2021,Whole Year,All Crops,255285.0,831187.0,3.26,"DES, Ministry of Agriculture & Farmers Welfare",14,Top total DES-reported production across available reporting years,3.2559178956852146,3.8506936069469666,-0.15445937069330262,0,16.294607741688004,80.09716925860874,Guntur,geoBoundaries India ADM2 centroid,1595.5,27.81,Calendar year; proxy for DES reporting year starting this year,Open-Meteo Historical Weather API,Yield anomaly <= -20% vs preceding 5-year mean,Observed DES production + historical weather API
Andhra Pradesh,Guntur,2021,2021 - 2022,Whole Year,All Crops,254172.0,766598.0,3.02,"DES, Ministry of Agriculture & Farmers Welfare",14,Top total DES-reported production across available reporting years,3.0160599908723227,3.9199916097382634,-0.2305952942910242,1,16.294607741688004,80.09716925860874,Guntur,geoBoundaries India ADM2 centroid,1126.3,28.08,Calendar year; proxy for DES reporting year starting this year,Open-Meteo Historical Weather API,Yield anomaly <= -20% vs preceding 5-year mean,Observed DES production + historical weather API
Andhra Pradesh,Guntur,2022,2022 - 2023,Whole Year,All Crops,62355.0,261552.0,4.19,"DES, Ministry of Agriculture & Farmers Welfare",14,Top total DES-reported production across available reporting years,4.194563387057975,3.6870878866441137,0.1376358568104954,0,16.294607741688004,80.09716925860874,Guntur,geoBoundaries India ADM2 centroid,1193.5,27.89,Calendar year; proxy for DES reporting year starting this year,Open-Meteo Historical Weather API,Yield anomaly <= -20% vs preceding 5-year mean,Observed DES production + historical weather API
Punjab,Gurdaspur,2013,2013 - 2014,Whole Year,All Crops,173000.0,507000.0,2.93,"DES, Ministry of Agriculture & Farmers Welfare",33,Top total DES-reported production across available reporting years,2.930635838150289,,,,31.91616985571162,75.29371377844795,Gurdaspur,geoBoundaries India ADM2 centroid,1296.9,22.12,Calendar year; proxy for DES reporting year starting this year,Open-Meteo Historical Weather API,Yield anomaly <= -20% vs preceding 5-year mean,Observed DES production + historical weather API
Punjab,Gurdaspur,2014,2014 - 2015,Whole Year,All Crops,173000.0,452000.0,2.61,"DES, Ministry of Agriculture & Farmers Welfare",33,Top total DES-reported production across available reporting years,2.61271676300578,,,,31.91616985571162,75.29371377844795,Gurdaspur,geoBoundaries India ADM2 centroid,1065.5,21.86,Calendar year; proxy for DES reporting year starting this year,Open-Meteo Historical Weather API,Yield anomaly <= -20% vs preceding 5-year mean,Observed DES production + historical weather API
Punjab,Gurdaspur,2015,2015 - 2016,Whole Year,All Crops,175000.0,500000.0,2.86,"DES, Ministry of Agriculture & Farmers Welfare",33,Top total DES-reported production across available reporting years,2.857142857142857,,,,31.91616985571162,75.29371377844795,Gurdaspur,geoBoundaries India ADM2 centroid,1294.3,22.04,Calendar year; proxy for DES reporting year starting this year,Open-Meteo Historical Weather API,Yield anomaly <= -20% vs preceding 5-year mean,Observed DES production + historical weather API
Punjab,Gurdaspur,2016,2016 - 2017,Whole Year,All Crops,175000.0,557000.0,3.18,"DES, Ministry of Agriculture & Farmers Welfare",33,Top total DES-reported production across available reporting years,3.182857142857143,2.800165152766309,0.13666764966086675,0,31.91616985571162,75.29371377844795,Gurdaspur,geoBoundaries India ADM2 centroid,773.6,23.42,Calendar year; proxy for DES reporting year starting this year,Open-Meteo Historical Weather API,Yield anomaly <= -20% vs preceding 5-year mean,Observed DES production + historical weather API
Punjab,Gurdaspur,2017,2017 - 2018,Whole Year,All Crops,176000.0,643000.0,3.65,"DES, Ministry of Agriculture & Farmers Welfare",33,Top total DES-reported production across available reporting years,3.653409090909091,2.895838150289017,0.26160679613412263,0,31.91616985571162,75.29371377844795,Gurdaspur,geoBoundaries India ADM2 centroid,835.4,22.51,Calendar year; proxy for DES reporting year starting this year,Open-Meteo Historical Weather API,Yield anomaly <= -20% vs preceding 5-year mean,Observed DES production + historical weather API
Punjab,Gurdaspur,2018,2018 - 2019,Whole Year,All Crops,172000.0,632000.0,3.67,"DES, Ministry of Agriculture & Farmers Welfare",33,Top total DES-reported production across available reporting years,3.6744186046511627,3.047352338413032,0.20577412671771578,0,31.91616985571162,75.29371377844795,Gurdaspur,geoBoundaries India ADM2 centroid,855.9,22.29,Calendar year; proxy for DES reporting year starting this year,Open-Meteo Historical Weather API,Yield anomaly <= -20% vs preceding 5-year mean,Observed DES production + historical weather API
Punjab,Gurdaspur,2019,2019 - 2020,Whole Year,All Crops,174000.0,637000.0,3.66,"DES, Ministry of Agriculture & Farmers Welfare",33,Top total DES-reported production across available reporting years,3.660919540229885,3.1961088917132066,0.145430166575935,0,31.91616985571162,75.29371377844795,Gurdaspur,geoBoundaries India ADM2 centroid,1096.8,21.86,Calendar year; proxy for DES reporting year starting this year,Open-Meteo Historical Weather API,Yield anomaly <= -20% vs preceding 5-year mean,Observed DES production + historical weather API
Punjab,Gurdaspur,2020,2020 - 2021,Whole Year,All Crops,174700.0,680000.0,3.89,"DES, Ministry of Agriculture & Farmers Welfare",33,Top total DES-reported production across available reporting years,3.8923869490555236,3.4057494471580276,0.14288705304013982,0,31.91616985571162,75.29371377844795,Gurdaspur,geoBoundaries India ADM2 centroid,749.3,21.9,Calendar year; proxy for DES reporting year starting this year,Open-Meteo Historical Weather API,Yield anomaly <= -20% vs preceding 5-year mean,Observed DES production + historical weather API
Punjab,Gurdaspur,2021,2021 - 2022,Whole Year,All Crops,174600.0,671000.0,3.84,"DES, Ministry of Agriculture & Farmers Welfare",33,Top total DES-reported production across available reporting years,3.843069873997709,3.612798265540561,0.06373774330371984,0,31.91616985571162,75.29371377844795,Gurdaspur,geoBoundaries India ADM2 centroid,627.3,22.47,Calendar year; proxy for DES reporting year starting this year,Open-Meteo Historical Weather API,Yield anomaly <= -20% vs preceding 5-year mean,Observed DES production + historical weather API
Punjab,Gurdaspur,2022,2022 - 2023,Whole Year,All Crops,173200.0,631000.0,3.64,"DES, Ministry of Agriculture & Farmers Welfare",33,Top total DES-reported production across available reporting years,3.643187066974596,3.7448408117686744,-0.02714501093734556,0,31.91616985571162,75.29371377844795,Gurdaspur,geoBoundaries India ADM2 centroid,903.7,22.45,Calendar year; proxy for DES reporting year starting this year,Open-Meteo Historical Weather API,Yield anomaly <= -20% vs preceding 5-year mean,Observed DES production + historical weather API
Punjab,Jalandhar,2013,2013 - 2014,Whole Year,All Crops,167000.0,596000.0,3.57,"DES, Ministry of Agriculture & Farmers Welfare",19,Top total DES-reported production across available reporting years,3.568862275449102,,,,31.212063308313816,75.56837041116721,Jalandhar,geoBoundaries India ADM2 centroid,831.7,23.03,Calendar year; proxy for DES reporting year starting this year,Open-Meteo Historical Weather API,Yield anomaly <= -20% vs preceding 5-year mean,Observed DES production + historical weather API
Punjab,Jalandhar,2014,2014 - 2015,Whole Year,All Crops,167000.0,616000.0,3.69,"DES, Ministry of Agriculture & Farmers Welfare",19,Top total DES-reported production across available reporting years,3.688622754491018,,,,31.212063308313816,75.56837041116721,Jalandhar,geoBoundaries India ADM2 centroid,759.6,22.9,Calendar year; proxy for DES reporting year starting this year,Open-Meteo Historical Weather API,Yield anomaly <= -20% vs preceding 5-year mean,Observed DES production + historical weather API
Punjab,Jalandhar,2015,2015 - 2016,Whole Year,All Crops,168000.0,653000.0,3.89,"DES, Ministry of Agriculture & Farmers Welfare",19,Top total DES-reported production across available reporting years,3.886904761904762,,,,31.212063308313816,75.56837041116721,Jalandhar,geoBoundaries India ADM2 centroid,1196.1,22.73,Calendar year; proxy for DES reporting year starting this year,Open-Meteo Historical Weather API,Yield anomaly <= -20% vs preceding 5-year mean,Observed DES production + historical weather API
Punjab,Jalandhar,2016,2016 - 2017,Whole Year,All Crops,170000.0,699000.0,4.11,"DES, Ministry of Agriculture & Farmers Welfare",19,Top total DES-reported production across available reporting years,4.1117647058823525,3.714796597281627,0.10686133095179806,0,31.212063308313816,75.56837041116721,Jalandhar,geoBoundaries India ADM2 centroid,633.2,24.32,Calendar year; proxy for DES reporting year starting this year,Open-Meteo Historical Weather API,Yield anomaly <= -20% vs preceding 5-year mean,Observed DES production + historical weather API
Punjab,Jalandhar,2017,2017 - 2018,Whole Year,All Crops,171000.0,715000.0,4.18,"DES, Ministry of Agriculture & Farmers Welfare",19,Top total DES-reported production across available reporting years,4.181286549707602,3.8140386244318085,0.09628846517790679,0,31.212063308313816,75.56837041116721,Jalandhar,geoBoundaries India ADM2 centroid,796.1,23.48,Calendar year; proxy for DES reporting year starting this year,Open-Meteo Historical Weather API,Yield anomaly <= -20% vs preceding 5-year mean,Observed DES production + historical weather API
Punjab,Jalandhar,2018,2018 - 2019,Whole Year,All Crops,173000.0,719000.0,4.16,"DES, Ministry of Agriculture & Farmers Welfare",19,Top total DES-reported production across available reporting years,4.15606936416185,3.8874882094869676,0.06908860945724293,0,31.212063308313816,75.56837041116721,Jalandhar,geoBoundaries India ADM2 centroid,812.5,23.15,Calendar year; proxy for DES reporting year starting this year,Open-Meteo Historical Weather API,Yield anomaly <= -20% vs preceding 5-year mean,Observed DES production + historical weather API
Punjab,Jalandhar,2019,2019 - 2020,Whole Year,All Crops,175000.0,713000.0,4.07,"DES, Ministry of Agriculture & Farmers Welfare",19,Top total DES-reported production across available reporting years,4.074285714285714,4.004929627229517,0.017317679338144876,0,31.212063308313816,75.56837041116721,Jalandhar,geoBoundaries India ADM2 centroid,882.6,22.6,Calendar year; proxy for DES reporting year starting this year,Open-Meteo Historical Weather API,Yield anomaly <= -20% vs preceding 5-year mean,Observed DES production + historical weather API
Punjab,Jalandhar,2020,2020 - 2021,Whole Year,All Crops,175100.0,797000.0,4.55,"DES, Ministry of Agriculture & Farmers Welfare",19,Top total DES-reported production across available reporting years,4.551684751570531,4.082062219188456,0.11504541262858048,0,31.212063308313816,75.56837041116721,Jalandhar,geoBoundaries India ADM2 centroid,711.9,22.66,Calendar year; proxy for DES reporting year starting this year,Open-Meteo Historical Weather API,Yield anomaly <= -20% vs preceding 5-year mean,Observed DES production + historical weather API
Punjab,Jalandhar,2021,2021 - 2022,Whole Year,All Crops,174700.0,747000.0,4.28,"DES, Ministry of Agriculture & Farmers Welfare",19,Top total DES-reported production across available reporting years,4.275901545506582,4.215018217121609,0.014444380842213667,0,31.212063308313816,75.56837041116721,Jalandhar,geoBoundaries India ADM2 centroid,616.8,23.05,Calendar year; proxy for DES reporting year starting this year,Open-Meteo Historical Weather API,Yield anomaly <= -20% vs preceding 5-year mean,Observed DES production + historical weather API
Punjab,Jalandhar,2022,2022 - 2023,Whole Year,All Crops,175600.0,733000.0,4.17,"DES, Ministry of Agriculture & Farmers Welfare",19,Top total DES-reported production across available reporting years,4.174259681093394,4.247845585046456,-0.0173231117939181,0,31.212063308313816,75.56837041116721,Jalandhar,geoBoundaries India ADM2 centroid,871.9,23.4,Calendar year; proxy for DES reporting year starting this year,Open-Meteo Historical Weather API,Yield anomaly <= -20% vs preceding 5-year mean,Observed DES production + historical weather API
West Bengal,Jalpaiguri,2013,2013 - 2014,Whole Year,All Crops,229647.0,523148.0,2.28,"DES, Ministry of Agriculture & Farmers Welfare",65,Top total DES-reported production across available reporting years,2.278052837615993,,,,26.68663276460142,88.76984600702465,Jalpaiguri,geoBoundaries India ADM2 centroid,2795.9,23.33,Calendar year; proxy for DES reporting year starting this year,Open-Meteo Historical Weather API,Yield anomaly <= -20% vs preceding 5-year mean,Observed DES production + historical weather API
West Bengal,Jalpaiguri,2014,2014 - 2015,Whole Year,All Crops,230544.0,561852.0,2.44,"DES, Ministry of Agriculture & Farmers Welfare",65,Top total DES-reported production across available reporting years,2.4370705808869455,,,,26.68663276460142,88.76984600702465,Jalpaiguri,geoBoundaries India ADM2 centroid,2879.6,23.46,Calendar year; proxy for DES reporting year starting this year,Open-Meteo Historical Weather API,Yield anomaly <= -20% vs preceding 5-year mean,Observed DES production + historical weather API
West Bengal,Jalpaiguri,2015,2015 - 2016,Whole Year,All Crops,220263.0,556418.0,2.53,"DES, Ministry of Agriculture & Farmers Welfare",65,Top total DES-reported production across available reporting years,2.526152826393902,,,,26.68663276460142,88.76984600702465,Jalpaiguri,geoBoundaries India ADM2 centroid,3024.9,23.32,Calendar year; proxy for DES reporting year starting this year,Open-Meteo Historical Weather API,Yield anomaly <= -20% vs preceding 5-year mean,Observed DES production + historical weather API
West Bengal,Jalpaiguri,2016,2016 - 2017,Whole Year,All Crops,131636.0,320480.0,2.43,"DES, Ministry of Agriculture & Farmers Welfare",65,Top total DES-reported production across available reporting years,2.4345923607523776,2.413758748298947,0.008631190862845362,0,26.68663276460142,88.76984600702465,Jalpaiguri,geoBoundaries India ADM2 centroid,3485.1,23.6,Calendar year; proxy for DES reporting year starting this year,Open-Meteo Historical Weather API,Yield anomaly <= -20% vs preceding 5-year mean,Observed DES production + historical weather API
West Bengal,Jalpaiguri,2017,2017 - 2018,Whole Year,All Crops,134337.0,336412.0,2.5,"DES, Ministry of Agriculture & Farmers Welfare",65,Top total DES-reported production across available reporting years,2.504239338380342,2.4189671514123043,0.035251486122187314,0,26.68663276460142,88.76984600702465,Jalpaiguri,geoBoundaries India ADM2 centroid,3520.3,23.58,Calendar year; proxy for DES reporting year starting this year,Open-Meteo Historical Weather API,Yield anomaly <= -20% vs preceding 5-year mean,Observed DES production + historical weather API
West Bengal,Jalpaiguri,2018,2018 - 2019,Whole Year,All Crops,126970.0,354064.0,2.79,"DES, Ministry of Agriculture & Farmers Welfare",65,Top total DES-reported production across available reporting years,2.7885642277703395,2.436021588805912,0.1447206546052151,0,26.68663276460142,88.76984600702465,Jalpaiguri,geoBoundaries India ADM2 centroid,3340.8,23.05,Calendar year; proxy for DES reporting year starting this year,Open-Meteo Historical Weather API,Yield anomaly <= -20% vs preceding 5-year mean,Observed DES production + historical weather API
West Bengal,Jalpaiguri,2019,2019 - 2020,Whole Year,All Crops,132186.0,353436.0,2.67,"DES, Ministry of Agriculture & Farmers Welfare",65,Top total DES-reported production across available reporting years,2.6737778584721528,2.5381238668367816,0.05344656082700738,0,26.68663276460142,88.76984600702465,Jalpaiguri,geoBoundaries India ADM2 centroid,3909.7,23.38,Calendar year; proxy for DES reporting year starting this year,Open-Meteo Historical Weather API,Yield anomaly <= -20% vs preceding 5-year mean,Observed DES production + historical weather API
West Bengal,Jalpaiguri,2020,2020 - 2021,Whole Year,All Crops,132479.0,352903.0,2.66,"DES, Ministry of Agriculture & Farmers Welfare",65,Top total DES-reported production across available reporting years,2.6638410616022163,2.585465322353823,0.03031397813413328,0,26.68663276460142,88.76984600702465,Jalpaiguri,geoBoundaries India ADM2 centroid,4542.0,23.07,Calendar year; proxy for DES reporting year starting this year,Open-Meteo Historical Weather API,Yield anomaly <= -20% vs preceding 5-year mean,Observed DES production + historical weather API
West Bengal,Jalpaiguri,2021,2021 - 2022,Whole Year,All Crops,138411.0,372134.0,2.69,"DES, Ministry of Agriculture & Farmers Welfare",65,Top total DES-reported production across available reporting years,2.688615789207505,2.613002969395486,0.028937135050218554,0,26.68663276460142,88.76984600702465,Jalpaiguri,geoBoundaries India ADM2 centroid,3168.8,23.49,Calendar year; proxy for DES reporting year starting this year,Open-Meteo Historical Weather API,Yield anomaly <= -20% vs preceding 5-year mean,Observed DES production + historical weather API
West Bengal,Jalpaiguri,2022,2022 - 2023,Whole Year,All Crops,134471.0,362896.0,2.7,"DES, Ministry of Agriculture & Farmers Welfare",65,Top total DES-reported production across available reporting years,2.6986933985766446,2.6638076550865106,0.01309619462333167,0,26.68663276460142,88.76984600702465,Jalpaiguri,geoBoundaries India ADM2 centroid,2978.2,23.24,Calendar year; proxy for DES reporting year starting this year,Open-Meteo Historical Weather API,Yield anomaly <= -20% vs preceding 5-year mean,Observed DES production + historical weather API
Chhattisgarh,Janjgir-champa,2013,2013 - 2014,Whole Year,All Crops,257816.0,742522.0,2.88,"DES, Ministry of Agriculture & Farmers Welfare",18,Top total DES-reported production across available reporting years,2.8800462345238467,,,,21.894846877485342,82.73208484364048,Janjgir-Champa,geoBoundaries India ADM2 centroid,1625.3,26.08,Calendar year; proxy for DES reporting year starting this year,Open-Meteo Historical Weather API,Yield anomaly <= -20% vs preceding 5-year mean,Observed DES production + historical weather API
Chhattisgarh,Janjgir-champa,2014,2014 - 2015,Whole Year,All Crops,253667.0,802349.0,3.16,"DES, Ministry of Agriculture & Farmers Welfare",18,Top total DES-reported production across available reporting years,3.1630010998671487,,,,21.894846877485342,82.73208484364048,Janjgir-Champa,geoBoundaries India ADM2 centroid,1261.1,26.54,Calendar year; proxy for DES reporting year starting this year,Open-Meteo Historical Weather API,Yield anomaly <= -20% vs preceding 5-year mean,Observed DES production + historical weather API
Chhattisgarh,Janjgir-champa,2015,2015 - 2016,Whole Year,All Crops,253832.0,716366.0,2.82,"DES, Ministry of Agriculture & Farmers Welfare",18,Top total DES-reported production across available reporting years,2.822205238110246,,,,21.894846877485342,82.73208484364048,Janjgir-Champa,geoBoundaries India ADM2 centroid,1234.5,26.75,Calendar year; proxy for DES reporting year starting this year,Open-Meteo Historical Weather API,Yield anomaly <= -20% vs preceding 5-year mean,Observed DES production + historical weather API
Chhattisgarh,Janjgir-champa,2016,2016 - 2017,Whole Year,All Crops,254371.0,834223.0,3.28,"DES, Ministry of Agriculture & Farmers Welfare",18,Top total DES-reported production across available reporting years,3.2795523074564317,2.955084190833747,0.1097999568435779,0,21.894846877485342,82.73208484364048,Janjgir-Champa,geoBoundaries India ADM2 centroid,1624.8,26.93,Calendar year; proxy for DES reporting year starting this year,Open-Meteo Historical Weather API,Yield anomaly <= -20% vs preceding 5-year mean,Observed DES production + historical weather API
Chhattisgarh,Janjgir-champa,2017,2017 - 2018,Whole Year,All Crops,254651.0,680566.0,2.67,"DES, Ministry of Agriculture & Farmers Welfare",18,Top total DES-reported production across available reporting years,2.6725439915806337,3.0362012199894184,-0.11977375742245833,0,21.894846877485342,82.73208484364048,Janjgir-Champa,geoBoundaries India ADM2 centroid,1169.4,26.83,Calendar year; proxy for DES reporting year starting this year,Open-Meteo Historical Weather API,Yield anomaly <= -20% vs preceding 5-year mean,Observed DES production + historical weather API
Chhattisgarh,Janjgir-champa,2018,2018 - 2019,Whole Year,All Crops,261169.0,597932.0,2.29,"DES, Ministry of Agriculture & Farmers Welfare",18,Top total DES-reported production across available reporting years,2.2894447656498285,2.9634697743076615,-0.22744453630045935,1,21.894846877485342,82.73208484364048,Janjgir-Champa,geoBoundaries India ADM2 centroid,1370.9,26.19,Calendar year; proxy for DES reporting year starting this year,Open-Meteo Historical Weather API,Yield anomaly <= -20% vs preceding 5-year mean,Observed DES production + historical weather API
Chhattisgarh,Janjgir-champa,2019,2019 - 2020,Whole Year,All Crops,262439.0,787702.0,3.0,"DES, Ministry of Agriculture & Farmers Welfare",18,Top total DES-reported production across available reporting years,3.001467007571283,2.8453494805328576,0.054867610501466046,0,21.894846877485342,82.73208484364048,Janjgir-Champa,geoBoundaries India ADM2 centroid,1492.7,26.26,Calendar year; proxy for DES reporting year starting this year,Open-Meteo Historical Weather API,Yield anomaly <= -20% vs preceding 5-year mean,Observed DES production + historical weather API
Chhattisgarh,Janjgir-champa,2020,2020 - 2021,Whole Year,All Crops,282383.0,569461.0,2.02,"DES, Ministry of Agriculture & Farmers Welfare",18,Top total DES-reported production across available reporting years,2.016626354985959,2.8130426620736846,-0.2831156163485389,1,21.894846877485342,82.73208484364048,Janjgir-Champa,geoBoundaries India ADM2 centroid,1664.0,25.35,Calendar year; proxy for DES reporting year starting this year,Open-Meteo Historical Weather API,Yield anomaly <= -20% vs preceding 5-year mean,Observed DES production + historical weather API
Chhattisgarh,Janjgir-champa,2021,2021 - 2022,Whole Year,All Crops,283850.0,857623.0,3.02,"DES, Ministry of Agriculture & Farmers Welfare",18,Top total DES-reported production across available reporting years,3.021395103047384,2.6519268854488276,0.13932066514572305,0,21.894846877485342,82.73208484364048,Janjgir-Champa,geoBoundaries India ADM2 centroid,1451.9,26.12,Calendar year; proxy for DES reporting year starting this year,Open-Meteo Historical Weather API,Yield anomaly <= -20% vs preceding 5-year mean,Observed DES production + historical weather API
Chhattisgarh,Janjgir-champa,2022,2022 - 2023,Whole Year,All Crops,155463.0,493337.0,3.17,"DES, Ministry of Agriculture & Farmers Welfare",18,Top total DES-reported production across available reporting years,3.1733402803239357,2.600295444567018,0.22037681793206265,0,21.894846877485342,82.73208484364048,Janjgir-Champa,geoBoundaries India ADM2 centroid,1565.0,26.04,Calendar year; proxy for DES reporting year starting this year,Open-Meteo Historical Weather API,Yield anomaly <= -20% vs preceding 5-year mean,Observed DES production + historical weather API
Haryana,Jind,2013,2013 - 2014,Whole Year,All Crops,120000.0,324000.0,2.7,"DES, Ministry of Agriculture & Farmers Welfare",68,Top total DES-reported production across available reporting years,2.7,,,,29.433607142669636,76.30787005277395,Jind,geoBoundaries India ADM2 centroid,700.0,23.79,Calendar year; proxy for DES reporting year starting this year,Open-Meteo Historical Weather API,Yield anomaly <= -20% vs preceding 5-year mean,Observed DES production + historical weather API
Haryana,Jind,2014,2014 - 2015,Whole Year,All Crops,123000.0,330000.0,2.68,"DES, Ministry of Agriculture & Farmers Welfare",68,Top total DES-reported production across available reporting years,2.682926829268293,,,,29.433607142669636,76.30787005277395,Jind,geoBoundaries India ADM2 centroid,523.5,24.18,Calendar year; proxy for DES reporting year starting this year,Open-Meteo Historical Weather API,Yield anomaly <= -20% vs preceding 5-year mean,Observed DES production + historical weather API
Haryana,Jind,2015,2015 - 2016,Whole Year,All Crops,129000.0,313000.0,2.43,"DES, Ministry of Agriculture & Farmers Welfare",68,Top total DES-reported production across available reporting years,2.4263565891472867,,,,29.433607142669636,76.30787005277395,Jind,geoBoundaries India ADM2 centroid,818.0,24.08,Calendar year; proxy for DES reporting year starting this year,Open-Meteo Historical Weather API,Yield anomaly <= -20% vs preceding 5-year mean,Observed DES production + historical weather API
Haryana,Jind,2016,2016 - 2017,Whole Year,All Crops,135000.0,349000.0,2.59,"DES, Ministry of Agriculture & Farmers Welfare",68,Top total DES-reported production across available reporting years,2.585185185185185,2.6030944728051932,-0.006879999096117473,0,29.433607142669636,76.30787005277395,Jind,geoBoundaries India ADM2 centroid,443.0,25.39,Calendar year; proxy for DES reporting year starting this year,Open-Meteo Historical Weather API,Yield anomaly <= -20% vs preceding 5-year mean,Observed DES production + historical weather API
Haryana,Jind,2017,2017 - 2018,Whole Year,All Crops,135700.0,375000.0,2.76,"DES, Ministry of Agriculture & Farmers Welfare",68,Top total DES-reported production across available reporting years,2.763448784082535,2.598617150900191,0.06343051846834924,0,29.433607142669636,76.30787005277395,Jind,geoBoundaries India ADM2 centroid,512.4,24.27,Calendar year; proxy for DES reporting year starting this year,Open-Meteo Historical Weather API,Yield anomaly <= -20% vs preceding 5-year mean,Observed DES production + historical weather API
Haryana,Jind,2018,2018 - 2019,Whole Year,All Crops,141000.0,382000.0,2.71,"DES, Ministry of Agriculture & Farmers Welfare",68,Top total DES-reported production across available reporting years,2.7092198581560285,2.63158347753666,0.02950177384912056,0,29.433607142669636,76.30787005277395,Jind,geoBoundaries India ADM2 centroid,645.2,23.85,Calendar year; proxy for DES reporting year starting this year,Open-Meteo Historical Weather API,Yield anomaly <= -20% vs preceding 5-year mean,Observed DES production + historical weather API
Haryana,Jind,2019,2019 - 2020,Whole Year,All Crops,145800.0,431300.0,2.96,"DES, Ministry of Agriculture & Farmers Welfare",68,Top total DES-reported production across available reporting years,2.958161865569273,2.6334274491678658,0.12331245977709382,0,29.433607142669636,76.30787005277395,Jind,geoBoundaries India ADM2 centroid,555.8,23.72,Calendar year; proxy for DES reporting year starting this year,Open-Meteo Historical Weather API,Yield anomaly <= -20% vs preceding 5-year mean,Observed DES production + historical weather API
Haryana,Jind,2020,2020 - 2021,Whole Year,All Crops,139700.0,446300.0,3.19,"DES, Ministry of Agriculture & Farmers Welfare",68,Top total DES-reported production across available reporting years,3.1947029348604152,2.688474456428062,0.18829581111398563,0,29.433607142669636,76.30787005277395,Jind,geoBoundaries India ADM2 centroid,459.9,23.4,Calendar year; proxy for DES reporting year starting this year,Open-Meteo Historical Weather API,Yield anomaly <= -20% vs preceding 5-year mean,Observed DES production + historical weather API
Haryana,Jind,2021,2021 - 2022,Whole Year,All Crops,150691.0,501950.0,3.33,"DES, Ministry of Agriculture & Farmers Welfare",68,Top total DES-reported production across available reporting years,3.3309885792781255,2.842143725570687,0.1719986393753823,0,29.433607142669636,76.30787005277395,Jind,geoBoundaries India ADM2 centroid,608.6,23.89,Calendar year; proxy for DES reporting year starting this year,Open-Meteo Historical Weather API,Yield anomaly <= -20% vs preceding 5-year mean,Observed DES production + historical weather API
Haryana,Jind,2022,2022 - 2023,Whole Year,All Crops,174100.0,573030.0,3.29,"DES, Ministry of Agriculture & Farmers Welfare",68,Top total DES-reported production across available reporting years,3.2913842619184375,2.991304404389276,0.10031739233521031,0,29.433607142669636,76.30787005277395,Jind,geoBoundaries India ADM2 centroid,559.6,24.38,Calendar year; proxy for DES reporting year starting this year,Open-Meteo Historical Weather API,Yield anomaly <= -20% vs preceding 5-year mean,Observed DES production + historical weather API
Haryana,Kaithal,2013,2013 - 2014,Whole Year,All Crops,158000.0,520000.0,3.29,"DES, Ministry of Agriculture & Farmers Welfare",32,Top total DES-reported production across available reporting years,3.2911392405063293,,,,29.81205698466412,76.4170442443173,Kaithal,geoBoundaries India ADM2 centroid,828.5,23.29,Calendar year; proxy for DES reporting year starting this year,Open-Meteo Historical Weather API,Yield anomaly <= -20% vs preceding 5-year mean,Observed DES production + historical weather API
Haryana,Kaithal,2014,2014 - 2015,Whole Year,All Crops,161000.0,520000.0,3.23,"DES, Ministry of Agriculture & Farmers Welfare",32,Top total DES-reported production across available reporting years,3.229813664596273,,,,29.81205698466412,76.4170442443173,Kaithal,geoBoundaries India ADM2 centroid,552.8,23.8,Calendar year; proxy for DES reporting year starting this year,Open-Meteo Historical Weather API,Yield anomaly <= -20% vs preceding 5-year mean,Observed DES production + historical weather API
Haryana,Kaithal,2015,2015 - 2016,Whole Year,All Crops,162000.0,490000.0,3.02,"DES, Ministry of Agriculture & Farmers Welfare",32,Top total DES-reported production across available reporting years,3.0246913580246915,,,,29.81205698466412,76.4170442443173,Kaithal,geoBoundaries India ADM2 centroid,937.2,23.44,Calendar year; proxy for DES reporting year starting this year,Open-Meteo Historical Weather API,Yield anomaly <= -20% vs preceding 5-year mean,Observed DES production + historical weather API
Haryana,Kaithal,2016,2016 - 2017,Whole Year,All Crops,162000.0,552000.0,3.41,"DES, Ministry of Agriculture & Farmers Welfare",32,Top total DES-reported production across available reporting years,3.4074074074074074,3.1818814210424313,0.07087818699764448,0,29.81205698466412,76.4170442443173,Kaithal,geoBoundaries India ADM2 centroid,550.2,24.84,Calendar year; proxy for DES reporting year starting this year,Open-Meteo Historical Weather API,Yield anomaly <= -20% vs preceding 5-year mean,Observed DES production + historical weather API
Haryana,Kaithal,2017,2017 - 2018,Whole Year,All Crops,166400.0,643000.0,3.86,"DES, Ministry of Agriculture & Farmers Welfare",32,Top total DES-reported production across available reporting years,3.8641826923076925,3.2382629176336755,0.19328874479759683,0,29.81205698466412,76.4170442443173,Kaithal,geoBoundaries India ADM2 centroid,603.0,23.74,Calendar year; proxy for DES reporting year starting this year,Open-Meteo Historical Weather API,Yield anomaly <= -20% vs preceding 5-year mean,Observed DES production + historical weather API
Haryana,Kaithal,2018,2018 - 2019,Whole Year,All Crops,162000.0,505000.0,3.12,"DES, Ministry of Agriculture & Farmers Welfare",32,Top total DES-reported production across available reporting years,3.117283950617284,3.363446872568479,-0.07318769443300699,0,29.81205698466412,76.4170442443173,Kaithal,geoBoundaries India ADM2 centroid,747.6,23.39,Calendar year; proxy for DES reporting year starting this year,Open-Meteo Historical Weather API,Yield anomaly <= -20% vs preceding 5-year mean,Observed DES production + historical weather API
Haryana,Kaithal,2019,2019 - 2020,Whole Year,All Crops,174300.0,621400.0,3.57,"DES, Ministry of Agriculture & Farmers Welfare",32,Top total DES-reported production across available reporting years,3.5651176133103846,3.3286758145906696,0.07103178918274766,0,29.81205698466412,76.4170442443173,Kaithal,geoBoundaries India ADM2 centroid,770.1,23.29,Calendar year; proxy for DES reporting year starting this year,Open-Meteo Historical Weather API,Yield anomaly <= -20% vs preceding 5-year mean,Observed DES production + historical weather API
Haryana,Kaithal,2020,2020 - 2021,Whole Year,All Crops,176200.0,705900.0,4.01,"DES, Ministry of Agriculture & Farmers Welfare",32,Top total DES-reported production across available reporting years,4.006242905788876,3.395736604333492,0.17978611788566945,0,29.81205698466412,76.4170442443173,Kaithal,geoBoundaries India ADM2 centroid,574.2,22.92,Calendar year; proxy for DES reporting year starting this year,Open-Meteo Historical Weather API,Yield anomaly <= -20% vs preceding 5-year mean,Observed DES production + historical weather API
Haryana,Kaithal,2021,2021 - 2022,Whole Year,All Crops,176094.0,710190.0,4.03,"DES, Ministry of Agriculture & Farmers Welfare",32,Top total DES-reported production across available reporting years,4.033016457119493,3.592046913886329,0.12276274609010263,0,29.81205698466412,76.4170442443173,Kaithal,geoBoundaries India ADM2 centroid,725.5,23.59,Calendar year; proxy for DES reporting year starting this year,Open-Meteo Historical Weather API,Yield anomaly <= -20% vs preceding 5-year mean,Observed DES production + historical weather API
Haryana,Kaithal,2022,2022 - 2023,Whole Year,All Crops,179300.0,780650.0,4.35,"DES, Ministry of Agriculture & Farmers Welfare",32,Top total DES-reported production across available reporting years,4.353876185164529,3.7171687238287463,0.17128828649993677,0,29.81205698466412,76.4170442443173,Kaithal,geoBoundaries India ADM2 centroid,698.0,24.08,Calendar year; proxy for DES reporting year starting this year,Open-Meteo Historical Weather API,Yield anomaly <= -20% vs preceding 5-year mean,Observed DES production + historical weather API
Odisha,Kalahandi,2013,2013 - 2014,Whole Year,All Crops,249000.0,620000.0,2.49,"DES, Ministry of Agriculture & Farmers Welfare",39,Top total DES-reported production across available reporting years,2.4899598393574296,,,,19.868253526215224,83.10904887421434,Kalahandi,geoBoundaries India ADM2 centroid,1915.3,25.79,Calendar year; proxy for DES reporting year starting this year,Open-Meteo Historical Weather API,Yield anomaly <= -20% vs preceding 5-year mean,Observed DES production + historical weather API
Odisha,Kalahandi,2014,2014 - 2015,Whole Year,All Crops,237000.0,551000.0,2.32,"DES, Ministry of Agriculture & Farmers Welfare",39,Top total DES-reported production across available reporting years,2.3248945147679323,,,,19.868253526215224,83.10904887421434,Kalahandi,geoBoundaries India ADM2 centroid,1911.6,25.81,Calendar year; proxy for DES reporting year starting this year,Open-Meteo Historical Weather API,Yield anomaly <= -20% vs preceding 5-year mean,Observed DES production + historical weather API
Odisha,Kalahandi,2015,2015 - 2016,Whole Year,All Crops,199000.0,222000.0,1.12,"DES, Ministry of Agriculture & Farmers Welfare",39,Top total DES-reported production across available reporting years,1.1155778894472361,,,,19.868253526215224,83.10904887421434,Kalahandi,geoBoundaries India ADM2 centroid,1298.7,26.27,Calendar year; proxy for DES reporting year starting this year,Open-Meteo Historical Weather API,Yield anomaly <= -20% vs preceding 5-year mean,Observed DES production + historical weather API
Odisha,Kalahandi,2016,2016 - 2017,Whole Year,All Crops,220800.0,525560.0,2.38,"DES, Ministry of Agriculture & Farmers Welfare",39,Top total DES-reported production across available reporting years,2.380253623188406,1.9768107478575327,0.20408775891578124,0,19.868253526215224,83.10904887421434,Kalahandi,geoBoundaries India ADM2 centroid,1447.0,26.48,Calendar year; proxy for DES reporting year starting this year,Open-Meteo Historical Weather API,Yield anomaly <= -20% vs preceding 5-year mean,Observed DES production + historical weather API
Odisha,Kalahandi,2017,2017 - 2018,Whole Year,All Crops,199520.0,429140.0,2.15,"DES, Ministry of Agriculture & Farmers Welfare",39,Top total DES-reported production across available reporting years,2.1508620689655173,2.077671466690251,0.035227225982873867,0,19.868253526215224,83.10904887421434,Kalahandi,geoBoundaries India ADM2 centroid,1195.2,26.85,Calendar year; proxy for DES reporting year starting this year,Open-Meteo Historical Weather API,Yield anomaly <= -20% vs preceding 5-year mean,Observed DES production + historical weather API
Odisha,Kalahandi,2018,2018 - 2019,Whole Year,All Crops,211750.0,460640.0,2.18,"DES, Ministry of Agriculture & Farmers Welfare",39,Top total DES-reported production across available reporting years,2.1753955135773317,2.092309587145304,0.03971014946473006,0,19.868253526215224,83.10904887421434,Kalahandi,geoBoundaries India ADM2 centroid,1980.5,26.24,Calendar year; proxy for DES reporting year starting this year,Open-Meteo Historical Weather API,Yield anomaly <= -20% vs preceding 5-year mean,Observed DES production + historical weather API
Odisha,Kalahandi,2019,2019 - 2020,Whole Year,All Crops,212420.0,641450.0,3.02,"DES, Ministry of Agriculture & Farmers Welfare",39,Top total DES-reported production across available reporting years,3.019725072968647,2.0293967219892846,0.48799150025659266,0,19.868253526215224,83.10904887421434,Kalahandi,geoBoundaries India ADM2 centroid,1471.9,26.95,Calendar year; proxy for DES reporting year starting this year,Open-Meteo Historical Weather API,Yield anomaly <= -20% vs preceding 5-year mean,Observed DES production + historical weather API
Odisha,Kalahandi,2020,2020 - 2021,Whole Year,All Crops,250590.0,695480.0,2.78,"DES, Ministry of Agriculture & Farmers Welfare",39,Top total DES-reported production across available reporting years,2.7753701265014565,2.168362833629428,0.2799380636201063,0,19.868253526215224,83.10904887421434,Kalahandi,geoBoundaries India ADM2 centroid,1336.0,26.49,Calendar year; proxy for DES reporting year starting this year,Open-Meteo Historical Weather API,Yield anomaly <= -20% vs preceding 5-year mean,Observed DES production + historical weather API
Odisha,Kalahandi,2021,2021 - 2022,Whole Year,All Crops,222072.0,516707.0,2.33,"DES, Ministry of Agriculture & Farmers Welfare",39,Top total DES-reported production across available reporting years,2.3267543859649122,2.500321281040272,-0.06941783697619308,0,19.868253526215224,83.10904887421434,Kalahandi,geoBoundaries India ADM2 centroid,1172.9,26.55,Calendar year; proxy for DES reporting year starting this year,Open-Meteo Historical Weather API,Yield anomaly <= -20% vs preceding 5-year mean,Observed DES production + historical weather API
Odisha,Kalahandi,2022,2022 - 2023,Whole Year,All Crops,243450.0,741540.0,3.05,"DES, Ministry of Agriculture & Farmers Welfare",39,Top total DES-reported production across available reporting years,3.0459642637091804,2.4896214335955724,0.2234648298758113,0,19.868253526215224,83.10904887421434,Kalahandi,geoBoundaries India ADM2 centroid,1572.1,26.43,Calendar year; proxy for DES reporting year starting this year,Open-Meteo Historical Weather API,Yield anomaly <= -20% vs preceding 5-year mean,Observed DES production + historical weather API
Telangana,Kamareddy,2016,2016 - 2017,Whole Year,All Crops,79950.0,311934.0,3.9,"DES, Ministry of Agriculture & Farmers Welfare",70,Top total DES-reported production across available reporting years,3.9016135084427765,,,,18.324270839097633,78.06246461622374,Kamareddy,geoBoundaries India ADM2 centroid,1168.6,26.51,Calendar year; proxy for DES reporting year starting this year,Open-Meteo Historical Weather API,Yield anomaly <= -20% vs preceding 5-year mean,Observed DES production + historical weather API
Telangana,Kamareddy,2017,2017 - 2018,Whole Year,All Crops,93931.0,315188.0,3.36,"DES, Ministry of Agriculture & Farmers Welfare",70,Top total DES-reported production across available reporting years,3.355526929341751,,,,18.324270839097633,78.06246461622374,Kamareddy,geoBoundaries India ADM2 centroid,911.8,26.4,Calendar year; proxy for DES reporting year starting this year,Open-Meteo Historical Weather API,Yield anomaly <= -20% vs preceding 5-year mean,Observed DES production + historical weather API
Telangana,Kamareddy,2018,2018 - 2019,Whole Year,All Crops,78114.0,320509.0,4.1,"DES, Ministry of Agriculture & Farmers Welfare",70,Top total DES-reported production across available reporting years,4.1030929154825,,,,18.324270839097633,78.06246461622374,Kamareddy,geoBoundaries India ADM2 centroid,1148.5,26.0,Calendar year; proxy for DES reporting year starting this year,Open-Meteo Historical Weather API,Yield anomaly <= -20% vs preceding 5-year mean,Observed DES production + historical weather API
Telangana,Kamareddy,2019,2019 - 2020,Whole Year,All Crops,159195.0,691237.0,4.34,"DES, Ministry of Agriculture & Farmers Welfare",70,Top total DES-reported production across available reporting years,4.342077326549201,3.786744451089009,0.14665179618880453,0,18.324270839097633,78.06246461622374,Kamareddy,geoBoundaries India ADM2 centroid,1011.0,26.61,Calendar year; proxy for DES reporting year starting this year,Open-Meteo Historical Weather API,Yield anomaly <= -20% vs preceding 5-year mean,Observed DES production + historical weather API
Telangana,Kamareddy,2020,2020 - 2021,Whole Year,All Crops,199643.0,760974.0,3.81,"DES, Ministry of Agriculture & Farmers Welfare",70,Top total DES-reported production across available reporting years,3.8116738378004738,3.925577669954057,-0.02901581416294241,0,18.324270839097633,78.06246461622374,Kamareddy,geoBoundaries India ADM2 centroid,1100.2,25.78,Calendar year; proxy for DES reporting year starting this year,Open-Meteo Historical Weather API,Yield anomaly <= -20% vs preceding 5-year mean,Observed DES production + historical weather API
Telangana,Kamareddy,2021,2021 - 2022,Whole Year,All Crops,176072.0,701671.0,3.99,"DES, Ministry of Agriculture & Farmers Welfare",70,Top total DES-reported production across available reporting years,3.9851367622336316,3.9027969035233405,0.021097654001917654,0,18.324270839097633,78.06246461622374,Kamareddy,geoBoundaries India ADM2 centroid,960.8,25.46,Calendar year; proxy for DES reporting year starting this year,Open-Meteo Historical Weather API,Yield anomaly <= -20% vs preceding 5-year mean,Observed DES production + historical weather API
Telangana,Kamareddy,2022,2022 - 2023,Whole Year,All Crops,227016.0,896100.0,3.95,"DES, Ministry of Agriculture & Farmers Welfare",70,Top total DES-reported production across available reporting years,3.947298868802199,3.9195015542815113,0.0070920534500931165,0,18.324270839097633,78.06246461622374,Kamareddy,geoBoundaries India ADM2 centroid,1241.8,25.5,Calendar year; proxy for DES reporting year starting this year,Open-Meteo Historical Weather API,Yield anomaly <= -20% vs preceding 5-year mean,Observed DES production + historical weather API
Telangana,Karimnagar,2013,2013 - 2014,Whole Year,All Crops,417912.0,1500835.0,3.59,"DES, Ministry of Agriculture & Farmers Welfare",21,Top total DES-reported production across available reporting years,3.5912704109956164,,,,18.37597097917155,79.24486572878071,Karimnagar,geoBoundaries India ADM2 centroid,1494.9,26.88,Calendar year; proxy for DES reporting year starting this year,Open-Meteo Historical Weather API,Yield anomaly <= -20% vs preceding 5-year mean,Observed DES production + historical weather API
Telangana,Karimnagar,2014,2014 - 2015,Whole Year,All Crops,278433.0,990963.0,3.56,"DES, Ministry of Agriculture & Farmers Welfare",21,Top total DES-reported production across available reporting years,3.5590716617642304,,,,18.37597097917155,79.24486572878071,Karimnagar,geoBoundaries India ADM2 centroid,892.8,27.29,Calendar year; proxy for DES reporting year starting this year,Open-Meteo Historical Weather API,Yield anomaly <= -20% vs preceding 5-year mean,Observed DES production + historical weather API
Telangana,Karimnagar,2015,2015 - 2016,Whole Year,All Crops,170398.0,553962.0,3.25,"DES, Ministry of Agriculture & Farmers Welfare",21,Top total DES-reported production across available reporting years,3.2509888613716122,,,,18.37597097917155,79.24486572878071,Karimnagar,geoBoundaries India ADM2 centroid,662.3,27.93,Calendar year; proxy for DES reporting year starting this year,Open-Meteo Historical Weather API,Yield anomaly <= -20% vs preceding 5-year mean,Observed DES production + historical weather API
Telangana,Karimnagar,2016,2016 - 2017,Whole Year,All Crops,94981.0,387493.0,4.08,"DES, Ministry of Agriculture & Farmers Welfare",21,Top total DES-reported production across available reporting years,4.0796896221349535,3.467110311377153,0.17668295950885993,0,18.37597097917155,79.24486572878071,Karimnagar,geoBoundaries India ADM2 centroid,1232.6,27.73,Calendar year; proxy for DES reporting year starting this year,Open-Meteo Historical Weather API,Yield anomaly <= -20% vs preceding 5-year mean,Observed DES production + historical weather API
Telangana,Karimnagar,2017,2017 - 2018,Whole Year,All Crops,101888.0,368408.0,3.62,"DES, Ministry of Agriculture & Farmers Welfare",21,Top total DES-reported production across available reporting years,3.6158134422110555,3.620255139066603,-0.0012269016091204232,0,18.37597097917155,79.24486572878071,Karimnagar,geoBoundaries India ADM2 centroid,763.4,27.55,Calendar year; proxy for DES reporting year starting this year,Open-Meteo Historical Weather API,Yield anomaly <= -20% vs preceding 5-year mean,Observed DES production + historical weather API
Telangana,Karimnagar,2018,2018 - 2019,Whole Year,All Crops,103319.0,386471.0,3.74,"DES, Ministry of Agriculture & Farmers Welfare",21,Top total DES-reported production across available reporting years,3.7405607874640676,3.6193667996954937,0.03348485922420741,0,18.37597097917155,79.24486572878071,Karimnagar,geoBoundaries India ADM2 centroid,1206.4,27.49,Calendar year; proxy for DES reporting year starting this year,Open-Meteo Historical Weather API,Yield anomaly <= -20% vs preceding 5-year mean,Observed DES production + historical weather API
Telangana,Karimnagar,2019,2019 - 2020,Whole Year,All Crops,169127.0,618010.0,3.65,"DES, Ministry of Agriculture & Farmers Welfare",21,Top total DES-reported production across available reporting years,3.654117911392031,3.6492248749891845,0.0013408426639811566,0,18.37597097917155,79.24486572878071,Karimnagar,geoBoundaries India ADM2 centroid,1162.4,27.88,Calendar year; proxy for DES reporting year starting this year,Open-Meteo Historical Weather API,Yield anomaly <= -20% vs preceding 5-year mean,Observed DES production + historical weather API
Telangana,Karimnagar,2020,2020 - 2021,Whole Year,All Crops,209420.0,771310.0,3.68,"DES, Ministry of Agriculture & Farmers Welfare",21,Top total DES-reported production across available reporting years,3.683077070002865,3.6682341249147443,0.004046346166213022,0,18.37597097917155,79.24486572878071,Karimnagar,geoBoundaries India ADM2 centroid,1243.4,27.1,Calendar year; proxy for DES reporting year starting this year,Open-Meteo Historical Weather API,Yield anomaly <= -20% vs preceding 5-year mean,Observed DES production + historical weather API
Telangana,Karimnagar,2021,2021 - 2022,Whole Year,All Crops,196430.0,666618.0,3.39,"DES, Ministry of Agriculture & Farmers Welfare",21,Top total DES-reported production across available reporting years,3.393666955149417,3.754651766640994,-0.09614335334606094,0,18.37597097917155,79.24486572878071,Karimnagar,geoBoundaries India ADM2 centroid,951.4,27.2,Calendar year; proxy for DES reporting year starting this year,Open-Meteo Historical Weather API,Yield anomaly <= -20% vs preceding 5-year mean,Observed DES production + historical weather API
Telangana,Karimnagar,2022,2022 - 2023,Whole Year,All Crops,220070.0,705789.0,3.21,"DES, Ministry of Agriculture & Farmers Welfare",21,Top total DES-reported production across available reporting years,3.2071113736538375,3.6174472332438867,-0.11343243816222504,0,18.37597097917155,79.24486572878071,Karimnagar,geoBoundaries India ADM2 centroid,1705.6,27.05,Calendar year; proxy for DES reporting year starting this year,Open-Meteo Historical Weather API,Yield anomaly <= -20% vs preceding 5-year mean,Observed DES production + historical weather API
Haryana,Karnal,2013,2013 - 2014,Whole Year,All Crops,162000.0,570000.0,3.52,"DES, Ministry of Agriculture & Farmers Welfare",30,Top total DES-reported production across available reporting years,3.5185185185185186,,,,29.687971179833628,76.89486871073805,Karnal,geoBoundaries India ADM2 centroid,847.0,23.21,Calendar year; proxy for DES reporting year starting this year,Open-Meteo Historical Weather API,Yield anomaly <= -20% vs preceding 5-year mean,Observed DES production + historical weather API
Haryana,Karnal,2014,2014 - 2015,Whole Year,All Crops,172000.0,556000.0,3.23,"DES, Ministry of Agriculture & Farmers Welfare",30,Top total DES-reported production across available reporting years,3.2325581395348837,,,,29.687971179833628,76.89486871073805,Karnal,geoBoundaries India ADM2 centroid,611.4,23.53,Calendar year; proxy for DES reporting year starting this year,Open-Meteo Historical Weather API,Yield anomaly <= -20% vs preceding 5-year mean,Observed DES production + historical weather API
Haryana,Karnal,2015,2015 - 2016,Whole Year,All Crops,172000.0,528000.0,3.07,"DES, Ministry of Agriculture & Farmers Welfare",30,Top total DES-reported production across available reporting years,3.0697674418604652,,,,29.687971179833628,76.89486871073805,Karnal,geoBoundaries India ADM2 centroid,963.5,23.48,Calendar year; proxy for DES reporting year starting this year,Open-Meteo Historical Weather API,Yield anomaly <= -20% vs preceding 5-year mean,Observed DES production + historical weather API
Haryana,Karnal,2016,2016 - 2017,Whole Year,All Crops,175000.0,555000.0,3.17,"DES, Ministry of Agriculture & Farmers Welfare",30,Top total DES-reported production across available reporting years,3.1714285714285713,3.2736146999712887,-0.03121507504948995,0,29.687971179833628,76.89486871073805,Karnal,geoBoundaries India ADM2 centroid,720.5,24.43,Calendar year; proxy for DES reporting year starting this year,Open-Meteo Historical Weather API,Yield anomaly <= -20% vs preceding 5-year mean,Observed DES production + historical weather API
Haryana,Karnal,2017,2017 - 2018,Whole Year,All Crops,174000.0,661000.0,3.8,"DES, Ministry of Agriculture & Farmers Welfare",30,Top total DES-reported production across available reporting years,3.7988505747126435,3.24806816783561,0.16957230526477973,0,29.687971179833628,76.89486871073805,Karnal,geoBoundaries India ADM2 centroid,736.4,23.61,Calendar year; proxy for DES reporting year starting this year,Open-Meteo Historical Weather API,Yield anomaly <= -20% vs preceding 5-year mean,Observed DES production + historical weather API
Haryana,Karnal,2018,2018 - 2019,Whole Year,All Crops,175000.0,586000.0,3.35,"DES, Ministry of Agriculture & Farmers Welfare",30,Top total DES-reported production across available reporting years,3.3485714285714288,3.3582246492110164,-0.0028745011569895063,0,29.687971179833628,76.89486871073805,Karnal,geoBoundaries India ADM2 centroid,795.9,23.24,Calendar year; proxy for DES reporting year starting this year,Open-Meteo Historical Weather API,Yield anomaly <= -20% vs preceding 5-year mean,Observed DES production + historical weather API
Haryana,Karnal,2019,2019 - 2020,Whole Year,All Crops,180700.0,679400.0,3.76,"DES, Ministry of Agriculture & Farmers Welfare",30,Top total DES-reported production across available reporting years,3.759822910902048,3.3242352312215986,0.13103395198671852,0,29.687971179833628,76.89486871073805,Karnal,geoBoundaries India ADM2 centroid,728.1,23.13,Calendar year; proxy for DES reporting year starting this year,Open-Meteo Historical Weather API,Yield anomaly <= -20% vs preceding 5-year mean,Observed DES production + historical weather API
Haryana,Karnal,2020,2020 - 2021,Whole Year,All Crops,177500.0,789500.0,4.45,"DES, Ministry of Agriculture & Farmers Welfare",30,Top total DES-reported production across available reporting years,4.447887323943662,3.4296881854950314,0.2968780493675307,0,29.687971179833628,76.89486871073805,Karnal,geoBoundaries India ADM2 centroid,983.7,22.79,Calendar year; proxy for DES reporting year starting this year,Open-Meteo Historical Weather API,Yield anomaly <= -20% vs preceding 5-year mean,Observed DES production + historical weather API
Haryana,Karnal,2021,2021 - 2022,Whole Year,All Crops,175794.0,679970.0,3.87,"DES, Ministry of Agriculture & Farmers Welfare",30,Top total DES-reported production across available reporting years,3.8679932193362685,3.705312161911671,0.043904818356968356,0,29.687971179833628,76.89486871073805,Karnal,geoBoundaries India ADM2 centroid,640.8,23.45,Calendar year; proxy for DES reporting year starting this year,Open-Meteo Historical Weather API,Yield anomaly <= -20% vs preceding 5-year mean,Observed DES production + historical weather API
Haryana,Karnal,2022,2022 - 2023,Whole Year,All Crops,181090.0,718890.0,3.97,"DES, Ministry of Agriculture & Farmers Welfare",30,Top total DES-reported production across available reporting years,3.969794025070407,3.84462509149321,0.03255686330876606,0,29.687971179833628,76.89486871073805,Karnal,geoBoundaries India ADM2 centroid,643.8,24.11,Calendar year; proxy for DES reporting year starting this year,Open-Meteo Historical Weather API,Yield anomaly <= -20% vs preceding 5-year mean,Observed DES production + historical weather API
Uttar Pradesh,Kaushambi,2013,2013 - 2014,Whole Year,All Crops,50894.0,112425.0,2.21,"DES, Ministry of Agriculture & Farmers Welfare",255,Top total DES-reported production across available reporting years,2.2090030258969624,,,,25.497477705937275,81.41806298228751,Kaushambi,geoBoundaries India ADM2 centroid,1273.1,25.17,Calendar year; proxy for DES reporting year starting this year,Open-Meteo Historical Weather API,Yield anomaly <= -20% vs preceding 5-year mean,Observed DES production + historical weather API
Uttar Pradesh,Kaushambi,2014,2014 - 2015,Whole Year,All Crops,43224.0,93494.0,2.16,"DES, Ministry of Agriculture & Farmers Welfare",255,Top total DES-reported production across available reporting years,2.163011290024061,,,,25.497477705937275,81.41806298228751,Kaushambi,geoBoundaries India ADM2 centroid,847.8,25.34,Calendar year; proxy for DES reporting year starting this year,Open-Meteo Historical Weather API,Yield anomaly <= -20% vs preceding 5-year mean,Observed DES production + historical weather API
Uttar Pradesh,Kaushambi,2015,2015 - 2016,Whole Year,All Crops,46080.0,97644.0,2.12,"DES, Ministry of Agriculture & Farmers Welfare",255,Top total DES-reported production across available reporting years,2.119010416666667,,,,25.497477705937275,81.41806298228751,Kaushambi,geoBoundaries India ADM2 centroid,771.2,25.96,Calendar year; proxy for DES reporting year starting this year,Open-Meteo Historical Weather API,Yield anomaly <= -20% vs preceding 5-year mean,Observed DES production + historical weather API
Uttar Pradesh,Kaushambi,2016,2016 - 2017,Whole Year,All Crops,45278.0,105588.0,2.33,"DES, Ministry of Agriculture & Farmers Welfare",255,Top total DES-reported production across available reporting years,2.3319934626087724,2.163674910862563,0.07779290266813144,0,25.497477705937275,81.41806298228751,Kaushambi,geoBoundaries India ADM2 centroid,1045.8,26.35,Calendar year; proxy for DES reporting year starting this year,Open-Meteo Historical Weather API,Yield anomaly <= -20% vs preceding 5-year mean,Observed DES production + historical weather API
Uttar Pradesh,Kaushambi,2017,2017 - 2018,Whole Year,All Crops,48758.0,117361.0,2.41,"DES, Ministry of Agriculture & Farmers Welfare",255,Top total DES-reported production across available reporting years,2.4070101316707,2.2057545487991157,0.09124115055374338,0,25.497477705937275,81.41806298228751,Kaushambi,geoBoundaries India ADM2 centroid,994.2,26.24,Calendar year; proxy for DES reporting year starting this year,Open-Meteo Historical Weather API,Yield anomaly <= -20% vs preceding 5-year mean,Observed DES production + historical weather API
Uttar Pradesh,Kaushambi,2018,2018 - 2019,Whole Year,All Crops,45431.0,108762.0,2.39,"DES, Ministry of Agriculture & Farmers Welfare",255,Top total DES-reported production across available reporting years,2.3940040941207545,2.2460056653734326,0.0658940585186436,0,25.497477705937275,81.41806298228751,Kaushambi,geoBoundaries India ADM2 centroid,1202.4,26.0,Calendar year; proxy for DES reporting year starting this year,Open-Meteo Historical Weather API,Yield anomaly <= -20% vs preceding 5-year mean,Observed DES production + historical weather API
Uttar Pradesh,Kaushambi,2019,2019 - 2020,Whole Year,All Crops,45313.0,114597.0,2.53,"DES, Ministry of Agriculture & Farmers Welfare",255,Top total DES-reported production across available reporting years,2.5290093350694063,2.283005879018191,0.10775419297518818,0,25.497477705937275,81.41806298228751,Kaushambi,geoBoundaries India ADM2 centroid,1498.7,25.82,Calendar year; proxy for DES reporting year starting this year,Open-Meteo Historical Weather API,Yield anomaly <= -20% vs preceding 5-year mean,Observed DES production + historical weather API
Uttar Pradesh,Kaushambi,2020,2020 - 2021,Whole Year,All Crops,45287.0,126713.0,2.8,"DES, Ministry of Agriculture & Farmers Welfare",255,Top total DES-reported production across available reporting years,2.7979994258838077,2.35620548802726,0.18750229557713194,0,25.497477705937275,81.41806298228751,Kaushambi,geoBoundaries India ADM2 centroid,1178.0,25.05,Calendar year; proxy for DES reporting year starting this year,Open-Meteo Historical Weather API,Yield anomaly <= -20% vs preceding 5-year mean,Observed DES production + historical weather API
Uttar Pradesh,Kaushambi,2021,2021 - 2022,Whole Year,All Crops,49058.0,134026.0,2.73,"DES, Ministry of Agriculture & Farmers Welfare",255,Top total DES-reported production across available reporting years,2.731990704879938,2.4920032898706883,0.09630300890240906,0,25.497477705937275,81.41806298228751,Kaushambi,geoBoundaries India ADM2 centroid,1299.1,25.23,Calendar year; proxy for DES reporting year starting this year,Open-Meteo Historical Weather API,Yield anomaly <= -20% vs preceding 5-year mean,Observed DES production + historical weather API
Uttar Pradesh,Kaushambi,2022,2022 - 2023,Whole Year,All Crops,64347.0,197674.0,3.07,"DES, Ministry of Agriculture & Farmers Welfare",255,Top total DES-reported production across available reporting years,3.072000248651841,2.5720027383249215,0.19440006920542974,0,25.497477705937275,81.41806298228751,Kaushambi,geoBoundaries India ADM2 centroid,1089.7,25.82,Calendar year; proxy for DES reporting year starting this year,Open-Meteo Historical Weather API,Yield anomaly <= -20% vs preceding 5-year mean,Observed DES production + historical weather API
Odisha,Kendujhar,2013,2013 - 2014,Whole Year,All Crops,176000.0,273000.0,1.55,"DES, Ministry of Agriculture & Farmers Welfare",62,Top total DES-reported production across available reporting years,1.5511363636363635,,,,21.537622517759782,85.7047895887223,Kendujhar,geoBoundaries India ADM2 centroid,1631.9,23.88,Calendar year; proxy for DES reporting year starting this year,Open-Meteo Historical Weather API,Yield anomaly <= -20% vs preceding 5-year mean,Observed DES production + historical weather API
Odisha,Kendujhar,2014,2014 - 2015,Whole Year,All Crops,176000.0,413000.0,2.35,"DES, Ministry of Agriculture & Farmers Welfare",62,Top total DES-reported production across available reporting years,2.346590909090909,,,,21.537622517759782,85.7047895887223,Kendujhar,geoBoundaries India ADM2 centroid,1657.7,24.14,Calendar year; proxy for DES reporting year starting this year,Open-Meteo Historical Weather API,Yield anomaly <= -20% vs preceding 5-year mean,Observed DES production + historical weather API
Odisha,Kendujhar,2015,2015 - 2016,Whole Year,All Crops,183000.0,207000.0,1.13,"DES, Ministry of Agriculture & Farmers Welfare",62,Top total DES-reported production across available reporting years,1.1311475409836065,,,,21.537622517759782,85.7047895887223,Kendujhar,geoBoundaries India ADM2 centroid,1719.2,24.36,Calendar year; proxy for DES reporting year starting this year,Open-Meteo Historical Weather API,Yield anomaly <= -20% vs preceding 5-year mean,Observed DES production + historical weather API
Odisha,Kendujhar,2016,2016 - 2017,Whole Year,All Crops,192840.0,422250.0,2.19,"DES, Ministry of Agriculture & Farmers Welfare",62,Top total DES-reported production across available reporting years,2.1896390790292473,1.6762916045702931,0.3062399603143915,0,21.537622517759782,85.7047895887223,Kendujhar,geoBoundaries India ADM2 centroid,1415.2,24.62,Calendar year; proxy for DES reporting year starting this year,Open-Meteo Historical Weather API,Yield anomaly <= -20% vs preceding 5-year mean,Observed DES production + historical weather API
Odisha,Kendujhar,2017,2017 - 2018,Whole Year,All Crops,188360.0,395050.0,2.1,"DES, Ministry of Agriculture & Farmers Welfare",62,Top total DES-reported production across available reporting years,2.097313654703759,1.8046284731850315,0.16218583817541155,0,21.537622517759782,85.7047895887223,Kendujhar,geoBoundaries India ADM2 centroid,1563.1,24.61,Calendar year; proxy for DES reporting year starting this year,Open-Meteo Historical Weather API,Yield anomaly <= -20% vs preceding 5-year mean,Observed DES production + historical weather API
Odisha,Kendujhar,2018,2018 - 2019,Whole Year,All Crops,160690.0,367340.0,2.29,"DES, Ministry of Agriculture & Farmers Welfare",62,Top total DES-reported production across available reporting years,2.286016553612546,1.863165509488777,0.22695302267579698,0,21.537622517759782,85.7047895887223,Kendujhar,geoBoundaries India ADM2 centroid,1506.5,24.14,Calendar year; proxy for DES reporting year starting this year,Open-Meteo Historical Weather API,Yield anomaly <= -20% vs preceding 5-year mean,Observed DES production + historical weather API
Odisha,Kendujhar,2019,2019 - 2020,Whole Year,All Crops,177790.0,524550.0,2.95,"DES, Ministry of Agriculture & Farmers Welfare",62,Top total DES-reported production across available reporting years,2.9503909106248947,2.0101415474840136,0.46775281288909265,0,21.537622517759782,85.7047895887223,Kendujhar,geoBoundaries India ADM2 centroid,1937.8,24.23,Calendar year; proxy for DES reporting year starting this year,Open-Meteo Historical Weather API,Yield anomaly <= -20% vs preceding 5-year mean,Observed DES production + historical weather API
Odisha,Kendujhar,2020,2020 - 2021,Whole Year,All Crops,170770.0,509860.0,2.99,"DES, Ministry of Agriculture & Farmers Welfare",62,Top total DES-reported production across available reporting years,2.985653217778298,2.1309015477908106,0.4011220841589993,0,21.537622517759782,85.7047895887223,Kendujhar,geoBoundaries India ADM2 centroid,1793.2,23.94,Calendar year; proxy for DES reporting year starting this year,Open-Meteo Historical Weather API,Yield anomaly <= -20% vs preceding 5-year mean,Observed DES production + historical weather API
Odisha,Kendujhar,2021,2021 - 2022,Whole Year,All Crops,150995.0,456302.0,3.02,"DES, Ministry of Agriculture & Farmers Welfare",62,Top total DES-reported production across available reporting years,3.021967614821683,2.501802683149749,0.20791604996484003,0,21.537622517759782,85.7047895887223,Kendujhar,geoBoundaries India ADM2 centroid,1737.5,24.28,Calendar year; proxy for DES reporting year starting this year,Open-Meteo Historical Weather API,Yield anomaly <= -20% vs preceding 5-year mean,Observed DES production + historical weather API
Odisha,Kendujhar,2022,2022 - 2023,Whole Year,All Crops,175150.0,611090.0,3.49,"DES, Ministry of Agriculture & Farmers Welfare",62,Top total DES-reported production across available reporting years,3.4889523265772193,2.6682683903082363,0.3075717342565296,0,21.537622517759782,85.7047895887223,Kendujhar,geoBoundaries India ADM2 centroid,1436.4,24.18,Calendar year; proxy for DES reporting year starting this year,Open-Meteo Historical Weather API,Yield anomaly <= -20% vs preceding 5-year mean,Observed DES production + historical weather API
Odisha,Koraput,2013,2013 - 2014,Whole Year,All Crops,133000.0,355000.0,2.67,"DES, Ministry of Agriculture & Farmers Welfare",99,Top total DES-reported production across available reporting years,2.669172932330827,,,,18.81484872008367,82.72099035697273,Koraput,geoBoundaries India ADM2 centroid,2005.5,22.32,Calendar year; proxy for DES reporting year starting this year,Open-Meteo Historical Weather API,Yield anomaly <= -20% vs preceding 5-year mean,Observed DES production + historical weather API
Odisha,Koraput,2014,2014 - 2015,Whole Year,All Crops,135000.0,275000.0,2.04,"DES, Ministry of Agriculture & Farmers Welfare",99,Top total DES-reported production across available reporting years,2.037037037037037,,,,18.81484872008367,82.72099035697273,Koraput,geoBoundaries India ADM2 centroid,1582.0,22.35,Calendar year; proxy for DES reporting year starting this year,Open-Meteo Historical Weather API,Yield anomaly <= -20% vs preceding 5-year mean,Observed DES production + historical weather API
Odisha,Koraput,2015,2015 - 2016,Whole Year,All Crops,122000.0,240000.0,1.97,"DES, Ministry of Agriculture & Farmers Welfare",99,Top total DES-reported production across available reporting years,1.9672131147540983,,,,18.81484872008367,82.72099035697273,Koraput,geoBoundaries India ADM2 centroid,1614.3,22.7,Calendar year; proxy for DES reporting year starting this year,Open-Meteo Historical Weather API,Yield anomaly <= -20% vs preceding 5-year mean,Observed DES production + historical weather API
Odisha,Koraput,2016,2016 - 2017,Whole Year,All Crops,124990.0,316210.0,2.53,"DES, Ministry of Agriculture & Farmers Welfare",99,Top total DES-reported production across available reporting years,2.529882390591247,2.2244743613739875,0.13729447033438436,0,18.81484872008367,82.72099035697273,Koraput,geoBoundaries India ADM2 centroid,1721.5,22.99,Calendar year; proxy for DES reporting year starting this year,Open-Meteo Historical Weather API,Yield anomaly <= -20% vs preceding 5-year mean,Observed DES production + historical weather API
Odisha,Koraput,2017,2017 - 2018,Whole Year,All Crops,124120.0,287720.0,2.32,"DES, Ministry of Agriculture & Farmers Welfare",99,Top total DES-reported production across available reporting years,2.3180792781179504,2.3008263686783024,0.007498570806783178,0,18.81484872008367,82.72099035697273,Koraput,geoBoundaries India ADM2 centroid,1325.9,22.75,Calendar year; proxy for DES reporting year starting this year,Open-Meteo Historical Weather API,Yield anomaly <= -20% vs preceding 5-year mean,Observed DES production + historical weather API
Odisha,Koraput,2018,2018 - 2019,Whole Year,All Crops,132300.0,347850.0,2.63,"DES, Ministry of Agriculture & Farmers Welfare",99,Top total DES-reported production across available reporting years,2.629251700680272,2.304276950566232,0.14103111608792673,0,18.81484872008367,82.72099035697273,Koraput,geoBoundaries India ADM2 centroid,1928.8,22.19,Calendar year; proxy for DES reporting year starting this year,Open-Meteo Historical Weather API,Yield anomaly <= -20% vs preceding 5-year mean,Observed DES production + historical weather API
Odisha,Koraput,2019,2019 - 2020,Whole Year,All Crops,125630.0,361960.0,2.88,"DES, Ministry of Agriculture & Farmers Welfare",99,Top total DES-reported production across available reporting years,2.881158958847409,2.2962927042361208,0.2547002189800749,0,18.81484872008367,82.72099035697273,Koraput,geoBoundaries India ADM2 centroid,1600.6,22.82,Calendar year; proxy for DES reporting year starting this year,Open-Meteo Historical Weather API,Yield anomaly <= -20% vs preceding 5-year mean,Observed DES production + historical weather API
Odisha,Koraput,2020,2020 - 2021,Whole Year,All Crops,130920.0,378780.0,2.89,"DES, Ministry of Agriculture & Farmers Welfare",99,Top total DES-reported production across available reporting years,2.8932172318973417,2.4651170885981957,0.17366320864806783,0,18.81484872008367,82.72099035697273,Koraput,geoBoundaries India ADM2 centroid,1636.0,22.36,Calendar year; proxy for DES reporting year starting this year,Open-Meteo Historical Weather API,Yield anomaly <= -20% vs preceding 5-year mean,Observed DES production + historical weather API
Odisha,Koraput,2021,2021 - 2022,Whole Year,All Crops,131745.0,381161.0,2.89,"DES, Ministry of Agriculture & Farmers Welfare",99,Top total DES-reported production across available reporting years,2.89317241641049,2.650317912026844,0.09163221637736352,0,18.81484872008367,82.72099035697273,Koraput,geoBoundaries India ADM2 centroid,1368.4,22.49,Calendar year; proxy for DES reporting year starting this year,Open-Meteo Historical Weather API,Yield anomaly <= -20% vs preceding 5-year mean,Observed DES production + historical weather API
Odisha,Koraput,2022,2022 - 2023,Whole Year,All Crops,132500.0,419990.0,3.17,"DES, Ministry of Agriculture & Farmers Welfare",99,Top total DES-reported production across available reporting years,3.169735849056604,2.7229759171906927,0.1640704675518525,0,18.81484872008367,82.72099035697273,Koraput,geoBoundaries India ADM2 centroid,1301.9,22.63,Calendar year; proxy for DES reporting year starting this year,Open-Meteo Historical Weather API,Yield anomaly <= -20% vs preceding 5-year mean,Observed DES production + historical weather API
Andhra Pradesh,Krishna,2013,2013 - 2014,Whole Year,All Crops,363322.0,1175521.0,3.24,"DES, Ministry of Agriculture & Farmers Welfare",8,Top total DES-reported production across available reporting years,3.235479822306384,,,,16.565652824874974,80.80563020824229,Krishna,geoBoundaries India ADM2 centroid,1070.9,27.53,Calendar year; proxy for DES reporting year starting this year,Open-Meteo Historical Weather API,Yield anomaly <= -20% vs preceding 5-year mean,Observed DES production + historical weather API
Andhra Pradesh,Krishna,2014,2014 - 2015,Whole Year,All Crops,288042.0,998795.0,3.47,"DES, Ministry of Agriculture & Farmers Welfare",8,Top total DES-reported production across available reporting years,3.4675325126196874,,,,16.565652824874974,80.80563020824229,Krishna,geoBoundaries India ADM2 centroid,874.7,28.01,Calendar year; proxy for DES reporting year starting this year,Open-Meteo Historical Weather API,Yield anomaly <= -20% vs preceding 5-year mean,Observed DES production + historical weather API
Andhra Pradesh,Krishna,2015,2015 - 2016,Whole Year,All Crops,220679.0,762638.0,3.46,"DES, Ministry of Agriculture & Farmers Welfare",8,Top total DES-reported production across available reporting years,3.455870291237499,,,,16.565652824874974,80.80563020824229,Krishna,geoBoundaries India ADM2 centroid,1118.4,28.16,Calendar year; proxy for DES reporting year starting this year,Open-Meteo Historical Weather API,Yield anomaly <= -20% vs preceding 5-year mean,Observed DES production + historical weather API
Andhra Pradesh,Krishna,2016,2016 - 2017,Whole Year,All Crops,231409.0,897716.0,3.88,"DES, Ministry of Agriculture & Farmers Welfare",8,Top total DES-reported production across available reporting years,3.8793478213898336,3.3862942087211905,0.1456027097110506,0,16.565652824874974,80.80563020824229,Krishna,geoBoundaries India ADM2 centroid,1332.9,28.11,Calendar year; proxy for DES reporting year starting this year,Open-Meteo Historical Weather API,Yield anomaly <= -20% vs preceding 5-year mean,Observed DES production + historical weather API
Andhra Pradesh,Krishna,2017,2017 - 2018,Whole Year,All Crops,258728.0,1031955.0,3.99,"DES, Ministry of Agriculture & Farmers Welfare",8,Top total DES-reported production across available reporting years,3.9885710089360256,3.509557611888351,0.13648825579185653,0,16.565652824874974,80.80563020824229,Krishna,geoBoundaries India ADM2 centroid,1073.2,28.26,Calendar year; proxy for DES reporting year starting this year,Open-Meteo Historical Weather API,Yield anomaly <= -20% vs preceding 5-year mean,Observed DES production + historical weather API
Andhra Pradesh,Krishna,2018,2018 - 2019,Whole Year,All Crops,274014.0,1147048.0,4.19,"DES, Ministry of Agriculture & Farmers Welfare",8,Top total DES-reported production across available reporting years,4.1860926813958415,3.605360291297886,0.16107471741441381,0,16.565652824874974,80.80563020824229,Krishna,geoBoundaries India ADM2 centroid,996.7,28.09,Calendar year; proxy for DES reporting year starting this year,Open-Meteo Historical Weather API,Yield anomaly <= -20% vs preceding 5-year mean,Observed DES production + historical weather API
Andhra Pradesh,Krishna,2019,2019 - 2020,Whole Year,All Crops,315036.0,1261309.0,4.0,"DES, Ministry of Agriculture & Farmers Welfare",8,Top total DES-reported production across available reporting years,4.003697990070976,3.7954828631157773,0.05485866606818801,0,16.565652824874974,80.80563020824229,Krishna,geoBoundaries India ADM2 centroid,1004.8,28.51,Calendar year; proxy for DES reporting year starting this year,Open-Meteo Historical Weather API,Yield anomaly <= -20% vs preceding 5-year mean,Observed DES production + historical weather API
Andhra Pradesh,Krishna,2020,2020 - 2021,Whole Year,All Crops,338617.0,1198556.0,3.54,"DES, Ministry of Agriculture & Farmers Welfare",8,Top total DES-reported production across available reporting years,3.5395623964538108,3.902715958606035,-0.09305149695852699,0,16.565652824874974,80.80563020824229,Krishna,geoBoundaries India ADM2 centroid,1585.8,27.97,Calendar year; proxy for DES reporting year starting this year,Open-Meteo Historical Weather API,Yield anomaly <= -20% vs preceding 5-year mean,Observed DES production + historical weather API
Andhra Pradesh,Krishna,2021,2021 - 2022,Whole Year,All Crops,268513.0,928371.0,3.46,"DES, Ministry of Agriculture & Farmers Welfare",8,Top total DES-reported production across available reporting years,3.4574527117867664,3.9194543796492973,-0.11787397507707942,0,16.565652824874974,80.80563020824229,Krishna,geoBoundaries India ADM2 centroid,1023.0,27.92,Calendar year; proxy for DES reporting year starting this year,Open-Meteo Historical Weather API,Yield anomaly <= -20% vs preceding 5-year mean,Observed DES production + historical weather API
Andhra Pradesh,Krishna,2022,2022 - 2023,Whole Year,All Crops,167427.0,665011.0,3.97,"DES, Ministry of Agriculture & Farmers Welfare",8,Top total DES-reported production across available reporting years,3.9719459824281627,3.835075357728684,0.03568916173280634,0,16.565652824874974,80.80563020824229,Krishna,geoBoundaries India ADM2 centroid,1335.2,27.86,Calendar year; proxy for DES reporting year starting this year,Open-Meteo Historical Weather API,Yield anomaly <= -20% vs preceding 5-year mean,Observed DES production + historical weather API
Punjab,Ludhiana,2013,2013 - 2014,Whole Year,All Crops,257000.0,1137000.0,4.42,"DES, Ministry of Agriculture & Farmers Welfare",5,Top total DES-reported production across available reporting years,4.424124513618677,,,,30.804715545305687,75.83614321635899,Ludhiana,geoBoundaries India ADM2 centroid,735.3,23.16,Calendar year; proxy for DES reporting year starting this year,Open-Meteo Historical Weather API,Yield anomaly <= -20% vs preceding 5-year mean,Observed DES production + historical weather API
Punjab,Ludhiana,2014,2014 - 2015,Whole Year,All Crops,257000.0,1119000.0,4.35,"DES, Ministry of Agriculture & Farmers Welfare",5,Top total DES-reported production across available reporting years,4.35408560311284,,,,30.804715545305687,75.83614321635899,Ludhiana,geoBoundaries India ADM2 centroid,587.1,23.31,Calendar year; proxy for DES reporting year starting this year,Open-Meteo Historical Weather API,Yield anomaly <= -20% vs preceding 5-year mean,Observed DES production + historical weather API
Punjab,Ludhiana,2015,2015 - 2016,Whole Year,All Crops,257000.0,1181000.0,4.6,"DES, Ministry of Agriculture & Farmers Welfare",5,Top total DES-reported production across available reporting years,4.595330739299611,,,,30.804715545305687,75.83614321635899,Ludhiana,geoBoundaries India ADM2 centroid,1158.5,22.87,Calendar year; proxy for DES reporting year starting this year,Open-Meteo Historical Weather API,Yield anomaly <= -20% vs preceding 5-year mean,Observed DES production + historical weather API
Punjab,Ludhiana,2016,2016 - 2017,Whole Year,All Crops,259000.0,1247000.0,4.81,"DES, Ministry of Agriculture & Farmers Welfare",5,Top total DES-reported production across available reporting years,4.814671814671815,4.457846952010375,0.08004421562757358,0,30.804715545305687,75.83614321635899,Ludhiana,geoBoundaries India ADM2 centroid,611.4,24.34,Calendar year; proxy for DES reporting year starting this year,Open-Meteo Historical Weather API,Yield anomaly <= -20% vs preceding 5-year mean,Observed DES production + historical weather API
Punjab,Ludhiana,2017,2017 - 2018,Whole Year,All Crops,258000.0,1224000.0,4.74,"DES, Ministry of Agriculture & Farmers Welfare",5,Top total DES-reported production across available reporting years,4.744186046511628,4.5470531676757355,0.04335398588195072,0,30.804715545305687,75.83614321635899,Ludhiana,geoBoundaries India ADM2 centroid,856.2,23.16,Calendar year; proxy for DES reporting year starting this year,Open-Meteo Historical Weather API,Yield anomaly <= -20% vs preceding 5-year mean,Observed DES production + historical weather API
Punjab,Ludhiana,2018,2018 - 2019,Whole Year,All Crops,259000.0,1153000.0,4.45,"DES, Ministry of Agriculture & Farmers Welfare",5,Top total DES-reported production across available reporting years,4.4517374517374515,4.586479743442914,-0.02937815039913727,0,30.804715545305687,75.83614321635899,Ludhiana,geoBoundaries India ADM2 centroid,913.8,22.96,Calendar year; proxy for DES reporting year starting this year,Open-Meteo Historical Weather API,Yield anomaly <= -20% vs preceding 5-year mean,Observed DES production + historical weather API
Punjab,Ludhiana,2019,2019 - 2020,Whole Year,All Crops,259000.0,1211000.0,4.68,"DES, Ministry of Agriculture & Farmers Welfare",5,Top total DES-reported production across available reporting years,4.675675675675675,4.592002331066669,0.01822153792103376,0,30.804715545305687,75.83614321635899,Ludhiana,geoBoundaries India ADM2 centroid,1001.3,22.39,Calendar year; proxy for DES reporting year starting this year,Open-Meteo Historical Weather API,Yield anomaly <= -20% vs preceding 5-year mean,Observed DES production + historical weather API
Punjab,Ludhiana,2020,2020 - 2021,Whole Year,All Crops,258600.0,1264000.0,4.89,"DES, Ministry of Agriculture & Farmers Welfare",5,Top total DES-reported production across available reporting years,4.887857695282289,4.656320345579236,0.049725390978066386,0,30.804715545305687,75.83614321635899,Ludhiana,geoBoundaries India ADM2 centroid,713.4,22.48,Calendar year; proxy for DES reporting year starting this year,Open-Meteo Historical Weather API,Yield anomaly <= -20% vs preceding 5-year mean,Observed DES production + historical weather API
Punjab,Ludhiana,2021,2021 - 2022,Whole Year,All Crops,258700.0,1246000.0,4.82,"DES, Ministry of Agriculture & Farmers Welfare",5,Top total DES-reported production across available reporting years,4.816389640510243,4.714825736775772,0.02154139079675188,0,30.804715545305687,75.83614321635899,Ludhiana,geoBoundaries India ADM2 centroid,578.6,23.0,Calendar year; proxy for DES reporting year starting this year,Open-Meteo Historical Weather API,Yield anomaly <= -20% vs preceding 5-year mean,Observed DES production + historical weather API
Punjab,Ludhiana,2022,2022 - 2023,Whole Year,All Crops,258800.0,1236000.0,4.78,"DES, Ministry of Agriculture & Farmers Welfare",5,Top total DES-reported production across available reporting years,4.775888717156105,4.715169301943457,0.012877462361239322,0,30.804715545305687,75.83614321635899,Ludhiana,geoBoundaries India ADM2 centroid,934.3,23.51,Calendar year; proxy for DES reporting year starting this year,Open-Meteo Historical Weather API,Yield anomaly <= -20% vs preceding 5-year mean,Observed DES production + historical weather API
Chhattisgarh,Mahasamund,2013,2013 - 2014,Whole Year,All Crops,271381.0,474504.0,1.75,"DES, Ministry of Agriculture & Farmers Welfare",53,Top total DES-reported production across available reporting years,1.74847907554324,,,,21.20414839495232,82.60457202864289,Mahasamund,geoBoundaries India ADM2 centroid,1420.5,25.91,Calendar year; proxy for DES reporting year starting this year,Open-Meteo Historical Weather API,Yield anomaly <= -20% vs preceding 5-year mean,Observed DES production + historical weather API
Chhattisgarh,Mahasamund,2014,2014 - 2015,Whole Year,All Crops,272551.0,510063.0,1.87,"DES, Ministry of Agriculture & Farmers Welfare",53,Top total DES-reported production across available reporting years,1.8714405744246032,,,,21.20414839495232,82.60457202864289,Mahasamund,geoBoundaries India ADM2 centroid,1421.8,26.28,Calendar year; proxy for DES reporting year starting this year,Open-Meteo Historical Weather API,Yield anomaly <= -20% vs preceding 5-year mean,Observed DES production + historical weather API
Chhattisgarh,Mahasamund,2015,2015 - 2016,Whole Year,All Crops,271299.0,391426.0,1.44,"DES, Ministry of Agriculture & Farmers Welfare",53,Top total DES-reported production across available reporting years,1.4427845292463297,,,,21.20414839495232,82.60457202864289,Mahasamund,geoBoundaries India ADM2 centroid,1234.0,26.61,Calendar year; proxy for DES reporting year starting this year,Open-Meteo Historical Weather API,Yield anomaly <= -20% vs preceding 5-year mean,Observed DES production + historical weather API
Chhattisgarh,Mahasamund,2016,2016 - 2017,Whole Year,All Crops,282318.0,505564.0,1.79,"DES, Ministry of Agriculture & Farmers Welfare",53,Top total DES-reported production across available reporting years,1.790760773312364,1.6875680597380576,0.06114877143996433,0,21.20414839495232,82.60457202864289,Mahasamund,geoBoundaries India ADM2 centroid,1416.0,26.82,Calendar year; proxy for DES reporting year starting this year,Open-Meteo Historical Weather API,Yield anomaly <= -20% vs preceding 5-year mean,Observed DES production + historical weather API
Chhattisgarh,Mahasamund,2017,2017 - 2018,Whole Year,All Crops,281144.0,406970.0,1.45,"DES, Ministry of Agriculture & Farmers Welfare",53,Top total DES-reported production across available reporting years,1.447550009959309,1.7133662381316341,-0.15514267893021427,0,21.20414839495232,82.60457202864289,Mahasamund,geoBoundaries India ADM2 centroid,1402.1,26.69,Calendar year; proxy for DES reporting year starting this year,Open-Meteo Historical Weather API,Yield anomaly <= -20% vs preceding 5-year mean,Observed DES production + historical weather API
Chhattisgarh,Mahasamund,2018,2018 - 2019,Whole Year,All Crops,294928.0,370014.0,1.25,"DES, Ministry of Agriculture & Farmers Welfare",53,Top total DES-reported production across available reporting years,1.2545909510117723,1.6602029924971693,-0.2443147273667431,1,21.20414839495232,82.60457202864289,Mahasamund,geoBoundaries India ADM2 centroid,1343.8,26.11,Calendar year; proxy for DES reporting year starting this year,Open-Meteo Historical Weather API,Yield anomaly <= -20% vs preceding 5-year mean,Observed DES production + historical weather API
Chhattisgarh,Mahasamund,2019,2019 - 2020,Whole Year,All Crops,290632.0,469992.0,1.62,"DES, Ministry of Agriculture & Farmers Welfare",53,Top total DES-reported production across available reporting years,1.6171378237771477,1.5614253675908756,0.03568051175717146,0,21.20414839495232,82.60457202864289,Mahasamund,geoBoundaries India ADM2 centroid,1501.4,26.42,Calendar year; proxy for DES reporting year starting this year,Open-Meteo Historical Weather API,Yield anomaly <= -20% vs preceding 5-year mean,Observed DES production + historical weather API
Chhattisgarh,Mahasamund,2020,2020 - 2021,Whole Year,All Crops,283655.0,475208.0,1.68,"DES, Ministry of Agriculture & Farmers Welfare",53,Top total DES-reported production across available reporting years,1.6753027445312088,1.5105648174613846,0.10905717197007037,0,21.20414839495232,82.60457202864289,Mahasamund,geoBoundaries India ADM2 centroid,1877.7,25.75,Calendar year; proxy for DES reporting year starting this year,Open-Meteo Historical Weather API,Yield anomaly <= -20% vs preceding 5-year mean,Observed DES production + historical weather API
Chhattisgarh,Mahasamund,2021,2021 - 2022,Whole Year,All Crops,289110.0,470059.0,1.63,"DES, Ministry of Agriculture & Farmers Welfare",53,Top total DES-reported production across available reporting years,1.6258828819480475,1.5570684605183605,0.04419485923359989,0,21.20414839495232,82.60457202864289,Mahasamund,geoBoundaries India ADM2 centroid,1184.1,26.05,Calendar year; proxy for DES reporting year starting this year,Open-Meteo Historical Weather API,Yield anomaly <= -20% vs preceding 5-year mean,Observed DES production + historical weather API
Chhattisgarh,Mahasamund,2022,2022 - 2023,Whole Year,All Crops,294357.0,626688.0,2.13,"DES, Ministry of Agriculture & Farmers Welfare",53,Top total DES-reported production across available reporting years,2.1290066144171873,1.524092882245497,0.39690083145093524,0,21.20414839495232,82.60457202864289,Mahasamund,geoBoundaries India ADM2 centroid,1534.3,26.19,Calendar year; proxy for DES reporting year starting this year,Open-Meteo Historical Weather API,Yield anomaly <= -20% vs preceding 5-year mean,Observed DES production + historical weather API
West Bengal,Maldah,2013,2013 - 2014,Whole Year,All Crops,198770.0,704366.0,3.54,"DES, Ministry of Agriculture & Farmers Welfare",26,Top total DES-reported production across available reporting years,3.5436232831916286,,,,25.13952004400626,88.09010251561412,Maldah,geoBoundaries India ADM2 centroid,1373.0,24.69,Calendar year; proxy for DES reporting year starting this year,Open-Meteo Historical Weather API,Yield anomaly <= -20% vs preceding 5-year mean,Observed DES production + historical weather API
West Bengal,Maldah,2014,2014 - 2015,Whole Year,All Crops,204194.0,707569.0,3.47,"DES, Ministry of Agriculture & Farmers Welfare",26,Top total DES-reported production across available reporting years,3.4651801717974084,,,,25.13952004400626,88.09010251561412,Maldah,geoBoundaries India ADM2 centroid,1472.6,25.1,Calendar year; proxy for DES reporting year starting this year,Open-Meteo Historical Weather API,Yield anomaly <= -20% vs preceding 5-year mean,Observed DES production + historical weather API
West Bengal,Maldah,2015,2015 - 2016,Whole Year,All Crops,206350.0,705355.0,3.42,"DES, Ministry of Agriculture & Farmers Welfare",26,Top total DES-reported production across available reporting years,3.4182456990550034,,,,25.13952004400626,88.09010251561412,Maldah,geoBoundaries India ADM2 centroid,1681.2,24.91,Calendar year; proxy for DES reporting year starting this year,Open-Meteo Historical Weather API,Yield anomaly <= -20% vs preceding 5-year mean,Observed DES production + historical weather API
West Bengal,Maldah,2016,2016 - 2017,Whole Year,All Crops,197174.0,670648.0,3.4,"DES, Ministry of Agriculture & Farmers Welfare",26,Top total DES-reported production across available reporting years,3.401300374288699,3.4756830513480135,-0.02140088033356946,0,25.13952004400626,88.09010251561412,Maldah,geoBoundaries India ADM2 centroid,1553.9,25.46,Calendar year; proxy for DES reporting year starting this year,Open-Meteo Historical Weather API,Yield anomaly <= -20% vs preceding 5-year mean,Observed DES production + historical weather API
West Bengal,Maldah,2017,2017 - 2018,Whole Year,All Crops,213933.0,629947.0,2.94,"DES, Ministry of Agriculture & Farmers Welfare",26,Top total DES-reported production across available reporting years,2.9445994774064777,3.457087382083185,-0.14824268178257338,0,25.13952004400626,88.09010251561412,Maldah,geoBoundaries India ADM2 centroid,1710.4,24.81,Calendar year; proxy for DES reporting year starting this year,Open-Meteo Historical Weather API,Yield anomaly <= -20% vs preceding 5-year mean,Observed DES production + historical weather API
West Bengal,Maldah,2018,2018 - 2019,Whole Year,All Crops,205374.0,666851.0,3.25,"DES, Ministry of Agriculture & Farmers Welfare",26,Top total DES-reported production across available reporting years,3.247007897786477,3.3545898011478434,-0.032070062135333144,0,25.13952004400626,88.09010251561412,Maldah,geoBoundaries India ADM2 centroid,1307.6,24.58,Calendar year; proxy for DES reporting year starting this year,Open-Meteo Historical Weather API,Yield anomaly <= -20% vs preceding 5-year mean,Observed DES production + historical weather API
West Bengal,Maldah,2019,2019 - 2020,Whole Year,All Crops,204950.0,665346.0,3.25,"DES, Ministry of Agriculture & Farmers Welfare",26,Top total DES-reported production across available reporting years,3.2463820444010736,3.2952667240668134,-0.01483481725734459,0,25.13952004400626,88.09010251561412,Maldah,geoBoundaries India ADM2 centroid,1588.8,24.85,Calendar year; proxy for DES reporting year starting this year,Open-Meteo Historical Weather API,Yield anomaly <= -20% vs preceding 5-year mean,Observed DES production + historical weather API
West Bengal,Maldah,2020,2020 - 2021,Whole Year,All Crops,210554.0,637177.0,3.03,"DES, Ministry of Agriculture & Farmers Welfare",26,Top total DES-reported production across available reporting years,3.0261928056460574,3.2515070985875463,-0.06929534093262946,0,25.13952004400626,88.09010251561412,Maldah,geoBoundaries India ADM2 centroid,2137.0,24.35,Calendar year; proxy for DES reporting year starting this year,Open-Meteo Historical Weather API,Yield anomaly <= -20% vs preceding 5-year mean,Observed DES production + historical weather API
West Bengal,Maldah,2021,2021 - 2022,Whole Year,All Crops,214180.0,671935.0,3.14,"DES, Ministry of Agriculture & Farmers Welfare",26,Top total DES-reported production across available reporting years,3.1372443738911198,3.1730965199057573,-0.011298788356965073,0,25.13952004400626,88.09010251561412,Maldah,geoBoundaries India ADM2 centroid,1724.3,24.98,Calendar year; proxy for DES reporting year starting this year,Open-Meteo Historical Weather API,Yield anomaly <= -20% vs preceding 5-year mean,Observed DES production + historical weather API
West Bengal,Maldah,2022,2022 - 2023,Whole Year,All Crops,195088.0,633851.0,3.25,"DES, Ministry of Agriculture & Farmers Welfare",26,Top total DES-reported production across available reporting years,3.2490517099975396,3.1202853198262415,0.04126750504292631,0,25.13952004400626,88.09010251561412,Maldah,geoBoundaries India ADM2 centroid,1336.1,25.04,Calendar year; proxy for DES reporting year starting this year,Open-Meteo Historical Weather API,Yield anomaly <= -20% vs preceding 5-year mean,Observed DES production + historical weather API
Madhya Pradesh,Mandla,2013,2013 - 2014,Whole Year,All Crops,131499.0,117351.0,0.89,"DES, Ministry of Agriculture & Farmers Welfare",100,Top total DES-reported production across available reporting years,0.8924098282116214,,,,22.637601835407033,80.50142516171897,Mandla,geoBoundaries India ADM2 centroid,1445.6,24.8,Calendar year; proxy for DES reporting year starting this year,Open-Meteo Historical Weather API,Yield anomaly <= -20% vs preceding 5-year mean,Observed DES production + historical weather API
Madhya Pradesh,Mandla,2014,2014 - 2015,Whole Year,All Crops,129000.0,132000.0,1.02,"DES, Ministry of Agriculture & Farmers Welfare",100,Top total DES-reported production across available reporting years,1.0232558139534884,,,,22.637601835407033,80.50142516171897,Mandla,geoBoundaries India ADM2 centroid,944.7,25.25,Calendar year; proxy for DES reporting year starting this year,Open-Meteo Historical Weather API,Yield anomaly <= -20% vs preceding 5-year mean,Observed DES production + historical weather API
Madhya Pradesh,Mandla,2015,2015 - 2016,Whole Year,All Crops,132000.0,266000.0,2.02,"DES, Ministry of Agriculture & Farmers Welfare",100,Top total DES-reported production across available reporting years,2.015151515151515,,,,22.637601835407033,80.50142516171897,Mandla,geoBoundaries India ADM2 centroid,1184.8,25.32,Calendar year; proxy for DES reporting year starting this year,Open-Meteo Historical Weather API,Yield anomaly <= -20% vs preceding 5-year mean,Observed DES production + historical weather API
Madhya Pradesh,Mandla,2016,2016 - 2017,Whole Year,All Crops,143000.0,318000.0,2.22,"DES, Ministry of Agriculture & Farmers Welfare",100,Top total DES-reported production across available reporting years,2.2237762237762237,1.3102723857722083,0.6971862094656314,0,22.637601835407033,80.50142516171897,Mandla,geoBoundaries India ADM2 centroid,1687.5,25.69,Calendar year; proxy for DES reporting year starting this year,Open-Meteo Historical Weather API,Yield anomaly <= -20% vs preceding 5-year mean,Observed DES production + historical weather API
Madhya Pradesh,Mandla,2017,2017 - 2018,Whole Year,All Crops,136300.0,566000.0,4.15,"DES, Ministry of Agriculture & Farmers Welfare",100,Top total DES-reported production across available reporting years,4.152604548789435,1.538648345273212,1.6988652485451916,0,22.637601835407033,80.50142516171897,Mandla,geoBoundaries India ADM2 centroid,1067.3,25.15,Calendar year; proxy for DES reporting year starting this year,Open-Meteo Historical Weather API,Yield anomaly <= -20% vs preceding 5-year mean,Observed DES production + historical weather API
Madhya Pradesh,Mandla,2018,2018 - 2019,Whole Year,All Crops,148099.0,223697.0,1.51,"DES, Ministry of Agriculture & Farmers Welfare",100,Top total DES-reported production across available reporting years,1.5104558437261562,2.0614395859764567,-0.26728105252199874,1,22.637601835407033,80.50142516171897,Mandla,geoBoundaries India ADM2 centroid,1313.6,24.79,Calendar year; proxy for DES reporting year starting this year,Open-Meteo Historical Weather API,Yield anomaly <= -20% vs preceding 5-year mean,Observed DES production + historical weather API
Madhya Pradesh,Mandla,2019,2019 - 2020,Whole Year,All Crops,182611.0,352748.0,1.93,"DES, Ministry of Agriculture & Farmers Welfare",100,Top total DES-reported production across available reporting years,1.9316908619962654,2.1850487890793637,-0.11595069563176519,0,22.637601835407033,80.50142516171897,Mandla,geoBoundaries India ADM2 centroid,1875.3,25.04,Calendar year; proxy for DES reporting year starting this year,Open-Meteo Historical Weather API,Yield anomaly <= -20% vs preceding 5-year mean,Observed DES production + historical weather API
Madhya Pradesh,Mandla,2020,2020 - 2021,Whole Year,All Crops,187791.0,363063.0,1.93,"DES, Ministry of Agriculture & Farmers Welfare",100,Top total DES-reported production across available reporting years,1.933335463360864,2.366735798687919,-0.1831215531396979,0,22.637601835407033,80.50142516171897,Mandla,geoBoundaries India ADM2 centroid,1725.3,24.13,Calendar year; proxy for DES reporting year starting this year,Open-Meteo Historical Weather API,Yield anomaly <= -20% vs preceding 5-year mean,Observed DES production + historical weather API
Madhya Pradesh,Mandla,2021,2021 - 2022,Whole Year,All Crops,186955.0,377648.0,2.02,"DES, Ministry of Agriculture & Farmers Welfare",100,Top total DES-reported production across available reporting years,2.0199941162311785,2.350372588329789,-0.1405642976517959,0,22.637601835407033,80.50142516171897,Mandla,geoBoundaries India ADM2 centroid,1244.7,24.55,Calendar year; proxy for DES reporting year starting this year,Open-Meteo Historical Weather API,Yield anomaly <= -20% vs preceding 5-year mean,Observed DES production + historical weather API
Madhya Pradesh,Mandla,2022,2022 - 2023,Whole Year,All Crops,194475.0,603845.0,3.11,"DES, Ministry of Agriculture & Farmers Welfare",100,Top total DES-reported production across available reporting years,3.1050006427561385,2.30961616682078,0.3443795065871127,0,22.637601835407033,80.50142516171897,Mandla,geoBoundaries India ADM2 centroid,1676.1,24.72,Calendar year; proxy for DES reporting year starting this year,Open-Meteo Historical Weather API,Yield anomaly <= -20% vs preceding 5-year mean,Observed DES production + historical weather API
Punjab,Mansa,2013,2013 - 2014,Whole Year,All Crops,81000.0,334000.0,4.12,"DES, Ministry of Agriculture & Farmers Welfare",56,Top total DES-reported production across available reporting years,4.1234567901234565,,,,29.90820713218236,75.43996956110492,Mansa,geoBoundaries India ADM2 centroid,674.9,24.13,Calendar year; proxy for DES reporting year starting this year,Open-Meteo Historical Weather API,Yield anomaly <= -20% vs preceding 5-year mean,Observed DES production + historical weather API
Punjab,Mansa,2014,2014 - 2015,Whole Year,All Crops,82000.0,296000.0,3.61,"DES, Ministry of Agriculture & Farmers Welfare",56,Top total DES-reported production across available reporting years,3.6097560975609757,,,,29.90820713218236,75.43996956110492,Mansa,geoBoundaries India ADM2 centroid,412.0,24.42,Calendar year; proxy for DES reporting year starting this year,Open-Meteo Historical Weather API,Yield anomaly <= -20% vs preceding 5-year mean,Observed DES production + historical weather API
Punjab,Mansa,2015,2015 - 2016,Whole Year,All Crops,93000.0,363000.0,3.9,"DES, Ministry of Agriculture & Farmers Welfare",56,Top total DES-reported production across available reporting years,3.903225806451613,,,,29.90820713218236,75.43996956110492,Mansa,geoBoundaries India ADM2 centroid,753.6,24.28,Calendar year; proxy for DES reporting year starting this year,Open-Meteo Historical Weather API,Yield anomaly <= -20% vs preceding 5-year mean,Observed DES production + historical weather API
Punjab,Mansa,2016,2016 - 2017,Whole Year,All Crops,103000.0,442000.0,4.29,"DES, Ministry of Agriculture & Farmers Welfare",56,Top total DES-reported production across available reporting years,4.29126213592233,3.8788128980453482,0.10633388325712412,0,29.90820713218236,75.43996956110492,Mansa,geoBoundaries India ADM2 centroid,372.1,25.74,Calendar year; proxy for DES reporting year starting this year,Open-Meteo Historical Weather API,Yield anomaly <= -20% vs preceding 5-year mean,Observed DES production + historical weather API
Punjab,Mansa,2017,2017 - 2018,Whole Year,All Crops,107000.0,499000.0,4.66,"DES, Ministry of Agriculture & Farmers Welfare",56,Top total DES-reported production across available reporting years,4.663551401869159,3.981925207514594,0.17118005960237936,0,29.90820713218236,75.43996956110492,Mansa,geoBoundaries India ADM2 centroid,429.5,24.73,Calendar year; proxy for DES reporting year starting this year,Open-Meteo Historical Weather API,Yield anomaly <= -20% vs preceding 5-year mean,Observed DES production + historical weather API
Punjab,Mansa,2018,2018 - 2019,Whole Year,All Crops,116000.0,514000.0,4.43,"DES, Ministry of Agriculture & Farmers Welfare",56,Top total DES-reported production across available reporting years,4.431034482758621,4.118250446385507,0.07595070781759694,0,29.90820713218236,75.43996956110492,Mansa,geoBoundaries India ADM2 centroid,518.8,24.34,Calendar year; proxy for DES reporting year starting this year,Open-Meteo Historical Weather API,Yield anomaly <= -20% vs preceding 5-year mean,Observed DES production + historical weather API
Punjab,Mansa,2019,2019 - 2020,Whole Year,All Crops,119000.0,489000.0,4.11,"DES, Ministry of Agriculture & Farmers Welfare",56,Top total DES-reported production across available reporting years,4.109243697478991,4.179765984912541,-0.016872305217112582,0,29.90820713218236,75.43996956110492,Mansa,geoBoundaries India ADM2 centroid,436.8,24.19,Calendar year; proxy for DES reporting year starting this year,Open-Meteo Historical Weather API,Yield anomaly <= -20% vs preceding 5-year mean,Observed DES production + historical weather API
Punjab,Mansa,2020,2020 - 2021,Whole Year,All Crops,121400.0,578000.0,4.76,"DES, Ministry of Agriculture & Farmers Welfare",56,Top total DES-reported production across available reporting years,4.761120263591433,4.279663504896144,0.11249874158201445,0,29.90820713218236,75.43996956110492,Mansa,geoBoundaries India ADM2 centroid,462.4,23.82,Calendar year; proxy for DES reporting year starting this year,Open-Meteo Historical Weather API,Yield anomaly <= -20% vs preceding 5-year mean,Observed DES production + historical weather API
Punjab,Mansa,2021,2021 - 2022,Whole Year,All Crops,122700.0,561000.0,4.57,"DES, Ministry of Agriculture & Farmers Welfare",56,Top total DES-reported production across available reporting years,4.572127139364303,4.451242396324107,0.02715752868008825,0,29.90820713218236,75.43996956110492,Mansa,geoBoundaries India ADM2 centroid,391.3,24.13,Calendar year; proxy for DES reporting year starting this year,Open-Meteo Historical Weather API,Yield anomaly <= -20% vs preceding 5-year mean,Observed DES production + historical weather API
Punjab,Mansa,2022,2022 - 2023,Whole Year,All Crops,126300.0,593000.0,4.7,"DES, Ministry of Agriculture & Farmers Welfare",56,Top total DES-reported production across available reporting years,4.695170229612035,4.507415397012502,0.04165465484365538,0,29.90820713218236,75.43996956110492,Mansa,geoBoundaries India ADM2 centroid,602.2,24.55,Calendar year; proxy for DES reporting year starting this year,Open-Meteo Historical Weather API,Yield anomaly <= -20% vs preceding 5-year mean,Observed DES production + historical weather API
Odisha,Mayurbhanj,2013,2013 - 2014,Whole Year,All Crops,305000.0,424000.0,1.39,"DES, Ministry of Agriculture & Farmers Welfare",22,Top total DES-reported production across available reporting years,1.3901639344262295,,,,21.89486405126787,86.41200995195561,Mayurbhanj,geoBoundaries India ADM2 centroid,1999.5,22.38,Calendar year; proxy for DES reporting year starting this year,Open-Meteo Historical Weather API,Yield anomaly <= -20% vs preceding 5-year mean,Observed DES production + historical weather API
Odisha,Mayurbhanj,2014,2014 - 2015,Whole Year,All Crops,316000.0,687000.0,2.17,"DES, Ministry of Agriculture & Farmers Welfare",22,Top total DES-reported production across available reporting years,2.1740506329113924,,,,21.89486405126787,86.41200995195561,Mayurbhanj,geoBoundaries India ADM2 centroid,1577.1,22.6,Calendar year; proxy for DES reporting year starting this year,Open-Meteo Historical Weather API,Yield anomaly <= -20% vs preceding 5-year mean,Observed DES production + historical weather API
Odisha,Mayurbhanj,2015,2015 - 2016,Whole Year,All Crops,318000.0,313000.0,0.98,"DES, Ministry of Agriculture & Farmers Welfare",22,Top total DES-reported production across available reporting years,0.9842767295597484,,,,21.89486405126787,86.41200995195561,Mayurbhanj,geoBoundaries India ADM2 centroid,1822.8,22.66,Calendar year; proxy for DES reporting year starting this year,Open-Meteo Historical Weather API,Yield anomaly <= -20% vs preceding 5-year mean,Observed DES production + historical weather API
Odisha,Mayurbhanj,2016,2016 - 2017,Whole Year,All Crops,306670.0,723120.0,2.36,"DES, Ministry of Agriculture & Farmers Welfare",22,Top total DES-reported production across available reporting years,2.3579743698438063,1.5161637656324567,0.5552240617359658,0,21.89486405126787,86.41200995195561,Mayurbhanj,geoBoundaries India ADM2 centroid,1395.9,23.09,Calendar year; proxy for DES reporting year starting this year,Open-Meteo Historical Weather API,Yield anomaly <= -20% vs preceding 5-year mean,Observed DES production + historical weather API
Odisha,Mayurbhanj,2017,2017 - 2018,Whole Year,All Crops,324090.0,655640.0,2.02,"DES, Ministry of Agriculture & Farmers Welfare",22,Top total DES-reported production across available reporting years,2.0230182973865283,1.7266164166852942,0.1716663167550887,0,21.89486405126787,86.41200995195561,Mayurbhanj,geoBoundaries India ADM2 centroid,1962.0,22.23,Calendar year; proxy for DES reporting year starting this year,Open-Meteo Historical Weather API,Yield anomaly <= -20% vs preceding 5-year mean,Observed DES production + historical weather API
Odisha,Mayurbhanj,2018,2018 - 2019,Whole Year,All Crops,336700.0,680590.0,2.02,"DES, Ministry of Agriculture & Farmers Welfare",22,Top total DES-reported production across available reporting years,2.0213543213543215,1.785896792825541,0.1318427411229366,0,21.89486405126787,86.41200995195561,Mayurbhanj,geoBoundaries India ADM2 centroid,1883.4,21.75,Calendar year; proxy for DES reporting year starting this year,Open-Meteo Historical Weather API,Yield anomaly <= -20% vs preceding 5-year mean,Observed DES production + historical weather API
Odisha,Mayurbhanj,2019,2019 - 2020,Whole Year,All Crops,321840.0,714560.0,2.22,"DES, Ministry of Agriculture & Farmers Welfare",22,Top total DES-reported production across available reporting years,2.2202336564752674,1.9121348702111594,0.16112816677522557,0,21.89486405126787,86.41200995195561,Mayurbhanj,geoBoundaries India ADM2 centroid,2099.8,21.96,Calendar year; proxy for DES reporting year starting this year,Open-Meteo Historical Weather API,Yield anomaly <= -20% vs preceding 5-year mean,Observed DES production + historical weather API
Odisha,Mayurbhanj,2020,2020 - 2021,Whole Year,All Crops,327340.0,896910.0,2.74,"DES, Ministry of Agriculture & Farmers Welfare",22,Top total DES-reported production across available reporting years,2.739995112115843,1.9213714749239343,0.4260621373200708,0,21.89486405126787,86.41200995195561,Mayurbhanj,geoBoundaries India ADM2 centroid,1883.0,21.62,Calendar year; proxy for DES reporting year starting this year,Open-Meteo Historical Weather API,Yield anomaly <= -20% vs preceding 5-year mean,Observed DES production + historical weather API
Odisha,Mayurbhanj,2021,2021 - 2022,Whole Year,All Crops,320669.0,839133.0,2.62,"DES, Ministry of Agriculture & Farmers Welfare",22,Top total DES-reported production across available reporting years,2.616819836030299,2.272515151435153,0.15150820199271653,0,21.89486405126787,86.41200995195561,Mayurbhanj,geoBoundaries India ADM2 centroid,2384.2,21.81,Calendar year; proxy for DES reporting year starting this year,Open-Meteo Historical Weather API,Yield anomaly <= -20% vs preceding 5-year mean,Observed DES production + historical weather API
Odisha,Mayurbhanj,2022,2022 - 2023,Whole Year,All Crops,319230.0,872620.0,2.73,"DES, Ministry of Agriculture & Farmers Welfare",22,Top total DES-reported production across available reporting years,2.7335150205181216,2.3242842446724516,0.1760674395929318,0,21.89486405126787,86.41200995195561,Mayurbhanj,geoBoundaries India ADM2 centroid,1718.8,21.8,Calendar year; proxy for DES reporting year starting this year,Open-Meteo Historical Weather API,Yield anomaly <= -20% vs preceding 5-year mean,Observed DES production + historical weather API
Telangana,Medak,2013,2013 - 2014,Whole Year,All Crops,170970.0,624485.0,3.65,"DES, Ministry of Agriculture & Farmers Welfare",63,Top total DES-reported production across available reporting years,3.652599871322454,,,,17.955394591515116,78.25685850516787,Medak,geoBoundaries India ADM2 centroid,1093.1,25.82,Calendar year; proxy for DES reporting year starting this year,Open-Meteo Historical Weather API,Yield anomaly <= -20% vs preceding 5-year mean,Observed DES production + historical weather API
Telangana,Medak,2014,2014 - 2015,Whole Year,All Crops,110893.0,363084.0,3.27,"DES, Ministry of Agriculture & Farmers Welfare",63,Top total DES-reported production across available reporting years,3.274183221664127,,,,17.955394591515116,78.25685850516787,Medak,geoBoundaries India ADM2 centroid,769.1,26.16,Calendar year; proxy for DES reporting year starting this year,Open-Meteo Historical Weather API,Yield anomaly <= -20% vs preceding 5-year mean,Observed DES production + historical weather API
Telangana,Medak,2015,2015 - 2016,Whole Year,All Crops,84171.0,239779.0,2.85,"DES, Ministry of Agriculture & Farmers Welfare",63,Top total DES-reported production across available reporting years,2.8487127395421226,,,,17.955394591515116,78.25685850516787,Medak,geoBoundaries India ADM2 centroid,568.9,26.52,Calendar year; proxy for DES reporting year starting this year,Open-Meteo Historical Weather API,Yield anomaly <= -20% vs preceding 5-year mean,Observed DES production + historical weather API
Telangana,Medak,2016,2016 - 2017,Whole Year,All Crops,77219.0,284970.0,3.69,"DES, Ministry of Agriculture & Farmers Welfare",63,Top total DES-reported production across available reporting years,3.6904129812610886,3.258498610842901,0.13255011648032,0,17.955394591515116,78.25685850516787,Medak,geoBoundaries India ADM2 centroid,1081.1,26.51,Calendar year; proxy for DES reporting year starting this year,Open-Meteo Historical Weather API,Yield anomaly <= -20% vs preceding 5-year mean,Observed DES production + historical weather API
Telangana,Medak,2017,2017 - 2018,Whole Year,All Crops,77541.0,241337.0,3.11,"DES, Ministry of Agriculture & Farmers Welfare",63,Top total DES-reported production across available reporting years,3.112379257425104,3.366477203447448,-0.07547888509749423,0,17.955394591515116,78.25685850516787,Medak,geoBoundaries India ADM2 centroid,816.2,26.18,Calendar year; proxy for DES reporting year starting this year,Open-Meteo Historical Weather API,Yield anomaly <= -20% vs preceding 5-year mean,Observed DES production + historical weather API
Telangana,Medak,2018,2018 - 2019,Whole Year,All Crops,43150.0,146955.0,3.41,"DES, Ministry of Agriculture & Farmers Welfare",63,Top total DES-reported production across available reporting years,3.405677867902665,3.315657614242979,0.027150045068884188,0,17.955394591515116,78.25685850516787,Medak,geoBoundaries India ADM2 centroid,895.2,25.83,Calendar year; proxy for DES reporting year starting this year,Open-Meteo Historical Weather API,Yield anomaly <= -20% vs preceding 5-year mean,Observed DES production + historical weather API
Telangana,Medak,2019,2019 - 2020,Whole Year,All Crops,80081.0,330580.0,4.13,"DES, Ministry of Agriculture & Farmers Welfare",63,Top total DES-reported production across available reporting years,4.128070328792098,3.266273213559021,0.26384722247225567,0,17.955394591515116,78.25685850516787,Medak,geoBoundaries India ADM2 centroid,952.1,26.53,Calendar year; proxy for DES reporting year starting this year,Open-Meteo Historical Weather API,Yield anomaly <= -20% vs preceding 5-year mean,Observed DES production + historical weather API
Telangana,Medak,2020,2020 - 2021,Whole Year,All Crops,148146.0,548409.0,3.7,"DES, Ministry of Agriculture & Farmers Welfare",63,Top total DES-reported production across available reporting years,3.7018144263091814,3.4370506349846153,0.07703226383388762,0,17.955394591515116,78.25685850516787,Medak,geoBoundaries India ADM2 centroid,1129.9,25.66,Calendar year; proxy for DES reporting year starting this year,Open-Meteo Historical Weather API,Yield anomaly <= -20% vs preceding 5-year mean,Observed DES production + historical weather API
Telangana,Medak,2021,2021 - 2022,Whole Year,All Crops,161341.0,605051.0,3.75,"DES, Ministry of Agriculture & Farmers Welfare",63,Top total DES-reported production across available reporting years,3.7501379066697242,3.6076709723380276,0.03949000211606557,0,17.955394591515116,78.25685850516787,Medak,geoBoundaries India ADM2 centroid,891.7,25.46,Calendar year; proxy for DES reporting year starting this year,Open-Meteo Historical Weather API,Yield anomaly <= -20% vs preceding 5-year mean,Observed DES production + historical weather API
Telangana,Medak,2022,2022 - 2023,Whole Year,All Crops,224666.0,785776.0,3.5,"DES, Ministry of Agriculture & Farmers Welfare",63,Top total DES-reported production across available reporting years,3.4975296662601374,3.6196159574197546,-0.0337290730828379,0,17.955394591515116,78.25685850516787,Medak,geoBoundaries India ADM2 centroid,1022.1,25.68,Calendar year; proxy for DES reporting year starting this year,Open-Meteo Historical Weather API,Yield anomaly <= -20% vs preceding 5-year mean,Observed DES production + historical weather API
Punjab,Moga,2013,2013 - 2014,Whole Year,All Crops,176000.0,815000.0,4.63,"DES, Ministry of Agriculture & Farmers Welfare",12,Top total DES-reported production across available reporting years,4.630681818181818,,,,30.76240710875285,75.17424180496198,Moga,geoBoundaries India ADM2 centroid,737.5,23.54,Calendar year; proxy for DES reporting year starting this year,Open-Meteo Historical Weather API,Yield anomaly <= -20% vs preceding 5-year mean,Observed DES production + historical weather API
Punjab,Moga,2014,2014 - 2015,Whole Year,All Crops,177000.0,815000.0,4.6,"DES, Ministry of Agriculture & Farmers Welfare",12,Top total DES-reported production across available reporting years,4.604519774011299,,,,30.76240710875285,75.17424180496198,Moga,geoBoundaries India ADM2 centroid,527.7,23.57,Calendar year; proxy for DES reporting year starting this year,Open-Meteo Historical Weather API,Yield anomaly <= -20% vs preceding 5-year mean,Observed DES production + historical weather API
Punjab,Moga,2015,2015 - 2016,Whole Year,All Crops,183000.0,871000.0,4.76,"DES, Ministry of Agriculture & Farmers Welfare",12,Top total DES-reported production across available reporting years,4.759562841530054,,,,30.76240710875285,75.17424180496198,Moga,geoBoundaries India ADM2 centroid,1012.4,23.02,Calendar year; proxy for DES reporting year starting this year,Open-Meteo Historical Weather API,Yield anomaly <= -20% vs preceding 5-year mean,Observed DES production + historical weather API
Punjab,Moga,2016,2016 - 2017,Whole Year,All Crops,178000.0,816000.0,4.58,"DES, Ministry of Agriculture & Farmers Welfare",12,Top total DES-reported production across available reporting years,4.584269662921348,4.664921477907725,-0.017288997332180145,0,30.76240710875285,75.17424180496198,Moga,geoBoundaries India ADM2 centroid,495.3,24.73,Calendar year; proxy for DES reporting year starting this year,Open-Meteo Historical Weather API,Yield anomaly <= -20% vs preceding 5-year mean,Observed DES production + historical weather API
Punjab,Moga,2017,2017 - 2018,Whole Year,All Crops,181000.0,869000.0,4.8,"DES, Ministry of Agriculture & Farmers Welfare",12,Top total DES-reported production across available reporting years,4.801104972375691,4.64475852416113,0.03366083455173752,0,30.76240710875285,75.17424180496198,Moga,geoBoundaries India ADM2 centroid,512.4,24.07,Calendar year; proxy for DES reporting year starting this year,Open-Meteo Historical Weather API,Yield anomaly <= -20% vs preceding 5-year mean,Observed DES production + historical weather API
Punjab,Moga,2018,2018 - 2019,Whole Year,All Crops,181000.0,817000.0,4.51,"DES, Ministry of Agriculture & Farmers Welfare",12,Top total DES-reported production across available reporting years,4.513812154696133,4.676027813804042,-0.03469090979934608,0,30.76240710875285,75.17424180496198,Moga,geoBoundaries India ADM2 centroid,509.9,23.74,Calendar year; proxy for DES reporting year starting this year,Open-Meteo Historical Weather API,Yield anomaly <= -20% vs preceding 5-year mean,Observed DES production + historical weather API
Punjab,Moga,2019,2019 - 2020,Whole Year,All Crops,181000.0,826000.0,4.56,"DES, Ministry of Agriculture & Farmers Welfare",12,Top total DES-reported production across available reporting years,4.56353591160221,4.652653881106905,-0.019154222897726725,0,30.76240710875285,75.17424180496198,Moga,geoBoundaries India ADM2 centroid,700.0,23.18,Calendar year; proxy for DES reporting year starting this year,Open-Meteo Historical Weather API,Yield anomaly <= -20% vs preceding 5-year mean,Observed DES production + historical weather API
Punjab,Moga,2020,2020 - 2021,Whole Year,All Crops,182900.0,892000.0,4.88,"DES, Ministry of Agriculture & Farmers Welfare",12,Top total DES-reported production across available reporting years,4.876981957353745,4.644457108625088,0.05006502230300347,0,30.76240710875285,75.17424180496198,Moga,geoBoundaries India ADM2 centroid,525.2,23.33,Calendar year; proxy for DES reporting year starting this year,Open-Meteo Historical Weather API,Yield anomaly <= -20% vs preceding 5-year mean,Observed DES production + historical weather API
Punjab,Moga,2021,2021 - 2022,Whole Year,All Crops,181700.0,861000.0,4.74,"DES, Ministry of Agriculture & Farmers Welfare",12,Top total DES-reported production across available reporting years,4.7385800770500826,4.667940931789825,0.015132827576970431,0,30.76240710875285,75.17424180496198,Moga,geoBoundaries India ADM2 centroid,479.5,23.83,Calendar year; proxy for DES reporting year starting this year,Open-Meteo Historical Weather API,Yield anomaly <= -20% vs preceding 5-year mean,Observed DES production + historical weather API
Punjab,Moga,2022,2022 - 2023,Whole Year,All Crops,183200.0,927000.0,5.06,"DES, Ministry of Agriculture & Farmers Welfare",12,Top total DES-reported production across available reporting years,5.060043668122271,4.698803014615573,0.07687929295675167,0,30.76240710875285,75.17424180496198,Moga,geoBoundaries India ADM2 centroid,782.6,23.95,Calendar year; proxy for DES reporting year starting this year,Open-Meteo Historical Weather API,Yield anomaly <= -20% vs preceding 5-year mean,Observed DES production + historical weather API
Punjab,Muktsar,2013,2013 - 2014,Whole Year,All Crops,115000.0,457000.0,3.97,"DES, Ministry of Agriculture & Farmers Welfare",24,Top total DES-reported production across available reporting years,3.973913043478261,,,,30.29799288157158,74.54064722092657,Muktsar,geoBoundaries India ADM2 centroid,507.9,24.59,Calendar year; proxy for DES reporting year starting this year,Open-Meteo Historical Weather API,Yield anomaly <= -20% vs preceding 5-year mean,Observed DES production + historical weather API
Punjab,Muktsar,2014,2014 - 2015,Whole Year,All Crops,135000.0,514000.0,3.81,"DES, Ministry of Agriculture & Farmers Welfare",24,Top total DES-reported production across available reporting years,3.8074074074074074,,,,30.29799288157158,74.54064722092657,Muktsar,geoBoundaries India ADM2 centroid,403.3,24.53,Calendar year; proxy for DES reporting year starting this year,Open-Meteo Historical Weather API,Yield anomaly <= -20% vs preceding 5-year mean,Observed DES production + historical weather API
Punjab,Muktsar,2015,2015 - 2016,Whole Year,All Crops,158000.0,667000.0,4.22,"DES, Ministry of Agriculture & Farmers Welfare",24,Top total DES-reported production across available reporting years,4.2215189873417724,,,,30.29799288157158,74.54064722092657,Muktsar,geoBoundaries India ADM2 centroid,561.0,24.49,Calendar year; proxy for DES reporting year starting this year,Open-Meteo Historical Weather API,Yield anomaly <= -20% vs preceding 5-year mean,Observed DES production + historical weather API
Punjab,Muktsar,2016,2016 - 2017,Whole Year,All Crops,173000.0,699000.0,4.04,"DES, Ministry of Agriculture & Farmers Welfare",24,Top total DES-reported production across available reporting years,4.040462427745664,4.000946479409147,0.009876650072648152,0,30.29799288157158,74.54064722092657,Muktsar,geoBoundaries India ADM2 centroid,330.7,25.88,Calendar year; proxy for DES reporting year starting this year,Open-Meteo Historical Weather API,Yield anomaly <= -20% vs preceding 5-year mean,Observed DES production + historical weather API
Punjab,Muktsar,2017,2017 - 2018,Whole Year,All Crops,173000.0,687000.0,3.97,"DES, Ministry of Agriculture & Farmers Welfare",24,Top total DES-reported production across available reporting years,3.9710982658959537,4.0108254664932765,-0.009904993605233336,0,30.29799288157158,74.54064722092657,Muktsar,geoBoundaries India ADM2 centroid,416.8,25.02,Calendar year; proxy for DES reporting year starting this year,Open-Meteo Historical Weather API,Yield anomaly <= -20% vs preceding 5-year mean,Observed DES production + historical weather API
Punjab,Muktsar,2018,2018 - 2019,Whole Year,All Crops,179000.0,728000.0,4.07,"DES, Ministry of Agriculture & Farmers Welfare",24,Top total DES-reported production across available reporting years,4.067039106145251,4.002880026373812,0.016028229511929837,0,30.29799288157158,74.54064722092657,Muktsar,geoBoundaries India ADM2 centroid,345.3,24.74,Calendar year; proxy for DES reporting year starting this year,Open-Meteo Historical Weather API,Yield anomaly <= -20% vs preceding 5-year mean,Observed DES production + historical weather API
Punjab,Muktsar,2019,2019 - 2020,Whole Year,All Crops,190000.0,637000.0,3.35,"DES, Ministry of Agriculture & Farmers Welfare",24,Top total DES-reported production across available reporting years,3.3526315789473684,4.02150523890721,-0.16632420455122887,0,30.29799288157158,74.54064722092657,Muktsar,geoBoundaries India ADM2 centroid,489.5,24.29,Calendar year; proxy for DES reporting year starting this year,Open-Meteo Historical Weather API,Yield anomaly <= -20% vs preceding 5-year mean,Observed DES production + historical weather API
Punjab,Muktsar,2020,2020 - 2021,Whole Year,All Crops,185400.0,809000.0,4.36,"DES, Ministry of Agriculture & Farmers Welfare",24,Top total DES-reported production across available reporting years,4.363538295577131,3.930550073215202,0.11015970138951658,0,30.29799288157158,74.54064722092657,Muktsar,geoBoundaries India ADM2 centroid,395.9,24.12,Calendar year; proxy for DES reporting year starting this year,Open-Meteo Historical Weather API,Yield anomaly <= -20% vs preceding 5-year mean,Observed DES production + historical weather API
Punjab,Muktsar,2021,2021 - 2022,Whole Year,All Crops,183400.0,766000.0,4.18,"DES, Ministry of Agriculture & Farmers Welfare",24,Top total DES-reported production across available reporting years,4.176663031624864,3.9589539348622735,0.054991571092924074,0,30.29799288157158,74.54064722092657,Muktsar,geoBoundaries India ADM2 centroid,358.2,24.47,Calendar year; proxy for DES reporting year starting this year,Open-Meteo Historical Weather API,Yield anomaly <= -20% vs preceding 5-year mean,Observed DES production + historical weather API
Punjab,Muktsar,2022,2022 - 2023,Whole Year,All Crops,183000.0,754000.0,4.12,"DES, Ministry of Agriculture & Farmers Welfare",24,Top total DES-reported production across available reporting years,4.120218579234972,3.9861940556381135,0.033622177376761986,0,30.29799288157158,74.54064722092657,Muktsar,geoBoundaries India ADM2 centroid,594.3,24.74,Calendar year; proxy for DES reporting year starting this year,Open-Meteo Historical Weather API,Yield anomaly <= -20% vs preceding 5-year mean,Observed DES production + historical weather API
West Bengal,Murshidabad,2013,2013 - 2014,Whole Year,All Crops,350732.0,1116699.0,3.18,"DES, Ministry of Agriculture & Farmers Welfare",7,Top total DES-reported production across available reporting years,3.1839096518139205,,,,24.173210084862134,88.23199173358435,Murshidabad,geoBoundaries India ADM2 centroid,1090.8,25.06,Calendar year; proxy for DES reporting year starting this year,Open-Meteo Historical Weather API,Yield anomaly <= -20% vs preceding 5-year mean,Observed DES production + historical weather API
West Bengal,Murshidabad,2014,2014 - 2015,Whole Year,All Crops,367456.0,1190485.0,3.24,"DES, Ministry of Agriculture & Farmers Welfare",7,Top total DES-reported production across available reporting years,3.239802860750675,,,,24.173210084862134,88.23199173358435,Murshidabad,geoBoundaries India ADM2 centroid,1294.5,25.38,Calendar year; proxy for DES reporting year starting this year,Open-Meteo Historical Weather API,Yield anomaly <= -20% vs preceding 5-year mean,Observed DES production + historical weather API
West Bengal,Murshidabad,2015,2015 - 2016,Whole Year,All Crops,382995.0,1257254.0,3.28,"DES, Ministry of Agriculture & Farmers Welfare",7,Top total DES-reported production across available reporting years,3.2826903745479705,,,,24.173210084862134,88.23199173358435,Murshidabad,geoBoundaries India ADM2 centroid,1689.5,25.5,Calendar year; proxy for DES reporting year starting this year,Open-Meteo Historical Weather API,Yield anomaly <= -20% vs preceding 5-year mean,Observed DES production + historical weather API
West Bengal,Murshidabad,2016,2016 - 2017,Whole Year,All Crops,375285.0,1235657.0,3.29,"DES, Ministry of Agriculture & Farmers Welfare",7,Top total DES-reported production across available reporting years,3.2925829702759235,3.235467629037522,0.017652886008132418,0,24.173210084862134,88.23199173358435,Murshidabad,geoBoundaries India ADM2 centroid,1406.4,25.88,Calendar year; proxy for DES reporting year starting this year,Open-Meteo Historical Weather API,Yield anomaly <= -20% vs preceding 5-year mean,Observed DES production + historical weather API
West Bengal,Murshidabad,2017,2017 - 2018,Whole Year,All Crops,367542.0,1178186.0,3.21,"DES, Ministry of Agriculture & Farmers Welfare",7,Top total DES-reported production across available reporting years,3.2055819470972025,3.2497464643471226,-0.013590142410938144,0,24.173210084862134,88.23199173358435,Murshidabad,geoBoundaries India ADM2 centroid,1736.1,25.37,Calendar year; proxy for DES reporting year starting this year,Open-Meteo Historical Weather API,Yield anomaly <= -20% vs preceding 5-year mean,Observed DES production + historical weather API
West Bengal,Murshidabad,2018,2018 - 2019,Whole Year,All Crops,354267.0,1068505.0,3.02,"DES, Ministry of Agriculture & Farmers Welfare",7,Top total DES-reported production across available reporting years,3.016100850488473,3.2409135608971384,-0.0693670800483902,0,24.173210084862134,88.23199173358435,Murshidabad,geoBoundaries India ADM2 centroid,1435.1,25.03,Calendar year; proxy for DES reporting year starting this year,Open-Meteo Historical Weather API,Yield anomaly <= -20% vs preceding 5-year mean,Observed DES production + historical weather API
West Bengal,Murshidabad,2019,2019 - 2020,Whole Year,All Crops,327366.0,1001925.0,3.06,"DES, Ministry of Agriculture & Farmers Welfare",7,Top total DES-reported production across available reporting years,3.0605652389069116,3.207351800632049,-0.045765656793935516,0,24.173210084862134,88.23199173358435,Murshidabad,geoBoundaries India ADM2 centroid,1577.4,25.37,Calendar year; proxy for DES reporting year starting this year,Open-Meteo Historical Weather API,Yield anomaly <= -20% vs preceding 5-year mean,Observed DES production + historical weather API
West Bengal,Murshidabad,2020,2020 - 2021,Whole Year,All Crops,307631.0,978261.0,3.18,"DES, Ministry of Agriculture & Farmers Welfare",7,Top total DES-reported production across available reporting years,3.179981861385881,3.1715042762632963,0.002673048617980456,0,24.173210084862134,88.23199173358435,Murshidabad,geoBoundaries India ADM2 centroid,2139.6,24.99,Calendar year; proxy for DES reporting year starting this year,Open-Meteo Historical Weather API,Yield anomaly <= -20% vs preceding 5-year mean,Observed DES production + historical weather API
West Bengal,Murshidabad,2021,2021 - 2022,Whole Year,All Crops,306042.0,1005326.0,3.28,"DES, Ministry of Agriculture & Farmers Welfare",7,Top total DES-reported production across available reporting years,3.2849282124675696,3.1509625736308786,0.04251578230658626,0,24.173210084862134,88.23199173358435,Murshidabad,geoBoundaries India ADM2 centroid,1747.3,25.54,Calendar year; proxy for DES reporting year starting this year,Open-Meteo Historical Weather API,Yield anomaly <= -20% vs preceding 5-year mean,Observed DES production + historical weather API
West Bengal,Murshidabad,2022,2022 - 2023,Whole Year,All Crops,218082.0,682619.0,3.13,"DES, Ministry of Agriculture & Farmers Welfare",7,Top total DES-reported production across available reporting years,3.1301024385322953,3.1494316220692076,-0.0061373561506989915,0,24.173210084862134,88.23199173358435,Murshidabad,geoBoundaries India ADM2 centroid,1579.5,25.33,Calendar year; proxy for DES reporting year starting this year,Open-Meteo Historical Weather API,Yield anomaly <= -20% vs preceding 5-year mean,Observed DES production + historical weather API
West Bengal,Nadia,2013,2013 - 2014,Whole Year,All Crops,239033.0,734417.0,3.07,"DES, Ministry of Agriculture & Farmers Welfare",16,Top total DES-reported production across available reporting years,3.072450247455372,,,,23.47535291954276,88.5163386637047,Nadia,geoBoundaries India ADM2 centroid,1324.8,25.15,Calendar year; proxy for DES reporting year starting this year,Open-Meteo Historical Weather API,Yield anomaly <= -20% vs preceding 5-year mean,Observed DES production + historical weather API
West Bengal,Nadia,2014,2014 - 2015,Whole Year,All Crops,242848.0,780861.0,3.22,"DES, Ministry of Agriculture & Farmers Welfare",16,Top total DES-reported production across available reporting years,3.2154310515219398,,,,23.47535291954276,88.5163386637047,Nadia,geoBoundaries India ADM2 centroid,1146.4,25.51,Calendar year; proxy for DES reporting year starting this year,Open-Meteo Historical Weather API,Yield anomaly <= -20% vs preceding 5-year mean,Observed DES production + historical weather API
West Bengal,Nadia,2015,2015 - 2016,Whole Year,All Crops,237127.0,743069.0,3.13,"DES, Ministry of Agriculture & Farmers Welfare",16,Top total DES-reported production across available reporting years,3.1336330320882904,,,,23.47535291954276,88.5163386637047,Nadia,geoBoundaries India ADM2 centroid,1887.0,25.62,Calendar year; proxy for DES reporting year starting this year,Open-Meteo Historical Weather API,Yield anomaly <= -20% vs preceding 5-year mean,Observed DES production + historical weather API
West Bengal,Nadia,2016,2016 - 2017,Whole Year,All Crops,226164.0,733953.0,3.25,"DES, Ministry of Agriculture & Farmers Welfare",16,Top total DES-reported production across available reporting years,3.2452247041969544,3.1405047770218673,0.03334493484655443,0,23.47535291954276,88.5163386637047,Nadia,geoBoundaries India ADM2 centroid,1390.2,26.09,Calendar year; proxy for DES reporting year starting this year,Open-Meteo Historical Weather API,Yield anomaly <= -20% vs preceding 5-year mean,Observed DES production + historical weather API
West Bengal,Nadia,2017,2017 - 2018,Whole Year,All Crops,242660.0,804303.0,3.31,"DES, Ministry of Agriculture & Farmers Welfare",16,Top total DES-reported production across available reporting years,3.314526497980714,3.1666847588156393,0.04668659826447907,0,23.47535291954276,88.5163386637047,Nadia,geoBoundaries India ADM2 centroid,1990.6,25.68,Calendar year; proxy for DES reporting year starting this year,Open-Meteo Historical Weather API,Yield anomaly <= -20% vs preceding 5-year mean,Observed DES production + historical weather API
West Bengal,Nadia,2018,2018 - 2019,Whole Year,All Crops,229661.0,759896.0,3.31,"DES, Ministry of Agriculture & Farmers Welfare",16,Top total DES-reported production across available reporting years,3.308772495112361,3.196253106648654,0.03520352885372291,0,23.47535291954276,88.5163386637047,Nadia,geoBoundaries India ADM2 centroid,1584.5,25.25,Calendar year; proxy for DES reporting year starting this year,Open-Meteo Historical Weather API,Yield anomaly <= -20% vs preceding 5-year mean,Observed DES production + historical weather API
West Bengal,Nadia,2019,2019 - 2020,Whole Year,All Crops,216480.0,723032.0,3.34,"DES, Ministry of Agriculture & Farmers Welfare",16,Top total DES-reported production across available reporting years,3.3399482631189947,3.243517556180052,0.029730286723809396,0,23.47535291954276,88.5163386637047,Nadia,geoBoundaries India ADM2 centroid,1412.1,25.44,Calendar year; proxy for DES reporting year starting this year,Open-Meteo Historical Weather API,Yield anomaly <= -20% vs preceding 5-year mean,Observed DES production + historical weather API
West Bengal,Nadia,2020,2020 - 2021,Whole Year,All Crops,215525.0,680511.0,3.16,"DES, Ministry of Agriculture & Farmers Welfare",16,Top total DES-reported production across available reporting years,3.157457371534625,3.268420998499463,-0.033950224593399025,0,23.47535291954276,88.5163386637047,Nadia,geoBoundaries India ADM2 centroid,1886.6,25.21,Calendar year; proxy for DES reporting year starting this year,Open-Meteo Historical Weather API,Yield anomaly <= -20% vs preceding 5-year mean,Observed DES production + historical weather API
West Bengal,Nadia,2021,2021 - 2022,Whole Year,All Crops,220570.0,702605.0,3.19,"DES, Ministry of Agriculture & Farmers Welfare",16,Top total DES-reported production across available reporting years,3.1854059935621346,3.2731858663887303,-0.026817869931548444,0,23.47535291954276,88.5163386637047,Nadia,geoBoundaries India ADM2 centroid,1874.6,25.68,Calendar year; proxy for DES reporting year starting this year,Open-Meteo Historical Weather API,Yield anomaly <= -20% vs preceding 5-year mean,Observed DES production + historical weather API
West Bengal,Nadia,2022,2022 - 2023,Whole Year,All Crops,196045.0,634213.0,3.24,"DES, Ministry of Agriculture & Farmers Welfare",16,Top total DES-reported production across available reporting years,3.2350378739575096,3.261222124261766,-0.008028968683077231,0,23.47535291954276,88.5163386637047,Nadia,geoBoundaries India ADM2 centroid,1623.4,25.29,Calendar year; proxy for DES reporting year starting this year,Open-Meteo Historical Weather API,Yield anomaly <= -20% vs preceding 5-year mean,Observed DES production + historical weather API
Assam,Nagaon,2013,2013 - 2014,Whole Year,All Crops,196651.0,436123.0,2.22,"DES, Ministry of Agriculture & Farmers Welfare",67,Top total DES-reported production across available reporting years,2.2177512445906706,,,,26.36289200858228,92.7620466046533,Nagaon,geoBoundaries India ADM2 centroid,2274.3,24.28,Calendar year; proxy for DES reporting year starting this year,Open-Meteo Historical Weather API,Yield anomaly <= -20% vs preceding 5-year mean,Observed DES production + historical weather API
Assam,Nagaon,2014,2014 - 2015,Whole Year,All Crops,201733.0,410571.0,2.04,"DES, Ministry of Agriculture & Farmers Welfare",67,Top total DES-reported production across available reporting years,2.035219820257469,,,,26.36289200858228,92.7620466046533,Nagaon,geoBoundaries India ADM2 centroid,2146.6,24.73,Calendar year; proxy for DES reporting year starting this year,Open-Meteo Historical Weather API,Yield anomaly <= -20% vs preceding 5-year mean,Observed DES production + historical weather API
Assam,Nagaon,2015,2015 - 2016,Whole Year,All Crops,198698.0,458016.0,2.31,"DES, Ministry of Agriculture & Farmers Welfare",67,Top total DES-reported production across available reporting years,2.305086110579875,,,,26.36289200858228,92.7620466046533,Nagaon,geoBoundaries India ADM2 centroid,2725.3,24.31,Calendar year; proxy for DES reporting year starting this year,Open-Meteo Historical Weather API,Yield anomaly <= -20% vs preceding 5-year mean,Observed DES production + historical weather API
Assam,Nagaon,2016,2016 - 2017,Whole Year,All Crops,196850.0,460154.0,2.34,"DES, Ministry of Agriculture & Farmers Welfare",67,Top total DES-reported production across available reporting years,2.3375869951739903,2.186019058476005,0.0693351396504529,0,26.36289200858228,92.7620466046533,Nagaon,geoBoundaries India ADM2 centroid,2568.3,24.4,Calendar year; proxy for DES reporting year starting this year,Open-Meteo Historical Weather API,Yield anomaly <= -20% vs preceding 5-year mean,Observed DES production + historical weather API
Assam,Nagaon,2017,2017 - 2018,Whole Year,All Crops,196292.0,490289.0,2.5,"DES, Ministry of Agriculture & Farmers Welfare",67,Top total DES-reported production across available reporting years,2.4977533470543882,2.223911042650501,0.12313545782726831,0,26.36289200858228,92.7620466046533,Nagaon,geoBoundaries India ADM2 centroid,3065.0,24.22,Calendar year; proxy for DES reporting year starting this year,Open-Meteo Historical Weather API,Yield anomaly <= -20% vs preceding 5-year mean,Observed DES production + historical weather API
Assam,Nagaon,2018,2018 - 2019,Whole Year,All Crops,197935.0,505773.0,2.56,"DES, Ministry of Agriculture & Farmers Welfare",67,Top total DES-reported production across available reporting years,2.555247934928133,2.2786795035312783,0.1213722381617317,0,26.36289200858228,92.7620466046533,Nagaon,geoBoundaries India ADM2 centroid,2055.3,24.0,Calendar year; proxy for DES reporting year starting this year,Open-Meteo Historical Weather API,Yield anomaly <= -20% vs preceding 5-year mean,Observed DES production + historical weather API
Assam,Nagaon,2019,2019 - 2020,Whole Year,All Crops,191796.0,424583.0,2.21,"DES, Ministry of Agriculture & Farmers Welfare",67,Top total DES-reported production across available reporting years,2.213721871154769,2.346178841598771,-0.05645646789387182,0,26.36289200858228,92.7620466046533,Nagaon,geoBoundaries India ADM2 centroid,2156.5,24.04,Calendar year; proxy for DES reporting year starting this year,Open-Meteo Historical Weather API,Yield anomaly <= -20% vs preceding 5-year mean,Observed DES production + historical weather API
Assam,Nagaon,2020,2020 - 2021,Whole Year,All Crops,125516.0,270029.0,2.15,"DES, Ministry of Agriculture & Farmers Welfare",67,Top total DES-reported production across available reporting years,2.1513512221549442,2.381879251778231,-0.09678409577277358,0,26.36289200858228,92.7620466046533,Nagaon,geoBoundaries India ADM2 centroid,2194.3,24.14,Calendar year; proxy for DES reporting year starting this year,Open-Meteo Historical Weather API,Yield anomaly <= -20% vs preceding 5-year mean,Observed DES production + historical weather API
Assam,Nagaon,2021,2021 - 2022,Whole Year,All Crops,126823.0,270593.0,2.13,"DES, Ministry of Agriculture & Farmers Welfare",67,Top total DES-reported production across available reporting years,2.133627181189532,2.3511322740932448,-0.09251078525030987,0,26.36289200858228,92.7620466046533,Nagaon,geoBoundaries India ADM2 centroid,1931.4,24.68,Calendar year; proxy for DES reporting year starting this year,Open-Meteo Historical Weather API,Yield anomaly <= -20% vs preceding 5-year mean,Observed DES production + historical weather API
Assam,Nagaon,2022,2022 - 2023,Whole Year,All Crops,133248.0,335158.0,2.52,"DES, Ministry of Agriculture & Farmers Welfare",67,Top total DES-reported production across available reporting years,2.5152947886647454,2.310340311296353,0.08871181287287944,0,26.36289200858228,92.7620466046533,Nagaon,geoBoundaries India ADM2 centroid,2616.8,23.9,Calendar year; proxy for DES reporting year starting this year,Open-Meteo Historical Weather API,Yield anomaly <= -20% vs preceding 5-year mean,Observed DES production + historical weather API
Tamil Nadu,Nagapattinam,2013,2013 - 2014,Whole Year,All Crops,154750.0,605329.0,3.91,"DES, Ministry of Agriculture & Farmers Welfare",69,Top total DES-reported production across available reporting years,3.911657512116317,,,,10.577816152444251,79.763630723555,Nagapattinam,geoBoundaries India ADM2 centroid,672.5,28.06,Calendar year; proxy for DES reporting year starting this year,Open-Meteo Historical Weather API,Yield anomaly <= -20% vs preceding 5-year mean,Observed DES production + historical weather API
Tamil Nadu,Nagapattinam,2014,2014 - 2015,Whole Year,All Crops,159499.0,579962.0,3.64,"DES, Ministry of Agriculture & Farmers Welfare",69,Top total DES-reported production across available reporting years,3.636148189016859,,,,10.577816152444251,79.763630723555,Nagapattinam,geoBoundaries India ADM2 centroid,1478.4,27.99,Calendar year; proxy for DES reporting year starting this year,Open-Meteo Historical Weather API,Yield anomaly <= -20% vs preceding 5-year mean,Observed DES production + historical weather API
Tamil Nadu,Nagapattinam,2015,2015 - 2016,Whole Year,All Crops,163794.0,338260.0,2.07,"DES, Ministry of Agriculture & Farmers Welfare",69,Top total DES-reported production across available reporting years,2.0651550117830935,,,,10.577816152444251,79.763630723555,Nagapattinam,geoBoundaries India ADM2 centroid,1592.1,27.93,Calendar year; proxy for DES reporting year starting this year,Open-Meteo Historical Weather API,Yield anomaly <= -20% vs preceding 5-year mean,Observed DES production + historical weather API
Tamil Nadu,Nagapattinam,2016,2016 - 2017,Whole Year,All Crops,166312.0,263320.0,1.58,"DES, Ministry of Agriculture & Farmers Welfare",69,Top total DES-reported production across available reporting years,1.5832892395016596,3.2043202376387563,-0.505889198930886,1,10.577816152444251,79.763630723555,Nagapattinam,geoBoundaries India ADM2 centroid,709.8,28.47,Calendar year; proxy for DES reporting year starting this year,Open-Meteo Historical Weather API,Yield anomaly <= -20% vs preceding 5-year mean,Observed DES production + historical weather API
Tamil Nadu,Nagapattinam,2017,2017 - 2018,Whole Year,All Crops,163888.0,447448.0,2.73,"DES, Ministry of Agriculture & Farmers Welfare",69,Top total DES-reported production across available reporting years,2.7302059943375965,2.7990624881044823,-0.024599841575353776,0,10.577816152444251,79.763630723555,Nagapattinam,geoBoundaries India ADM2 centroid,1660.2,28.2,Calendar year; proxy for DES reporting year starting this year,Open-Meteo Historical Weather API,Yield anomaly <= -20% vs preceding 5-year mean,Observed DES production + historical weather API
Tamil Nadu,Nagapattinam,2018,2018 - 2019,Whole Year,All Crops,168240.0,568135.0,3.38,"DES, Ministry of Agriculture & Farmers Welfare",69,Top total DES-reported production across available reporting years,3.3769317641464576,2.785291189351105,0.21241605798968122,0,10.577816152444251,79.763630723555,Nagapattinam,geoBoundaries India ADM2 centroid,1286.0,28.07,Calendar year; proxy for DES reporting year starting this year,Open-Meteo Historical Weather API,Yield anomaly <= -20% vs preceding 5-year mean,Observed DES production + historical weather API
Tamil Nadu,Nagapattinam,2019,2019 - 2020,Whole Year,All Crops,169222.0,558609.0,3.3,"DES, Ministry of Agriculture & Farmers Welfare",69,Top total DES-reported production across available reporting years,3.301042417652551,2.678346039757133,0.2324928775640518,0,10.577816152444251,79.763630723555,Nagapattinam,geoBoundaries India ADM2 centroid,1052.2,28.42,Calendar year; proxy for DES reporting year starting this year,Open-Meteo Historical Weather API,Yield anomaly <= -20% vs preceding 5-year mean,Observed DES production + historical weather API
Tamil Nadu,Nagapattinam,2020,2020 - 2021,Whole Year,All Crops,73573.0,139248.0,1.89,"DES, Ministry of Agriculture & Farmers Welfare",69,Top total DES-reported production across available reporting years,1.892650836584073,2.6113248854842714,-0.27521433770846937,1,10.577816152444251,79.763630723555,Nagapattinam,geoBoundaries India ADM2 centroid,1421.6,28.28,Calendar year; proxy for DES reporting year starting this year,Open-Meteo Historical Weather API,Yield anomaly <= -20% vs preceding 5-year mean,Observed DES production + historical weather API
Tamil Nadu,Nagapattinam,2021,2021 - 2022,Whole Year,All Crops,78205.0,234300.0,3.0,"DES, Ministry of Agriculture & Farmers Welfare",69,Top total DES-reported production across available reporting years,2.9959721245444664,2.5768240504444675,0.16266072727305603,0,10.577816152444251,79.763630723555,Nagapattinam,geoBoundaries India ADM2 centroid,1727.6,27.89,Calendar year; proxy for DES reporting year starting this year,Open-Meteo Historical Weather API,Yield anomaly <= -20% vs preceding 5-year mean,Observed DES production + historical weather API
Tamil Nadu,Nagapattinam,2022,2022 - 2023,Whole Year,All Crops,84041.0,271882.0,3.24,"DES, Ministry of Agriculture & Farmers Welfare",69,Top total DES-reported production across available reporting years,3.235111433704977,2.8593606274530288,0.13141077856508354,0,10.577816152444251,79.763630723555,Nagapattinam,geoBoundaries India ADM2 centroid,1387.4,27.64,Calendar year; proxy for DES reporting year starting this year,Open-Meteo Historical Weather API,Yield anomaly <= -20% vs preceding 5-year mean,Observed DES production + historical weather API
Telangana,Nalgonda,2013,2013 - 2014,Whole Year,All Crops,393743.0,1205285.0,3.06,"DES, Ministry of Agriculture & Farmers Welfare",10,Top total DES-reported production across available reporting years,3.061095689320191,,,,16.8759835692122,79.20093706029775,Nalgonda,geoBoundaries India ADM2 centroid,1022.2,27.39,Calendar year; proxy for DES reporting year starting this year,Open-Meteo Historical Weather API,Yield anomaly <= -20% vs preceding 5-year mean,Observed DES production + historical weather API
Telangana,Nalgonda,2014,2014 - 2015,Whole Year,All Crops,323375.0,1041359.0,3.22,"DES, Ministry of Agriculture & Farmers Welfare",10,Top total DES-reported production across available reporting years,3.220282953227677,,,,16.8759835692122,79.20093706029775,Nalgonda,geoBoundaries India ADM2 centroid,708.6,27.92,Calendar year; proxy for DES reporting year starting this year,Open-Meteo Historical Weather API,Yield anomaly <= -20% vs preceding 5-year mean,Observed DES production + historical weather API
Telangana,Nalgonda,2015,2015 - 2016,Whole Year,All Crops,212730.0,620453.0,2.92,"DES, Ministry of Agriculture & Farmers Welfare",10,Top total DES-reported production across available reporting years,2.9166220091195414,,,,16.8759835692122,79.20093706029775,Nalgonda,geoBoundaries India ADM2 centroid,695.8,28.32,Calendar year; proxy for DES reporting year starting this year,Open-Meteo Historical Weather API,Yield anomaly <= -20% vs preceding 5-year mean,Observed DES production + historical weather API
Telangana,Nalgonda,2016,2016 - 2017,Whole Year,All Crops,137550.0,474867.0,3.45,"DES, Ministry of Agriculture & Farmers Welfare",10,Top total DES-reported production across available reporting years,3.452322791712105,3.06600021722247,0.12600213539437033,0,16.8759835692122,79.20093706029775,Nalgonda,geoBoundaries India ADM2 centroid,905.0,27.95,Calendar year; proxy for DES reporting year starting this year,Open-Meteo Historical Weather API,Yield anomaly <= -20% vs preceding 5-year mean,Observed DES production + historical weather API
Telangana,Nalgonda,2017,2017 - 2018,Whole Year,All Crops,160735.0,477884.0,2.97,"DES, Ministry of Agriculture & Farmers Welfare",10,Top total DES-reported production across available reporting years,2.973117242666501,3.1625808608448787,-0.05990791271903251,0,16.8759835692122,79.20093706029775,Nalgonda,geoBoundaries India ADM2 centroid,893.5,28.37,Calendar year; proxy for DES reporting year starting this year,Open-Meteo Historical Weather API,Yield anomaly <= -20% vs preceding 5-year mean,Observed DES production + historical weather API
Telangana,Nalgonda,2018,2018 - 2019,Whole Year,All Crops,179755.0,574358.0,3.2,"DES, Ministry of Agriculture & Farmers Welfare",10,Top total DES-reported production across available reporting years,3.1952268365274956,3.124688137209203,0.022574636642392676,0,16.8759835692122,79.20093706029775,Nalgonda,geoBoundaries India ADM2 centroid,620.2,28.42,Calendar year; proxy for DES reporting year starting this year,Open-Meteo Historical Weather API,Yield anomaly <= -20% vs preceding 5-year mean,Observed DES production + historical weather API
Telangana,Nalgonda,2019,2019 - 2020,Whole Year,All Crops,277871.0,957186.0,3.44,"DES, Ministry of Agriculture & Farmers Welfare",10,Top total DES-reported production across available reporting years,3.4447135541312335,3.1515143666506638,0.09303438073556136,0,16.8759835692122,79.20093706029775,Nalgonda,geoBoundaries India ADM2 centroid,833.1,28.67,Calendar year; proxy for DES reporting year starting this year,Open-Meteo Historical Weather API,Yield anomaly <= -20% vs preceding 5-year mean,Observed DES production + historical weather API
Telangana,Nalgonda,2020,2020 - 2021,Whole Year,All Crops,345953.0,1220314.0,3.53,"DES, Ministry of Agriculture & Farmers Welfare",10,Top total DES-reported production across available reporting years,3.5273982303954585,3.1964004868313753,0.10355327654583246,0,16.8759835692122,79.20093706029775,Nalgonda,geoBoundaries India ADM2 centroid,1270.0,27.85,Calendar year; proxy for DES reporting year starting this year,Open-Meteo Historical Weather API,Yield anomaly <= -20% vs preceding 5-year mean,Observed DES production + historical weather API
Telangana,Nalgonda,2021,2021 - 2022,Whole Year,All Crops,362236.0,1209455.0,3.34,"DES, Ministry of Agriculture & Farmers Welfare",10,Top total DES-reported production across available reporting years,3.338859196766749,3.318555731086559,0.0061181632389044616,0,16.8759835692122,79.20093706029775,Nalgonda,geoBoundaries India ADM2 centroid,904.2,27.95,Calendar year; proxy for DES reporting year starting this year,Open-Meteo Historical Weather API,Yield anomaly <= -20% vs preceding 5-year mean,Observed DES production + historical weather API
Telangana,Nalgonda,2022,2022 - 2023,Whole Year,All Crops,429354.0,1521865.0,3.54,"DES, Ministry of Agriculture & Farmers Welfare",10,Top total DES-reported production across available reporting years,3.5445459923513,3.295863012097487,0.07545306929961004,0,16.8759835692122,79.20093706029775,Nalgonda,geoBoundaries India ADM2 centroid,1277.0,27.67,Calendar year; proxy for DES reporting year starting this year,Open-Meteo Historical Weather API,Yield anomaly <= -20% vs preceding 5-year mean,Observed DES production + historical weather API
Telangana,Nizamabad,2013,2013 - 2014,Whole Year,All Crops,260812.0,1044192.0,4.0,"DES, Ministry of Agriculture & Farmers Welfare",11,Top total DES-reported production across available reporting years,4.003619465362023,,,,18.69592319300049,78.21309030263654,Nizamabad,geoBoundaries India ADM2 centroid,1438.7,25.94,Calendar year; proxy for DES reporting year starting this year,Open-Meteo Historical Weather API,Yield anomaly <= -20% vs preceding 5-year mean,Observed DES production + historical weather API
Telangana,Nizamabad,2014,2014 - 2015,Whole Year,All Crops,169272.0,620525.0,3.67,"DES, Ministry of Agriculture & Farmers Welfare",11,Top total DES-reported production across available reporting years,3.6658455030956096,,,,18.69592319300049,78.21309030263654,Nizamabad,geoBoundaries India ADM2 centroid,813.9,26.43,Calendar year; proxy for DES reporting year starting this year,Open-Meteo Historical Weather API,Yield anomaly <= -20% vs preceding 5-year mean,Observed DES production + historical weather API
Telangana,Nizamabad,2015,2015 - 2016,Whole Year,All Crops,98029.0,262787.0,2.68,"DES, Ministry of Agriculture & Farmers Welfare",11,Top total DES-reported production across available reporting years,2.6807067296412286,,,,18.69592319300049,78.21309030263654,Nizamabad,geoBoundaries India ADM2 centroid,674.7,26.6,Calendar year; proxy for DES reporting year starting this year,Open-Meteo Historical Weather API,Yield anomaly <= -20% vs preceding 5-year mean,Observed DES production + historical weather API
Telangana,Nizamabad,2016,2016 - 2017,Whole Year,All Crops,186022.0,755076.0,4.06,"DES, Ministry of Agriculture & Farmers Welfare",11,Top total DES-reported production across available reporting years,4.059068282246186,3.4500572326996206,0.17652201354063424,0,18.69592319300049,78.21309030263654,Nizamabad,geoBoundaries India ADM2 centroid,1049.6,26.82,Calendar year; proxy for DES reporting year starting this year,Open-Meteo Historical Weather API,Yield anomaly <= -20% vs preceding 5-year mean,Observed DES production + historical weather API
Telangana,Nizamabad,2017,2017 - 2018,Whole Year,All Crops,173281.0,653761.0,3.77,"DES, Ministry of Agriculture & Farmers Welfare",11,Top total DES-reported production across available reporting years,3.7728371835342593,3.602309995086262,0.04733828812084617,0,18.69592319300049,78.21309030263654,Nizamabad,geoBoundaries India ADM2 centroid,781.0,26.58,Calendar year; proxy for DES reporting year starting this year,Open-Meteo Historical Weather API,Yield anomaly <= -20% vs preceding 5-year mean,Observed DES production + historical weather API
Telangana,Nizamabad,2018,2018 - 2019,Whole Year,All Crops,168354.0,691659.0,4.11,"DES, Ministry of Agriculture & Farmers Welfare",11,Top total DES-reported production across available reporting years,4.108360953704694,3.6364154327758613,0.1297831696222267,0,18.69592319300049,78.21309030263654,Nizamabad,geoBoundaries India ADM2 centroid,1206.4,26.51,Calendar year; proxy for DES reporting year starting this year,Open-Meteo Historical Weather API,Yield anomaly <= -20% vs preceding 5-year mean,Observed DES production + historical weather API
Telangana,Nizamabad,2019,2019 - 2020,Whole Year,All Crops,273891.0,1121505.0,4.09,"DES, Ministry of Agriculture & Farmers Welfare",11,Top total DES-reported production across available reporting years,4.094712860225418,3.6573637304443958,0.1195804306092032,0,18.69592319300049,78.21309030263654,Nizamabad,geoBoundaries India ADM2 centroid,954.6,27.0,Calendar year; proxy for DES reporting year starting this year,Open-Meteo Historical Weather API,Yield anomaly <= -20% vs preceding 5-year mean,Observed DES production + historical weather API
Telangana,Nizamabad,2020,2020 - 2021,Whole Year,All Crops,311839.0,1211752.0,3.89,"DES, Ministry of Agriculture & Farmers Welfare",11,Top total DES-reported production across available reporting years,3.8858256985175044,3.743137201870357,0.03812002845523521,0,18.69592319300049,78.21309030263654,Nizamabad,geoBoundaries India ADM2 centroid,890.9,26.63,Calendar year; proxy for DES reporting year starting this year,Open-Meteo Historical Weather API,Yield anomaly <= -20% vs preceding 5-year mean,Observed DES production + historical weather API
Telangana,Nizamabad,2021,2021 - 2022,Whole Year,All Crops,293740.0,1139369.0,3.88,"DES, Ministry of Agriculture & Farmers Welfare",11,Top total DES-reported production across available reporting years,3.8788350241710354,3.9841609956456123,-0.026436173535580032,0,18.69592319300049,78.21309030263654,Nizamabad,geoBoundaries India ADM2 centroid,1250.5,26.65,Calendar year; proxy for DES reporting year starting this year,Open-Meteo Historical Weather API,Yield anomaly <= -20% vs preceding 5-year mean,Observed DES production + historical weather API
Telangana,Nizamabad,2022,2022 - 2023,Whole Year,All Crops,331040.0,1305515.0,3.94,"DES, Ministry of Agriculture & Farmers Welfare",11,Top total DES-reported production across available reporting years,3.943677501208313,3.948114344030582,-0.0011237878226544318,0,18.69592319300049,78.21309030263654,Nizamabad,geoBoundaries India ADM2 centroid,1287.7,26.48,Calendar year; proxy for DES reporting year starting this year,Open-Meteo Historical Weather API,Yield anomaly <= -20% vs preceding 5-year mean,Observed DES production + historical weather API
Punjab,Patiala,2013,2013 - 2014,Whole Year,All Crops,231000.0,959000.0,4.15,"DES, Ministry of Agriculture & Farmers Welfare",9,Top total DES-reported production across available reporting years,4.151515151515151,,,,30.280251708225915,76.35158282406285,Patiala,geoBoundaries India ADM2 centroid,811.4,23.03,Calendar year; proxy for DES reporting year starting this year,Open-Meteo Historical Weather API,Yield anomaly <= -20% vs preceding 5-year mean,Observed DES production + historical weather API
Punjab,Patiala,2014,2014 - 2015,Whole Year,All Crops,230000.0,904000.0,3.93,"DES, Ministry of Agriculture & Farmers Welfare",9,Top total DES-reported production across available reporting years,3.9304347826086956,,,,30.280251708225915,76.35158282406285,Patiala,geoBoundaries India ADM2 centroid,650.5,23.31,Calendar year; proxy for DES reporting year starting this year,Open-Meteo Historical Weather API,Yield anomaly <= -20% vs preceding 5-year mean,Observed DES production + historical weather API
Punjab,Patiala,2015,2015 - 2016,Whole Year,All Crops,230000.0,910000.0,3.96,"DES, Ministry of Agriculture & Farmers Welfare",9,Top total DES-reported production across available reporting years,3.9565217391304346,,,,30.280251708225915,76.35158282406285,Patiala,geoBoundaries India ADM2 centroid,1063.8,23.07,Calendar year; proxy for DES reporting year starting this year,Open-Meteo Historical Weather API,Yield anomaly <= -20% vs preceding 5-year mean,Observed DES production + historical weather API
Punjab,Patiala,2016,2016 - 2017,Whole Year,All Crops,232000.0,984000.0,4.24,"DES, Ministry of Agriculture & Farmers Welfare",9,Top total DES-reported production across available reporting years,4.241379310344827,4.012823891084761,0.05695625461357667,0,30.280251708225915,76.35158282406285,Patiala,geoBoundaries India ADM2 centroid,692.7,24.35,Calendar year; proxy for DES reporting year starting this year,Open-Meteo Historical Weather API,Yield anomaly <= -20% vs preceding 5-year mean,Observed DES production + historical weather API
Punjab,Patiala,2017,2017 - 2018,Whole Year,All Crops,233000.0,1001000.0,4.3,"DES, Ministry of Agriculture & Farmers Welfare",9,Top total DES-reported production across available reporting years,4.296137339055794,4.069962745899778,0.05557166177598849,0,30.280251708225915,76.35158282406285,Patiala,geoBoundaries India ADM2 centroid,604.2,23.6,Calendar year; proxy for DES reporting year starting this year,Open-Meteo Historical Weather API,Yield anomaly <= -20% vs preceding 5-year mean,Observed DES production + historical weather API
Punjab,Patiala,2018,2018 - 2019,Whole Year,All Crops,234000.0,920000.0,3.93,"DES, Ministry of Agriculture & Farmers Welfare",9,Top total DES-reported production across available reporting years,3.9316239316239314,4.115197664530981,-0.044608727908570955,0,30.280251708225915,76.35158282406285,Patiala,geoBoundaries India ADM2 centroid,763.9,23.28,Calendar year; proxy for DES reporting year starting this year,Open-Meteo Historical Weather API,Yield anomaly <= -20% vs preceding 5-year mean,Observed DES production + historical weather API
Punjab,Patiala,2019,2019 - 2020,Whole Year,All Crops,235000.0,928000.0,3.95,"DES, Ministry of Agriculture & Farmers Welfare",9,Top total DES-reported production across available reporting years,3.948936170212766,4.071219420552737,-0.030036025502002794,0,30.280251708225915,76.35158282406285,Patiala,geoBoundaries India ADM2 centroid,789.0,22.95,Calendar year; proxy for DES reporting year starting this year,Open-Meteo Historical Weather API,Yield anomaly <= -20% vs preceding 5-year mean,Observed DES production + historical weather API
Punjab,Patiala,2020,2020 - 2021,Whole Year,All Crops,234300.0,1048000.0,4.47,"DES, Ministry of Agriculture & Farmers Welfare",9,Top total DES-reported production across available reporting years,4.472897994024755,4.0749196980735505,0.09766531010153434,0,30.280251708225915,76.35158282406285,Patiala,geoBoundaries India ADM2 centroid,650.1,22.66,Calendar year; proxy for DES reporting year starting this year,Open-Meteo Historical Weather API,Yield anomaly <= -20% vs preceding 5-year mean,Observed DES production + historical weather API
Punjab,Patiala,2021,2021 - 2022,Whole Year,All Crops,233700.0,1008000.0,4.31,"DES, Ministry of Agriculture & Farmers Welfare",9,Top total DES-reported production across available reporting years,4.313222079589217,4.178194949052415,0.03231709678061456,0,30.280251708225915,76.35158282406285,Patiala,geoBoundaries India ADM2 centroid,590.0,23.29,Calendar year; proxy for DES reporting year starting this year,Open-Meteo Historical Weather API,Yield anomaly <= -20% vs preceding 5-year mean,Observed DES production + historical weather API
Punjab,Patiala,2022,2022 - 2023,Whole Year,All Crops,233600.0,966000.0,4.14,"DES, Ministry of Agriculture & Farmers Welfare",9,Top total DES-reported production across available reporting years,4.135273972602739,4.192563502901292,-0.013664558750012379,0,30.280251708225915,76.35158282406285,Patiala,geoBoundaries India ADM2 centroid,770.5,23.78,Calendar year; proxy for DES reporting year starting this year,Open-Meteo Historical Weather API,Yield anomaly <= -20% vs preceding 5-year mean,Observed DES production + historical weather API
Telangana,Peddapalli,2016,2016 - 2017,Whole Year,All Crops,96439.0,399210.0,4.14,"DES, Ministry of Agriculture & Farmers Welfare",96,Top total DES-reported production across available reporting years,4.139507875444582,,,,18.624808432708605,79.45751168510544,Peddapalli,geoBoundaries India ADM2 centroid,1233.4,27.55,Calendar year; proxy for DES reporting year starting this year,Open-Meteo Historical Weather API,Yield anomaly <= -20% vs preceding 5-year mean,Observed DES production + historical weather API
Telangana,Peddapalli,2017,2017 - 2018,Whole Year,All Crops,88665.0,303881.0,3.43,"DES, Ministry of Agriculture & Farmers Welfare",96,Top total DES-reported production across available reporting years,3.4272937461230475,,,,18.624808432708605,79.45751168510544,Peddapalli,geoBoundaries India ADM2 centroid,879.0,27.69,Calendar year; proxy for DES reporting year starting this year,Open-Meteo Historical Weather API,Yield anomaly <= -20% vs preceding 5-year mean,Observed DES production + historical weather API
Telangana,Peddapalli,2018,2018 - 2019,Whole Year,All Crops,98117.0,388119.0,3.96,"DES, Ministry of Agriculture & Farmers Welfare",96,Top total DES-reported production across available reporting years,3.955675367163692,,,,18.624808432708605,79.45751168510544,Peddapalli,geoBoundaries India ADM2 centroid,1309.6,27.54,Calendar year; proxy for DES reporting year starting this year,Open-Meteo Historical Weather API,Yield anomaly <= -20% vs preceding 5-year mean,Observed DES production + historical weather API
Telangana,Peddapalli,2019,2019 - 2020,Whole Year,All Crops,155927.0,616848.0,3.96,"DES, Ministry of Agriculture & Farmers Welfare",96,Top total DES-reported production across available reporting years,3.9560050536468987,3.8408256629104405,0.02998818505320533,0,18.624808432708605,79.45751168510544,Peddapalli,geoBoundaries India ADM2 centroid,1191.1,27.89,Calendar year; proxy for DES reporting year starting this year,Open-Meteo Historical Weather API,Yield anomaly <= -20% vs preceding 5-year mean,Observed DES production + historical weather API
Telangana,Peddapalli,2020,2020 - 2021,Whole Year,All Crops,162961.0,567042.0,3.48,"DES, Ministry of Agriculture & Farmers Welfare",96,Top total DES-reported production across available reporting years,3.4796178226692276,3.869620510594555,-0.10078577133275657,0,18.624808432708605,79.45751168510544,Peddapalli,geoBoundaries India ADM2 centroid,1362.5,27.46,Calendar year; proxy for DES reporting year starting this year,Open-Meteo Historical Weather API,Yield anomaly <= -20% vs preceding 5-year mean,Observed DES production + historical weather API
Telangana,Peddapalli,2021,2021 - 2022,Whole Year,All Crops,153105.0,510204.0,3.33,"DES, Ministry of Agriculture & Farmers Welfare",96,Top total DES-reported production across available reporting years,3.332379739394533,3.7916199730094897,-0.12111979493832237,0,18.624808432708605,79.45751168510544,Peddapalli,geoBoundaries India ADM2 centroid,1114.0,27.6,Calendar year; proxy for DES reporting year starting this year,Open-Meteo Historical Weather API,Yield anomaly <= -20% vs preceding 5-year mean,Observed DES production + historical weather API
Telangana,Peddapalli,2022,2022 - 2023,Whole Year,All Crops,170600.0,624819.0,3.66,"DES, Ministry of Agriculture & Farmers Welfare",96,Top total DES-reported production across available reporting years,3.662479484173505,3.6301943457994796,0.008893501366223688,0,18.624808432708605,79.45751168510544,Peddapalli,geoBoundaries India ADM2 centroid,1720.0,27.42,Calendar year; proxy for DES reporting year starting this year,Open-Meteo Historical Weather API,Yield anomaly <= -20% vs preceding 5-year mean,Observed DES production + historical weather API
Uttar Pradesh,Pilibhit,2013,2013 - 2014,Whole Year,All Crops,146410.0,409509.0,2.8,"DES, Ministry of Agriculture & Farmers Welfare",58,Top total DES-reported production across available reporting years,2.7970015709309473,,,,28.534750413534574,79.97523016979608,Pilibhit,geoBoundaries India ADM2 centroid,1730.3,23.48,Calendar year; proxy for DES reporting year starting this year,Open-Meteo Historical Weather API,Yield anomaly <= -20% vs preceding 5-year mean,Observed DES production + historical weather API
Uttar Pradesh,Pilibhit,2014,2014 - 2015,Whole Year,All Crops,128989.0,338726.0,2.63,"DES, Ministry of Agriculture & Farmers Welfare",58,Top total DES-reported production across available reporting years,2.626006868802766,,,,28.534750413534574,79.97523016979608,Pilibhit,geoBoundaries India ADM2 centroid,1029.4,23.64,Calendar year; proxy for DES reporting year starting this year,Open-Meteo Historical Weather API,Yield anomaly <= -20% vs preceding 5-year mean,Observed DES production + historical weather API
Uttar Pradesh,Pilibhit,2015,2015 - 2016,Whole Year,All Crops,145070.0,436660.0,3.01,"DES, Ministry of Agriculture & Farmers Welfare",58,Top total DES-reported production across available reporting years,3.0099951747432274,,,,28.534750413534574,79.97523016979608,Pilibhit,geoBoundaries India ADM2 centroid,1247.8,23.81,Calendar year; proxy for DES reporting year starting this year,Open-Meteo Historical Weather API,Yield anomaly <= -20% vs preceding 5-year mean,Observed DES production + historical weather API
Uttar Pradesh,Pilibhit,2016,2016 - 2017,Whole Year,All Crops,153580.0,481012.0,3.13,"DES, Ministry of Agriculture & Farmers Welfare",58,Top total DES-reported production across available reporting years,3.131996353691887,2.811001204825647,0.1141924622142414,0,28.534750413534574,79.97523016979608,Pilibhit,geoBoundaries India ADM2 centroid,1653.2,24.35,Calendar year; proxy for DES reporting year starting this year,Open-Meteo Historical Weather API,Yield anomaly <= -20% vs preceding 5-year mean,Observed DES production + historical weather API
Uttar Pradesh,Pilibhit,2017,2017 - 2018,Whole Year,All Crops,140744.0,461078.0,3.28,"DES, Ministry of Agriculture & Farmers Welfare",58,Top total DES-reported production across available reporting years,3.276004660944694,2.891249992042207,0.13307554516609588,0,28.534750413534574,79.97523016979608,Pilibhit,geoBoundaries India ADM2 centroid,1165.1,23.89,Calendar year; proxy for DES reporting year starting this year,Open-Meteo Historical Weather API,Yield anomaly <= -20% vs preceding 5-year mean,Observed DES production + historical weather API
Uttar Pradesh,Pilibhit,2018,2018 - 2019,Whole Year,All Crops,147310.0,455041.0,3.09,"DES, Ministry of Agriculture & Farmers Welfare",58,Top total DES-reported production across available reporting years,3.0890027832462152,2.9682009258227042,0.0406986792479449,0,28.534750413534574,79.97523016979608,Pilibhit,geoBoundaries India ADM2 centroid,1050.9,23.56,Calendar year; proxy for DES reporting year starting this year,Open-Meteo Historical Weather API,Yield anomaly <= -20% vs preceding 5-year mean,Observed DES production + historical weather API
Uttar Pradesh,Pilibhit,2019,2019 - 2020,Whole Year,All Crops,139065.0,471569.0,3.39,"DES, Ministry of Agriculture & Farmers Welfare",58,Top total DES-reported production across available reporting years,3.3909970157839857,3.026601168285758,0.12039770925768134,0,28.534750413534574,79.97523016979608,Pilibhit,geoBoundaries India ADM2 centroid,1087.4,23.67,Calendar year; proxy for DES reporting year starting this year,Open-Meteo Historical Weather API,Yield anomaly <= -20% vs preceding 5-year mean,Observed DES production + historical weather API
Uttar Pradesh,Pilibhit,2020,2020 - 2021,Whole Year,All Crops,139872.0,509274.0,3.64,"DES, Ministry of Agriculture & Farmers Welfare",58,Top total DES-reported production across available reporting years,3.6410003431708993,3.179599197682002,0.1451129896577119,0,28.534750413534574,79.97523016979608,Pilibhit,geoBoundaries India ADM2 centroid,1277.4,22.72,Calendar year; proxy for DES reporting year starting this year,Open-Meteo Historical Weather API,Yield anomaly <= -20% vs preceding 5-year mean,Observed DES production + historical weather API
Uttar Pradesh,Pilibhit,2021,2021 - 2022,Whole Year,All Crops,151200.0,508777.0,3.36,"DES, Ministry of Agriculture & Farmers Welfare",58,Top total DES-reported production across available reporting years,3.364927248677249,3.305800231367536,0.017885840998097313,0,28.534750413534574,79.97523016979608,Pilibhit,geoBoundaries India ADM2 centroid,1175.1,23.55,Calendar year; proxy for DES reporting year starting this year,Open-Meteo Historical Weather API,Yield anomaly <= -20% vs preceding 5-year mean,Observed DES production + historical weather API
Uttar Pradesh,Pilibhit,2022,2022 - 2023,Whole Year,All Crops,149332.0,484775.0,3.25,"DES, Ministry of Agriculture & Farmers Welfare",58,Top total DES-reported production across available reporting years,3.2462901454477273,3.352386410364609,-0.03164798204313879,0,28.534750413534574,79.97523016979608,Pilibhit,geoBoundaries India ADM2 centroid,1396.0,23.46,Calendar year; proxy for DES reporting year starting this year,Open-Meteo Historical Weather API,Yield anomaly <= -20% vs preceding 5-year mean,Observed DES production + historical weather API
Karnataka,Raichur,2013,2013 - 2014,Whole Year,All Crops,178356.0,572963.0,3.21,"DES, Ministry of Agriculture & Farmers Welfare",28,Top total DES-reported production across available reporting years,3.2124683217833994,,,,16.090359069268082,76.89388101179306,Raichur,geoBoundaries India ADM2 centroid,828.2,26.71,Calendar year; proxy for DES reporting year starting this year,Open-Meteo Historical Weather API,Yield anomaly <= -20% vs preceding 5-year mean,Observed DES production + historical weather API
Karnataka,Raichur,2014,2014 - 2015,Whole Year,All Crops,162580.0,492876.0,3.03,"DES, Ministry of Agriculture & Farmers Welfare",28,Top total DES-reported production across available reporting years,3.0315906015500063,,,,16.090359069268082,76.89388101179306,Raichur,geoBoundaries India ADM2 centroid,723.9,27.09,Calendar year; proxy for DES reporting year starting this year,Open-Meteo Historical Weather API,Yield anomaly <= -20% vs preceding 5-year mean,Observed DES production + historical weather API
Karnataka,Raichur,2015,2015 - 2016,Whole Year,All Crops,115246.0,350813.0,3.04,"DES, Ministry of Agriculture & Farmers Welfare",28,Top total DES-reported production across available reporting years,3.0440362355309514,,,,16.090359069268082,76.89388101179306,Raichur,geoBoundaries India ADM2 centroid,546.0,27.44,Calendar year; proxy for DES reporting year starting this year,Open-Meteo Historical Weather API,Yield anomaly <= -20% vs preceding 5-year mean,Observed DES production + historical weather API
Karnataka,Raichur,2016,2016 - 2017,Whole Year,All Crops,126675.0,488978.0,3.86,"DES, Ministry of Agriculture & Farmers Welfare",28,Top total DES-reported production across available reporting years,3.8600986777185713,3.096031719621452,0.24678912468976266,0,16.090359069268082,76.89388101179306,Raichur,geoBoundaries India ADM2 centroid,846.9,27.52,Calendar year; proxy for DES reporting year starting this year,Open-Meteo Historical Weather API,Yield anomaly <= -20% vs preceding 5-year mean,Observed DES production + historical weather API
Karnataka,Raichur,2017,2017 - 2018,Whole Year,All Crops,113457.0,315911.0,2.78,"DES, Ministry of Agriculture & Farmers Welfare",28,Top total DES-reported production across available reporting years,2.784411715451669,3.287048459145732,-0.15291430897392155,0,16.090359069268082,76.89388101179306,Raichur,geoBoundaries India ADM2 centroid,649.1,27.64,Calendar year; proxy for DES reporting year starting this year,Open-Meteo Historical Weather API,Yield anomaly <= -20% vs preceding 5-year mean,Observed DES production + historical weather API
Karnataka,Raichur,2018,2018 - 2019,Whole Year,All Crops,174934.0,464001.0,2.65,"DES, Ministry of Agriculture & Farmers Welfare",28,Top total DES-reported production across available reporting years,2.6524346324899675,3.1865211104069195,-0.16760801495168787,0,16.090359069268082,76.89388101179306,Raichur,geoBoundaries India ADM2 centroid,498.4,27.54,Calendar year; proxy for DES reporting year starting this year,Open-Meteo Historical Weather API,Yield anomaly <= -20% vs preceding 5-year mean,Observed DES production + historical weather API
Karnataka,Raichur,2019,2019 - 2020,Whole Year,All Crops,222479.0,746268.0,3.35,"DES, Ministry of Agriculture & Farmers Welfare",28,Top total DES-reported production across available reporting years,3.3543300716022637,3.074514372548233,0.09101134850838655,0,16.090359069268082,76.89388101179306,Raichur,geoBoundaries India ADM2 centroid,831.2,27.8,Calendar year; proxy for DES reporting year starting this year,Open-Meteo Historical Weather API,Yield anomaly <= -20% vs preceding 5-year mean,Observed DES production + historical weather API
Karnataka,Raichur,2020,2020 - 2021,Whole Year,All Crops,346215.0,1129383.0,3.26,"DES, Ministry of Agriculture & Farmers Welfare",28,Top total DES-reported production across available reporting years,3.262085698193319,3.1390622665586845,0.0391911409165846,0,16.090359069268082,76.89388101179306,Raichur,geoBoundaries India ADM2 centroid,1122.3,27.33,Calendar year; proxy for DES reporting year starting this year,Open-Meteo Historical Weather API,Yield anomaly <= -20% vs preceding 5-year mean,Observed DES production + historical weather API
Karnataka,Raichur,2021,2021 - 2022,Whole Year,All Crops,333751.0,1049414.0,3.14,"DES, Ministry of Agriculture & Farmers Welfare",28,Top total DES-reported production across available reporting years,3.144302189356736,3.182672159091158,-0.012055897628293177,0,16.090359069268082,76.89388101179306,Raichur,geoBoundaries India ADM2 centroid,883.3,26.72,Calendar year; proxy for DES reporting year starting this year,Open-Meteo Historical Weather API,Yield anomaly <= -20% vs preceding 5-year mean,Observed DES production + historical weather API
Karnataka,Raichur,2022,2022 - 2023,Whole Year,All Crops,258278.0,928154.0,3.59,"DES, Ministry of Agriculture & Farmers Welfare",28,Top total DES-reported production across available reporting years,3.5936239246083677,3.039512861418791,0.18230258875460947,0,16.090359069268082,76.89388101179306,Raichur,geoBoundaries India ADM2 centroid,968.8,26.75,Calendar year; proxy for DES reporting year starting this year,Open-Meteo Historical Weather API,Yield anomaly <= -20% vs preceding 5-year mean,Observed DES production + historical weather API
Chhattisgarh,Raipur,2013,2013 - 2014,Whole Year,All Crops,185684.0,314837.0,1.7,"DES, Ministry of Agriculture & Farmers Welfare",59,Top total DES-reported production across available reporting years,1.6955526593567567,,,,21.284527823259378,81.8203049299982,Raipur,geoBoundaries India ADM2 centroid,1487.6,25.85,Calendar year; proxy for DES reporting year starting this year,Open-Meteo Historical Weather API,Yield anomaly <= -20% vs preceding 5-year mean,Observed DES production + historical weather API
Chhattisgarh,Raipur,2014,2014 - 2015,Whole Year,All Crops,186042.0,376312.0,2.02,"DES, Ministry of Agriculture & Farmers Welfare",59,Top total DES-reported production across available reporting years,2.0227260511067393,,,,21.284527823259378,81.8203049299982,Raipur,geoBoundaries India ADM2 centroid,1276.7,26.38,Calendar year; proxy for DES reporting year starting this year,Open-Meteo Historical Weather API,Yield anomaly <= -20% vs preceding 5-year mean,Observed DES production + historical weather API
Chhattisgarh,Raipur,2015,2015 - 2016,Whole Year,All Crops,165748.0,264662.0,1.6,"DES, Ministry of Agriculture & Farmers Welfare",59,Top total DES-reported production across available reporting years,1.5967734150638317,,,,21.284527823259378,81.8203049299982,Raipur,geoBoundaries India ADM2 centroid,1155.0,26.63,Calendar year; proxy for DES reporting year starting this year,Open-Meteo Historical Weather API,Yield anomaly <= -20% vs preceding 5-year mean,Observed DES production + historical weather API
Chhattisgarh,Raipur,2016,2016 - 2017,Whole Year,All Crops,179497.0,580980.0,3.24,"DES, Ministry of Agriculture & Farmers Welfare",59,Top total DES-reported production across available reporting years,3.23671147707204,1.7716840418424427,0.8269123617019538,0,21.284527823259378,81.8203049299982,Raipur,geoBoundaries India ADM2 centroid,1414.3,26.77,Calendar year; proxy for DES reporting year starting this year,Open-Meteo Historical Weather API,Yield anomaly <= -20% vs preceding 5-year mean,Observed DES production + historical weather API
Chhattisgarh,Raipur,2017,2017 - 2018,Whole Year,All Crops,162416.0,329784.0,2.03,"DES, Ministry of Agriculture & Farmers Welfare",59,Top total DES-reported production across available reporting years,2.0304896069352774,2.137940900649842,-0.050259244154926996,0,21.284527823259378,81.8203049299982,Raipur,geoBoundaries India ADM2 centroid,1330.5,26.68,Calendar year; proxy for DES reporting year starting this year,Open-Meteo Historical Weather API,Yield anomaly <= -20% vs preceding 5-year mean,Observed DES production + historical weather API
Chhattisgarh,Raipur,2018,2018 - 2019,Whole Year,All Crops,167839.0,380723.0,2.27,"DES, Ministry of Agriculture & Farmers Welfare",59,Top total DES-reported production across available reporting years,2.2683821996079576,2.116450641906929,0.07178601508237303,0,21.284527823259378,81.8203049299982,Raipur,geoBoundaries India ADM2 centroid,1383.3,26.0,Calendar year; proxy for DES reporting year starting this year,Open-Meteo Historical Weather API,Yield anomaly <= -20% vs preceding 5-year mean,Observed DES production + historical weather API
Chhattisgarh,Raipur,2019,2019 - 2020,Whole Year,All Crops,172813.0,511646.0,2.96,"DES, Ministry of Agriculture & Farmers Welfare",59,Top total DES-reported production across available reporting years,2.960691614635473,2.231016549957169,0.3270594584752462,0,21.284527823259378,81.8203049299982,Raipur,geoBoundaries India ADM2 centroid,1485.7,26.43,Calendar year; proxy for DES reporting year starting this year,Open-Meteo Historical Weather API,Yield anomaly <= -20% vs preceding 5-year mean,Observed DES production + historical weather API
Chhattisgarh,Raipur,2020,2020 - 2021,Whole Year,All Crops,171725.0,507964.0,2.96,"DES, Ministry of Agriculture & Farmers Welfare",59,Top total DES-reported production across available reporting years,2.9580084437327123,2.4186096626629157,0.22302018775361732,0,21.284527823259378,81.8203049299982,Raipur,geoBoundaries India ADM2 centroid,1421.0,25.57,Calendar year; proxy for DES reporting year starting this year,Open-Meteo Historical Weather API,Yield anomaly <= -20% vs preceding 5-year mean,Observed DES production + historical weather API
Chhattisgarh,Raipur,2021,2021 - 2022,Whole Year,All Crops,172678.0,506956.0,2.94,"DES, Ministry of Agriculture & Farmers Welfare",59,Top total DES-reported production across available reporting years,2.935845909727933,2.6908566683966924,0.09104507282330054,0,21.284527823259378,81.8203049299982,Raipur,geoBoundaries India ADM2 centroid,1131.6,26.06,Calendar year; proxy for DES reporting year starting this year,Open-Meteo Historical Weather API,Yield anomaly <= -20% vs preceding 5-year mean,Observed DES production + historical weather API
Chhattisgarh,Raipur,2022,2022 - 2023,Whole Year,All Crops,173459.0,604190.0,3.48,"DES, Ministry of Agriculture & Farmers Welfare",59,Top total DES-reported production across available reporting years,3.483186228445915,2.6306835549278706,0.3240612775037546,0,21.284527823259378,81.8203049299982,Raipur,geoBoundaries India ADM2 centroid,1460.9,25.97,Calendar year; proxy for DES reporting year starting this year,Open-Meteo Historical Weather API,Yield anomaly <= -20% vs preceding 5-year mean,Observed DES production + historical weather API
Chhattisgarh,Rajnandgaon,2013,2013 - 2014,Whole Year,All Crops,281928.0,428897.0,1.52,"DES, Ministry of Agriculture & Farmers Welfare",55,Top total DES-reported production across available reporting years,1.521299764478874,,,,21.038706096606944,80.81968353192259,Rajnandgaon,geoBoundaries India ADM2 centroid,1541.3,25.52,Calendar year; proxy for DES reporting year starting this year,Open-Meteo Historical Weather API,Yield anomaly <= -20% vs preceding 5-year mean,Observed DES production + historical weather API
Chhattisgarh,Rajnandgaon,2014,2014 - 2015,Whole Year,All Crops,287194.0,480285.0,1.67,"DES, Ministry of Agriculture & Farmers Welfare",55,Top total DES-reported production across available reporting years,1.6723364694248488,,,,21.038706096606944,80.81968353192259,Rajnandgaon,geoBoundaries India ADM2 centroid,1251.1,26.22,Calendar year; proxy for DES reporting year starting this year,Open-Meteo Historical Weather API,Yield anomaly <= -20% vs preceding 5-year mean,Observed DES production + historical weather API
Chhattisgarh,Rajnandgaon,2015,2015 - 2016,Whole Year,All Crops,268648.0,199339.0,0.74,"DES, Ministry of Agriculture & Farmers Welfare",55,Top total DES-reported production across available reporting years,0.7420081295970936,,,,21.038706096606944,80.81968353192259,Rajnandgaon,geoBoundaries India ADM2 centroid,1195.2,26.15,Calendar year; proxy for DES reporting year starting this year,Open-Meteo Historical Weather API,Yield anomaly <= -20% vs preceding 5-year mean,Observed DES production + historical weather API
Chhattisgarh,Rajnandgaon,2016,2016 - 2017,Whole Year,All Crops,290276.0,539710.0,1.86,"DES, Ministry of Agriculture & Farmers Welfare",55,Top total DES-reported production across available reporting years,1.8592994253744712,1.3118814545002722,0.41727701005021367,0,21.038706096606944,80.81968353192259,Rajnandgaon,geoBoundaries India ADM2 centroid,1470.2,26.38,Calendar year; proxy for DES reporting year starting this year,Open-Meteo Historical Weather API,Yield anomaly <= -20% vs preceding 5-year mean,Observed DES production + historical weather API
Chhattisgarh,Rajnandgaon,2017,2017 - 2018,Whole Year,All Crops,294317.0,307925.0,1.05,"DES, Ministry of Agriculture & Farmers Welfare",55,Top total DES-reported production across available reporting years,1.0462358613331884,1.448735947218822,-0.2778284660212401,1,21.038706096606944,80.81968353192259,Rajnandgaon,geoBoundaries India ADM2 centroid,922.1,26.42,Calendar year; proxy for DES reporting year starting this year,Open-Meteo Historical Weather API,Yield anomaly <= -20% vs preceding 5-year mean,Observed DES production + historical weather API
Chhattisgarh,Rajnandgaon,2018,2018 - 2019,Whole Year,All Crops,310786.0,427239.0,1.37,"DES, Ministry of Agriculture & Farmers Welfare",55,Top total DES-reported production across available reporting years,1.374704780781631,1.368235930041695,0.0047278766752887336,0,21.038706096606944,80.81968353192259,Rajnandgaon,geoBoundaries India ADM2 centroid,1377.1,25.86,Calendar year; proxy for DES reporting year starting this year,Open-Meteo Historical Weather API,Yield anomaly <= -20% vs preceding 5-year mean,Observed DES production + historical weather API
Chhattisgarh,Rajnandgaon,2019,2019 - 2020,Whole Year,All Crops,340270.0,613716.0,1.8,"DES, Ministry of Agriculture & Farmers Welfare",55,Top total DES-reported production across available reporting years,1.803614776501014,1.3389169333022466,0.3470699575459524,0,21.038706096606944,80.81968353192259,Rajnandgaon,geoBoundaries India ADM2 centroid,1358.1,26.19,Calendar year; proxy for DES reporting year starting this year,Open-Meteo Historical Weather API,Yield anomaly <= -20% vs preceding 5-year mean,Observed DES production + historical weather API
Chhattisgarh,Rajnandgaon,2020,2020 - 2021,Whole Year,All Crops,346977.0,668770.0,1.93,"DES, Ministry of Agriculture & Farmers Welfare",55,Top total DES-reported production across available reporting years,1.927418820267626,1.3651725947174795,0.4118499211936659,0,21.038706096606944,80.81968353192259,Rajnandgaon,geoBoundaries India ADM2 centroid,1580.7,25.43,Calendar year; proxy for DES reporting year starting this year,Open-Meteo Historical Weather API,Yield anomaly <= -20% vs preceding 5-year mean,Observed DES production + historical weather API
Chhattisgarh,Rajnandgaon,2021,2021 - 2022,Whole Year,All Crops,352622.0,649508.0,1.84,"DES, Ministry of Agriculture & Farmers Welfare",55,Top total DES-reported production across available reporting years,1.8419383929533608,1.6022547328515864,0.1495914820455555,0,21.038706096606944,80.81968353192259,Rajnandgaon,geoBoundaries India ADM2 centroid,963.8,25.65,Calendar year; proxy for DES reporting year starting this year,Open-Meteo Historical Weather API,Yield anomaly <= -20% vs preceding 5-year mean,Observed DES production + historical weather API
Chhattisgarh,Rajnandgaon,2022,2022 - 2023,Whole Year,All Crops,185611.0,358544.0,1.93,"DES, Ministry of Agriculture & Farmers Welfare",55,Top total DES-reported production across available reporting years,1.9316958585428665,1.598782526367364,0.20822927864487206,0,21.038706096606944,80.81968353192259,Rajnandgaon,geoBoundaries India ADM2 centroid,1494.3,25.74,Calendar year; proxy for DES reporting year starting this year,Open-Meteo Historical Weather API,Yield anomaly <= -20% vs preceding 5-year mean,Observed DES production + historical weather API
Madhya Pradesh,Rewa,2013,2013 - 2014,Whole Year,All Crops,119623.0,214112.0,1.79,"DES, Ministry of Agriculture & Farmers Welfare",36,Top total DES-reported production across available reporting years,1.7898899041154293,,,,24.751558992774736,81.58928308171846,Rewa,geoBoundaries India ADM2 centroid,1274.2,24.43,Calendar year; proxy for DES reporting year starting this year,Open-Meteo Historical Weather API,Yield anomaly <= -20% vs preceding 5-year mean,Observed DES production + historical weather API
Madhya Pradesh,Rewa,2014,2014 - 2015,Whole Year,All Crops,136000.0,246000.0,1.81,"DES, Ministry of Agriculture & Farmers Welfare",36,Top total DES-reported production across available reporting years,1.8088235294117647,,,,24.751558992774736,81.58928308171846,Rewa,geoBoundaries India ADM2 centroid,822.8,24.58,Calendar year; proxy for DES reporting year starting this year,Open-Meteo Historical Weather API,Yield anomaly <= -20% vs preceding 5-year mean,Observed DES production + historical weather API
Madhya Pradesh,Rewa,2015,2015 - 2016,Whole Year,All Crops,121000.0,118660.0,0.98,"DES, Ministry of Agriculture & Farmers Welfare",36,Top total DES-reported production across available reporting years,0.9806611570247934,,,,24.751558992774736,81.58928308171846,Rewa,geoBoundaries India ADM2 centroid,867.8,25.0,Calendar year; proxy for DES reporting year starting this year,Open-Meteo Historical Weather API,Yield anomaly <= -20% vs preceding 5-year mean,Observed DES production + historical weather API
Madhya Pradesh,Rewa,2016,2016 - 2017,Whole Year,All Crops,126000.0,352000.0,2.79,"DES, Ministry of Agriculture & Farmers Welfare",36,Top total DES-reported production across available reporting years,2.7936507936507935,1.5264581968506625,0.83015217803839,0,24.751558992774736,81.58928308171846,Rewa,geoBoundaries India ADM2 centroid,1505.9,25.56,Calendar year; proxy for DES reporting year starting this year,Open-Meteo Historical Weather API,Yield anomaly <= -20% vs preceding 5-year mean,Observed DES production + historical weather API
Madhya Pradesh,Rewa,2017,2017 - 2018,Whole Year,All Crops,121300.0,625900.0,5.16,"DES, Ministry of Agriculture & Farmers Welfare",36,Top total DES-reported production across available reporting years,5.159934047815334,1.8432563460506952,1.7993578098189387,0,24.751558992774736,81.58928308171846,Rewa,geoBoundaries India ADM2 centroid,976.9,25.67,Calendar year; proxy for DES reporting year starting this year,Open-Meteo Historical Weather API,Yield anomaly <= -20% vs preceding 5-year mean,Observed DES production + historical weather API
Madhya Pradesh,Rewa,2018,2018 - 2019,Whole Year,All Crops,230346.0,443550.0,1.93,"DES, Ministry of Agriculture & Farmers Welfare",36,Top total DES-reported production across available reporting years,1.9255815165012633,2.5065918864036227,-0.2317929667984262,1,24.751558992774736,81.58928308171846,Rewa,geoBoundaries India ADM2 centroid,1073.8,25.4,Calendar year; proxy for DES reporting year starting this year,Open-Meteo Historical Weather API,Yield anomaly <= -20% vs preceding 5-year mean,Observed DES production + historical weather API
Madhya Pradesh,Rewa,2019,2019 - 2020,Whole Year,All Crops,251894.0,680355.0,2.7,"DES, Ministry of Agriculture & Farmers Welfare",36,Top total DES-reported production across available reporting years,2.700957545634275,2.5337302088807894,0.06600045110065378,0,24.751558992774736,81.58928308171846,Rewa,geoBoundaries India ADM2 centroid,1340.6,25.27,Calendar year; proxy for DES reporting year starting this year,Open-Meteo Historical Weather API,Yield anomaly <= -20% vs preceding 5-year mean,Observed DES production + historical weather API
Madhya Pradesh,Rewa,2020,2020 - 2021,Whole Year,All Crops,299099.0,807853.0,2.7,"DES, Ministry of Agriculture & Farmers Welfare",36,Top total DES-reported production across available reporting years,2.7009552021237115,2.7121570121252914,-0.004130221794497735,0,24.751558992774736,81.58928308171846,Rewa,geoBoundaries India ADM2 centroid,1275.2,24.48,Calendar year; proxy for DES reporting year starting this year,Open-Meteo Historical Weather API,Yield anomaly <= -20% vs preceding 5-year mean,Observed DES production + historical weather API
Madhya Pradesh,Rewa,2021,2021 - 2022,Whole Year,All Crops,323983.0,892249.0,2.75,"DES, Ministry of Agriculture & Farmers Welfare",36,Top total DES-reported production across available reporting years,2.75399943824213,3.0562158211450754,-0.09888581192859403,0,24.751558992774736,81.58928308171846,Rewa,geoBoundaries India ADM2 centroid,1464.2,24.66,Calendar year; proxy for DES reporting year starting this year,Open-Meteo Historical Weather API,Yield anomaly <= -20% vs preceding 5-year mean,Observed DES production + historical weather API
Madhya Pradesh,Rewa,2022,2022 - 2023,Whole Year,All Crops,280363.0,1117807.0,3.99,"DES, Ministry of Agriculture & Farmers Welfare",36,Top total DES-reported production across available reporting years,3.9869989977279454,3.048285550063343,0.3079480029832167,0,24.751558992774736,81.58928308171846,Rewa,geoBoundaries India ADM2 centroid,1011.2,25.33,Calendar year; proxy for DES reporting year starting this year,Open-Meteo Historical Weather API,Yield anomaly <= -20% vs preceding 5-year mean,Observed DES production + historical weather API
Bihar,Rohtas,2013,2013 - 2014,Whole Year,All Crops,197145.0,776198.0,3.94,"DES, Ministry of Agriculture & Farmers Welfare",13,Top total DES-reported production across available reporting years,3.9371934363032284,,,,24.981550627226348,84.0246058110957,Rohtas,geoBoundaries India ADM2 centroid,961.6,25.17,Calendar year; proxy for DES reporting year starting this year,Open-Meteo Historical Weather API,Yield anomaly <= -20% vs preceding 5-year mean,Observed DES production + historical weather API
Bihar,Rohtas,2014,2014 - 2015,Whole Year,All Crops,196508.0,820981.0,4.18,"DES, Ministry of Agriculture & Farmers Welfare",13,Top total DES-reported production across available reporting years,4.17785026563804,,,,24.981550627226348,84.0246058110957,Rohtas,geoBoundaries India ADM2 centroid,863.1,25.04,Calendar year; proxy for DES reporting year starting this year,Open-Meteo Historical Weather API,Yield anomaly <= -20% vs preceding 5-year mean,Observed DES production + historical weather API
Bihar,Rohtas,2015,2015 - 2016,Whole Year,All Crops,196657.0,759630.0,3.86,"DES, Ministry of Agriculture & Farmers Welfare",13,Top total DES-reported production across available reporting years,3.8627152860055833,,,,24.981550627226348,84.0246058110957,Rohtas,geoBoundaries India ADM2 centroid,977.5,25.73,Calendar year; proxy for DES reporting year starting this year,Open-Meteo Historical Weather API,Yield anomaly <= -20% vs preceding 5-year mean,Observed DES production + historical weather API
Bihar,Rohtas,2016,2016 - 2017,Whole Year,All Crops,193375.0,640722.0,3.31,"DES, Ministry of Agriculture & Farmers Welfare",13,Top total DES-reported production across available reporting years,3.3133652230122816,3.9925863293156176,-0.17012058106700068,0,24.981550627226348,84.0246058110957,Rohtas,geoBoundaries India ADM2 centroid,1260.1,26.09,Calendar year; proxy for DES reporting year starting this year,Open-Meteo Historical Weather API,Yield anomaly <= -20% vs preceding 5-year mean,Observed DES production + historical weather API
Bihar,Rohtas,2017,2017 - 2018,Whole Year,All Crops,190723.0,739671.0,3.88,"DES, Ministry of Agriculture & Farmers Welfare",13,Top total DES-reported production across available reporting years,3.8782475107878964,3.822781052739783,0.01450945196256015,0,24.981550627226348,84.0246058110957,Rohtas,geoBoundaries India ADM2 centroid,1138.7,25.91,Calendar year; proxy for DES reporting year starting this year,Open-Meteo Historical Weather API,Yield anomaly <= -20% vs preceding 5-year mean,Observed DES production + historical weather API
Bihar,Rohtas,2018,2018 - 2019,Whole Year,All Crops,192980.0,792138.0,4.1,"DES, Ministry of Agriculture & Farmers Welfare",13,Top total DES-reported production across available reporting years,4.1047673334024255,3.833874344349406,0.07065776411067759,0,24.981550627226348,84.0246058110957,Rohtas,geoBoundaries India ADM2 centroid,1271.1,25.9,Calendar year; proxy for DES reporting year starting this year,Open-Meteo Historical Weather API,Yield anomaly <= -20% vs preceding 5-year mean,Observed DES production + historical weather API
Bihar,Rohtas,2019,2019 - 2020,Whole Year,All Crops,224721.0,923930.0,4.11,"DES, Ministry of Agriculture & Farmers Welfare",13,Top total DES-reported production across available reporting years,4.111453758215743,3.8673891237692453,0.06310837276405912,0,24.981550627226348,84.0246058110957,Rohtas,geoBoundaries India ADM2 centroid,1322.9,25.96,Calendar year; proxy for DES reporting year starting this year,Open-Meteo Historical Weather API,Yield anomaly <= -20% vs preceding 5-year mean,Observed DES production + historical weather API
Bihar,Rohtas,2020,2020 - 2021,Whole Year,All Crops,216807.0,947399.0,4.37,"DES, Ministry of Agriculture & Farmers Welfare",13,Top total DES-reported production across available reporting years,4.369780496017195,3.8541098222847863,0.13379760762154658,0,24.981550627226348,84.0246058110957,Rohtas,geoBoundaries India ADM2 centroid,1496.3,25.15,Calendar year; proxy for DES reporting year starting this year,Open-Meteo Historical Weather API,Yield anomaly <= -20% vs preceding 5-year mean,Observed DES production + historical weather API
Bihar,Rohtas,2021,2021 - 2022,Whole Year,All Crops,225954.0,993227.0,4.4,"DES, Ministry of Agriculture & Farmers Welfare",13,Top total DES-reported production across available reporting years,4.395704435416058,3.9555228642871088,0.1112827775824985,0,24.981550627226348,84.0246058110957,Rohtas,geoBoundaries India ADM2 centroid,1527.6,25.31,Calendar year; proxy for DES reporting year starting this year,Open-Meteo Historical Weather API,Yield anomaly <= -20% vs preceding 5-year mean,Observed DES production + historical weather API
Bihar,Rohtas,2022,2022 - 2023,Whole Year,All Crops,200319.0,944805.0,4.72,"DES, Ministry of Agriculture & Farmers Welfare",13,Top total DES-reported production across available reporting years,4.716502179024456,4.171990706767863,0.13051598398176645,0,24.981550627226348,84.0246058110957,Rohtas,geoBoundaries India ADM2 centroid,1129.0,25.9,Calendar year; proxy for DES reporting year starting this year,Open-Meteo Historical Weather API,Yield anomaly <= -20% vs preceding 5-year mean,Observed DES production + historical weather API
Telangana,Sangareddy,2016,2016 - 2017,Whole Year,All Crops,26406.0,104482.0,3.96,"DES, Ministry of Agriculture & Farmers Welfare",252,Top total DES-reported production across available reporting years,3.956752253275771,,,,17.785977142843986,77.87429819521883,Sangareddy,geoBoundaries India ADM2 centroid,1089.2,26.48,Calendar year; proxy for DES reporting year starting this year,Open-Meteo Historical Weather API,Yield anomaly <= -20% vs preceding 5-year mean,Observed DES production + historical weather API
Telangana,Sangareddy,2017,2017 - 2018,Whole Year,All Crops,39357.0,148031.0,3.76,"DES, Ministry of Agriculture & Farmers Welfare",252,Top total DES-reported production across available reporting years,3.7612368828924967,,,,17.785977142843986,77.87429819521883,Sangareddy,geoBoundaries India ADM2 centroid,799.6,26.13,Calendar year; proxy for DES reporting year starting this year,Open-Meteo Historical Weather API,Yield anomaly <= -20% vs preceding 5-year mean,Observed DES production + historical weather API
Telangana,Sangareddy,2018,2018 - 2019,Whole Year,All Crops,24026.0,71027.0,2.96,"DES, Ministry of Agriculture & Farmers Welfare",252,Top total DES-reported production across available reporting years,2.956255722966786,,,,17.785977142843986,77.87429819521883,Sangareddy,geoBoundaries India ADM2 centroid,719.7,25.78,Calendar year; proxy for DES reporting year starting this year,Open-Meteo Historical Weather API,Yield anomaly <= -20% vs preceding 5-year mean,Observed DES production + historical weather API
Telangana,Sangareddy,2019,2019 - 2020,Whole Year,All Crops,31514.0,115280.0,3.66,"DES, Ministry of Agriculture & Farmers Welfare",252,Top total DES-reported production across available reporting years,3.6580567366884558,3.5580816197116847,0.0280980392419643,0,17.785977142843986,77.87429819521883,Sangareddy,geoBoundaries India ADM2 centroid,885.5,26.25,Calendar year; proxy for DES reporting year starting this year,Open-Meteo Historical Weather API,Yield anomaly <= -20% vs preceding 5-year mean,Observed DES production + historical weather API
Telangana,Sangareddy,2020,2020 - 2021,Whole Year,All Crops,64627.0,215760.0,3.34,"DES, Ministry of Agriculture & Farmers Welfare",252,Top total DES-reported production across available reporting years,3.3385427143453974,3.5830753989558772,-0.06824659193098137,0,17.785977142843986,77.87429819521883,Sangareddy,geoBoundaries India ADM2 centroid,1069.4,26.07,Calendar year; proxy for DES reporting year starting this year,Open-Meteo Historical Weather API,Yield anomaly <= -20% vs preceding 5-year mean,Observed DES production + historical weather API
Telangana,Sangareddy,2021,2021 - 2022,Whole Year,All Crops,54822.0,205202.0,3.74,"DES, Ministry of Agriculture & Farmers Welfare",252,Top total DES-reported production across available reporting years,3.7430593557331,3.5341688620337814,0.059105974234380465,0,17.785977142843986,77.87429819521883,Sangareddy,geoBoundaries India ADM2 centroid,1025.0,25.76,Calendar year; proxy for DES reporting year starting this year,Open-Meteo Historical Weather API,Yield anomaly <= -20% vs preceding 5-year mean,Observed DES production + historical weather API
Telangana,Sangareddy,2022,2022 - 2023,Whole Year,All Crops,101047.0,384936.0,3.81,"DES, Ministry of Agriculture & Farmers Welfare",252,Top total DES-reported production across available reporting years,3.809474798855978,3.491430282525248,0.0910929019326423,0,17.785977142843986,77.87429819521883,Sangareddy,geoBoundaries India ADM2 centroid,984.5,26.02,Calendar year; proxy for DES reporting year starting this year,Open-Meteo Historical Weather API,Yield anomaly <= -20% vs preceding 5-year mean,Observed DES production + historical weather API
Punjab,Sangrur,2013,2013 - 2014,Whole Year,All Crops,273000.0,1290000.0,4.73,"DES, Ministry of Agriculture & Farmers Welfare",3,Top total DES-reported production across available reporting years,4.725274725274725,,,,30.211755355744923,75.8702448008922,Sangrur,geoBoundaries India ADM2 centroid,743.7,23.35,Calendar year; proxy for DES reporting year starting this year,Open-Meteo Historical Weather API,Yield anomaly <= -20% vs preceding 5-year mean,Observed DES production + historical weather API
Punjab,Sangrur,2014,2014 - 2015,Whole Year,All Crops,271000.0,1281000.0,4.73,"DES, Ministry of Agriculture & Farmers Welfare",3,Top total DES-reported production across available reporting years,4.726937269372693,,,,30.211755355744923,75.8702448008922,Sangrur,geoBoundaries India ADM2 centroid,482.1,23.73,Calendar year; proxy for DES reporting year starting this year,Open-Meteo Historical Weather API,Yield anomaly <= -20% vs preceding 5-year mean,Observed DES production + historical weather API
Punjab,Sangrur,2015,2015 - 2016,Whole Year,All Crops,274000.0,1334000.0,4.87,"DES, Ministry of Agriculture & Farmers Welfare",3,Top total DES-reported production across available reporting years,4.868613138686132,,,,30.211755355744923,75.8702448008922,Sangrur,geoBoundaries India ADM2 centroid,1023.8,23.16,Calendar year; proxy for DES reporting year starting this year,Open-Meteo Historical Weather API,Yield anomaly <= -20% vs preceding 5-year mean,Observed DES production + historical weather API
Punjab,Sangrur,2016,2016 - 2017,Whole Year,All Crops,278000.0,1355000.0,4.87,"DES, Ministry of Agriculture & Farmers Welfare",3,Top total DES-reported production across available reporting years,4.874100719424461,4.77360837777785,0.021051651851966557,0,30.211755355744923,75.8702448008922,Sangrur,geoBoundaries India ADM2 centroid,510.0,24.69,Calendar year; proxy for DES reporting year starting this year,Open-Meteo Historical Weather API,Yield anomaly <= -20% vs preceding 5-year mean,Observed DES production + historical weather API
Punjab,Sangrur,2017,2017 - 2018,Whole Year,All Crops,284000.0,1442000.0,5.08,"DES, Ministry of Agriculture & Farmers Welfare",3,Top total DES-reported production across available reporting years,5.077464788732394,4.798731463189503,0.05808479338363104,0,30.211755355744923,75.8702448008922,Sangrur,geoBoundaries India ADM2 centroid,612.8,23.75,Calendar year; proxy for DES reporting year starting this year,Open-Meteo Historical Weather API,Yield anomaly <= -20% vs preceding 5-year mean,Observed DES production + historical weather API
Punjab,Sangrur,2018,2018 - 2019,Whole Year,All Crops,287000.0,1353000.0,4.71,"DES, Ministry of Agriculture & Farmers Welfare",3,Top total DES-reported production across available reporting years,4.714285714285714,4.854478128298081,-0.02887898767019803,0,30.211755355744923,75.8702448008922,Sangrur,geoBoundaries India ADM2 centroid,691.7,23.54,Calendar year; proxy for DES reporting year starting this year,Open-Meteo Historical Weather API,Yield anomaly <= -20% vs preceding 5-year mean,Observed DES production + historical weather API
Punjab,Sangrur,2019,2019 - 2020,Whole Year,All Crops,289000.0,1362000.0,4.71,"DES, Ministry of Agriculture & Farmers Welfare",3,Top total DES-reported production across available reporting years,4.71280276816609,4.852280326100279,-0.028744744441895342,0,30.211755355744923,75.8702448008922,Sangrur,geoBoundaries India ADM2 centroid,700.3,23.12,Calendar year; proxy for DES reporting year starting this year,Open-Meteo Historical Weather API,Yield anomaly <= -20% vs preceding 5-year mean,Observed DES production + historical weather API
Punjab,Sangrur,2020,2020 - 2021,Whole Year,All Crops,290800.0,1531000.0,5.26,"DES, Ministry of Agriculture & Farmers Welfare",3,Top total DES-reported production across available reporting years,5.264786795048143,4.849453425858958,0.08564539809259397,0,30.211755355744923,75.8702448008922,Sangrur,geoBoundaries India ADM2 centroid,674.6,23.09,Calendar year; proxy for DES reporting year starting this year,Open-Meteo Historical Weather API,Yield anomaly <= -20% vs preceding 5-year mean,Observed DES production + historical weather API
Punjab,Sangrur,2021,2021 - 2022,Whole Year,All Crops,238700.0,1195000.0,5.01,"DES, Ministry of Agriculture & Farmers Welfare",3,Top total DES-reported production across available reporting years,5.006284038542103,4.9286881571313605,0.015743719005323564,0,30.211755355744923,75.8702448008922,Sangrur,geoBoundaries India ADM2 centroid,599.3,23.5,Calendar year; proxy for DES reporting year starting this year,Open-Meteo Historical Weather API,Yield anomaly <= -20% vs preceding 5-year mean,Observed DES production + historical weather API
Punjab,Sangrur,2022,2022 - 2023,Whole Year,All Crops,238700.0,1231000.0,5.16,"DES, Ministry of Agriculture & Farmers Welfare",3,Top total DES-reported production across available reporting years,5.157100963552576,4.955124820954889,0.04076106049711292,0,30.211755355744923,75.8702448008922,Sangrur,geoBoundaries India ADM2 centroid,728.4,24.1,Calendar year; proxy for DES reporting year starting this year,Open-Meteo Historical Weather API,Yield anomaly <= -20% vs preceding 5-year mean,Observed DES production + historical weather API
Bihar,Saran,2013,2013 - 2014,Whole Year,All Crops,74724.0,130551.0,1.75,"DES, Ministry of Agriculture & Farmers Welfare",254,Top total DES-reported production across available reporting years,1.74710936245383,,,,25.91321462251056,84.81564111334738,Saran,geoBoundaries India ADM2 centroid,1224.3,24.91,Calendar year; proxy for DES reporting year starting this year,Open-Meteo Historical Weather API,Yield anomaly <= -20% vs preceding 5-year mean,Observed DES production + historical weather API
Bihar,Saran,2014,2014 - 2015,Whole Year,All Crops,72545.0,164722.0,2.27,"DES, Ministry of Agriculture & Farmers Welfare",254,Top total DES-reported production across available reporting years,2.270618236956372,,,,25.91321462251056,84.81564111334738,Saran,geoBoundaries India ADM2 centroid,963.8,25.07,Calendar year; proxy for DES reporting year starting this year,Open-Meteo Historical Weather API,Yield anomaly <= -20% vs preceding 5-year mean,Observed DES production + historical weather API
Bihar,Saran,2015,2015 - 2016,Whole Year,All Crops,68744.0,74250.0,1.08,"DES, Ministry of Agriculture & Farmers Welfare",254,Top total DES-reported production across available reporting years,1.0800942627720238,,,,25.91321462251056,84.81564111334738,Saran,geoBoundaries India ADM2 centroid,863.5,25.69,Calendar year; proxy for DES reporting year starting this year,Open-Meteo Historical Weather API,Yield anomaly <= -20% vs preceding 5-year mean,Observed DES production + historical weather API
Bihar,Saran,2016,2016 - 2017,Whole Year,All Crops,76452.0,151594.0,1.98,"DES, Ministry of Agriculture & Farmers Welfare",254,Top total DES-reported production across available reporting years,1.9828650656621147,1.699273954060742,0.1668895771183201,0,25.91321462251056,84.81564111334738,Saran,geoBoundaries India ADM2 centroid,1229.2,26.03,Calendar year; proxy for DES reporting year starting this year,Open-Meteo Historical Weather API,Yield anomaly <= -20% vs preceding 5-year mean,Observed DES production + historical weather API
Bihar,Saran,2017,2017 - 2018,Whole Year,All Crops,62387.0,116155.0,1.86,"DES, Ministry of Agriculture & Farmers Welfare",254,Top total DES-reported production across available reporting years,1.8618462179620754,1.7701717319610852,0.051788470206463266,0,25.91321462251056,84.81564111334738,Saran,geoBoundaries India ADM2 centroid,1446.1,25.34,Calendar year; proxy for DES reporting year starting this year,Open-Meteo Historical Weather API,Yield anomaly <= -20% vs preceding 5-year mean,Observed DES production + historical weather API
Bihar,Saran,2018,2018 - 2019,Whole Year,All Crops,64211.0,65212.0,1.02,"DES, Ministry of Agriculture & Farmers Welfare",254,Top total DES-reported production across available reporting years,1.0155892292597841,1.7885066291612834,-0.43215797319351135,1,25.91321462251056,84.81564111334738,Saran,geoBoundaries India ADM2 centroid,970.4,25.21,Calendar year; proxy for DES reporting year starting this year,Open-Meteo Historical Weather API,Yield anomaly <= -20% vs preceding 5-year mean,Observed DES production + historical weather API
Bihar,Saran,2019,2019 - 2020,Whole Year,All Crops,61074.0,143526.0,2.35,"DES, Ministry of Agriculture & Farmers Welfare",254,Top total DES-reported production across available reporting years,2.350034384517143,1.6422026025224739,0.4310258557058779,0,25.91321462251056,84.81564111334738,Saran,geoBoundaries India ADM2 centroid,1308.5,25.34,Calendar year; proxy for DES reporting year starting this year,Open-Meteo Historical Weather API,Yield anomaly <= -20% vs preceding 5-year mean,Observed DES production + historical weather API
Bihar,Saran,2020,2020 - 2021,Whole Year,All Crops,53463.0,88581.0,1.66,"DES, Ministry of Agriculture & Farmers Welfare",254,Top total DES-reported production across available reporting years,1.6568654957634252,1.6580858320346281,-0.0007359910130257941,0,25.91321462251056,84.81564111334738,Saran,geoBoundaries India ADM2 centroid,1686.1,24.33,Calendar year; proxy for DES reporting year starting this year,Open-Meteo Historical Weather API,Yield anomaly <= -20% vs preceding 5-year mean,Observed DES production + historical weather API
Bihar,Saran,2021,2021 - 2022,Whole Year,All Crops,55418.0,128717.0,2.32,"DES, Ministry of Agriculture & Farmers Welfare",254,Top total DES-reported production across available reporting years,2.322656898480638,1.7734400786329085,0.3096900912891878,0,25.91321462251056,84.81564111334738,Saran,geoBoundaries India ADM2 centroid,1869.4,24.89,Calendar year; proxy for DES reporting year starting this year,Open-Meteo Historical Weather API,Yield anomaly <= -20% vs preceding 5-year mean,Observed DES production + historical weather API
Bihar,Saran,2022,2022 - 2023,Whole Year,All Crops,59207.0,161837.0,2.73,"DES, Ministry of Agriculture & Farmers Welfare",254,Top total DES-reported production across available reporting years,2.7334099008563175,1.841398445196613,0.48442066299478226,0,25.91321462251056,84.81564111334738,Saran,geoBoundaries India ADM2 centroid,1173.2,24.88,Calendar year; proxy for DES reporting year starting this year,Open-Meteo Historical Weather API,Yield anomaly <= -20% vs preceding 5-year mean,Observed DES production + historical weather API
Madhya Pradesh,Satna,2013,2013 - 2014,Whole Year,All Crops,82067.0,188564.0,2.3,"DES, Ministry of Agriculture & Farmers Welfare",52,Top total DES-reported production across available reporting years,2.297683599985378,,,,24.5304600865736,80.83124806117443,Satna,geoBoundaries India ADM2 centroid,1188.7,24.41,Calendar year; proxy for DES reporting year starting this year,Open-Meteo Historical Weather API,Yield anomaly <= -20% vs preceding 5-year mean,Observed DES production + historical weather API
Madhya Pradesh,Satna,2014,2014 - 2015,Whole Year,All Crops,104000.0,201330.0,1.94,"DES, Ministry of Agriculture & Farmers Welfare",52,Top total DES-reported production across available reporting years,1.9358653846153846,,,,24.5304600865736,80.83124806117443,Satna,geoBoundaries India ADM2 centroid,934.9,24.73,Calendar year; proxy for DES reporting year starting this year,Open-Meteo Historical Weather API,Yield anomaly <= -20% vs preceding 5-year mean,Observed DES production + historical weather API
Madhya Pradesh,Satna,2015,2015 - 2016,Whole Year,All Crops,104000.0,242000.0,2.33,"DES, Ministry of Agriculture & Farmers Welfare",52,Top total DES-reported production across available reporting years,2.326923076923077,,,,24.5304600865736,80.83124806117443,Satna,geoBoundaries India ADM2 centroid,794.2,25.34,Calendar year; proxy for DES reporting year starting this year,Open-Meteo Historical Weather API,Yield anomaly <= -20% vs preceding 5-year mean,Observed DES production + historical weather API
Madhya Pradesh,Satna,2016,2016 - 2017,Whole Year,All Crops,120000.0,393330.0,3.28,"DES, Ministry of Agriculture & Farmers Welfare",52,Top total DES-reported production across available reporting years,3.27775,2.1868240205079466,0.498863177494574,0,24.5304600865736,80.83124806117443,Satna,geoBoundaries India ADM2 centroid,1298.7,25.8,Calendar year; proxy for DES reporting year starting this year,Open-Meteo Historical Weather API,Yield anomaly <= -20% vs preceding 5-year mean,Observed DES production + historical weather API
Madhya Pradesh,Satna,2017,2017 - 2018,Whole Year,All Crops,132000.0,324800.0,2.46,"DES, Ministry of Agriculture & Farmers Welfare",52,Top total DES-reported production across available reporting years,2.4606060606060605,2.45955551538096,0.00042712808006606373,0,24.5304600865736,80.83124806117443,Satna,geoBoundaries India ADM2 centroid,897.7,25.7,Calendar year; proxy for DES reporting year starting this year,Open-Meteo Historical Weather API,Yield anomaly <= -20% vs preceding 5-year mean,Observed DES production + historical weather API
Madhya Pradesh,Satna,2018,2018 - 2019,Whole Year,All Crops,174905.0,378045.0,2.16,"DES, Ministry of Agriculture & Farmers Welfare",52,Top total DES-reported production across available reporting years,2.1614304908378834,2.4597656244259802,-0.12128600002600542,0,24.5304600865736,80.83124806117443,Satna,geoBoundaries India ADM2 centroid,1025.2,25.5,Calendar year; proxy for DES reporting year starting this year,Open-Meteo Historical Weather API,Yield anomaly <= -20% vs preceding 5-year mean,Observed DES production + historical weather API
Madhya Pradesh,Satna,2019,2019 - 2020,Whole Year,All Crops,181916.0,507877.0,2.79,"DES, Ministry of Agriculture & Farmers Welfare",52,Top total DES-reported production across available reporting years,2.7918215000329822,2.432515002596481,0.14770987930309798,0,24.5304600865736,80.83124806117443,Satna,geoBoundaries India ADM2 centroid,1219.4,25.14,Calendar year; proxy for DES reporting year starting this year,Open-Meteo Historical Weather API,Yield anomaly <= -20% vs preceding 5-year mean,Observed DES production + historical weather API
Madhya Pradesh,Satna,2020,2020 - 2021,Whole Year,All Crops,239852.0,669625.0,2.79,"DES, Ministry of Agriculture & Farmers Welfare",52,Top total DES-reported production across available reporting years,2.791825792572086,2.6037062256800008,0.07225068828298964,0,24.5304600865736,80.83124806117443,Satna,geoBoundaries India ADM2 centroid,1078.2,24.53,Calendar year; proxy for DES reporting year starting this year,Open-Meteo Historical Weather API,Yield anomaly <= -20% vs preceding 5-year mean,Observed DES production + historical weather API
Madhya Pradesh,Satna,2021,2021 - 2022,Whole Year,All Crops,261336.0,775122.0,2.97,"DES, Ministry of Agriculture & Farmers Welfare",52,Top total DES-reported production across available reporting years,2.965997795940858,2.6966867688098026,0.09986737438175552,0,24.5304600865736,80.83124806117443,Satna,geoBoundaries India ADM2 centroid,1167.1,24.85,Calendar year; proxy for DES reporting year starting this year,Open-Meteo Historical Weather API,Yield anomaly <= -20% vs preceding 5-year mean,Observed DES production + historical weather API
Madhya Pradesh,Satna,2022,2022 - 2023,Whole Year,All Crops,265204.0,1102983.0,4.16,"DES, Ministry of Agriculture & Farmers Welfare",52,Top total DES-reported production across available reporting years,4.158998355982565,2.634336327997974,0.5787651378376935,0,24.5304600865736,80.83124806117443,Satna,geoBoundaries India ADM2 centroid,1048.4,25.26,Calendar year; proxy for DES reporting year starting this year,Open-Meteo Historical Weather API,Yield anomaly <= -20% vs preceding 5-year mean,Observed DES production + historical weather API
Uttar Pradesh,Shahjahanpur,2013,2013 - 2014,Whole Year,All Crops,203425.0,545993.0,2.68,"DES, Ministry of Agriculture & Farmers Welfare",27,Top total DES-reported production across available reporting years,2.684001474744992,,,,27.95984145689227,79.82905051426162,Shahjahanpur,geoBoundaries India ADM2 centroid,1143.7,23.99,Calendar year; proxy for DES reporting year starting this year,Open-Meteo Historical Weather API,Yield anomaly <= -20% vs preceding 5-year mean,Observed DES production + historical weather API
Uttar Pradesh,Shahjahanpur,2014,2014 - 2015,Whole Year,All Crops,209325.0,587157.0,2.81,"DES, Ministry of Agriculture & Farmers Welfare",27,Top total DES-reported production across available reporting years,2.8050017914725904,,,,27.95984145689227,79.82905051426162,Shahjahanpur,geoBoundaries India ADM2 centroid,747.8,24.3,Calendar year; proxy for DES reporting year starting this year,Open-Meteo Historical Weather API,Yield anomaly <= -20% vs preceding 5-year mean,Observed DES production + historical weather API
Uttar Pradesh,Shahjahanpur,2015,2015 - 2016,Whole Year,All Crops,155993.0,491222.0,3.15,"DES, Ministry of Agriculture & Farmers Welfare",27,Top total DES-reported production across available reporting years,3.149000275653395,,,,27.95984145689227,79.82905051426162,Shahjahanpur,geoBoundaries India ADM2 centroid,951.3,24.47,Calendar year; proxy for DES reporting year starting this year,Open-Meteo Historical Weather API,Yield anomaly <= -20% vs preceding 5-year mean,Observed DES production + historical weather API
Uttar Pradesh,Shahjahanpur,2016,2016 - 2017,Whole Year,All Crops,210848.0,627062.0,2.97,"DES, Ministry of Agriculture & Farmers Welfare",27,Top total DES-reported production across available reporting years,2.9740002276521476,2.8793345139569926,0.03287763656368581,0,27.95984145689227,79.82905051426162,Shahjahanpur,geoBoundaries India ADM2 centroid,967.9,24.98,Calendar year; proxy for DES reporting year starting this year,Open-Meteo Historical Weather API,Yield anomaly <= -20% vs preceding 5-year mean,Observed DES production + historical weather API
Uttar Pradesh,Shahjahanpur,2017,2017 - 2018,Whole Year,All Crops,210765.0,686883.0,3.26,"DES, Ministry of Agriculture & Farmers Welfare",27,Top total DES-reported production across available reporting years,3.258999359476194,2.903000942380781,0.12263117517400968,0,27.95984145689227,79.82905051426162,Shahjahanpur,geoBoundaries India ADM2 centroid,844.6,24.31,Calendar year; proxy for DES reporting year starting this year,Open-Meteo Historical Weather API,Yield anomaly <= -20% vs preceding 5-year mean,Observed DES production + historical weather API
Uttar Pradesh,Shahjahanpur,2018,2018 - 2019,Whole Year,All Crops,189858.0,590268.0,3.11,"DES, Ministry of Agriculture & Farmers Welfare",27,Top total DES-reported production across available reporting years,3.108997250576747,2.974200625799864,0.04532196772725494,0,27.95984145689227,79.82905051426162,Shahjahanpur,geoBoundaries India ADM2 centroid,780.4,24.17,Calendar year; proxy for DES reporting year starting this year,Open-Meteo Historical Weather API,Yield anomaly <= -20% vs preceding 5-year mean,Observed DES production + historical weather API
Uttar Pradesh,Shahjahanpur,2019,2019 - 2020,Whole Year,All Crops,219087.0,774473.0,3.54,"DES, Ministry of Agriculture & Farmers Welfare",27,Top total DES-reported production across available reporting years,3.5350020768005406,3.059199780966215,0.1555316193452554,0,27.95984145689227,79.82905051426162,Shahjahanpur,geoBoundaries India ADM2 centroid,897.5,24.09,Calendar year; proxy for DES reporting year starting this year,Open-Meteo Historical Weather API,Yield anomaly <= -20% vs preceding 5-year mean,Observed DES production + historical weather API
Uttar Pradesh,Shahjahanpur,2020,2020 - 2021,Whole Year,All Crops,209672.0,800890.0,3.82,"DES, Ministry of Agriculture & Farmers Welfare",27,Top total DES-reported production across available reporting years,3.819727956045633,3.2051998380318047,0.19172848779101015,0,27.95984145689227,79.82905051426162,Shahjahanpur,geoBoundaries India ADM2 centroid,893.9,23.33,Calendar year; proxy for DES reporting year starting this year,Open-Meteo Historical Weather API,Yield anomaly <= -20% vs preceding 5-year mean,Observed DES production + historical weather API
Uttar Pradesh,Shahjahanpur,2021,2021 - 2022,Whole Year,All Crops,223243.0,737183.0,3.3,"DES, Ministry of Agriculture & Farmers Welfare",27,Top total DES-reported production across available reporting years,3.3021550507742683,3.339345374110253,-0.01113701015304347,0,27.95984145689227,79.82905051426162,Shahjahanpur,geoBoundaries India ADM2 centroid,1225.7,23.92,Calendar year; proxy for DES reporting year starting this year,Open-Meteo Historical Weather API,Yield anomaly <= -20% vs preceding 5-year mean,Observed DES production + historical weather API
Uttar Pradesh,Shahjahanpur,2022,2022 - 2023,Whole Year,All Crops,211642.0,705118.0,3.33,"DES, Ministry of Agriculture & Farmers Welfare",27,Top total DES-reported production across available reporting years,3.331654397520341,3.4049763387346763,-0.021533759392167284,0,27.95984145689227,79.82905051426162,Shahjahanpur,geoBoundaries India ADM2 centroid,1274.6,24.2,Calendar year; proxy for DES reporting year starting this year,Open-Meteo Historical Weather API,Yield anomaly <= -20% vs preceding 5-year mean,Observed DES production + historical weather API
Uttar Pradesh,Siddharth nagar,2013,2013 - 2014,Whole Year,All Crops,173903.0,477016.0,2.74,"DES, Ministry of Agriculture & Farmers Welfare",57,Top total DES-reported production across available reporting years,2.743000408273578,,,,27.273430000780333,82.86344391918092,Siddharthnagar,geoBoundaries India ADM2 centroid,1615.7,24.24,Calendar year; proxy for DES reporting year starting this year,Open-Meteo Historical Weather API,Yield anomaly <= -20% vs preceding 5-year mean,Observed DES production + historical weather API
Uttar Pradesh,Siddharth nagar,2014,2014 - 2015,Whole Year,All Crops,170404.0,414082.0,2.43,"DES, Ministry of Agriculture & Farmers Welfare",57,Top total DES-reported production across available reporting years,2.4300016431539166,,,,27.273430000780333,82.86344391918092,Siddharthnagar,geoBoundaries India ADM2 centroid,1064.5,24.28,Calendar year; proxy for DES reporting year starting this year,Open-Meteo Historical Weather API,Yield anomaly <= -20% vs preceding 5-year mean,Observed DES production + historical weather API
Uttar Pradesh,Siddharth nagar,2015,2015 - 2016,Whole Year,All Crops,184234.0,416737.0,2.26,"DES, Ministry of Agriculture & Farmers Welfare",57,Top total DES-reported production across available reporting years,2.2619983282130334,,,,27.273430000780333,82.86344391918092,Siddharthnagar,geoBoundaries India ADM2 centroid,1012.6,24.87,Calendar year; proxy for DES reporting year starting this year,Open-Meteo Historical Weather API,Yield anomaly <= -20% vs preceding 5-year mean,Observed DES production + historical weather API
Uttar Pradesh,Siddharth nagar,2016,2016 - 2017,Whole Year,All Crops,173507.0,403751.0,2.33,"DES, Ministry of Agriculture & Farmers Welfare",57,Top total DES-reported production across available reporting years,2.3270012160892644,2.478333459880176,-0.06106209928595652,0,27.273430000780333,82.86344391918092,Siddharthnagar,geoBoundaries India ADM2 centroid,1426.8,25.26,Calendar year; proxy for DES reporting year starting this year,Open-Meteo Historical Weather API,Yield anomaly <= -20% vs preceding 5-year mean,Observed DES production + historical weather API
Uttar Pradesh,Siddharth nagar,2017,2017 - 2018,Whole Year,All Crops,173507.0,449210.0,2.59,"DES, Ministry of Agriculture & Farmers Welfare",57,Top total DES-reported production across available reporting years,2.5890021728229984,2.440500398932448,0.06084890375576646,0,27.273430000780333,82.86344391918092,Siddharthnagar,geoBoundaries India ADM2 centroid,1370.3,24.88,Calendar year; proxy for DES reporting year starting this year,Open-Meteo Historical Weather API,Yield anomaly <= -20% vs preceding 5-year mean,Observed DES production + historical weather API
Uttar Pradesh,Siddharth nagar,2018,2018 - 2019,Whole Year,All Crops,174713.0,551045.0,3.15,"DES, Ministry of Agriculture & Farmers Welfare",57,Top total DES-reported production across available reporting years,3.1540011332871623,2.470200753710558,0.27681975991200236,0,27.273430000780333,82.86344391918092,Siddharthnagar,geoBoundaries India ADM2 centroid,1313.2,24.49,Calendar year; proxy for DES reporting year starting this year,Open-Meteo Historical Weather API,Yield anomaly <= -20% vs preceding 5-year mean,Observed DES production + historical weather API
Uttar Pradesh,Siddharth nagar,2019,2019 - 2020,Whole Year,All Crops,173935.0,497106.0,2.86,"DES, Ministry of Agriculture & Farmers Welfare",57,Top total DES-reported production across available reporting years,2.8579986776669446,2.5524008987132754,0.11972953743580339,0,27.273430000780333,82.86344391918092,Siddharthnagar,geoBoundaries India ADM2 centroid,1584.9,24.44,Calendar year; proxy for DES reporting year starting this year,Open-Meteo Historical Weather API,Yield anomaly <= -20% vs preceding 5-year mean,Observed DES production + historical weather API
Uttar Pradesh,Siddharth nagar,2020,2020 - 2021,Whole Year,All Crops,173507.0,495015.0,2.85,"DES, Ministry of Agriculture & Farmers Welfare",57,Top total DES-reported production across available reporting years,2.852997285412116,2.6380003056158805,0.08149998289937321,0,27.273430000780333,82.86344391918092,Siddharthnagar,geoBoundaries India ADM2 centroid,1687.1,23.52,Calendar year; proxy for DES reporting year starting this year,Open-Meteo Historical Weather API,Yield anomaly <= -20% vs preceding 5-year mean,Observed DES production + historical weather API
Uttar Pradesh,Siddharth nagar,2021,2021 - 2022,Whole Year,All Crops,174355.0,458240.0,2.63,"DES, Ministry of Agriculture & Farmers Welfare",57,Top total DES-reported production across available reporting years,2.628201083995297,2.7562000970556975,-0.04644039204451622,0,27.273430000780333,82.86344391918092,Siddharthnagar,geoBoundaries India ADM2 centroid,1912.2,24.18,Calendar year; proxy for DES reporting year starting this year,Open-Meteo Historical Weather API,Yield anomaly <= -20% vs preceding 5-year mean,Observed DES production + historical weather API
Uttar Pradesh,Siddharth nagar,2022,2022 - 2023,Whole Year,All Crops,174226.0,405125.0,2.33,"DES, Ministry of Agriculture & Farmers Welfare",57,Top total DES-reported production across available reporting years,2.3252844007209026,2.8164400706369035,-0.17438882333645112,0,27.273430000780333,82.86344391918092,Siddharthnagar,geoBoundaries India ADM2 centroid,1539.0,24.25,Calendar year; proxy for DES reporting year starting this year,Open-Meteo Historical Weather API,Yield anomaly <= -20% vs preceding 5-year mean,Observed DES production + historical weather API
Uttar Pradesh,Sitapur,2013,2013 - 2014,Whole Year,All Crops,169785.0,414105.0,2.44,"DES, Ministry of Agriculture & Farmers Welfare",66,Top total DES-reported production across available reporting years,2.438996377771888,,,,27.517779275777812,80.85752661253565,Sitapur,geoBoundaries India ADM2 centroid,1204.2,24.12,Calendar year; proxy for DES reporting year starting this year,Open-Meteo Historical Weather API,Yield anomaly <= -20% vs preceding 5-year mean,Observed DES production + historical weather API
Uttar Pradesh,Sitapur,2014,2014 - 2015,Whole Year,All Crops,164203.0,383086.0,2.33,"DES, Ministry of Agriculture & Farmers Welfare",66,Top total DES-reported production across available reporting years,2.333002442099109,,,,27.517779275777812,80.85752661253565,Sitapur,geoBoundaries India ADM2 centroid,853.4,24.29,Calendar year; proxy for DES reporting year starting this year,Open-Meteo Historical Weather API,Yield anomaly <= -20% vs preceding 5-year mean,Observed DES production + historical weather API
Uttar Pradesh,Sitapur,2015,2015 - 2016,Whole Year,All Crops,160523.0,346409.0,2.16,"DES, Ministry of Agriculture & Farmers Welfare",66,Top total DES-reported production across available reporting years,2.158002280047096,,,,27.517779275777812,80.85752661253565,Sitapur,geoBoundaries India ADM2 centroid,904.6,24.74,Calendar year; proxy for DES reporting year starting this year,Open-Meteo Historical Weather API,Yield anomaly <= -20% vs preceding 5-year mean,Observed DES production + historical weather API
Uttar Pradesh,Sitapur,2016,2016 - 2017,Whole Year,All Crops,167974.0,391379.0,2.33,"DES, Ministry of Agriculture & Farmers Welfare",66,Top total DES-reported production across available reporting years,2.3299974996130355,2.3100003666393643,0.008656766147082218,0,27.517779275777812,80.85752661253565,Sitapur,geoBoundaries India ADM2 centroid,1012.9,25.11,Calendar year; proxy for DES reporting year starting this year,Open-Meteo Historical Weather API,Yield anomaly <= -20% vs preceding 5-year mean,Observed DES production + historical weather API
Uttar Pradesh,Sitapur,2017,2017 - 2018,Whole Year,All Crops,163866.0,384102.0,2.34,"DES, Ministry of Agriculture & Farmers Welfare",66,Top total DES-reported production across available reporting years,2.3440005858445314,2.314999649882782,0.012527404037930623,0,27.517779275777812,80.85752661253565,Sitapur,geoBoundaries India ADM2 centroid,1131.0,24.55,Calendar year; proxy for DES reporting year starting this year,Open-Meteo Historical Weather API,Yield anomaly <= -20% vs preceding 5-year mean,Observed DES production + historical weather API
Uttar Pradesh,Sitapur,2018,2018 - 2019,Whole Year,All Crops,159034.0,392973.0,2.47,"DES, Ministry of Agriculture & Farmers Welfare",66,Top total DES-reported production across available reporting years,2.47099991196851,2.320799837075132,0.06471909920619123,0,27.517779275777812,80.85752661253565,Sitapur,geoBoundaries India ADM2 centroid,972.0,24.37,Calendar year; proxy for DES reporting year starting this year,Open-Meteo Historical Weather API,Yield anomaly <= -20% vs preceding 5-year mean,Observed DES production + historical weather API
Uttar Pradesh,Sitapur,2019,2019 - 2020,Whole Year,All Crops,160017.0,468210.0,2.93,"DES, Ministry of Agriculture & Farmers Welfare",66,Top total DES-reported production across available reporting years,2.9260016123286903,2.3272005439144565,0.2573053147396671,0,27.517779275777812,80.85752661253565,Sitapur,geoBoundaries India ADM2 centroid,985.5,24.38,Calendar year; proxy for DES reporting year starting this year,Open-Meteo Historical Weather API,Yield anomaly <= -20% vs preceding 5-year mean,Observed DES production + historical weather API
Uttar Pradesh,Sitapur,2020,2020 - 2021,Whole Year,All Crops,167014.0,474736.0,2.84,"DES, Ministry of Agriculture & Farmers Welfare",66,Top total DES-reported production across available reporting years,2.8424922461590048,2.445800377960373,0.1621930684831463,0,27.517779275777812,80.85752661253565,Sitapur,geoBoundaries India ADM2 centroid,1211.5,23.44,Calendar year; proxy for DES reporting year starting this year,Open-Meteo Historical Weather API,Yield anomaly <= -20% vs preceding 5-year mean,Observed DES production + historical weather API
Uttar Pradesh,Sitapur,2021,2021 - 2022,Whole Year,All Crops,167121.0,460418.0,2.75,"DES, Ministry of Agriculture & Farmers Welfare",66,Top total DES-reported production across available reporting years,2.7549978757905946,2.5826983711827545,0.0667129799322772,0,27.517779275777812,80.85752661253565,Sitapur,geoBoundaries India ADM2 centroid,1114.0,24.12,Calendar year; proxy for DES reporting year starting this year,Open-Meteo Historical Weather API,Yield anomaly <= -20% vs preceding 5-year mean,Observed DES production + historical weather API
Uttar Pradesh,Sitapur,2022,2022 - 2023,Whole Year,All Crops,164671.0,348807.0,2.12,"DES, Ministry of Agriculture & Farmers Welfare",66,Top total DES-reported production across available reporting years,2.118205391356098,2.6676984464182665,-0.20598019832411518,1,27.517779275777812,80.85752661253565,Sitapur,geoBoundaries India ADM2 centroid,1018.9,24.56,Calendar year; proxy for DES reporting year starting this year,Open-Meteo Historical Weather API,Yield anomaly <= -20% vs preceding 5-year mean,Observed DES production + historical weather API
Odisha,Sundargarh,2013,2013 - 2014,Whole Year,All Crops,211000.0,412000.0,1.95,"DES, Ministry of Agriculture & Farmers Welfare",93,Top total DES-reported production across available reporting years,1.95260663507109,,,,22.08016214169095,84.51032976245804,Sundargarh,geoBoundaries India ADM2 centroid,1503.2,24.44,Calendar year; proxy for DES reporting year starting this year,Open-Meteo Historical Weather API,Yield anomaly <= -20% vs preceding 5-year mean,Observed DES production + historical weather API
Odisha,Sundargarh,2014,2014 - 2015,Whole Year,All Crops,196000.0,497000.0,2.54,"DES, Ministry of Agriculture & Farmers Welfare",93,Top total DES-reported production across available reporting years,2.5357142857142856,,,,22.08016214169095,84.51032976245804,Sundargarh,geoBoundaries India ADM2 centroid,1545.3,24.81,Calendar year; proxy for DES reporting year starting this year,Open-Meteo Historical Weather API,Yield anomaly <= -20% vs preceding 5-year mean,Observed DES production + historical weather API
Odisha,Sundargarh,2015,2015 - 2016,Whole Year,All Crops,195000.0,228000.0,1.17,"DES, Ministry of Agriculture & Farmers Welfare",93,Top total DES-reported production across available reporting years,1.1692307692307693,,,,22.08016214169095,84.51032976245804,Sundargarh,geoBoundaries India ADM2 centroid,1628.7,25.15,Calendar year; proxy for DES reporting year starting this year,Open-Meteo Historical Weather API,Yield anomaly <= -20% vs preceding 5-year mean,Observed DES production + historical weather API
Odisha,Sundargarh,2016,2016 - 2017,Whole Year,All Crops,207740.0,352360.0,1.7,"DES, Ministry of Agriculture & Farmers Welfare",93,Top total DES-reported production across available reporting years,1.6961586598632907,1.885850563338715,-0.10058692197731367,0,22.08016214169095,84.51032976245804,Sundargarh,geoBoundaries India ADM2 centroid,1366.6,25.35,Calendar year; proxy for DES reporting year starting this year,Open-Meteo Historical Weather API,Yield anomaly <= -20% vs preceding 5-year mean,Observed DES production + historical weather API
Odisha,Sundargarh,2017,2017 - 2018,Whole Year,All Crops,198960.0,349970.0,1.76,"DES, Ministry of Agriculture & Farmers Welfare",93,Top total DES-reported production across available reporting years,1.7589967832730198,1.838427587469859,-0.04320583782478815,0,22.08016214169095,84.51032976245804,Sundargarh,geoBoundaries India ADM2 centroid,1759.7,25.85,Calendar year; proxy for DES reporting year starting this year,Open-Meteo Historical Weather API,Yield anomaly <= -20% vs preceding 5-year mean,Observed DES production + historical weather API
Odisha,Sundargarh,2018,2018 - 2019,Whole Year,All Crops,184260.0,217790.0,1.18,"DES, Ministry of Agriculture & Farmers Welfare",93,Top total DES-reported production across available reporting years,1.1819711277542604,1.822541426630491,-0.3514709128233726,1,22.08016214169095,84.51032976245804,Sundargarh,geoBoundaries India ADM2 centroid,1955.7,25.39,Calendar year; proxy for DES reporting year starting this year,Open-Meteo Historical Weather API,Yield anomaly <= -20% vs preceding 5-year mean,Observed DES production + historical weather API
Odisha,Sundargarh,2019,2019 - 2020,Whole Year,All Crops,192900.0,334940.0,1.74,"DES, Ministry of Agriculture & Farmers Welfare",93,Top total DES-reported production across available reporting years,1.7363400725764644,1.668414325167125,0.04071275724783474,0,22.08016214169095,84.51032976245804,Sundargarh,geoBoundaries India ADM2 centroid,1958.9,25.22,Calendar year; proxy for DES reporting year starting this year,Open-Meteo Historical Weather API,Yield anomaly <= -20% vs preceding 5-year mean,Observed DES production + historical weather API
Odisha,Sundargarh,2020,2020 - 2021,Whole Year,All Crops,194730.0,450510.0,2.31,"DES, Ministry of Agriculture & Farmers Welfare",93,Top total DES-reported production across available reporting years,2.3135110152518874,1.5085394825395608,0.5336098537886407,0,22.08016214169095,84.51032976245804,Sundargarh,geoBoundaries India ADM2 centroid,1878.3,24.86,Calendar year; proxy for DES reporting year starting this year,Open-Meteo Historical Weather API,Yield anomaly <= -20% vs preceding 5-year mean,Observed DES production + historical weather API
Odisha,Sundargarh,2021,2021 - 2022,Whole Year,All Crops,192466.0,368519.0,1.91,"DES, Ministry of Agriculture & Farmers Welfare",93,Top total DES-reported production across available reporting years,1.9147226003553874,1.7373955317437848,0.10206488123842661,0,22.08016214169095,84.51032976245804,Sundargarh,geoBoundaries India ADM2 centroid,1710.7,25.04,Calendar year; proxy for DES reporting year starting this year,Open-Meteo Historical Weather API,Yield anomaly <= -20% vs preceding 5-year mean,Observed DES production + historical weather API
Odisha,Sundargarh,2022,2022 - 2023,Whole Year,All Crops,175680.0,303940.0,1.73,"DES, Ministry of Agriculture & Farmers Welfare",93,Top total DES-reported production across available reporting years,1.7300774134790529,1.781108319842204,-0.028651208797717653,0,22.08016214169095,84.51032976245804,Sundargarh,geoBoundaries India ADM2 centroid,1470.0,25.02,Calendar year; proxy for DES reporting year starting this year,Open-Meteo Historical Weather API,Yield anomaly <= -20% vs preceding 5-year mean,Observed DES production + historical weather API
Gujarat,Surat,2013,2013 - 2014,Whole Year,All Crops,53511.0,119435.0,2.23,"DES, Ministry of Agriculture & Farmers Welfare",257,Top total DES-reported production across available reporting years,2.231970996617518,,,,21.26224992089437,73.06937941690983,Surat,geoBoundaries India ADM2 centroid,1822.0,26.68,Calendar year; proxy for DES reporting year starting this year,Open-Meteo Historical Weather API,Yield anomaly <= -20% vs preceding 5-year mean,Observed DES production + historical weather API
Gujarat,Surat,2014,2014 - 2015,Whole Year,All Crops,45181.0,102628.0,2.27,"DES, Ministry of Agriculture & Farmers Welfare",257,Top total DES-reported production across available reporting years,2.2714858015537507,,,,21.26224992089437,73.06937941690983,Surat,geoBoundaries India ADM2 centroid,838.2,27.35,Calendar year; proxy for DES reporting year starting this year,Open-Meteo Historical Weather API,Yield anomaly <= -20% vs preceding 5-year mean,Observed DES production + historical weather API
Gujarat,Surat,2015,2015 - 2016,Whole Year,All Crops,47761.0,108812.0,2.28,"DES, Ministry of Agriculture & Farmers Welfare",257,Top total DES-reported production across available reporting years,2.278260505433303,,,,21.26224992089437,73.06937941690983,Surat,geoBoundaries India ADM2 centroid,836.8,27.2,Calendar year; proxy for DES reporting year starting this year,Open-Meteo Historical Weather API,Yield anomaly <= -20% vs preceding 5-year mean,Observed DES production + historical weather API
Gujarat,Surat,2016,2016 - 2017,Whole Year,All Crops,44469.0,111983.0,2.52,"DES, Ministry of Agriculture & Farmers Welfare",257,Top total DES-reported production across available reporting years,2.5182261800355303,2.2605724345348572,0.11397721283533602,0,21.26224992089437,73.06937941690983,Surat,geoBoundaries India ADM2 centroid,962.0,27.07,Calendar year; proxy for DES reporting year starting this year,Open-Meteo Historical Weather API,Yield anomaly <= -20% vs preceding 5-year mean,Observed DES production + historical weather API
Gujarat,Surat,2017,2017 - 2018,Whole Year,All Crops,50452.0,133131.0,2.64,"DES, Ministry of Agriculture & Farmers Welfare",257,Top total DES-reported production across available reporting years,2.6387655593435344,2.3249858709100257,0.1349598259324869,0,21.26224992089437,73.06937941690983,Surat,geoBoundaries India ADM2 centroid,1110.7,27.42,Calendar year; proxy for DES reporting year starting this year,Open-Meteo Historical Weather API,Yield anomaly <= -20% vs preceding 5-year mean,Observed DES production + historical weather API
Gujarat,Surat,2018,2018 - 2019,Whole Year,All Crops,46748.0,116159.0,2.48,"DES, Ministry of Agriculture & Farmers Welfare",257,Top total DES-reported production across available reporting years,2.4847907931890134,2.387741808596727,0.040644672821355865,0,21.26224992089437,73.06937941690983,Surat,geoBoundaries India ADM2 centroid,857.8,27.99,Calendar year; proxy for DES reporting year starting this year,Open-Meteo Historical Weather API,Yield anomaly <= -20% vs preceding 5-year mean,Observed DES production + historical weather API
Gujarat,Surat,2019,2019 - 2020,Whole Year,All Crops,45263.0,108928.0,2.41,"DES, Ministry of Agriculture & Farmers Welfare",257,Top total DES-reported production across available reporting years,2.4065572321763913,2.4383057679110265,-0.01302073601779452,0,21.26224992089437,73.06937941690983,Surat,geoBoundaries India ADM2 centroid,1571.8,27.51,Calendar year; proxy for DES reporting year starting this year,Open-Meteo Historical Weather API,Yield anomaly <= -20% vs preceding 5-year mean,Observed DES production + historical weather API
Gujarat,Surat,2020,2020 - 2021,Whole Year,All Crops,48359.0,115762.0,2.39,"DES, Ministry of Agriculture & Farmers Welfare",257,Top total DES-reported production across available reporting years,2.393804669244608,2.465320054035554,-0.029008560034175068,0,21.26224992089437,73.06937941690983,Surat,geoBoundaries India ADM2 centroid,1245.5,27.58,Calendar year; proxy for DES reporting year starting this year,Open-Meteo Historical Weather API,Yield anomaly <= -20% vs preceding 5-year mean,Observed DES production + historical weather API
Gujarat,Surat,2021,2021 - 2022,Whole Year,All Crops,53738.0,124166.0,2.31,"DES, Ministry of Agriculture & Farmers Welfare",257,Top total DES-reported production across available reporting years,2.3105809669135433,2.4884288867978155,-0.07146996276559547,0,21.26224992089437,73.06937941690983,Surat,geoBoundaries India ADM2 centroid,1588.2,27.21,Calendar year; proxy for DES reporting year starting this year,Open-Meteo Historical Weather API,Yield anomaly <= -20% vs preceding 5-year mean,Observed DES production + historical weather API
Gujarat,Surat,2022,2022 - 2023,Whole Year,All Crops,54772.0,129778.0,2.37,"DES, Ministry of Agriculture & Farmers Welfare",257,Top total DES-reported production across available reporting years,2.36942233257869,2.4468998441734184,-0.031663540205463914,0,21.26224992089437,73.06937941690983,Surat,geoBoundaries India ADM2 centroid,1434.1,27.15,Calendar year; proxy for DES reporting year starting this year,Open-Meteo Historical Weather API,Yield anomaly <= -20% vs preceding 5-year mean,Observed DES production + historical weather API
Telangana,Suryapet,2016,2016 - 2017,Whole Year,All Crops,140924.0,498104.0,3.53,"DES, Ministry of Agriculture & Farmers Welfare",29,Top total DES-reported production across available reporting years,3.5345576339019615,,,,17.08432877193315,79.75774206737448,Suryapet,geoBoundaries India ADM2 centroid,1069.9,27.97,Calendar year; proxy for DES reporting year starting this year,Open-Meteo Historical Weather API,Yield anomaly <= -20% vs preceding 5-year mean,Observed DES production + historical weather API
Telangana,Suryapet,2017,2017 - 2018,Whole Year,All Crops,155582.0,560512.0,3.6,"DES, Ministry of Agriculture & Farmers Welfare",29,Top total DES-reported production across available reporting years,3.6026789731459936,,,,17.08432877193315,79.75774206737448,Suryapet,geoBoundaries India ADM2 centroid,819.9,28.07,Calendar year; proxy for DES reporting year starting this year,Open-Meteo Historical Weather API,Yield anomaly <= -20% vs preceding 5-year mean,Observed DES production + historical weather API
Telangana,Suryapet,2018,2018 - 2019,Whole Year,All Crops,175504.0,605362.0,3.45,"DES, Ministry of Agriculture & Farmers Welfare",29,Top total DES-reported production across available reporting years,3.4492775093445163,,,,17.08432877193315,79.75774206737448,Suryapet,geoBoundaries India ADM2 centroid,804.2,28.05,Calendar year; proxy for DES reporting year starting this year,Open-Meteo Historical Weather API,Yield anomaly <= -20% vs preceding 5-year mean,Observed DES production + historical weather API
Telangana,Suryapet,2019,2019 - 2020,Whole Year,All Crops,279827.0,1002945.0,3.58,"DES, Ministry of Agriculture & Farmers Welfare",29,Top total DES-reported production across available reporting years,3.584160928001944,3.5288380387974905,0.015677367052896907,0,17.08432877193315,79.75774206737448,Suryapet,geoBoundaries India ADM2 centroid,848.7,28.28,Calendar year; proxy for DES reporting year starting this year,Open-Meteo Historical Weather API,Yield anomaly <= -20% vs preceding 5-year mean,Observed DES production + historical weather API
Telangana,Suryapet,2020,2020 - 2021,Whole Year,All Crops,337207.0,1184755.0,3.51,"DES, Ministry of Agriculture & Farmers Welfare",29,Top total DES-reported production across available reporting years,3.5134353675931993,3.5426687610986036,-0.008251799837007301,0,17.08432877193315,79.75774206737448,Suryapet,geoBoundaries India ADM2 centroid,1327.8,27.76,Calendar year; proxy for DES reporting year starting this year,Open-Meteo Historical Weather API,Yield anomaly <= -20% vs preceding 5-year mean,Observed DES production + historical weather API
Telangana,Suryapet,2021,2021 - 2022,Whole Year,All Crops,367403.0,1200413.0,3.27,"DES, Ministry of Agriculture & Farmers Welfare",29,Top total DES-reported production across available reporting years,3.2672923193332664,3.536822082397523,-0.07620676324254039,0,17.08432877193315,79.75774206737448,Suryapet,geoBoundaries India ADM2 centroid,1065.2,27.86,Calendar year; proxy for DES reporting year starting this year,Open-Meteo Historical Weather API,Yield anomaly <= -20% vs preceding 5-year mean,Observed DES production + historical weather API
Telangana,Suryapet,2022,2022 - 2023,Whole Year,All Crops,384553.0,1359409.0,3.54,"DES, Ministry of Agriculture & Farmers Welfare",29,Top total DES-reported production across available reporting years,3.535036782966197,3.483369019483784,0.014832698802055067,0,17.08432877193315,79.75774206737448,Suryapet,geoBoundaries India ADM2 centroid,1284.8,27.5,Calendar year; proxy for DES reporting year starting this year,Open-Meteo Historical Weather API,Yield anomaly <= -20% vs preceding 5-year mean,Observed DES production + historical weather API
Punjab,Tarn taran,2013,2013 - 2014,Whole Year,All Crops,177000.0,594000.0,3.36,"DES, Ministry of Agriculture & Farmers Welfare",25,Top total DES-reported production across available reporting years,3.3559322033898304,,,,31.336883885989973,74.84178821790002,Tarn Taran,geoBoundaries India ADM2 centroid,734.7,23.2,Calendar year; proxy for DES reporting year starting this year,Open-Meteo Historical Weather API,Yield anomaly <= -20% vs preceding 5-year mean,Observed DES production + historical weather API
Punjab,Tarn taran,2014,2014 - 2015,Whole Year,All Crops,176000.0,540000.0,3.07,"DES, Ministry of Agriculture & Farmers Welfare",25,Top total DES-reported production across available reporting years,3.0681818181818183,,,,31.336883885989973,74.84178821790002,Tarn Taran,geoBoundaries India ADM2 centroid,652.1,22.94,Calendar year; proxy for DES reporting year starting this year,Open-Meteo Historical Weather API,Yield anomaly <= -20% vs preceding 5-year mean,Observed DES production + historical weather API
Punjab,Tarn taran,2015,2015 - 2016,Whole Year,All Crops,178000.0,504000.0,2.83,"DES, Ministry of Agriculture & Farmers Welfare",25,Top total DES-reported production across available reporting years,2.831460674157303,,,,31.336883885989973,74.84178821790002,Tarn Taran,geoBoundaries India ADM2 centroid,844.7,22.97,Calendar year; proxy for DES reporting year starting this year,Open-Meteo Historical Weather API,Yield anomaly <= -20% vs preceding 5-year mean,Observed DES production + historical weather API
Punjab,Tarn taran,2016,2016 - 2017,Whole Year,All Crops,186000.0,614000.0,3.3,"DES, Ministry of Agriculture & Farmers Welfare",25,Top total DES-reported production across available reporting years,3.3010752688172045,3.0851915652429844,0.06997416497773212,0,31.336883885989973,74.84178821790002,Tarn Taran,geoBoundaries India ADM2 centroid,444.2,24.61,Calendar year; proxy for DES reporting year starting this year,Open-Meteo Historical Weather API,Yield anomaly <= -20% vs preceding 5-year mean,Observed DES production + historical weather API
Punjab,Tarn taran,2017,2017 - 2018,Whole Year,All Crops,182000.0,759000.0,4.17,"DES, Ministry of Agriculture & Farmers Welfare",25,Top total DES-reported production across available reporting years,4.170329670329671,3.1391624911365392,0.32848480513660694,0,31.336883885989973,74.84178821790002,Tarn Taran,geoBoundaries India ADM2 centroid,616.9,23.4,Calendar year; proxy for DES reporting year starting this year,Open-Meteo Historical Weather API,Yield anomaly <= -20% vs preceding 5-year mean,Observed DES production + historical weather API
Punjab,Tarn taran,2018,2018 - 2019,Whole Year,All Crops,186000.0,728000.0,3.91,"DES, Ministry of Agriculture & Farmers Welfare",25,Top total DES-reported production across available reporting years,3.913978494623656,3.345395926975165,0.16995972376955426,0,31.336883885989973,74.84178821790002,Tarn Taran,geoBoundaries India ADM2 centroid,515.5,23.21,Calendar year; proxy for DES reporting year starting this year,Open-Meteo Historical Weather API,Yield anomaly <= -20% vs preceding 5-year mean,Observed DES production + historical weather API
Punjab,Tarn taran,2019,2019 - 2020,Whole Year,All Crops,184000.0,707000.0,3.84,"DES, Ministry of Agriculture & Farmers Welfare",25,Top total DES-reported production across available reporting years,3.842391304347826,3.457005185221931,0.11147976311211538,0,31.336883885989973,74.84178821790002,Tarn Taran,geoBoundaries India ADM2 centroid,761.6,22.74,Calendar year; proxy for DES reporting year starting this year,Open-Meteo Historical Weather API,Yield anomaly <= -20% vs preceding 5-year mean,Observed DES production + historical weather API
Punjab,Tarn taran,2020,2020 - 2021,Whole Year,All Crops,185100.0,761000.0,4.11,"DES, Ministry of Agriculture & Farmers Welfare",25,Top total DES-reported production across available reporting years,4.111291193949216,3.6118470824551325,0.13827941773066144,0,31.336883885989973,74.84178821790002,Tarn Taran,geoBoundaries India ADM2 centroid,572.8,23.1,Calendar year; proxy for DES reporting year starting this year,Open-Meteo Historical Weather API,Yield anomaly <= -20% vs preceding 5-year mean,Observed DES production + historical weather API
Punjab,Tarn taran,2021,2021 - 2022,Whole Year,All Crops,182000.0,724000.0,3.98,"DES, Ministry of Agriculture & Farmers Welfare",25,Top total DES-reported production across available reporting years,3.978021978021978,3.867813186413515,0.028493824881613783,0,31.336883885989973,74.84178821790002,Tarn Taran,geoBoundaries India ADM2 centroid,483.3,23.37,Calendar year; proxy for DES reporting year starting this year,Open-Meteo Historical Weather API,Yield anomaly <= -20% vs preceding 5-year mean,Observed DES production + historical weather API
Punjab,Tarn taran,2022,2022 - 2023,Whole Year,All Crops,182400.0,764000.0,4.19,"DES, Ministry of Agriculture & Farmers Welfare",25,Top total DES-reported production across available reporting years,4.18859649122807,4.003202528254469,0.046311412341768055,0,31.336883885989973,74.84178821790002,Tarn Taran,geoBoundaries India ADM2 centroid,757.0,23.67,Calendar year; proxy for DES reporting year starting this year,Open-Meteo Historical Weather API,Yield anomaly <= -20% vs preceding 5-year mean,Observed DES production + historical weather API
Tamil Nadu,Thanjavur,2013,2013 - 2014,Whole Year,All Crops,167289.0,831483.0,4.97,"DES, Ministry of Agriculture & Farmers Welfare",20,Top total DES-reported production across available reporting years,4.970338755088499,,,,10.668328201255331,79.24425811222847,Thanjavur,geoBoundaries India ADM2 centroid,649.4,28.53,Calendar year; proxy for DES reporting year starting this year,Open-Meteo Historical Weather API,Yield anomaly <= -20% vs preceding 5-year mean,Observed DES production + historical weather API
Tamil Nadu,Thanjavur,2014,2014 - 2015,Whole Year,All Crops,177756.0,696193.0,3.92,"DES, Ministry of Agriculture & Farmers Welfare",20,Top total DES-reported production across available reporting years,3.916565404262022,,,,10.668328201255331,79.24425811222847,Thanjavur,geoBoundaries India ADM2 centroid,1091.0,28.51,Calendar year; proxy for DES reporting year starting this year,Open-Meteo Historical Weather API,Yield anomaly <= -20% vs preceding 5-year mean,Observed DES production + historical weather API
Tamil Nadu,Thanjavur,2015,2015 - 2016,Whole Year,All Crops,177426.0,636999.0,3.59,"DES, Ministry of Agriculture & Farmers Welfare",20,Top total DES-reported production across available reporting years,3.590223529809611,,,,10.668328201255331,79.24425811222847,Thanjavur,geoBoundaries India ADM2 centroid,1341.2,28.0,Calendar year; proxy for DES reporting year starting this year,Open-Meteo Historical Weather API,Yield anomaly <= -20% vs preceding 5-year mean,Observed DES production + historical weather API
Tamil Nadu,Thanjavur,2016,2016 - 2017,Whole Year,All Crops,147193.0,410117.0,2.79,"DES, Ministry of Agriculture & Farmers Welfare",20,Top total DES-reported production across available reporting years,2.7862534223774227,4.159042563053377,-0.33007335699592255,1,10.668328201255331,79.24425811222847,Thanjavur,geoBoundaries India ADM2 centroid,601.8,28.84,Calendar year; proxy for DES reporting year starting this year,Open-Meteo Historical Weather API,Yield anomaly <= -20% vs preceding 5-year mean,Observed DES production + historical weather API
Tamil Nadu,Thanjavur,2017,2017 - 2018,Whole Year,All Crops,170697.0,668508.0,3.92,"DES, Ministry of Agriculture & Farmers Welfare",20,Top total DES-reported production across available reporting years,3.9163429937257246,3.8158452778843888,0.02633694726140856,0,10.668328201255331,79.24425811222847,Thanjavur,geoBoundaries India ADM2 centroid,1402.9,28.37,Calendar year; proxy for DES reporting year starting this year,Open-Meteo Historical Weather API,Yield anomaly <= -20% vs preceding 5-year mean,Observed DES production + historical weather API
Tamil Nadu,Thanjavur,2018,2018 - 2019,Whole Year,All Crops,185585.0,683424.0,3.68,"DES, Ministry of Agriculture & Farmers Welfare",20,Top total DES-reported production across available reporting years,3.6825389983026646,3.8359448210526557,-0.039991665653807185,0,10.668328201255331,79.24425811222847,Thanjavur,geoBoundaries India ADM2 centroid,1174.7,28.11,Calendar year; proxy for DES reporting year starting this year,Open-Meteo Historical Weather API,Yield anomaly <= -20% vs preceding 5-year mean,Observed DES production + historical weather API
Tamil Nadu,Thanjavur,2019,2019 - 2020,Whole Year,All Crops,192231.0,715112.0,3.72,"DES, Ministry of Agriculture & Farmers Welfare",20,Top total DES-reported production across available reporting years,3.7200659623057675,3.578384869695489,0.03959358698672766,0,10.668328201255331,79.24425811222847,Thanjavur,geoBoundaries India ADM2 centroid,913.8,28.6,Calendar year; proxy for DES reporting year starting this year,Open-Meteo Historical Weather API,Yield anomaly <= -20% vs preceding 5-year mean,Observed DES production + historical weather API
Tamil Nadu,Thanjavur,2020,2020 - 2021,Whole Year,All Crops,213796.0,604439.0,2.83,"DES, Ministry of Agriculture & Farmers Welfare",20,Top total DES-reported production across available reporting years,2.8271763737394524,3.5390849813042378,-0.20115612123629478,1,10.668328201255331,79.24425811222847,Thanjavur,geoBoundaries India ADM2 centroid,1205.8,28.54,Calendar year; proxy for DES reporting year starting this year,Open-Meteo Historical Weather API,Yield anomaly <= -20% vs preceding 5-year mean,Observed DES production + historical weather API
Tamil Nadu,Thanjavur,2021,2021 - 2022,Whole Year,All Crops,218722.0,874130.0,4.0,"DES, Ministry of Agriculture & Farmers Welfare",20,Top total DES-reported production across available reporting years,3.996534413547791,3.386475550090206,0.18014565716895103,0,10.668328201255331,79.24425811222847,Thanjavur,geoBoundaries India ADM2 centroid,1604.9,27.86,Calendar year; proxy for DES reporting year starting this year,Open-Meteo Historical Weather API,Yield anomaly <= -20% vs preceding 5-year mean,Observed DES production + historical weather API
Tamil Nadu,Thanjavur,2022,2022 - 2023,Whole Year,All Crops,225837.0,837607.0,3.71,"DES, Ministry of Agriculture & Farmers Welfare",20,Top total DES-reported production across available reporting years,3.7089006672954388,3.62853174832428,0.022149156889222255,0,10.668328201255331,79.24425811222847,Thanjavur,geoBoundaries India ADM2 centroid,1291.0,27.5,Calendar year; proxy for DES reporting year starting this year,Open-Meteo Historical Weather API,Yield anomaly <= -20% vs preceding 5-year mean,Observed DES production + historical weather API
Tamil Nadu,Thiruvarur,2013,2013 - 2014,Whole Year,All Crops,174366.0,820538.0,4.71,"DES, Ministry of Agriculture & Farmers Welfare",23,Top total DES-reported production across available reporting years,4.705837147150247,,,,10.680434087460858,79.53687063921394,Thiruvarur,geoBoundaries India ADM2 centroid,652.3,28.5,Calendar year; proxy for DES reporting year starting this year,Open-Meteo Historical Weather API,Yield anomaly <= -20% vs preceding 5-year mean,Observed DES production + historical weather API
Tamil Nadu,Thiruvarur,2014,2014 - 2015,Whole Year,All Crops,192615.0,852925.0,4.43,"DES, Ministry of Agriculture & Farmers Welfare",23,Top total DES-reported production across available reporting years,4.428133842120292,,,,10.680434087460858,79.53687063921394,Thiruvarur,geoBoundaries India ADM2 centroid,1199.0,28.52,Calendar year; proxy for DES reporting year starting this year,Open-Meteo Historical Weather API,Yield anomaly <= -20% vs preceding 5-year mean,Observed DES production + historical weather API
Tamil Nadu,Thiruvarur,2015,2015 - 2016,Whole Year,All Crops,194743.0,666958.0,3.42,"DES, Ministry of Agriculture & Farmers Welfare",23,Top total DES-reported production across available reporting years,3.424811161376789,,,,10.680434087460858,79.53687063921394,Thiruvarur,geoBoundaries India ADM2 centroid,1437.5,28.08,Calendar year; proxy for DES reporting year starting this year,Open-Meteo Historical Weather API,Yield anomaly <= -20% vs preceding 5-year mean,Observed DES production + historical weather API
Tamil Nadu,Thiruvarur,2016,2016 - 2017,Whole Year,All Crops,186958.0,332913.0,1.78,"DES, Ministry of Agriculture & Farmers Welfare",23,Top total DES-reported production across available reporting years,1.7806833620385327,4.186260716882443,-0.5746362965743261,1,10.680434087460858,79.53687063921394,Thiruvarur,geoBoundaries India ADM2 centroid,626.9,28.75,Calendar year; proxy for DES reporting year starting this year,Open-Meteo Historical Weather API,Yield anomaly <= -20% vs preceding 5-year mean,Observed DES production + historical weather API
Tamil Nadu,Thiruvarur,2017,2017 - 2018,Whole Year,All Crops,180999.0,699921.0,3.87,"DES, Ministry of Agriculture & Farmers Welfare",23,Top total DES-reported production across available reporting years,3.866988215404505,3.584866378171465,0.07869800641689251,0,10.680434087460858,79.53687063921394,Thiruvarur,geoBoundaries India ADM2 centroid,1525.7,28.21,Calendar year; proxy for DES reporting year starting this year,Open-Meteo Historical Weather API,Yield anomaly <= -20% vs preceding 5-year mean,Observed DES production + historical weather API
Tamil Nadu,Thiruvarur,2018,2018 - 2019,Whole Year,All Crops,188709.0,656436.0,3.48,"DES, Ministry of Agriculture & Farmers Welfare",23,Top total DES-reported production across available reporting years,3.478562230736213,3.641290745618073,-0.04468978893753206,0,10.680434087460858,79.53687063921394,Thiruvarur,geoBoundaries India ADM2 centroid,1307.9,28.03,Calendar year; proxy for DES reporting year starting this year,Open-Meteo Historical Weather API,Yield anomaly <= -20% vs preceding 5-year mean,Observed DES production + historical weather API
Tamil Nadu,Thiruvarur,2019,2019 - 2020,Whole Year,All Crops,180900.0,659279.0,3.64,"DES, Ministry of Agriculture & Farmers Welfare",23,Top total DES-reported production across available reporting years,3.6444389165284687,3.395835762335266,0.07320823844031898,0,10.680434087460858,79.53687063921394,Thiruvarur,geoBoundaries India ADM2 centroid,990.2,28.45,Calendar year; proxy for DES reporting year starting this year,Open-Meteo Historical Weather API,Yield anomaly <= -20% vs preceding 5-year mean,Observed DES production + historical weather API
Tamil Nadu,Thiruvarur,2020,2020 - 2021,Whole Year,All Crops,194859.0,549771.0,2.82,"DES, Ministry of Agriculture & Farmers Welfare",23,Top total DES-reported production across available reporting years,2.8213785352485643,3.239096777216902,-0.12896133419244415,0,10.680434087460858,79.53687063921394,Thiruvarur,geoBoundaries India ADM2 centroid,1397.8,28.37,Calendar year; proxy for DES reporting year starting this year,Open-Meteo Historical Weather API,Yield anomaly <= -20% vs preceding 5-year mean,Observed DES production + historical weather API
Tamil Nadu,Thiruvarur,2021,2021 - 2022,Whole Year,All Crops,205795.0,753071.0,3.66,"DES, Ministry of Agriculture & Farmers Welfare",23,Top total DES-reported production across available reporting years,3.6593260283291627,3.1184102519912567,0.17345882440981097,0,10.680434087460858,79.53687063921394,Thiruvarur,geoBoundaries India ADM2 centroid,1650.5,27.79,Calendar year; proxy for DES reporting year starting this year,Open-Meteo Historical Weather API,Yield anomaly <= -20% vs preceding 5-year mean,Observed DES production + historical weather API
Tamil Nadu,Thiruvarur,2022,2022 - 2023,Whole Year,All Crops,218109.0,737493.0,3.38,"DES, Ministry of Agriculture & Farmers Welfare",23,Top total DES-reported production across available reporting years,3.381304760463805,3.4941387852493824,-0.0322923706585182,0,10.680434087460858,79.53687063921394,Thiruvarur,geoBoundaries India ADM2 centroid,1208.0,27.48,Calendar year; proxy for DES reporting year starting this year,Open-Meteo Historical Weather API,Yield anomaly <= -20% vs preceding 5-year mean,Observed DES production + historical weather API
Tamil Nadu,Tiruvannamalai,2013,2013 - 2014,Whole Year,All Crops,82625.0,359403.0,4.35,"DES, Ministry of Agriculture & Farmers Welfare",37,Top total DES-reported production across available reporting years,4.349809379727685,,,,12.43367184935026,79.16865625344214,Tiruvannamalai,geoBoundaries India ADM2 centroid,929.1,27.19,Calendar year; proxy for DES reporting year starting this year,Open-Meteo Historical Weather API,Yield anomaly <= -20% vs preceding 5-year mean,Observed DES production + historical weather API
Tamil Nadu,Tiruvannamalai,2014,2014 - 2015,Whole Year,All Crops,93130.0,439225.0,4.72,"DES, Ministry of Agriculture & Farmers Welfare",37,Top total DES-reported production across available reporting years,4.716256845270053,,,,12.43367184935026,79.16865625344214,Tiruvannamalai,geoBoundaries India ADM2 centroid,964.0,27.36,Calendar year; proxy for DES reporting year starting this year,Open-Meteo Historical Weather API,Yield anomaly <= -20% vs preceding 5-year mean,Observed DES production + historical weather API
Tamil Nadu,Tiruvannamalai,2015,2015 - 2016,Whole Year,All Crops,138880.0,550738.0,3.97,"DES, Ministry of Agriculture & Farmers Welfare",37,Top total DES-reported production across available reporting years,3.965567396313364,,,,12.43367184935026,79.16865625344214,Tiruvannamalai,geoBoundaries India ADM2 centroid,1276.7,27.12,Calendar year; proxy for DES reporting year starting this year,Open-Meteo Historical Weather API,Yield anomaly <= -20% vs preceding 5-year mean,Observed DES production + historical weather API
Tamil Nadu,Tiruvannamalai,2016,2016 - 2017,Whole Year,All Crops,78149.0,291303.0,3.73,"DES, Ministry of Agriculture & Farmers Welfare",37,Top total DES-reported production across available reporting years,3.7275333017696965,4.343877873770367,-0.14188809858636753,0,12.43367184935026,79.16865625344214,Tiruvannamalai,geoBoundaries India ADM2 centroid,926.7,27.54,Calendar year; proxy for DES reporting year starting this year,Open-Meteo Historical Weather API,Yield anomaly <= -20% vs preceding 5-year mean,Observed DES production + historical weather API
Tamil Nadu,Tiruvannamalai,2017,2017 - 2018,Whole Year,All Crops,161709.0,704247.0,4.36,"DES, Ministry of Agriculture & Farmers Welfare",37,Top total DES-reported production across available reporting years,4.355026621894885,4.1897917307701995,0.03943749516501893,0,12.43367184935026,79.16865625344214,Tiruvannamalai,geoBoundaries India ADM2 centroid,1329.8,27.98,Calendar year; proxy for DES reporting year starting this year,Open-Meteo Historical Weather API,Yield anomaly <= -20% vs preceding 5-year mean,Observed DES production + historical weather API
Tamil Nadu,Tiruvannamalai,2018,2018 - 2019,Whole Year,All Crops,97047.0,390790.0,4.03,"DES, Ministry of Agriculture & Farmers Welfare",37,Top total DES-reported production across available reporting years,4.026811751007244,4.222838708995137,-0.04642065953651797,0,12.43367184935026,79.16865625344214,Tiruvannamalai,geoBoundaries India ADM2 centroid,859.4,27.9,Calendar year; proxy for DES reporting year starting this year,Open-Meteo Historical Weather API,Yield anomaly <= -20% vs preceding 5-year mean,Observed DES production + historical weather API
Tamil Nadu,Tiruvannamalai,2019,2019 - 2020,Whole Year,All Crops,161679.0,689469.0,4.26,"DES, Ministry of Agriculture & Farmers Welfare",37,Top total DES-reported production across available reporting years,4.264431373276678,4.158239183251049,0.025537778214721252,0,12.43367184935026,79.16865625344214,Tiruvannamalai,geoBoundaries India ADM2 centroid,947.1,28.6,Calendar year; proxy for DES reporting year starting this year,Open-Meteo Historical Weather API,Yield anomaly <= -20% vs preceding 5-year mean,Observed DES production + historical weather API
Tamil Nadu,Tiruvannamalai,2020,2020 - 2021,Whole Year,All Crops,170608.0,714278.0,4.19,"DES, Ministry of Agriculture & Farmers Welfare",37,Top total DES-reported production across available reporting years,4.186661821251055,4.067874088852374,0.02920142801966441,0,12.43367184935026,79.16865625344214,Tiruvannamalai,geoBoundaries India ADM2 centroid,1307.0,27.76,Calendar year; proxy for DES reporting year starting this year,Open-Meteo Historical Weather API,Yield anomaly <= -20% vs preceding 5-year mean,Observed DES production + historical weather API
Tamil Nadu,Tiruvannamalai,2021,2021 - 2022,Whole Year,All Crops,184422.0,675536.0,3.66,"DES, Ministry of Agriculture & Farmers Welfare",37,Top total DES-reported production across available reporting years,3.662990315689018,4.112092973839912,-0.10921510311366289,0,12.43367184935026,79.16865625344214,Tiruvannamalai,geoBoundaries India ADM2 centroid,1534.1,27.4,Calendar year; proxy for DES reporting year starting this year,Open-Meteo Historical Weather API,Yield anomaly <= -20% vs preceding 5-year mean,Observed DES production + historical weather API
Tamil Nadu,Tiruvannamalai,2022,2022 - 2023,Whole Year,All Crops,170693.0,646058.0,3.78,"DES, Ministry of Agriculture & Farmers Welfare",37,Top total DES-reported production across available reporting years,3.7849120936418013,4.099184376623777,-0.07666702790295576,0,12.43367184935026,79.16865625344214,Tiruvannamalai,geoBoundaries India ADM2 centroid,1355.5,27.09,Calendar year; proxy for DES reporting year starting this year,Open-Meteo Historical Weather API,Yield anomaly <= -20% vs preceding 5-year mean,Observed DES production + historical weather API
Karnataka,Udupi,2013,2013 - 2014,Whole Year,All Crops,51597.0,137895.0,2.67,"DES, Ministry of Agriculture & Farmers Welfare",253,Top total DES-reported production across available reporting years,2.6725391011105297,,,,13.522149514093462,74.87521285794242,Udupi,geoBoundaries India ADM2 centroid,4352.4,26.01,Calendar year; proxy for DES reporting year starting this year,Open-Meteo Historical Weather API,Yield anomaly <= -20% vs preceding 5-year mean,Observed DES production + historical weather API
Karnataka,Udupi,2014,2014 - 2015,Whole Year,All Crops,49549.0,137332.0,2.77,"DES, Ministry of Agriculture & Farmers Welfare",253,Top total DES-reported production across available reporting years,2.771640194554885,,,,13.522149514093462,74.87521285794242,Udupi,geoBoundaries India ADM2 centroid,3797.0,26.38,Calendar year; proxy for DES reporting year starting this year,Open-Meteo Historical Weather API,Yield anomaly <= -20% vs preceding 5-year mean,Observed DES production + historical weather API
Karnataka,Udupi,2015,2015 - 2016,Whole Year,All Crops,49606.0,124002.0,2.5,"DES, Ministry of Agriculture & Farmers Welfare",253,Top total DES-reported production across available reporting years,2.4997379349272264,,,,13.522149514093462,74.87521285794242,Udupi,geoBoundaries India ADM2 centroid,3016.0,26.33,Calendar year; proxy for DES reporting year starting this year,Open-Meteo Historical Weather API,Yield anomaly <= -20% vs preceding 5-year mean,Observed DES production + historical weather API
Karnataka,Udupi,2016,2016 - 2017,Whole Year,All Crops,47831.0,129444.0,2.71,"DES, Ministry of Agriculture & Farmers Welfare",253,Top total DES-reported production across available reporting years,2.7062783550417095,2.647972410197547,0.02201909076530484,0,13.522149514093462,74.87521285794242,Udupi,geoBoundaries India ADM2 centroid,3182.4,26.4,Calendar year; proxy for DES reporting year starting this year,Open-Meteo Historical Weather API,Yield anomaly <= -20% vs preceding 5-year mean,Observed DES production + historical weather API
Karnataka,Udupi,2017,2017 - 2018,Whole Year,All Crops,47095.0,142482.0,3.03,"DES, Ministry of Agriculture & Farmers Welfare",253,Top total DES-reported production across available reporting years,3.025416710903493,2.6625488964085875,0.13628587816147308,0,13.522149514093462,74.87521285794242,Udupi,geoBoundaries India ADM2 centroid,2743.4,27.14,Calendar year; proxy for DES reporting year starting this year,Open-Meteo Historical Weather API,Yield anomaly <= -20% vs preceding 5-year mean,Observed DES production + historical weather API
Karnataka,Udupi,2018,2018 - 2019,Whole Year,All Crops,34608.0,100117.0,2.89,"DES, Ministry of Agriculture & Farmers Welfare",253,Top total DES-reported production across available reporting years,2.89288603791031,2.735122459307569,0.05768062708339605,0,13.522149514093462,74.87521285794242,Udupi,geoBoundaries India ADM2 centroid,2711.4,26.85,Calendar year; proxy for DES reporting year starting this year,Open-Meteo Historical Weather API,Yield anomaly <= -20% vs preceding 5-year mean,Observed DES production + historical weather API
Karnataka,Udupi,2019,2019 - 2020,Whole Year,All Crops,38323.0,109080.0,2.85,"DES, Ministry of Agriculture & Farmers Welfare",253,Top total DES-reported production across available reporting years,2.8463324896276387,2.779191846667525,0.024158333308519575,0,13.522149514093462,74.87521285794242,Udupi,geoBoundaries India ADM2 centroid,3252.0,27.23,Calendar year; proxy for DES reporting year starting this year,Open-Meteo Historical Weather API,Yield anomaly <= -20% vs preceding 5-year mean,Observed DES production + historical weather API
Karnataka,Udupi,2020,2020 - 2021,Whole Year,All Crops,40181.0,115348.0,2.87,"DES, Ministry of Agriculture & Farmers Welfare",253,Top total DES-reported production across available reporting years,2.870710037082203,2.7941303056820757,0.027407358649092606,0,13.522149514093462,74.87521285794242,Udupi,geoBoundaries India ADM2 centroid,3776.7,27.29,Calendar year; proxy for DES reporting year starting this year,Open-Meteo Historical Weather API,Yield anomaly <= -20% vs preceding 5-year mean,Observed DES production + historical weather API
Karnataka,Udupi,2021,2021 - 2022,Whole Year,All Crops,42704.0,125785.0,2.95,"DES, Ministry of Agriculture & Farmers Welfare",253,Top total DES-reported production across available reporting years,2.9455086174597227,2.868324726113071,0.026909049259302487,0,13.522149514093462,74.87521285794242,Udupi,geoBoundaries India ADM2 centroid,4436.8,26.6,Calendar year; proxy for DES reporting year starting this year,Open-Meteo Historical Weather API,Yield anomaly <= -20% vs preceding 5-year mean,Observed DES production + historical weather API
Karnataka,Udupi,2022,2022 - 2023,Whole Year,All Crops,40388.0,116896.0,2.89,"DES, Ministry of Agriculture & Farmers Welfare",253,Top total DES-reported production across available reporting years,2.8943250470436763,2.9161707785966735,-0.007491238755060081,0,13.522149514093462,74.87521285794242,Udupi,geoBoundaries India ADM2 centroid,3873.0,26.4,Calendar year; proxy for DES reporting year starting this year,Open-Meteo Historical Weather API,Yield anomaly <= -20% vs preceding 5-year mean,Observed DES production + historical weather API
Madhya Pradesh,Umaria,2013,2013 - 2014,Whole Year,All Crops,40317.0,47310.0,1.17,"DES, Ministry of Agriculture & Farmers Welfare",258,Top total DES-reported production across available reporting years,1.1734504055361261,,,,23.55386507564919,80.97226374564003,Umaria,geoBoundaries India ADM2 centroid,1236.3,24.03,Calendar year; proxy for DES reporting year starting this year,Open-Meteo Historical Weather API,Yield anomaly <= -20% vs preceding 5-year mean,Observed DES production + historical weather API
Madhya Pradesh,Umaria,2014,2014 - 2015,Whole Year,All Crops,49000.0,82000.0,1.67,"DES, Ministry of Agriculture & Farmers Welfare",258,Top total DES-reported production across available reporting years,1.6734693877551021,,,,23.55386507564919,80.97226374564003,Umaria,geoBoundaries India ADM2 centroid,1027.4,24.26,Calendar year; proxy for DES reporting year starting this year,Open-Meteo Historical Weather API,Yield anomaly <= -20% vs preceding 5-year mean,Observed DES production + historical weather API
Madhya Pradesh,Umaria,2015,2015 - 2016,Whole Year,All Crops,39000.0,74000.0,1.9,"DES, Ministry of Agriculture & Farmers Welfare",258,Top total DES-reported production across available reporting years,1.8974358974358974,,,,23.55386507564919,80.97226374564003,Umaria,geoBoundaries India ADM2 centroid,998.7,24.5,Calendar year; proxy for DES reporting year starting this year,Open-Meteo Historical Weather API,Yield anomaly <= -20% vs preceding 5-year mean,Observed DES production + historical weather API
Madhya Pradesh,Umaria,2016,2016 - 2017,Whole Year,All Crops,51000.0,92660.0,1.82,"DES, Ministry of Agriculture & Farmers Welfare",258,Top total DES-reported production across available reporting years,1.8168627450980392,1.5814518969090419,0.1488574193430161,0,23.55386507564919,80.97226374564003,Umaria,geoBoundaries India ADM2 centroid,1462.4,24.97,Calendar year; proxy for DES reporting year starting this year,Open-Meteo Historical Weather API,Yield anomaly <= -20% vs preceding 5-year mean,Observed DES production + historical weather API
Madhya Pradesh,Umaria,2017,2017 - 2018,Whole Year,All Crops,35020.0,81690.0,2.33,"DES, Ministry of Agriculture & Farmers Welfare",258,Top total DES-reported production across available reporting years,2.332667047401485,1.6403046089562912,0.42209382005317697,0,23.55386507564919,80.97226374564003,Umaria,geoBoundaries India ADM2 centroid,1176.4,25.52,Calendar year; proxy for DES reporting year starting this year,Open-Meteo Historical Weather API,Yield anomaly <= -20% vs preceding 5-year mean,Observed DES production + historical weather API
Madhya Pradesh,Umaria,2018,2018 - 2019,Whole Year,All Crops,71937.0,152036.0,2.11,"DES, Ministry of Agriculture & Farmers Welfare",258,Top total DES-reported production across available reporting years,2.113460388951444,1.7787770966453302,0.18815358761775536,0,23.55386507564919,80.97226374564003,Umaria,geoBoundaries India ADM2 centroid,1224.8,25.37,Calendar year; proxy for DES reporting year starting this year,Open-Meteo Historical Weather API,Yield anomaly <= -20% vs preceding 5-year mean,Observed DES production + historical weather API
Madhya Pradesh,Umaria,2019,2019 - 2020,Whole Year,All Crops,72967.0,140585.0,1.93,"DES, Ministry of Agriculture & Farmers Welfare",258,Top total DES-reported production across available reporting years,1.9266928885660641,1.9667790933283935,-0.02038165084137189,0,23.55386507564919,80.97226374564003,Umaria,geoBoundaries India ADM2 centroid,1498.3,25.13,Calendar year; proxy for DES reporting year starting this year,Open-Meteo Historical Weather API,Yield anomaly <= -20% vs preceding 5-year mean,Observed DES production + historical weather API
Madhya Pradesh,Umaria,2020,2020 - 2021,Whole Year,All Crops,84483.0,171782.0,2.03,"DES, Ministry of Agriculture & Farmers Welfare",258,Top total DES-reported production across available reporting years,2.033332149663246,2.017423793490586,0.007885480593611272,0,23.55386507564919,80.97226374564003,Umaria,geoBoundaries India ADM2 centroid,1330.7,24.5,Calendar year; proxy for DES reporting year starting this year,Open-Meteo Historical Weather API,Yield anomaly <= -20% vs preceding 5-year mean,Observed DES production + historical weather API
Madhya Pradesh,Umaria,2021,2021 - 2022,Whole Year,All Crops,87432.0,123279.0,1.41,"DES, Ministry of Agriculture & Farmers Welfare",258,Top total DES-reported production across available reporting years,1.4099986275048038,2.0446030439360556,-0.31038025611542563,1,23.55386507564919,80.97226374564003,Umaria,geoBoundaries India ADM2 centroid,1214.0,24.69,Calendar year; proxy for DES reporting year starting this year,Open-Meteo Historical Weather API,Yield anomaly <= -20% vs preceding 5-year mean,Observed DES production + historical weather API
Madhya Pradesh,Umaria,2022,2022 - 2023,Whole Year,All Crops,89196.0,188650.0,2.12,"DES, Ministry of Agriculture & Farmers Welfare",258,Top total DES-reported production across available reporting years,2.1150051571819364,1.9632302204174086,0.07730878181584755,0,23.55386507564919,80.97226374564003,Umaria,geoBoundaries India ADM2 centroid,1278.2,25.06,Calendar year; proxy for DES reporting year starting this year,Open-Meteo Historical Weather API,Yield anomaly <= -20% vs preceding 5-year mean,Observed DES production + historical weather API
Uttar Pradesh,Varanasi,2013,2013 - 2014,Whole Year,All Crops,46938.0,100964.0,2.15,"DES, Ministry of Agriculture & Farmers Welfare",256,Top total DES-reported production across available reporting years,2.151007712301334,,,,25.38869795669767,82.91767105175711,Varanasi,geoBoundaries India ADM2 centroid,966.8,25.08,Calendar year; proxy for DES reporting year starting this year,Open-Meteo Historical Weather API,Yield anomaly <= -20% vs preceding 5-year mean,Observed DES production + historical weather API
Uttar Pradesh,Varanasi,2014,2014 - 2015,Whole Year,All Crops,43862.0,101848.0,2.32,"DES, Ministry of Agriculture & Farmers Welfare",256,Top total DES-reported production across available reporting years,2.322009940267202,,,,25.38869795669767,82.91767105175711,Varanasi,geoBoundaries India ADM2 centroid,775.3,25.31,Calendar year; proxy for DES reporting year starting this year,Open-Meteo Historical Weather API,Yield anomaly <= -20% vs preceding 5-year mean,Observed DES production + historical weather API
Uttar Pradesh,Varanasi,2015,2015 - 2016,Whole Year,All Crops,45770.0,94240.0,2.06,"DES, Ministry of Agriculture & Farmers Welfare",256,Top total DES-reported production across available reporting years,2.0589906051999125,,,,25.38869795669767,82.91767105175711,Varanasi,geoBoundaries India ADM2 centroid,859.9,25.85,Calendar year; proxy for DES reporting year starting this year,Open-Meteo Historical Weather API,Yield anomaly <= -20% vs preceding 5-year mean,Observed DES production + historical weather API
Uttar Pradesh,Varanasi,2016,2016 - 2017,Whole Year,All Crops,50288.0,123457.0,2.45,"DES, Ministry of Agriculture & Farmers Welfare",256,Top total DES-reported production across available reporting years,2.45499920458161,2.177336085922816,0.1275242349832788,0,25.38869795669767,82.91767105175711,Varanasi,geoBoundaries India ADM2 centroid,1135.5,26.02,Calendar year; proxy for DES reporting year starting this year,Open-Meteo Historical Weather API,Yield anomaly <= -20% vs preceding 5-year mean,Observed DES production + historical weather API
Uttar Pradesh,Varanasi,2017,2017 - 2018,Whole Year,All Crops,51719.0,131832.0,2.55,"DES, Ministry of Agriculture & Farmers Welfare",256,Top total DES-reported production across available reporting years,2.5490052011833177,2.2467518655875143,0.1345290239769159,0,25.38869795669767,82.91767105175711,Varanasi,geoBoundaries India ADM2 centroid,1096.5,25.89,Calendar year; proxy for DES reporting year starting this year,Open-Meteo Historical Weather API,Yield anomaly <= -20% vs preceding 5-year mean,Observed DES production + historical weather API
Uttar Pradesh,Varanasi,2018,2018 - 2019,Whole Year,All Crops,48013.0,121425.0,2.53,"DES, Ministry of Agriculture & Farmers Welfare",256,Top total DES-reported production across available reporting years,2.5290025618061773,2.307202532706675,0.09613374896884297,0,25.38869795669767,82.91767105175711,Varanasi,geoBoundaries India ADM2 centroid,1178.2,25.67,Calendar year; proxy for DES reporting year starting this year,Open-Meteo Historical Weather API,Yield anomaly <= -20% vs preceding 5-year mean,Observed DES production + historical weather API
Uttar Pradesh,Varanasi,2019,2019 - 2020,Whole Year,All Crops,47540.0,126266.0,2.66,"DES, Ministry of Agriculture & Farmers Welfare",256,Top total DES-reported production across available reporting years,2.6559949516196886,2.3828015026076437,0.11465220611665417,0,25.38869795669767,82.91767105175711,Varanasi,geoBoundaries India ADM2 centroid,1546.9,25.78,Calendar year; proxy for DES reporting year starting this year,Open-Meteo Historical Weather API,Yield anomaly <= -20% vs preceding 5-year mean,Observed DES production + historical weather API
Uttar Pradesh,Varanasi,2020,2020 - 2021,Whole Year,All Crops,50974.0,134011.0,2.63,"DES, Ministry of Agriculture & Farmers Welfare",256,Top total DES-reported production across available reporting years,2.6290069447169144,2.4495985048781415,0.0732399368637342,0,25.38869795669767,82.91767105175711,Varanasi,geoBoundaries India ADM2 centroid,1600.7,24.93,Calendar year; proxy for DES reporting year starting this year,Open-Meteo Historical Weather API,Yield anomaly <= -20% vs preceding 5-year mean,Observed DES production + historical weather API
Uttar Pradesh,Varanasi,2021,2021 - 2022,Whole Year,All Crops,48057.0,131724.0,2.74,"DES, Ministry of Agriculture & Farmers Welfare",256,Top total DES-reported production across available reporting years,2.7409950683563267,2.5636017727815417,0.06919690002488599,0,25.38869795669767,82.91767105175711,Varanasi,geoBoundaries India ADM2 centroid,1596.7,25.14,Calendar year; proxy for DES reporting year starting this year,Open-Meteo Historical Weather API,Yield anomaly <= -20% vs preceding 5-year mean,Observed DES production + historical weather API
Uttar Pradesh,Varanasi,2022,2022 - 2023,Whole Year,All Crops,48019.0,135558.0,2.82,"DES, Ministry of Agriculture & Farmers Welfare",256,Top total DES-reported production across available reporting years,2.823007559507695,2.620800945536485,0.0771545104619984,0,25.38869795669767,82.91767105175711,Varanasi,geoBoundaries India ADM2 centroid,1128.4,25.82,Calendar year; proxy for DES reporting year starting this year,Open-Meteo Historical Weather API,Yield anomaly <= -20% vs preceding 5-year mean,Observed DES production + historical weather API
Andhra Pradesh,Vizianagaram,2013,2013 - 2014,Whole Year,All Crops,116778.0,290925.0,2.49,"DES, Ministry of Agriculture & Farmers Welfare",91,Top total DES-reported production across available reporting years,2.4912654780866257,,,,18.46330814569388,83.38338455199599,Vizianagaram,geoBoundaries India ADM2 centroid,1487.0,26.33,Calendar year; proxy for DES reporting year starting this year,Open-Meteo Historical Weather API,Yield anomaly <= -20% vs preceding 5-year mean,Observed DES production + historical weather API
Andhra Pradesh,Vizianagaram,2014,2014 - 2015,Whole Year,All Crops,124586.0,331840.0,2.66,"DES, Ministry of Agriculture & Farmers Welfare",91,Top total DES-reported production across available reporting years,2.6635416499446167,,,,18.46330814569388,83.38338455199599,Vizianagaram,geoBoundaries India ADM2 centroid,1174.8,26.57,Calendar year; proxy for DES reporting year starting this year,Open-Meteo Historical Weather API,Yield anomaly <= -20% vs preceding 5-year mean,Observed DES production + historical weather API
Andhra Pradesh,Vizianagaram,2015,2015 - 2016,Whole Year,All Crops,126691.0,373257.0,2.95,"DES, Ministry of Agriculture & Farmers Welfare",91,Top total DES-reported production across available reporting years,2.9461998089840638,,,,18.46330814569388,83.38338455199599,Vizianagaram,geoBoundaries India ADM2 centroid,1335.2,26.66,Calendar year; proxy for DES reporting year starting this year,Open-Meteo Historical Weather API,Yield anomaly <= -20% vs preceding 5-year mean,Observed DES production + historical weather API
Andhra Pradesh,Vizianagaram,2016,2016 - 2017,Whole Year,All Crops,125299.0,380552.0,3.04,"DES, Ministry of Agriculture & Farmers Welfare",91,Top total DES-reported production across available reporting years,3.037151134486309,2.700335645671769,0.12473097163102831,0,18.46330814569388,83.38338455199599,Vizianagaram,geoBoundaries India ADM2 centroid,1212.6,26.88,Calendar year; proxy for DES reporting year starting this year,Open-Meteo Historical Weather API,Yield anomaly <= -20% vs preceding 5-year mean,Observed DES production + historical weather API
Andhra Pradesh,Vizianagaram,2017,2017 - 2018,Whole Year,All Crops,128842.0,384688.0,2.99,"DES, Ministry of Agriculture & Farmers Welfare",91,Top total DES-reported production across available reporting years,2.9857344654693345,2.7845395178754035,0.07225429781202819,0,18.46330814569388,83.38338455199599,Vizianagaram,geoBoundaries India ADM2 centroid,1311.1,27.25,Calendar year; proxy for DES reporting year starting this year,Open-Meteo Historical Weather API,Yield anomaly <= -20% vs preceding 5-year mean,Observed DES production + historical weather API
Andhra Pradesh,Vizianagaram,2018,2018 - 2019,Whole Year,All Crops,124618.0,294071.0,2.36,"DES, Ministry of Agriculture & Farmers Welfare",91,Top total DES-reported production across available reporting years,2.359779486109551,2.82477850739419,-0.16461432996160563,0,18.46330814569388,83.38338455199599,Vizianagaram,geoBoundaries India ADM2 centroid,1379.2,26.94,Calendar year; proxy for DES reporting year starting this year,Open-Meteo Historical Weather API,Yield anomaly <= -20% vs preceding 5-year mean,Observed DES production + historical weather API
Andhra Pradesh,Vizianagaram,2019,2019 - 2020,Whole Year,All Crops,126647.0,407698.0,3.22,"DES, Ministry of Agriculture & Farmers Welfare",91,Top total DES-reported production across available reporting years,3.2191682392792567,2.7984813089987752,0.15032686797932993,0,18.46330814569388,83.38338455199599,Vizianagaram,geoBoundaries India ADM2 centroid,1446.8,27.23,Calendar year; proxy for DES reporting year starting this year,Open-Meteo Historical Weather API,Yield anomaly <= -20% vs preceding 5-year mean,Observed DES production + historical weather API
Andhra Pradesh,Vizianagaram,2020,2020 - 2021,Whole Year,All Crops,116599.0,335744.0,2.88,"DES, Ministry of Agriculture & Farmers Welfare",91,Top total DES-reported production across available reporting years,2.8794758102556623,2.909606626865703,-0.010355632384058122,0,18.46330814569388,83.38338455199599,Vizianagaram,geoBoundaries India ADM2 centroid,1830.0,26.81,Calendar year; proxy for DES reporting year starting this year,Open-Meteo Historical Weather API,Yield anomaly <= -20% vs preceding 5-year mean,Observed DES production + historical weather API
Andhra Pradesh,Vizianagaram,2021,2021 - 2022,Whole Year,All Crops,131877.0,386725.0,2.93,"DES, Ministry of Agriculture & Farmers Welfare",91,Top total DES-reported production across available reporting years,2.9324673749023713,2.8962618271200227,0.012500785475721532,0,18.46330814569388,83.38338455199599,Vizianagaram,geoBoundaries India ADM2 centroid,1677.6,26.99,Calendar year; proxy for DES reporting year starting this year,Open-Meteo Historical Weather API,Yield anomaly <= -20% vs preceding 5-year mean,Observed DES production + historical weather API
Andhra Pradesh,Vizianagaram,2022,2022 - 2023,Whole Year,All Crops,94505.0,341775.0,3.62,"DES, Ministry of Agriculture & Farmers Welfare",91,Top total DES-reported production across available reporting years,3.6164753187662027,2.8753250752032353,0.25776224398230196,0,18.46330814569388,83.38338455199599,Vizianagaram,geoBoundaries India ADM2 centroid,1712.7,26.69,Calendar year; proxy for DES reporting year starting this year,Open-Meteo Historical Weather API,Yield anomaly <= -20% vs preceding 5-year mean,Observed DES production + historical weather API
Andhra Pradesh,West godavari,2013,2013 - 2014,Whole Year,All Crops,420619.0,1342335.0,3.19,"DES, Ministry of Agriculture & Farmers Welfare",1,Top total DES-reported production across available reporting years,3.191332298350764,,,,16.899804422856924,81.40941945782606,West Godavari,geoBoundaries India ADM2 centroid,1313.9,26.77,Calendar year; proxy for DES reporting year starting this year,Open-Meteo Historical Weather API,Yield anomaly <= -20% vs preceding 5-year mean,Observed DES production + historical weather API
Andhra Pradesh,West godavari,2014,2014 - 2015,Whole Year,All Crops,409286.0,1624324.0,3.97,"DES, Ministry of Agriculture & Farmers Welfare",1,Top total DES-reported production across available reporting years,3.9686771597367123,,,,16.899804422856924,81.40941945782606,West Godavari,geoBoundaries India ADM2 centroid,1062.3,27.3,Calendar year; proxy for DES reporting year starting this year,Open-Meteo Historical Weather API,Yield anomaly <= -20% vs preceding 5-year mean,Observed DES production + historical weather API
Andhra Pradesh,West godavari,2015,2015 - 2016,Whole Year,All Crops,403802.0,1558506.0,3.86,"DES, Ministry of Agriculture & Farmers Welfare",1,Top total DES-reported production across available reporting years,3.859579694999034,,,,16.899804422856924,81.40941945782606,West Godavari,geoBoundaries India ADM2 centroid,1205.3,27.5,Calendar year; proxy for DES reporting year starting this year,Open-Meteo Historical Weather API,Yield anomaly <= -20% vs preceding 5-year mean,Observed DES production + historical weather API
Andhra Pradesh,West godavari,2016,2016 - 2017,Whole Year,All Crops,399411.0,1666097.0,4.17,"DES, Ministry of Agriculture & Farmers Welfare",1,Top total DES-reported production across available reporting years,4.171384864212553,3.67319638436217,0.13562805462057814,0,16.899804422856924,81.40941945782606,West Godavari,geoBoundaries India ADM2 centroid,1317.3,27.66,Calendar year; proxy for DES reporting year starting this year,Open-Meteo Historical Weather API,Yield anomaly <= -20% vs preceding 5-year mean,Observed DES production + historical weather API
Andhra Pradesh,West godavari,2017,2017 - 2018,Whole Year,All Crops,393223.0,1693907.0,4.31,"DES, Ministry of Agriculture & Farmers Welfare",1,Top total DES-reported production across available reporting years,4.307751581163869,3.7977435043247656,0.1342923965924292,0,16.899804422856924,81.40941945782606,West Godavari,geoBoundaries India ADM2 centroid,1182.9,27.97,Calendar year; proxy for DES reporting year starting this year,Open-Meteo Historical Weather API,Yield anomaly <= -20% vs preceding 5-year mean,Observed DES production + historical weather API
Andhra Pradesh,West godavari,2018,2018 - 2019,Whole Year,All Crops,396877.0,1744704.0,4.4,"DES, Ministry of Agriculture & Farmers Welfare",1,Top total DES-reported production across available reporting years,4.396082413442956,3.8997451196925867,0.12727429063094653,0,16.899804422856924,81.40941945782606,West Godavari,geoBoundaries India ADM2 centroid,1363.2,27.7,Calendar year; proxy for DES reporting year starting this year,Open-Meteo Historical Weather API,Yield anomaly <= -20% vs preceding 5-year mean,Observed DES production + historical weather API
Andhra Pradesh,West godavari,2019,2019 - 2020,Whole Year,All Crops,394173.0,1766642.0,4.48,"DES, Ministry of Agriculture & Farmers Welfare",1,Top total DES-reported production across available reporting years,4.481895005492512,4.140695142711024,0.082401589835009,0,16.899804422856924,81.40941945782606,West Godavari,geoBoundaries India ADM2 centroid,1208.6,28.0,Calendar year; proxy for DES reporting year starting this year,Open-Meteo Historical Weather API,Yield anomaly <= -20% vs preceding 5-year mean,Observed DES production + historical weather API
Andhra Pradesh,West godavari,2020,2020 - 2021,Whole Year,All Crops,414027.0,1613457.0,3.9,"DES, Ministry of Agriculture & Farmers Welfare",1,Top total DES-reported production across available reporting years,3.8969849792404845,4.243338711862185,-0.08162292858061837,0,16.899804422856924,81.40941945782606,West Godavari,geoBoundaries India ADM2 centroid,1761.9,27.66,Calendar year; proxy for DES reporting year starting this year,Open-Meteo Historical Weather API,Yield anomaly <= -20% vs preceding 5-year mean,Observed DES production + historical weather API
Andhra Pradesh,West godavari,2021,2021 - 2022,Whole Year,All Crops,421951.0,1735499.0,4.11,"DES, Ministry of Agriculture & Farmers Welfare",1,Top total DES-reported production across available reporting years,4.113034451867634,4.250819768710475,-0.03241382235423251,0,16.899804422856924,81.40941945782606,West Godavari,geoBoundaries India ADM2 centroid,1248.0,27.69,Calendar year; proxy for DES reporting year starting this year,Open-Meteo Historical Weather API,Yield anomaly <= -20% vs preceding 5-year mean,Observed DES production + historical weather API
Andhra Pradesh,West godavari,2022,2022 - 2023,Whole Year,All Crops,175965.0,800687.0,4.55,"DES, Ministry of Agriculture & Farmers Welfare",1,Top total DES-reported production across available reporting years,4.5502628363595035,4.2391496862414915,0.07339046109359026,0,16.899804422856924,81.40941945782606,West Godavari,geoBoundaries India ADM2 centroid,1470.5,27.78,Calendar year; proxy for DES reporting year starting this year,Open-Meteo Historical Weather API,Yield anomaly <= -20% vs preceding 5-year mean,Observed DES production + historical weather API
