State,District,Year,ReportingYear,Season,Crop,Area,Production,ReportedYieldTonnesPerHectare,CropDataSource
Andaman and Nicobar Islands,Nicobars,2013,2013 - 2014,Whole Year,All Crops,3.0,6.0,2.38,"DES Area, Production & Yield Query Report"
Andaman and Nicobar Islands,Nicobars,2014,2014 - 2015,Whole Year,All Crops,5.0,11.0,2.35,"DES Area, Production & Yield Query Report"
Andaman and Nicobar Islands,Nicobars,2015,2015 - 2016,Whole Year,All Crops,5.0,11.0,2.24,"DES Area, Production & Yield Query Report"
Andaman and Nicobar Islands,Nicobars,2016,2016 - 2017,Whole Year,All Crops,7.0,10.0,1.43,"DES Area, Production & Yield Query Report"
Andaman and Nicobar Islands,Nicobars,2017,2017 - 2018,Whole Year,All Crops,1.0,1.0,0.53,"DES Area, Production & Yield Query Report"
Andaman and Nicobar Islands,Nicobars,2018,2018 - 2019,Whole Year,All Crops,4.0,6.0,1.47,"DES Area, Production & Yield Query Report"
Andaman and Nicobar Islands,Nicobars,2019,2019 - 2020,Whole Year,All Crops,3.0,4.0,1.39,"DES Area, Production & Yield Query Report"
Andaman and Nicobar Islands,Nicobars,2022,2022 - 2023,Whole Year,All Crops,1.0,1.0,1.26,"DES Area, Production & Yield Query Report"
Andaman and Nicobar Islands,North and middle andaman,2013,2013 - 2014,Whole Year,All Crops,7685.0,15447.0,2.01,"DES Area, Production & Yield Query Report"
Andaman and Nicobar Islands,North and middle andaman,2014,2014 - 2015,Whole Year,All Crops,6163.0,12644.0,2.05,"DES Area, Production & Yield Query Report"
Andaman and Nicobar Islands,North and middle andaman,2015,2015 - 2016,Whole Year,All Crops,5879.0,13228.0,2.25,"DES Area, Production & Yield Query Report"
Andaman and Nicobar Islands,North and middle andaman,2016,2016 - 2017,Whole Year,All Crops,4685.0,12082.0,2.58,"DES Area, Production & Yield Query Report"
Andaman and Nicobar Islands,North and middle andaman,2017,2017 - 2018,Whole Year,All Crops,5100.0,10729.0,2.1,"DES Area, Production & Yield Query Report"
Andaman and Nicobar Islands,North and middle andaman,2018,2018 - 2019,Whole Year,All Crops,5223.0,11056.0,2.12,"DES Area, Production & Yield Query Report"
Andaman and Nicobar Islands,North and middle andaman,2019,2019 - 2020,Whole Year,All Crops,5630.0,17772.0,3.16,"DES Area, Production & Yield Query Report"
Andaman and Nicobar Islands,North and middle andaman,2022,2022 - 2023,Whole Year,All Crops,4915.0,10369.0,2.11,"DES Area, Production & Yield Query Report"
Andaman and Nicobar Islands,South andamans,2013,2013 - 2014,Whole Year,All Crops,317.0,792.0,2.5,"DES Area, Production & Yield Query Report"
Andaman and Nicobar Islands,South andamans,2014,2014 - 2015,Whole Year,All Crops,268.0,464.0,1.74,"DES Area, Production & Yield Query Report"
Andaman and Nicobar Islands,South andamans,2015,2015 - 2016,Whole Year,All Crops,216.0,439.0,2.03,"DES Area, Production & Yield Query Report"
Andaman and Nicobar Islands,South andamans,2016,2016 - 2017,Whole Year,All Crops,185.0,502.0,2.71,"DES Area, Production & Yield Query Report"
Andaman and Nicobar Islands,South andamans,2017,2017 - 2018,Whole Year,All Crops,240.0,500.0,2.09,"DES Area, Production & Yield Query Report"
Andaman and Nicobar Islands,South andamans,2018,2018 - 2019,Whole Year,All Crops,164.0,379.0,2.31,"DES Area, Production & Yield Query Report"
Andaman and Nicobar Islands,South andamans,2019,2019 - 2020,Whole Year,All Crops,68.0,205.0,3.04,"DES Area, Production & Yield Query Report"
Andaman and Nicobar Islands,South andamans,2022,2022 - 2023,Whole Year,All Crops,74.0,153.0,2.08,"DES Area, Production & Yield Query Report"
Andhra Pradesh,Alluri sitharama raju,2022,2022 - 2023,Whole Year,All Crops,58705.0,175374.0,2.99,"DES Area, Production & Yield Query Report"
Andhra Pradesh,Anakapalli,2022,2022 - 2023,Whole Year,All Crops,59406.0,186481.0,3.14,"DES Area, Production & Yield Query Report"
Andhra Pradesh,Anantapur,2013,2013 - 2014,Whole Year,All Crops,40397.0,87935.0,2.18,"DES Area, Production & Yield Query Report"
Andhra Pradesh,Anantapur,2014,2014 - 2015,Whole Year,All Crops,29211.0,82532.0,2.83,"DES Area, Production & Yield Query Report"
Andhra Pradesh,Anantapur,2015,2015 - 2016,Whole Year,All Crops,33623.0,97651.0,2.9,"DES Area, Production & Yield Query Report"
Andhra Pradesh,Anantapur,2016,2016 - 2017,Whole Year,All Crops,22887.0,57431.0,2.51,"DES Area, Production & Yield Query Report"
Andhra Pradesh,Anantapur,2017,2017 - 2018,Whole Year,All Crops,30914.0,86359.0,2.79,"DES Area, Production & Yield Query Report"
Andhra Pradesh,Anantapur,2018,2018 - 2019,Whole Year,All Crops,31004.0,81302.0,2.62,"DES Area, Production & Yield Query Report"
Andhra Pradesh,Anantapur,2019,2019 - 2020,Whole Year,All Crops,32540.0,110648.0,3.4,"DES Area, Production & Yield Query Report"
Andhra Pradesh,Anantapur,2020,2020 - 2021,Whole Year,All Crops,35735.0,103925.0,2.91,"DES Area, Production & Yield Query Report"
Andhra Pradesh,Anantapur,2021,2021 - 2022,Whole Year,All Crops,32366.0,72080.0,2.23,"DES Area, Production & Yield Query Report"
Andhra Pradesh,Anantapur,2022,2022 - 2023,Whole Year,All Crops,26995.0,103988.0,3.85,"DES Area, Production & Yield Query Report"
Andhra Pradesh,Annamayya,2022,2022 - 2023,Whole Year,All Crops,15906.0,52418.0,3.3,"DES Area, Production & Yield Query Report"
Andhra Pradesh,Bapatla,2022,2022 - 2023,Whole Year,All Crops,115379.0,480939.0,4.17,"DES Area, Production & Yield Query Report"
Andhra Pradesh,Chittoor,2013,2013 - 2014,Whole Year,All Crops,49860.0,169015.0,3.39,"DES Area, Production & Yield Query Report"
Andhra Pradesh,Chittoor,2014,2014 - 2015,Whole Year,All Crops,40965.0,132424.0,3.23,"DES Area, Production & Yield Query Report"
Andhra Pradesh,Chittoor,2015,2015 - 2016,Whole Year,All Crops,88153.0,334549.0,3.8,"DES Area, Production & Yield Query Report"
Andhra Pradesh,Chittoor,2016,2016 - 2017,Whole Year,All Crops,46700.0,170201.0,3.64,"DES Area, Production & Yield Query Report"
Andhra Pradesh,Chittoor,2017,2017 - 2018,Whole Year,All Crops,64812.0,246155.0,3.8,"DES Area, Production & Yield Query Report"
Andhra Pradesh,Chittoor,2018,2018 - 2019,Whole Year,All Crops,43941.0,159767.0,3.64,"DES Area, Production & Yield Query Report"
Andhra Pradesh,Chittoor,2019,2019 - 2020,Whole Year,All Crops,54519.0,200391.0,3.68,"DES Area, Production & Yield Query Report"
Andhra Pradesh,Chittoor,2020,2020 - 2021,Whole Year,All Crops,90147.0,322911.0,3.58,"DES Area, Production & Yield Query Report"
Andhra Pradesh,Chittoor,2021,2021 - 2022,Whole Year,All Crops,86842.0,306533.0,3.53,"DES Area, Production & Yield Query Report"
Andhra Pradesh,Chittoor,2022,2022 - 2023,Whole Year,All Crops,19888.0,62697.0,3.15,"DES Area, Production & Yield Query Report"
Andhra Pradesh,East godavari,2013,2013 - 2014,Whole Year,All Crops,404682.0,1211706.0,2.99,"DES Area, Production & Yield Query Report"
Andhra Pradesh,East godavari,2014,2014 - 2015,Whole Year,All Crops,394117.0,1563229.0,3.97,"DES Area, Production & Yield Query Report"
Andhra Pradesh,East godavari,2015,2015 - 2016,Whole Year,All Crops,381740.0,1445573.0,3.79,"DES Area, Production & Yield Query Report"
Andhra Pradesh,East godavari,2016,2016 - 2017,Whole Year,All Crops,383959.0,1627030.0,4.24,"DES Area, Production & Yield Query Report"
Andhra Pradesh,East godavari,2017,2017 - 2018,Whole Year,All Crops,386539.0,1672790.0,4.33,"DES Area, Production & Yield Query Report"
Andhra Pradesh,East godavari,2018,2018 - 2019,Whole Year,All Crops,385598.0,1723728.0,4.47,"DES Area, Production & Yield Query Report"
Andhra Pradesh,East godavari,2019,2019 - 2020,Whole Year,All Crops,387586.0,1632480.0,4.21,"DES Area, Production & Yield Query Report"
Andhra Pradesh,East godavari,2020,2020 - 2021,Whole Year,All Crops,398611.0,1424839.0,3.57,"DES Area, Production & Yield Query Report"
Andhra Pradesh,East godavari,2021,2021 - 2022,Whole Year,All Crops,430625.0,1447672.0,3.36,"DES Area, Production & Yield Query Report"
Andhra Pradesh,East godavari,2022,2022 - 2023,Whole Year,All Crops,132082.0,580924.0,4.4,"DES Area, Production & Yield Query Report"
Andhra Pradesh,Eluru,2022,2022 - 2023,Whole Year,All Crops,121263.0,543616.0,4.48,"DES Area, Production & Yield Query Report"
Andhra Pradesh,Guntur,2013,2013 - 2014,Whole Year,All Crops,328167.0,1096004.0,3.34,"DES Area, Production & Yield Query Report"
Andhra Pradesh,Guntur,2014,2014 - 2015,Whole Year,All Crops,285302.0,1111932.0,3.9,"DES Area, Production & Yield Query Report"
Andhra Pradesh,Guntur,2015,2015 - 2016,Whole Year,All Crops,163218.0,474871.0,2.91,"DES Area, Production & Yield Query Report"
Andhra Pradesh,Guntur,2016,2016 - 2017,Whole Year,All Crops,175940.0,735531.0,4.18,"DES Area, Production & Yield Query Report"
Andhra Pradesh,Guntur,2017,2017 - 2018,Whole Year,All Crops,202491.0,852842.0,4.21,"DES Area, Production & Yield Query Report"
Andhra Pradesh,Guntur,2018,2018 - 2019,Whole Year,All Crops,246838.0,979193.0,3.97,"DES Area, Production & Yield Query Report"
Andhra Pradesh,Guntur,2019,2019 - 2020,Whole Year,All Crops,246702.0,983049.0,3.98,"DES Area, Production & Yield Query Report"
Andhra Pradesh,Guntur,2020,2020 - 2021,Whole Year,All Crops,255285.0,831187.0,3.26,"DES Area, Production & Yield Query Report"
Andhra Pradesh,Guntur,2021,2021 - 2022,Whole Year,All Crops,254172.0,766598.0,3.02,"DES Area, Production & Yield Query Report"
Andhra Pradesh,Guntur,2022,2022 - 2023,Whole Year,All Crops,62355.0,261552.0,4.19,"DES Area, Production & Yield Query Report"
Andhra Pradesh,Kadapa,2013,2013 - 2014,Whole Year,All Crops,62712.0,178289.0,2.84,"DES Area, Production & Yield Query Report"
Andhra Pradesh,Kadapa,2014,2014 - 2015,Whole Year,All Crops,45885.0,165837.0,3.61,"DES Area, Production & Yield Query Report"
Andhra Pradesh,Kadapa,2015,2015 - 2016,Whole Year,All Crops,40263.0,123127.0,3.06,"DES Area, Production & Yield Query Report"
Andhra Pradesh,Kadapa,2016,2016 - 2017,Whole Year,All Crops,50329.0,165640.0,3.29,"DES Area, Production & Yield Query Report"
Andhra Pradesh,Kadapa,2017,2017 - 2018,Whole Year,All Crops,54979.0,139764.0,2.54,"DES Area, Production & Yield Query Report"
Andhra Pradesh,Kadapa,2018,2018 - 2019,Whole Year,All Crops,45840.0,147711.0,3.22,"DES Area, Production & Yield Query Report"
Andhra Pradesh,Kadapa,2019,2019 - 2020,Whole Year,All Crops,41809.0,129564.0,3.1,"DES Area, Production & Yield Query Report"
Andhra Pradesh,Kadapa,2020,2020 - 2021,Whole Year,All Crops,60187.0,147866.0,2.46,"DES Area, Production & Yield Query Report"
Andhra Pradesh,Kadapa,2021,2021 - 2022,Whole Year,All Crops,70502.0,141251.0,2.0,"DES Area, Production & Yield Query Report"
Andhra Pradesh,Kadapa,2022,2022 - 2023,Whole Year,All Crops,38047.0,126196.0,3.32,"DES Area, Production & Yield Query Report"
Andhra Pradesh,Kakinada,2022,2022 - 2023,Whole Year,All Crops,155124.0,609901.0,3.93,"DES Area, Production & Yield Query Report"
Andhra Pradesh,Konaseema,2022,2022 - 2023,Whole Year,All Crops,126790.0,584636.0,4.61,"DES Area, Production & Yield Query Report"
Andhra Pradesh,Krishna,2013,2013 - 2014,Whole Year,All Crops,363322.0,1175521.0,3.24,"DES Area, Production & Yield Query Report"
Andhra Pradesh,Krishna,2014,2014 - 2015,Whole Year,All Crops,288042.0,998795.0,3.47,"DES Area, Production & Yield Query Report"
Andhra Pradesh,Krishna,2015,2015 - 2016,Whole Year,All Crops,220679.0,762638.0,3.46,"DES Area, Production & Yield Query Report"
Andhra Pradesh,Krishna,2016,2016 - 2017,Whole Year,All Crops,231409.0,897716.0,3.88,"DES Area, Production & Yield Query Report"
Andhra Pradesh,Krishna,2017,2017 - 2018,Whole Year,All Crops,258728.0,1031955.0,3.99,"DES Area, Production & Yield Query Report"
Andhra Pradesh,Krishna,2018,2018 - 2019,Whole Year,All Crops,274014.0,1147048.0,4.19,"DES Area, Production & Yield Query Report"
Andhra Pradesh,Krishna,2019,2019 - 2020,Whole Year,All Crops,315036.0,1261309.0,4.0,"DES Area, Production & Yield Query Report"
Andhra Pradesh,Krishna,2020,2020 - 2021,Whole Year,All Crops,338617.0,1198556.0,3.54,"DES Area, Production & Yield Query Report"
Andhra Pradesh,Krishna,2021,2021 - 2022,Whole Year,All Crops,268513.0,928371.0,3.46,"DES Area, Production & Yield Query Report"
Andhra Pradesh,Krishna,2022,2022 - 2023,Whole Year,All Crops,167427.0,665011.0,3.97,"DES Area, Production & Yield Query Report"
Andhra Pradesh,Kurnool,2013,2013 - 2014,Whole Year,All Crops,124894.0,458400.0,3.67,"DES Area, Production & Yield Query Report"
Andhra Pradesh,Kurnool,2014,2014 - 2015,Whole Year,All Crops,114898.0,444262.0,3.87,"DES Area, Production & Yield Query Report"
Andhra Pradesh,Kurnool,2015,2015 - 2016,Whole Year,All Crops,55592.0,171582.0,3.09,"DES Area, Production & Yield Query Report"
Andhra Pradesh,Kurnool,2016,2016 - 2017,Whole Year,All Crops,108715.0,434885.0,4.0,"DES Area, Production & Yield Query Report"
Andhra Pradesh,Kurnool,2017,2017 - 2018,Whole Year,All Crops,102090.0,362463.0,3.55,"DES Area, Production & Yield Query Report"
Andhra Pradesh,Kurnool,2018,2018 - 2019,Whole Year,All Crops,109897.0,420986.0,3.83,"DES Area, Production & Yield Query Report"
Andhra Pradesh,Kurnool,2019,2019 - 2020,Whole Year,All Crops,121473.0,481209.0,3.96,"DES Area, Production & Yield Query Report"
Andhra Pradesh,Kurnool,2020,2020 - 2021,Whole Year,All Crops,122938.0,400245.0,3.26,"DES Area, Production & Yield Query Report"
Andhra Pradesh,Kurnool,2021,2021 - 2022,Whole Year,All Crops,117156.0,382980.0,3.27,"DES Area, Production & Yield Query Report"
Andhra Pradesh,Kurnool,2022,2022 - 2023,Whole Year,All Crops,16333.0,54918.0,3.36,"DES Area, Production & Yield Query Report"
Andhra Pradesh,Nandyal,2022,2022 - 2023,Whole Year,All Crops,98196.0,393843.0,4.01,"DES Area, Production & Yield Query Report"
Andhra Pradesh,Ntr,2022,2022 - 2023,Whole Year,All Crops,63982.0,248986.0,3.89,"DES Area, Production & Yield Query Report"
Andhra Pradesh,Palnadu,2022,2022 - 2023,Whole Year,All Crops,58473.0,217012.0,3.71,"DES Area, Production & Yield Query Report"
Andhra Pradesh,Parvathipuram manyam,2022,2022 - 2023,Whole Year,All Crops,72813.0,241927.0,3.32,"DES Area, Production & Yield Query Report"
Andhra Pradesh,Prakasam,2013,2013 - 2014,Whole Year,All Crops,138578.0,532265.0,3.84,"DES Area, Production & Yield Query Report"
Andhra Pradesh,Prakasam,2014,2014 - 2015,Whole Year,All Crops,105297.0,405915.0,3.85,"DES Area, Production & Yield Query Report"
Andhra Pradesh,Prakasam,2015,2015 - 2016,Whole Year,All Crops,44385.0,178687.0,4.03,"DES Area, Production & Yield Query Report"
Andhra Pradesh,Prakasam,2016,2016 - 2017,Whole Year,All Crops,40072.0,143898.0,3.59,"DES Area, Production & Yield Query Report"
Andhra Pradesh,Prakasam,2017,2017 - 2018,Whole Year,All Crops,47353.0,181578.0,3.83,"DES Area, Production & Yield Query Report"
Andhra Pradesh,Prakasam,2018,2018 - 2019,Whole Year,All Crops,65268.0,228602.0,3.5,"DES Area, Production & Yield Query Report"
Andhra Pradesh,Prakasam,2019,2019 - 2020,Whole Year,All Crops,80375.0,303151.0,3.77,"DES Area, Production & Yield Query Report"
Andhra Pradesh,Prakasam,2020,2020 - 2021,Whole Year,All Crops,88359.0,301875.0,3.42,"DES Area, Production & Yield Query Report"
Andhra Pradesh,Prakasam,2021,2021 - 2022,Whole Year,All Crops,89512.0,286626.0,3.2,"DES Area, Production & Yield Query Report"
Andhra Pradesh,Prakasam,2022,2022 - 2023,Whole Year,All Crops,26523.0,91994.0,3.47,"DES Area, Production & Yield Query Report"
Andhra Pradesh,Spsr nellore,2013,2013 - 2014,Whole Year,All Crops,224893.0,911108.0,4.05,"DES Area, Production & Yield Query Report"
Andhra Pradesh,Spsr nellore,2014,2014 - 2015,Whole Year,All Crops,240723.0,969015.0,4.03,"DES Area, Production & Yield Query Report"
Andhra Pradesh,Spsr nellore,2015,2015 - 2016,Whole Year,All Crops,288250.0,1289686.0,4.47,"DES Area, Production & Yield Query Report"
Andhra Pradesh,Spsr nellore,2016,2016 - 2017,Whole Year,All Crops,204628.0,865094.0,4.23,"DES Area, Production & Yield Query Report"
Andhra Pradesh,Spsr nellore,2017,2017 - 2018,Whole Year,All Crops,224528.0,1036542.0,4.62,"DES Area, Production & Yield Query Report"
Andhra Pradesh,Spsr nellore,2018,2018 - 2019,Whole Year,All Crops,166863.0,685185.0,4.11,"DES Area, Production & Yield Query Report"
Andhra Pradesh,Spsr nellore,2019,2019 - 2020,Whole Year,All Crops,232405.0,989475.0,4.26,"DES Area, Production & Yield Query Report"
Andhra Pradesh,Spsr nellore,2020,2020 - 2021,Whole Year,All Crops,313218.0,1226945.0,3.92,"DES Area, Production & Yield Query Report"
Andhra Pradesh,Spsr nellore,2021,2021 - 2022,Whole Year,All Crops,273534.0,1169190.0,4.27,"DES Area, Production & Yield Query Report"
Andhra Pradesh,Spsr nellore,2022,2022 - 2023,Whole Year,All Crops,150491.0,671290.0,4.46,"DES Area, Production & Yield Query Report"
Andhra Pradesh,Sri sathya sai,2022,2022 - 2023,Whole Year,All Crops,6527.0,18180.0,2.79,"DES Area, Production & Yield Query Report"
Andhra Pradesh,Srikakulam,2013,2013 - 2014,Whole Year,All Crops,203142.0,355266.0,1.75,"DES Area, Production & Yield Query Report"
Andhra Pradesh,Srikakulam,2014,2014 - 2015,Whole Year,All Crops,210215.0,447672.0,2.13,"DES Area, Production & Yield Query Report"
Andhra Pradesh,Srikakulam,2015,2015 - 2016,Whole Year,All Crops,206794.0,477885.0,2.31,"DES Area, Production & Yield Query Report"
Andhra Pradesh,Srikakulam,2016,2016 - 2017,Whole Year,All Crops,205755.0,611698.0,2.97,"DES Area, Production & Yield Query Report"
Andhra Pradesh,Srikakulam,2017,2017 - 2018,Whole Year,All Crops,214727.0,543422.0,2.53,"DES Area, Production & Yield Query Report"
Andhra Pradesh,Srikakulam,2018,2018 - 2019,Whole Year,All Crops,214662.0,446103.0,2.08,"DES Area, Production & Yield Query Report"
Andhra Pradesh,Srikakulam,2019,2019 - 2020,Whole Year,All Crops,219160.0,624960.0,2.85,"DES Area, Production & Yield Query Report"
Andhra Pradesh,Srikakulam,2020,2020 - 2021,Whole Year,All Crops,209595.0,548914.0,2.62,"DES Area, Production & Yield Query Report"
Andhra Pradesh,Srikakulam,2021,2021 - 2022,Whole Year,All Crops,205195.0,538618.0,2.62,"DES Area, Production & Yield Query Report"
Andhra Pradesh,Srikakulam,2022,2022 - 2023,Whole Year,All Crops,159837.0,501208.0,3.14,"DES Area, Production & Yield Query Report"
Andhra Pradesh,Tirupati,2022,2022 - 2023,Whole Year,All Crops,100597.0,386133.0,3.84,"DES Area, Production & Yield Query Report"
Andhra Pradesh,Visakhapatanam,2013,2013 - 2014,Whole Year,All Crops,105396.0,184656.0,1.75,"DES Area, Production & Yield Query Report"
Andhra Pradesh,Visakhapatanam,2014,2014 - 2015,Whole Year,All Crops,105428.0,177807.0,1.69,"DES Area, Production & Yield Query Report"
Andhra Pradesh,Visakhapatanam,2015,2015 - 2016,Whole Year,All Crops,107605.0,230259.0,2.14,"DES Area, Production & Yield Query Report"
Andhra Pradesh,Visakhapatanam,2016,2016 - 2017,Whole Year,All Crops,109915.0,246564.0,2.24,"DES Area, Production & Yield Query Report"
Andhra Pradesh,Visakhapatanam,2017,2017 - 2018,Whole Year,All Crops,108960.0,228877.0,2.1,"DES Area, Production & Yield Query Report"
Andhra Pradesh,Visakhapatanam,2018,2018 - 2019,Whole Year,All Crops,102884.0,176139.0,1.71,"DES Area, Production & Yield Query Report"
Andhra Pradesh,Visakhapatanam,2019,2019 - 2020,Whole Year,All Crops,103557.0,249515.0,2.41,"DES Area, Production & Yield Query Report"
Andhra Pradesh,Visakhapatanam,2020,2020 - 2021,Whole Year,All Crops,108270.0,269225.0,2.49,"DES Area, Production & Yield Query Report"
Andhra Pradesh,Visakhapatanam,2021,2021 - 2022,Whole Year,All Crops,102370.0,254772.0,2.49,"DES Area, Production & Yield Query Report"
Andhra Pradesh,Visakhapatanam,2022,2022 - 2023,Whole Year,All Crops,5480.0,18248.0,3.33,"DES Area, Production & Yield Query Report"
Andhra Pradesh,Vizianagaram,2013,2013 - 2014,Whole Year,All Crops,116778.0,290925.0,2.49,"DES Area, Production & Yield Query Report"
Andhra Pradesh,Vizianagaram,2014,2014 - 2015,Whole Year,All Crops,124586.0,331840.0,2.66,"DES Area, Production & Yield Query Report"
Andhra Pradesh,Vizianagaram,2015,2015 - 2016,Whole Year,All Crops,126691.0,373257.0,2.95,"DES Area, Production & Yield Query Report"
Andhra Pradesh,Vizianagaram,2016,2016 - 2017,Whole Year,All Crops,125299.0,380552.0,3.04,"DES Area, Production & Yield Query Report"
Andhra Pradesh,Vizianagaram,2017,2017 - 2018,Whole Year,All Crops,128842.0,384688.0,2.99,"DES Area, Production & Yield Query Report"
Andhra Pradesh,Vizianagaram,2018,2018 - 2019,Whole Year,All Crops,124618.0,294071.0,2.36,"DES Area, Production & Yield Query Report"
Andhra Pradesh,Vizianagaram,2019,2019 - 2020,Whole Year,All Crops,126647.0,407698.0,3.22,"DES Area, Production & Yield Query Report"
Andhra Pradesh,Vizianagaram,2020,2020 - 2021,Whole Year,All Crops,116599.0,335744.0,2.88,"DES Area, Production & Yield Query Report"
Andhra Pradesh,Vizianagaram,2021,2021 - 2022,Whole Year,All Crops,131877.0,386725.0,2.93,"DES Area, Production & Yield Query Report"
Andhra Pradesh,Vizianagaram,2022,2022 - 2023,Whole Year,All Crops,94505.0,341775.0,3.62,"DES Area, Production & Yield Query Report"
Andhra Pradesh,West godavari,2013,2013 - 2014,Whole Year,All Crops,420619.0,1342335.0,3.19,"DES Area, Production & Yield Query Report"
Andhra Pradesh,West godavari,2014,2014 - 2015,Whole Year,All Crops,409286.0,1624324.0,3.97,"DES Area, Production & Yield Query Report"
Andhra Pradesh,West godavari,2015,2015 - 2016,Whole Year,All Crops,403802.0,1558506.0,3.86,"DES Area, Production & Yield Query Report"
Andhra Pradesh,West godavari,2016,2016 - 2017,Whole Year,All Crops,399411.0,1666097.0,4.17,"DES Area, Production & Yield Query Report"
Andhra Pradesh,West godavari,2017,2017 - 2018,Whole Year,All Crops,393223.0,1693907.0,4.31,"DES Area, Production & Yield Query Report"
Andhra Pradesh,West godavari,2018,2018 - 2019,Whole Year,All Crops,396877.0,1744704.0,4.4,"DES Area, Production & Yield Query Report"
Andhra Pradesh,West godavari,2019,2019 - 2020,Whole Year,All Crops,394173.0,1766642.0,4.48,"DES Area, Production & Yield Query Report"
Andhra Pradesh,West godavari,2020,2020 - 2021,Whole Year,All Crops,414027.0,1613457.0,3.9,"DES Area, Production & Yield Query Report"
Andhra Pradesh,West godavari,2021,2021 - 2022,Whole Year,All Crops,421951.0,1735499.0,4.11,"DES Area, Production & Yield Query Report"
Andhra Pradesh,West godavari,2022,2022 - 2023,Whole Year,All Crops,175965.0,800687.0,4.55,"DES Area, Production & Yield Query Report"
Arunachal Pradesh,Anjaw,2013,2013 - 2014,Whole Year,All Crops,3561.0,2624.0,0.74,"DES Area, Production & Yield Query Report"
Arunachal Pradesh,Anjaw,2014,2014 - 2015,Whole Year,All Crops,3561.0,2394.0,0.67,"DES Area, Production & Yield Query Report"
Arunachal Pradesh,Anjaw,2015,2015 - 2016,Whole Year,All Crops,3655.0,2507.0,0.69,"DES Area, Production & Yield Query Report"
Arunachal Pradesh,Anjaw,2016,2016 - 2017,Whole Year,All Crops,3655.0,2508.0,0.69,"DES Area, Production & Yield Query Report"
Arunachal Pradesh,Anjaw,2017,2017 - 2018,Whole Year,All Crops,3703.0,3775.0,1.02,"DES Area, Production & Yield Query Report"
Arunachal Pradesh,Anjaw,2018,2018 - 2019,Whole Year,All Crops,3727.0,3853.0,1.03,"DES Area, Production & Yield Query Report"
Arunachal Pradesh,Anjaw,2019,2019 - 2020,Whole Year,All Crops,3741.0,4069.0,1.09,"DES Area, Production & Yield Query Report"
Arunachal Pradesh,Anjaw,2020,2020 - 2021,Whole Year,All Crops,3752.0,4160.0,1.11,"DES Area, Production & Yield Query Report"
Arunachal Pradesh,Anjaw,2021,2021 - 2022,Whole Year,All Crops,3802.0,4245.0,1.12,"DES Area, Production & Yield Query Report"
Arunachal Pradesh,Anjaw,2022,2022 - 2023,Whole Year,All Crops,3826.0,4294.0,1.12,"DES Area, Production & Yield Query Report"
Arunachal Pradesh,Changlang,2013,2013 - 2014,Whole Year,All Crops,9681.0,19750.0,2.04,"DES Area, Production & Yield Query Report"
Arunachal Pradesh,Changlang,2014,2014 - 2015,Whole Year,All Crops,9081.0,20169.0,2.22,"DES Area, Production & Yield Query Report"
Arunachal Pradesh,Changlang,2015,2015 - 2016,Whole Year,All Crops,9175.0,19987.0,2.18,"DES Area, Production & Yield Query Report"
Arunachal Pradesh,Changlang,2016,2016 - 2017,Whole Year,All Crops,9375.0,20653.0,2.2,"DES Area, Production & Yield Query Report"
Arunachal Pradesh,Changlang,2017,2017 - 2018,Whole Year,All Crops,9423.0,20814.0,2.21,"DES Area, Production & Yield Query Report"
Arunachal Pradesh,Changlang,2018,2018 - 2019,Whole Year,All Crops,9447.0,20893.0,2.21,"DES Area, Production & Yield Query Report"
Arunachal Pradesh,Changlang,2019,2019 - 2020,Whole Year,All Crops,9461.0,21108.0,2.23,"DES Area, Production & Yield Query Report"
Arunachal Pradesh,Changlang,2020,2020 - 2021,Whole Year,All Crops,9471.0,21199.0,2.24,"DES Area, Production & Yield Query Report"
Arunachal Pradesh,Changlang,2021,2021 - 2022,Whole Year,All Crops,9671.0,21599.0,2.23,"DES Area, Production & Yield Query Report"
Arunachal Pradesh,Changlang,2022,2022 - 2023,Whole Year,All Crops,9703.0,21779.0,2.24,"DES Area, Production & Yield Query Report"
Arunachal Pradesh,Dibang valley,2013,2013 - 2014,Whole Year,All Crops,1690.0,1486.0,0.88,"DES Area, Production & Yield Query Report"
Arunachal Pradesh,Dibang valley,2014,2014 - 2015,Whole Year,All Crops,1690.0,1485.0,0.88,"DES Area, Production & Yield Query Report"
Arunachal Pradesh,Dibang valley,2015,2015 - 2016,Whole Year,All Crops,1690.0,1487.0,0.88,"DES Area, Production & Yield Query Report"
Arunachal Pradesh,Dibang valley,2016,2016 - 2017,Whole Year,All Crops,1759.0,1634.0,0.93,"DES Area, Production & Yield Query Report"
Arunachal Pradesh,Dibang valley,2017,2017 - 2018,Whole Year,All Crops,1807.0,1834.0,1.01,"DES Area, Production & Yield Query Report"
Arunachal Pradesh,Dibang valley,2018,2018 - 2019,Whole Year,All Crops,1831.0,1913.0,1.04,"DES Area, Production & Yield Query Report"
Arunachal Pradesh,Dibang valley,2019,2019 - 2020,Whole Year,All Crops,1845.0,2128.0,1.15,"DES Area, Production & Yield Query Report"
Arunachal Pradesh,Dibang valley,2020,2020 - 2021,Whole Year,All Crops,1856.0,2219.0,1.2,"DES Area, Production & Yield Query Report"
Arunachal Pradesh,Dibang valley,2021,2021 - 2022,Whole Year,All Crops,1896.0,2263.0,1.19,"DES Area, Production & Yield Query Report"
Arunachal Pradesh,Dibang valley,2022,2022 - 2023,Whole Year,All Crops,1917.0,2297.0,1.2,"DES Area, Production & Yield Query Report"
Arunachal Pradesh,East kameng,2013,2013 - 2014,Whole Year,All Crops,8968.0,9087.0,1.01,"DES Area, Production & Yield Query Report"
Arunachal Pradesh,East kameng,2014,2014 - 2015,Whole Year,All Crops,8968.0,9436.0,1.05,"DES Area, Production & Yield Query Report"
Arunachal Pradesh,East kameng,2015,2015 - 2016,Whole Year,All Crops,9062.0,11137.0,1.23,"DES Area, Production & Yield Query Report"
Arunachal Pradesh,East kameng,2016,2016 - 2017,Whole Year,All Crops,9047.0,11158.0,1.23,"DES Area, Production & Yield Query Report"
Arunachal Pradesh,East kameng,2017,2017 - 2018,Whole Year,All Crops,9095.0,11825.0,1.3,"DES Area, Production & Yield Query Report"
Arunachal Pradesh,East kameng,2018,2018 - 2019,Whole Year,All Crops,9119.0,11903.0,1.31,"DES Area, Production & Yield Query Report"
Arunachal Pradesh,East kameng,2019,2019 - 2020,Whole Year,All Crops,6393.0,8483.0,1.33,"DES Area, Production & Yield Query Report"
Arunachal Pradesh,East kameng,2020,2020 - 2021,Whole Year,All Crops,6404.0,8574.0,1.34,"DES Area, Production & Yield Query Report"
Arunachal Pradesh,East kameng,2021,2021 - 2022,Whole Year,All Crops,6504.0,8737.0,1.34,"DES Area, Production & Yield Query Report"
Arunachal Pradesh,East kameng,2022,2022 - 2023,Whole Year,All Crops,6532.0,8809.0,1.35,"DES Area, Production & Yield Query Report"
Arunachal Pradesh,East siang,2013,2013 - 2014,Whole Year,All Crops,16770.0,27044.0,1.61,"DES Area, Production & Yield Query Report"
Arunachal Pradesh,East siang,2014,2014 - 2015,Whole Year,All Crops,16120.0,27463.0,1.7,"DES Area, Production & Yield Query Report"
Arunachal Pradesh,East siang,2015,2015 - 2016,Whole Year,All Crops,11378.0,19388.0,1.7,"DES Area, Production & Yield Query Report"
Arunachal Pradesh,East siang,2016,2016 - 2017,Whole Year,All Crops,11743.0,21388.0,1.82,"DES Area, Production & Yield Query Report"
Arunachal Pradesh,East siang,2017,2017 - 2018,Whole Year,All Crops,11791.0,22817.0,1.94,"DES Area, Production & Yield Query Report"
Arunachal Pradesh,East siang,2018,2018 - 2019,Whole Year,All Crops,14046.0,25651.0,1.83,"DES Area, Production & Yield Query Report"
Arunachal Pradesh,East siang,2019,2019 - 2020,Whole Year,All Crops,14060.0,25866.0,1.84,"DES Area, Production & Yield Query Report"
Arunachal Pradesh,East siang,2020,2020 - 2021,Whole Year,All Crops,14071.0,25912.0,1.84,"DES Area, Production & Yield Query Report"
Arunachal Pradesh,East siang,2021,2021 - 2022,Whole Year,All Crops,14441.0,26764.0,1.85,"DES Area, Production & Yield Query Report"
Arunachal Pradesh,East siang,2022,2022 - 2023,Whole Year,All Crops,15132.0,28077.0,1.86,"DES Area, Production & Yield Query Report"
Arunachal Pradesh,Kamle,2018,2018 - 2019,Whole Year,All Crops,3581.0,7845.0,2.19,"DES Area, Production & Yield Query Report"
Arunachal Pradesh,Kamle,2019,2019 - 2020,Whole Year,All Crops,3595.0,8061.0,2.24,"DES Area, Production & Yield Query Report"
Arunachal Pradesh,Kamle,2020,2020 - 2021,Whole Year,All Crops,3606.0,8152.0,2.26,"DES Area, Production & Yield Query Report"
Arunachal Pradesh,Kamle,2021,2021 - 2022,Whole Year,All Crops,3656.0,8165.0,2.23,"DES Area, Production & Yield Query Report"
Arunachal Pradesh,Kamle,2022,2022 - 2023,Whole Year,All Crops,3658.0,7074.0,1.93,"DES Area, Production & Yield Query Report"
Arunachal Pradesh,Kra daadi,2015,2015 - 2016,Whole Year,All Crops,181.0,1299.0,7.18,"DES Area, Production & Yield Query Report"
Arunachal Pradesh,Kra daadi,2016,2016 - 2017,Whole Year,All Crops,500.0,679.0,1.36,"DES Area, Production & Yield Query Report"
Arunachal Pradesh,Kra daadi,2017,2017 - 2018,Whole Year,All Crops,570.0,879.0,1.54,"DES Area, Production & Yield Query Report"
Arunachal Pradesh,Kra daadi,2018,2018 - 2019,Whole Year,All Crops,594.0,957.0,1.61,"DES Area, Production & Yield Query Report"
Arunachal Pradesh,Kra daadi,2019,2019 - 2020,Whole Year,All Crops,608.0,1173.0,1.93,"DES Area, Production & Yield Query Report"
Arunachal Pradesh,Kra daadi,2020,2020 - 2021,Whole Year,All Crops,619.0,1264.0,2.04,"DES Area, Production & Yield Query Report"
Arunachal Pradesh,Kra daadi,2021,2021 - 2022,Whole Year,All Crops,645.0,1294.0,2.01,"DES Area, Production & Yield Query Report"
Arunachal Pradesh,Kra daadi,2022,2022 - 2023,Whole Year,All Crops,664.0,1327.0,2.0,"DES Area, Production & Yield Query Report"
Arunachal Pradesh,Kurung kumey,2013,2013 - 2014,Whole Year,All Crops,53.0,74.0,1.4,"DES Area, Production & Yield Query Report"
Arunachal Pradesh,Kurung kumey,2014,2014 - 2015,Whole Year,All Crops,53.0,74.0,1.4,"DES Area, Production & Yield Query Report"
Arunachal Pradesh,Kurung kumey,2015,2015 - 2016,Whole Year,All Crops,156.0,1092.0,7.0,"DES Area, Production & Yield Query Report"
Arunachal Pradesh,Kurung kumey,2016,2016 - 2017,Whole Year,All Crops,535.0,719.0,1.34,"DES Area, Production & Yield Query Report"
Arunachal Pradesh,Kurung kumey,2017,2017 - 2018,Whole Year,All Crops,601.0,919.0,1.53,"DES Area, Production & Yield Query Report"
Arunachal Pradesh,Kurung kumey,2018,2018 - 2019,Whole Year,All Crops,625.0,997.0,1.6,"DES Area, Production & Yield Query Report"
Arunachal Pradesh,Kurung kumey,2019,2019 - 2020,Whole Year,All Crops,639.0,1213.0,1.9,"DES Area, Production & Yield Query Report"
Arunachal Pradesh,Kurung kumey,2020,2020 - 2021,Whole Year,All Crops,650.0,1304.0,2.01,"DES Area, Production & Yield Query Report"
Arunachal Pradesh,Kurung kumey,2021,2021 - 2022,Whole Year,All Crops,670.0,1335.0,1.99,"DES Area, Production & Yield Query Report"
Arunachal Pradesh,Kurung kumey,2022,2022 - 2023,Whole Year,All Crops,691.0,1379.0,2.0,"DES Area, Production & Yield Query Report"
Arunachal Pradesh,Leparada,2019,2019 - 2020,Whole Year,All Crops,3521.0,5649.0,1.6,"DES Area, Production & Yield Query Report"
Arunachal Pradesh,Leparada,2020,2020 - 2021,Whole Year,All Crops,3532.0,5740.0,1.63,"DES Area, Production & Yield Query Report"
Arunachal Pradesh,Leparada,2021,2021 - 2022,Whole Year,All Crops,3612.0,6003.0,1.66,"DES Area, Production & Yield Query Report"
Arunachal Pradesh,Leparada,2022,2022 - 2023,Whole Year,All Crops,3664.0,6133.0,1.67,"DES Area, Production & Yield Query Report"
Arunachal Pradesh,Lohit,2013,2013 - 2014,Whole Year,All Crops,12150.0,21662.0,1.78,"DES Area, Production & Yield Query Report"
Arunachal Pradesh,Lohit,2014,2014 - 2015,Whole Year,All Crops,11450.0,22080.0,1.93,"DES Area, Production & Yield Query Report"
Arunachal Pradesh,Lohit,2015,2015 - 2016,Whole Year,All Crops,4655.0,8804.0,1.89,"DES Area, Production & Yield Query Report"
Arunachal Pradesh,Lohit,2016,2016 - 2017,Whole Year,All Crops,4559.0,9353.0,2.05,"DES Area, Production & Yield Query Report"
Arunachal Pradesh,Lohit,2017,2017 - 2018,Whole Year,All Crops,4607.0,9515.0,2.07,"DES Area, Production & Yield Query Report"
Arunachal Pradesh,Lohit,2018,2018 - 2019,Whole Year,All Crops,4631.0,9594.0,2.07,"DES Area, Production & Yield Query Report"
Arunachal Pradesh,Lohit,2019,2019 - 2020,Whole Year,All Crops,4645.0,9810.0,2.11,"DES Area, Production & Yield Query Report"
Arunachal Pradesh,Lohit,2020,2020 - 2021,Whole Year,All Crops,4656.0,9901.0,2.13,"DES Area, Production & Yield Query Report"
Arunachal Pradesh,Lohit,2021,2021 - 2022,Whole Year,All Crops,4736.0,10040.0,2.12,"DES Area, Production & Yield Query Report"
Arunachal Pradesh,Lohit,2022,2022 - 2023,Whole Year,All Crops,4764.0,10155.0,2.13,"DES Area, Production & Yield Query Report"
Arunachal Pradesh,Longding,2013,2013 - 2014,Whole Year,All Crops,2890.0,2504.0,0.87,"DES Area, Production & Yield Query Report"
Arunachal Pradesh,Longding,2014,2014 - 2015,Whole Year,All Crops,2890.0,2923.0,1.01,"DES Area, Production & Yield Query Report"
Arunachal Pradesh,Longding,2015,2015 - 2016,Whole Year,All Crops,2984.0,3484.0,1.17,"DES Area, Production & Yield Query Report"
Arunachal Pradesh,Longding,2016,2016 - 2017,Whole Year,All Crops,2984.0,4817.0,1.61,"DES Area, Production & Yield Query Report"
Arunachal Pradesh,Longding,2017,2017 - 2018,Whole Year,All Crops,3032.0,4979.0,1.64,"DES Area, Production & Yield Query Report"
Arunachal Pradesh,Longding,2018,2018 - 2019,Whole Year,All Crops,3056.0,5058.0,1.66,"DES Area, Production & Yield Query Report"
Arunachal Pradesh,Longding,2019,2019 - 2020,Whole Year,All Crops,3070.0,5280.0,1.72,"DES Area, Production & Yield Query Report"
Arunachal Pradesh,Longding,2020,2020 - 2021,Whole Year,All Crops,3080.0,5371.0,1.74,"DES Area, Production & Yield Query Report"
Arunachal Pradesh,Longding,2021,2021 - 2022,Whole Year,All Crops,3130.0,5477.0,1.75,"DES Area, Production & Yield Query Report"
Arunachal Pradesh,Longding,2022,2022 - 2023,Whole Year,All Crops,3154.0,5545.0,1.76,"DES Area, Production & Yield Query Report"
Arunachal Pradesh,Lower dibang valley,2013,2013 - 2014,Whole Year,All Crops,14595.0,16058.0,1.1,"DES Area, Production & Yield Query Report"
Arunachal Pradesh,Lower dibang valley,2014,2014 - 2015,Whole Year,All Crops,13906.0,16479.0,1.19,"DES Area, Production & Yield Query Report"
Arunachal Pradesh,Lower dibang valley,2015,2015 - 2016,Whole Year,All Crops,14000.0,18133.0,1.3,"DES Area, Production & Yield Query Report"
Arunachal Pradesh,Lower dibang valley,2016,2016 - 2017,Whole Year,All Crops,14640.0,20800.0,1.42,"DES Area, Production & Yield Query Report"
Arunachal Pradesh,Lower dibang valley,2017,2017 - 2018,Whole Year,All Crops,14688.0,22300.0,1.52,"DES Area, Production & Yield Query Report"
Arunachal Pradesh,Lower dibang valley,2018,2018 - 2019,Whole Year,All Crops,14712.0,22497.0,1.53,"DES Area, Production & Yield Query Report"
Arunachal Pradesh,Lower dibang valley,2019,2019 - 2020,Whole Year,All Crops,14726.0,22712.0,1.54,"DES Area, Production & Yield Query Report"
Arunachal Pradesh,Lower dibang valley,2020,2020 - 2021,Whole Year,All Crops,14737.0,22803.0,1.55,"DES Area, Production & Yield Query Report"
Arunachal Pradesh,Lower dibang valley,2021,2021 - 2022,Whole Year,All Crops,15107.0,23667.0,1.57,"DES Area, Production & Yield Query Report"
Arunachal Pradesh,Lower dibang valley,2022,2022 - 2023,Whole Year,All Crops,14475.0,23849.0,1.65,"DES Area, Production & Yield Query Report"
Arunachal Pradesh,Lower siang,2018,2018 - 2019,Whole Year,All Crops,5428.0,8189.0,1.51,"DES Area, Production & Yield Query Report"
Arunachal Pradesh,Lower siang,2019,2019 - 2020,Whole Year,All Crops,4898.0,7564.0,1.54,"DES Area, Production & Yield Query Report"
Arunachal Pradesh,Lower siang,2020,2020 - 2021,Whole Year,All Crops,4909.0,7655.0,1.56,"DES Area, Production & Yield Query Report"
Arunachal Pradesh,Lower siang,2021,2021 - 2022,Whole Year,All Crops,4959.0,7749.0,1.56,"DES Area, Production & Yield Query Report"
Arunachal Pradesh,Lower siang,2022,2022 - 2023,Whole Year,All Crops,4989.0,7836.0,1.57,"DES Area, Production & Yield Query Report"
Arunachal Pradesh,Lower subansiri,2013,2013 - 2014,Whole Year,All Crops,8373.0,14792.0,1.77,"DES Area, Production & Yield Query Report"
Arunachal Pradesh,Lower subansiri,2014,2014 - 2015,Whole Year,All Crops,7673.0,15210.0,1.98,"DES Area, Production & Yield Query Report"
Arunachal Pradesh,Lower subansiri,2015,2015 - 2016,Whole Year,All Crops,7767.0,15399.0,1.98,"DES Area, Production & Yield Query Report"
Arunachal Pradesh,Lower subansiri,2016,2016 - 2017,Whole Year,All Crops,8067.0,18044.0,2.24,"DES Area, Production & Yield Query Report"
Arunachal Pradesh,Lower subansiri,2017,2017 - 2018,Whole Year,All Crops,8115.0,18206.0,2.24,"DES Area, Production & Yield Query Report"
Arunachal Pradesh,Lower subansiri,2018,2018 - 2019,Whole Year,All Crops,6033.0,12213.0,2.02,"DES Area, Production & Yield Query Report"
Arunachal Pradesh,Lower subansiri,2019,2019 - 2020,Whole Year,All Crops,6047.0,12429.0,2.06,"DES Area, Production & Yield Query Report"
Arunachal Pradesh,Lower subansiri,2020,2020 - 2021,Whole Year,All Crops,6058.0,12520.0,2.07,"DES Area, Production & Yield Query Report"
Arunachal Pradesh,Lower subansiri,2021,2021 - 2022,Whole Year,All Crops,6208.0,12755.0,2.05,"DES Area, Production & Yield Query Report"
Arunachal Pradesh,Lower subansiri,2022,2022 - 2023,Whole Year,All Crops,6241.0,12883.0,2.06,"DES Area, Production & Yield Query Report"
Arunachal Pradesh,Namsai,2015,2015 - 2016,Whole Year,All Crops,6983.0,14667.0,2.1,"DES Area, Production & Yield Query Report"
Arunachal Pradesh,Namsai,2016,2016 - 2017,Whole Year,All Crops,8621.0,19463.0,2.26,"DES Area, Production & Yield Query Report"
Arunachal Pradesh,Namsai,2017,2017 - 2018,Whole Year,All Crops,8669.0,19625.0,2.26,"DES Area, Production & Yield Query Report"
Arunachal Pradesh,Namsai,2018,2018 - 2019,Whole Year,All Crops,8693.0,19703.0,2.27,"DES Area, Production & Yield Query Report"
Arunachal Pradesh,Namsai,2019,2019 - 2020,Whole Year,All Crops,8707.0,19919.0,2.29,"DES Area, Production & Yield Query Report"
Arunachal Pradesh,Namsai,2020,2020 - 2021,Whole Year,All Crops,8717.0,20010.0,2.3,"DES Area, Production & Yield Query Report"
Arunachal Pradesh,Namsai,2021,2021 - 2022,Whole Year,All Crops,8897.0,20167.0,2.27,"DES Area, Production & Yield Query Report"
Arunachal Pradesh,Namsai,2022,2022 - 2023,Whole Year,All Crops,8928.0,20342.0,2.28,"DES Area, Production & Yield Query Report"
Arunachal Pradesh,Pakke kessang,2019,2019 - 2020,Whole Year,All Crops,2740.0,3636.0,1.33,"DES Area, Production & Yield Query Report"
Arunachal Pradesh,Pakke kessang,2020,2020 - 2021,Whole Year,All Crops,2751.0,3727.0,1.35,"DES Area, Production & Yield Query Report"
Arunachal Pradesh,Pakke kessang,2021,2021 - 2022,Whole Year,All Crops,2795.0,3788.0,1.36,"DES Area, Production & Yield Query Report"
Arunachal Pradesh,Pakke kessang,2022,2022 - 2023,Whole Year,All Crops,2845.0,3875.0,1.36,"DES Area, Production & Yield Query Report"
Arunachal Pradesh,Papum pare,2013,2013 - 2014,Whole Year,All Crops,12025.0,22686.0,1.89,"DES Area, Production & Yield Query Report"
Arunachal Pradesh,Papum pare,2014,2014 - 2015,Whole Year,All Crops,11325.0,23105.0,2.04,"DES Area, Production & Yield Query Report"
Arunachal Pradesh,Papum pare,2015,2015 - 2016,Whole Year,All Crops,11325.0,23317.0,2.06,"DES Area, Production & Yield Query Report"
Arunachal Pradesh,Papum pare,2016,2016 - 2017,Whole Year,All Crops,12025.0,23749.0,1.97,"DES Area, Production & Yield Query Report"
Arunachal Pradesh,Papum pare,2017,2017 - 2018,Whole Year,All Crops,12073.0,23911.0,1.98,"DES Area, Production & Yield Query Report"
Arunachal Pradesh,Papum pare,2018,2018 - 2019,Whole Year,All Crops,12097.0,23990.0,1.98,"DES Area, Production & Yield Query Report"
Arunachal Pradesh,Papum pare,2019,2019 - 2020,Whole Year,All Crops,12111.0,24206.0,2.0,"DES Area, Production & Yield Query Report"
Arunachal Pradesh,Papum pare,2020,2020 - 2021,Whole Year,All Crops,12122.0,24342.0,2.01,"DES Area, Production & Yield Query Report"
Arunachal Pradesh,Papum pare,2021,2021 - 2022,Whole Year,All Crops,12322.0,24742.0,2.01,"DES Area, Production & Yield Query Report"
Arunachal Pradesh,Papum pare,2022,2022 - 2023,Whole Year,All Crops,12356.0,24939.0,2.02,"DES Area, Production & Yield Query Report"
Arunachal Pradesh,Shi yomi,2019,2019 - 2020,Whole Year,All Crops,2679.0,4327.0,1.62,"DES Area, Production & Yield Query Report"
Arunachal Pradesh,Shi yomi,2020,2020 - 2021,Whole Year,All Crops,2690.0,4418.0,1.64,"DES Area, Production & Yield Query Report"
Arunachal Pradesh,Shi yomi,2021,2021 - 2022,Whole Year,All Crops,2720.0,4511.0,1.66,"DES Area, Production & Yield Query Report"
Arunachal Pradesh,Shi yomi,2022,2022 - 2023,Whole Year,All Crops,2738.0,4561.0,1.67,"DES Area, Production & Yield Query Report"
Arunachal Pradesh,Siang,2015,2015 - 2016,Whole Year,All Crops,11133.0,14948.0,1.34,"DES Area, Production & Yield Query Report"
Arunachal Pradesh,Siang,2016,2016 - 2017,Whole Year,All Crops,7601.0,11581.0,1.52,"DES Area, Production & Yield Query Report"
Arunachal Pradesh,Siang,2017,2017 - 2018,Whole Year,All Crops,7649.0,11743.0,1.54,"DES Area, Production & Yield Query Report"
Arunachal Pradesh,Siang,2018,2018 - 2019,Whole Year,All Crops,7673.0,16679.0,2.17,"DES Area, Production & Yield Query Report"
Arunachal Pradesh,Siang,2019,2019 - 2020,Whole Year,All Crops,7687.0,16895.0,2.2,"DES Area, Production & Yield Query Report"
Arunachal Pradesh,Siang,2020,2020 - 2021,Whole Year,All Crops,7694.0,16993.0,2.21,"DES Area, Production & Yield Query Report"
Arunachal Pradesh,Siang,2021,2021 - 2022,Whole Year,All Crops,7864.0,17301.0,2.2,"DES Area, Production & Yield Query Report"
Arunachal Pradesh,Siang,2022,2022 - 2023,Whole Year,All Crops,7895.0,16942.0,2.15,"DES Area, Production & Yield Query Report"
Arunachal Pradesh,Tawang,2013,2013 - 2014,Whole Year,All Crops,835.0,879.0,1.05,"DES Area, Production & Yield Query Report"
Arunachal Pradesh,Tawang,2014,2014 - 2015,Whole Year,All Crops,835.0,1298.0,1.55,"DES Area, Production & Yield Query Report"
Arunachal Pradesh,Tawang,2015,2015 - 2016,Whole Year,All Crops,835.0,1298.0,1.55,"DES Area, Production & Yield Query Report"
Arunachal Pradesh,Tawang,2016,2016 - 2017,Whole Year,All Crops,835.0,1299.0,1.56,"DES Area, Production & Yield Query Report"
Arunachal Pradesh,Tawang,2017,2017 - 2018,Whole Year,All Crops,883.0,1461.0,1.65,"DES Area, Production & Yield Query Report"
Arunachal Pradesh,Tawang,2018,2018 - 2019,Whole Year,All Crops,907.0,1539.0,1.7,"DES Area, Production & Yield Query Report"
Arunachal Pradesh,Tawang,2019,2019 - 2020,Whole Year,All Crops,917.0,1750.0,1.91,"DES Area, Production & Yield Query Report"
Arunachal Pradesh,Tawang,2020,2020 - 2021,Whole Year,All Crops,928.0,1841.0,1.98,"DES Area, Production & Yield Query Report"
Arunachal Pradesh,Tawang,2021,2021 - 2022,Whole Year,All Crops,930.0,1841.0,1.98,"DES Area, Production & Yield Query Report"
Arunachal Pradesh,Tawang,2022,2022 - 2023,Whole Year,All Crops,949.0,1875.0,1.98,"DES Area, Production & Yield Query Report"
Arunachal Pradesh,Tirap,2013,2013 - 2014,Whole Year,All Crops,2280.0,1976.0,0.87,"DES Area, Production & Yield Query Report"
Arunachal Pradesh,Tirap,2014,2014 - 2015,Whole Year,All Crops,2280.0,2908.0,1.28,"DES Area, Production & Yield Query Report"
Arunachal Pradesh,Tirap,2015,2015 - 2016,Whole Year,All Crops,2374.0,3333.0,1.4,"DES Area, Production & Yield Query Report"
Arunachal Pradesh,Tirap,2016,2016 - 2017,Whole Year,All Crops,3000.0,3934.0,1.31,"DES Area, Production & Yield Query Report"
Arunachal Pradesh,Tirap,2017,2017 - 2018,Whole Year,All Crops,3048.0,4096.0,1.34,"DES Area, Production & Yield Query Report"
Arunachal Pradesh,Tirap,2018,2018 - 2019,Whole Year,All Crops,3072.0,4175.0,1.36,"DES Area, Production & Yield Query Report"
Arunachal Pradesh,Tirap,2019,2019 - 2020,Whole Year,All Crops,3086.0,4390.0,1.42,"DES Area, Production & Yield Query Report"
Arunachal Pradesh,Tirap,2020,2020 - 2021,Whole Year,All Crops,3096.0,4481.0,1.45,"DES Area, Production & Yield Query Report"
Arunachal Pradesh,Tirap,2021,2021 - 2022,Whole Year,All Crops,3146.0,4562.0,1.45,"DES Area, Production & Yield Query Report"
Arunachal Pradesh,Tirap,2022,2022 - 2023,Whole Year,All Crops,3173.0,4623.0,1.46,"DES Area, Production & Yield Query Report"
Arunachal Pradesh,Upper siang,2013,2013 - 2014,Whole Year,All Crops,6615.0,8510.0,1.29,"DES Area, Production & Yield Query Report"
Arunachal Pradesh,Upper siang,2014,2014 - 2015,Whole Year,All Crops,6615.0,8794.0,1.33,"DES Area, Production & Yield Query Report"
Arunachal Pradesh,Upper siang,2015,2015 - 2016,Whole Year,All Crops,6709.0,10667.0,1.59,"DES Area, Production & Yield Query Report"
Arunachal Pradesh,Upper siang,2016,2016 - 2017,Whole Year,All Crops,6668.0,12669.0,1.9,"DES Area, Production & Yield Query Report"
Arunachal Pradesh,Upper siang,2017,2017 - 2018,Whole Year,All Crops,6716.0,12760.0,1.9,"DES Area, Production & Yield Query Report"
Arunachal Pradesh,Upper siang,2018,2018 - 2019,Whole Year,All Crops,6740.0,12839.0,1.9,"DES Area, Production & Yield Query Report"
Arunachal Pradesh,Upper siang,2019,2019 - 2020,Whole Year,All Crops,6754.0,13054.0,1.93,"DES Area, Production & Yield Query Report"
Arunachal Pradesh,Upper siang,2020,2020 - 2021,Whole Year,All Crops,6765.0,13145.0,1.94,"DES Area, Production & Yield Query Report"
Arunachal Pradesh,Upper siang,2021,2021 - 2022,Whole Year,All Crops,6915.0,13507.0,1.95,"DES Area, Production & Yield Query Report"
Arunachal Pradesh,Upper siang,2022,2022 - 2023,Whole Year,All Crops,6944.0,13637.0,1.96,"DES Area, Production & Yield Query Report"
Arunachal Pradesh,Upper subansiri,2013,2013 - 2014,Whole Year,All Crops,5062.0,9280.0,1.83,"DES Area, Production & Yield Query Report"
Arunachal Pradesh,Upper subansiri,2014,2014 - 2015,Whole Year,All Crops,5062.0,9698.0,1.92,"DES Area, Production & Yield Query Report"
Arunachal Pradesh,Upper subansiri,2015,2015 - 2016,Whole Year,All Crops,5156.0,9797.0,1.9,"DES Area, Production & Yield Query Report"
Arunachal Pradesh,Upper subansiri,2016,2016 - 2017,Whole Year,All Crops,5121.0,10608.0,2.07,"DES Area, Production & Yield Query Report"
Arunachal Pradesh,Upper subansiri,2017,2017 - 2018,Whole Year,All Crops,5169.0,10770.0,2.08,"DES Area, Production & Yield Query Report"
Arunachal Pradesh,Upper subansiri,2018,2018 - 2019,Whole Year,All Crops,4342.0,8996.0,2.07,"DES Area, Production & Yield Query Report"
Arunachal Pradesh,Upper subansiri,2019,2019 - 2020,Whole Year,All Crops,4356.0,9212.0,2.11,"DES Area, Production & Yield Query Report"
Arunachal Pradesh,Upper subansiri,2020,2020 - 2021,Whole Year,All Crops,4367.0,9303.0,2.13,"DES Area, Production & Yield Query Report"
Arunachal Pradesh,Upper subansiri,2021,2021 - 2022,Whole Year,All Crops,4467.0,9381.0,2.1,"DES Area, Production & Yield Query Report"
Arunachal Pradesh,Upper subansiri,2022,2022 - 2023,Whole Year,All Crops,4496.0,9485.0,2.11,"DES Area, Production & Yield Query Report"
Arunachal Pradesh,West kameng,2013,2013 - 2014,Whole Year,All Crops,880.0,891.0,1.01,"DES Area, Production & Yield Query Report"
Arunachal Pradesh,West kameng,2014,2014 - 2015,Whole Year,All Crops,880.0,1256.0,1.43,"DES Area, Production & Yield Query Report"
Arunachal Pradesh,West kameng,2015,2015 - 2016,Whole Year,All Crops,880.0,1257.0,1.43,"DES Area, Production & Yield Query Report"
Arunachal Pradesh,West kameng,2016,2016 - 2017,Whole Year,All Crops,882.0,1257.0,1.42,"DES Area, Production & Yield Query Report"
Arunachal Pradesh,West kameng,2017,2017 - 2018,Whole Year,All Crops,930.0,1419.0,1.53,"DES Area, Production & Yield Query Report"
Arunachal Pradesh,West kameng,2018,2018 - 2019,Whole Year,All Crops,954.0,1497.0,1.57,"DES Area, Production & Yield Query Report"
Arunachal Pradesh,West kameng,2019,2019 - 2020,Whole Year,All Crops,964.0,1710.0,1.77,"DES Area, Production & Yield Query Report"
Arunachal Pradesh,West kameng,2020,2020 - 2021,Whole Year,All Crops,975.0,1801.0,1.85,"DES Area, Production & Yield Query Report"
Arunachal Pradesh,West kameng,2021,2021 - 2022,Whole Year,All Crops,980.0,1803.0,1.84,"DES Area, Production & Yield Query Report"
Arunachal Pradesh,West kameng,2022,2022 - 2023,Whole Year,All Crops,985.0,1819.0,1.85,"DES Area, Production & Yield Query Report"
Arunachal Pradesh,West siang,2013,2013 - 2014,Whole Year,All Crops,25561.0,24801.0,0.97,"DES Area, Production & Yield Query Report"
Arunachal Pradesh,West siang,2014,2014 - 2015,Whole Year,All Crops,24811.0,25220.0,1.02,"DES Area, Production & Yield Query Report"
Arunachal Pradesh,West siang,2015,2015 - 2016,Whole Year,All Crops,18702.0,22000.0,1.18,"DES Area, Production & Yield Query Report"
Arunachal Pradesh,West siang,2016,2016 - 2017,Whole Year,All Crops,19383.0,23687.0,1.22,"DES Area, Production & Yield Query Report"
Arunachal Pradesh,West siang,2017,2017 - 2018,Whole Year,All Crops,19431.0,29687.0,1.53,"DES Area, Production & Yield Query Report"
Arunachal Pradesh,West siang,2018,2018 - 2019,Whole Year,All Crops,11892.0,19017.0,1.6,"DES Area, Production & Yield Query Report"
Arunachal Pradesh,West siang,2019,2019 - 2020,Whole Year,All Crops,6250.0,10097.0,1.62,"DES Area, Production & Yield Query Report"
Arunachal Pradesh,West siang,2020,2020 - 2021,Whole Year,All Crops,6261.0,10188.0,1.63,"DES Area, Production & Yield Query Report"
Arunachal Pradesh,West siang,2021,2021 - 2022,Whole Year,All Crops,6411.0,10681.0,1.67,"DES Area, Production & Yield Query Report"
Arunachal Pradesh,West siang,2022,2022 - 2023,Whole Year,All Crops,6447.0,10862.0,1.68,"DES Area, Production & Yield Query Report"
Assam,Baksa,2013,2013 - 2014,Whole Year,All Crops,98680.0,184041.0,1.87,"DES Area, Production & Yield Query Report"
Assam,Baksa,2014,2014 - 2015,Whole Year,All Crops,99920.0,219819.0,2.2,"DES Area, Production & Yield Query Report"
Assam,Baksa,2015,2015 - 2016,Whole Year,All Crops,99225.0,207366.0,2.09,"DES Area, Production & Yield Query Report"
Assam,Baksa,2016,2016 - 2017,Whole Year,All Crops,98925.0,186516.0,1.89,"DES Area, Production & Yield Query Report"
Assam,Baksa,2017,2017 - 2018,Whole Year,All Crops,99165.0,221970.0,2.24,"DES Area, Production & Yield Query Report"
Assam,Baksa,2018,2018 - 2019,Whole Year,All Crops,99209.0,213480.0,2.15,"DES Area, Production & Yield Query Report"
Assam,Baksa,2019,2019 - 2020,Whole Year,All Crops,99200.0,199563.0,2.01,"DES Area, Production & Yield Query Report"
Assam,Baksa,2020,2020 - 2021,Whole Year,All Crops,95880.0,186776.0,1.95,"DES Area, Production & Yield Query Report"
Assam,Baksa,2021,2021 - 2022,Whole Year,All Crops,95916.0,206194.0,2.15,"DES Area, Production & Yield Query Report"
Assam,Baksa,2022,2022 - 2023,Whole Year,All Crops,90275.0,232533.0,2.58,"DES Area, Production & Yield Query Report"
Assam,Barpeta,2013,2013 - 2014,Whole Year,All Crops,134698.0,298014.0,2.21,"DES Area, Production & Yield Query Report"
Assam,Barpeta,2014,2014 - 2015,Whole Year,All Crops,135966.0,262510.0,1.93,"DES Area, Production & Yield Query Report"
Assam,Barpeta,2015,2015 - 2016,Whole Year,All Crops,130310.0,233151.0,1.79,"DES Area, Production & Yield Query Report"
Assam,Barpeta,2016,2016 - 2017,Whole Year,All Crops,129792.0,265321.0,2.04,"DES Area, Production & Yield Query Report"
Assam,Barpeta,2017,2017 - 2018,Whole Year,All Crops,128021.0,306515.0,2.39,"DES Area, Production & Yield Query Report"
Assam,Barpeta,2018,2018 - 2019,Whole Year,All Crops,114008.0,273046.0,2.39,"DES Area, Production & Yield Query Report"
Assam,Barpeta,2019,2019 - 2020,Whole Year,All Crops,118301.0,286043.0,2.42,"DES Area, Production & Yield Query Report"
Assam,Barpeta,2020,2020 - 2021,Whole Year,All Crops,114002.0,266265.0,2.34,"DES Area, Production & Yield Query Report"
Assam,Barpeta,2021,2021 - 2022,Whole Year,All Crops,111748.0,279146.0,2.5,"DES Area, Production & Yield Query Report"
Assam,Barpeta,2022,2022 - 2023,Whole Year,All Crops,106806.0,300348.0,2.81,"DES Area, Production & Yield Query Report"
Assam,Biswanath,2020,2020 - 2021,Whole Year,All Crops,67763.0,126028.0,1.86,"DES Area, Production & Yield Query Report"
Assam,Biswanath,2021,2021 - 2022,Whole Year,All Crops,64537.0,108381.0,1.68,"DES Area, Production & Yield Query Report"
Assam,Biswanath,2022,2022 - 2023,Whole Year,All Crops,60027.0,153022.0,2.55,"DES Area, Production & Yield Query Report"
Assam,Bongaigaon,2013,2013 - 2014,Whole Year,All Crops,56781.0,122486.0,2.16,"DES Area, Production & Yield Query Report"
Assam,Bongaigaon,2014,2014 - 2015,Whole Year,All Crops,52849.0,115939.0,2.19,"DES Area, Production & Yield Query Report"
Assam,Bongaigaon,2015,2015 - 2016,Whole Year,All Crops,52185.0,94130.0,1.8,"DES Area, Production & Yield Query Report"
Assam,Bongaigaon,2016,2016 - 2017,Whole Year,All Crops,57176.0,119795.0,2.1,"DES Area, Production & Yield Query Report"
Assam,Bongaigaon,2017,2017 - 2018,Whole Year,All Crops,53112.0,107439.0,2.02,"DES Area, Production & Yield Query Report"
Assam,Bongaigaon,2018,2018 - 2019,Whole Year,All Crops,53932.0,91862.0,1.7,"DES Area, Production & Yield Query Report"
Assam,Bongaigaon,2019,2019 - 2020,Whole Year,All Crops,55015.0,83461.0,1.52,"DES Area, Production & Yield Query Report"
Assam,Bongaigaon,2020,2020 - 2021,Whole Year,All Crops,54447.0,100212.0,1.84,"DES Area, Production & Yield Query Report"
Assam,Bongaigaon,2021,2021 - 2022,Whole Year,All Crops,61273.0,115743.0,1.89,"DES Area, Production & Yield Query Report"
Assam,Bongaigaon,2022,2022 - 2023,Whole Year,All Crops,61640.0,175418.0,2.85,"DES Area, Production & Yield Query Report"
Assam,Cachar,2013,2013 - 2014,Whole Year,All Crops,96477.0,176287.0,1.83,"DES Area, Production & Yield Query Report"
Assam,Cachar,2014,2014 - 2015,Whole Year,All Crops,107882.0,245893.0,2.28,"DES Area, Production & Yield Query Report"
Assam,Cachar,2015,2015 - 2016,Whole Year,All Crops,108076.0,221229.0,2.05,"DES Area, Production & Yield Query Report"
Assam,Cachar,2016,2016 - 2017,Whole Year,All Crops,110917.0,217545.0,1.96,"DES Area, Production & Yield Query Report"
Assam,Cachar,2017,2017 - 2018,Whole Year,All Crops,111046.0,176642.0,1.59,"DES Area, Production & Yield Query Report"
Assam,Cachar,2018,2018 - 2019,Whole Year,All Crops,108656.0,243166.0,2.24,"DES Area, Production & Yield Query Report"
Assam,Cachar,2019,2019 - 2020,Whole Year,All Crops,108823.0,246805.0,2.27,"DES Area, Production & Yield Query Report"
Assam,Cachar,2020,2020 - 2021,Whole Year,All Crops,108821.0,247583.0,2.28,"DES Area, Production & Yield Query Report"
Assam,Cachar,2021,2021 - 2022,Whole Year,All Crops,106329.0,239069.0,2.25,"DES Area, Production & Yield Query Report"
Assam,Cachar,2022,2022 - 2023,Whole Year,All Crops,85476.0,179070.0,2.09,"DES Area, Production & Yield Query Report"
Assam,Charaideo,2020,2020 - 2021,Whole Year,All Crops,32518.0,63505.0,1.95,"DES Area, Production & Yield Query Report"
Assam,Charaideo,2021,2021 - 2022,Whole Year,All Crops,33343.0,57918.0,1.74,"DES Area, Production & Yield Query Report"
Assam,Charaideo,2022,2022 - 2023,Whole Year,All Crops,34669.0,88051.0,2.54,"DES Area, Production & Yield Query Report"
Assam,Chirang,2013,2013 - 2014,Whole Year,All Crops,46856.0,75939.0,1.62,"DES Area, Production & Yield Query Report"
Assam,Chirang,2014,2014 - 2015,Whole Year,All Crops,45525.0,72856.0,1.6,"DES Area, Production & Yield Query Report"
Assam,Chirang,2015,2015 - 2016,Whole Year,All Crops,44619.0,76409.0,1.71,"DES Area, Production & Yield Query Report"
Assam,Chirang,2016,2016 - 2017,Whole Year,All Crops,42871.0,71549.0,1.67,"DES Area, Production & Yield Query Report"
Assam,Chirang,2017,2017 - 2018,Whole Year,All Crops,41304.0,70822.0,1.71,"DES Area, Production & Yield Query Report"
Assam,Chirang,2018,2018 - 2019,Whole Year,All Crops,43710.0,69090.0,1.58,"DES Area, Production & Yield Query Report"
Assam,Chirang,2019,2019 - 2020,Whole Year,All Crops,42677.0,74605.0,1.75,"DES Area, Production & Yield Query Report"
Assam,Chirang,2020,2020 - 2021,Whole Year,All Crops,38118.0,74551.0,1.96,"DES Area, Production & Yield Query Report"
Assam,Chirang,2021,2021 - 2022,Whole Year,All Crops,37650.0,63708.0,1.69,"DES Area, Production & Yield Query Report"
Assam,Chirang,2022,2022 - 2023,Whole Year,All Crops,38310.0,104012.0,2.72,"DES Area, Production & Yield Query Report"
Assam,Darrang,2013,2013 - 2014,Whole Year,All Crops,69689.0,161316.0,2.31,"DES Area, Production & Yield Query Report"
Assam,Darrang,2014,2014 - 2015,Whole Year,All Crops,69073.0,173092.0,2.51,"DES Area, Production & Yield Query Report"
Assam,Darrang,2015,2015 - 2016,Whole Year,All Crops,69954.0,167861.0,2.4,"DES Area, Production & Yield Query Report"
Assam,Darrang,2016,2016 - 2017,Whole Year,All Crops,70814.0,160210.0,2.26,"DES Area, Production & Yield Query Report"
Assam,Darrang,2017,2017 - 2018,Whole Year,All Crops,72453.0,163827.0,2.26,"DES Area, Production & Yield Query Report"
Assam,Darrang,2018,2018 - 2019,Whole Year,All Crops,71187.0,187020.0,2.63,"DES Area, Production & Yield Query Report"
Assam,Darrang,2019,2019 - 2020,Whole Year,All Crops,71601.0,193800.0,2.71,"DES Area, Production & Yield Query Report"
Assam,Darrang,2020,2020 - 2021,Whole Year,All Crops,71428.0,192940.0,2.7,"DES Area, Production & Yield Query Report"
Assam,Darrang,2021,2021 - 2022,Whole Year,All Crops,71941.0,151807.0,2.11,"DES Area, Production & Yield Query Report"
Assam,Darrang,2022,2022 - 2023,Whole Year,All Crops,67011.0,192463.0,2.87,"DES Area, Production & Yield Query Report"
Assam,Dhemaji,2013,2013 - 2014,Whole Year,All Crops,82350.0,129145.0,1.57,"DES Area, Production & Yield Query Report"
Assam,Dhemaji,2014,2014 - 2015,Whole Year,All Crops,85539.0,131692.0,1.54,"DES Area, Production & Yield Query Report"
Assam,Dhemaji,2015,2015 - 2016,Whole Year,All Crops,80570.0,117402.0,1.46,"DES Area, Production & Yield Query Report"
Assam,Dhemaji,2016,2016 - 2017,Whole Year,All Crops,72328.0,102040.0,1.41,"DES Area, Production & Yield Query Report"
Assam,Dhemaji,2017,2017 - 2018,Whole Year,All Crops,69486.0,112157.0,1.61,"DES Area, Production & Yield Query Report"
Assam,Dhemaji,2018,2018 - 2019,Whole Year,All Crops,69832.0,85616.0,1.23,"DES Area, Production & Yield Query Report"
Assam,Dhemaji,2019,2019 - 2020,Whole Year,All Crops,68970.0,86210.0,1.25,"DES Area, Production & Yield Query Report"
Assam,Dhemaji,2020,2020 - 2021,Whole Year,All Crops,67519.0,99513.0,1.47,"DES Area, Production & Yield Query Report"
Assam,Dhemaji,2021,2021 - 2022,Whole Year,All Crops,67908.0,103807.0,1.53,"DES Area, Production & Yield Query Report"
Assam,Dhemaji,2022,2022 - 2023,Whole Year,All Crops,77044.0,167720.0,2.18,"DES Area, Production & Yield Query Report"
Assam,Dhubri,2013,2013 - 2014,Whole Year,All Crops,86604.0,236285.0,2.73,"DES Area, Production & Yield Query Report"
Assam,Dhubri,2014,2014 - 2015,Whole Year,All Crops,86058.0,236461.0,2.75,"DES Area, Production & Yield Query Report"
Assam,Dhubri,2015,2015 - 2016,Whole Year,All Crops,84469.0,228072.0,2.7,"DES Area, Production & Yield Query Report"
Assam,Dhubri,2016,2016 - 2017,Whole Year,All Crops,86298.0,263670.0,3.06,"DES Area, Production & Yield Query Report"
Assam,Dhubri,2017,2017 - 2018,Whole Year,All Crops,85669.0,211361.0,2.47,"DES Area, Production & Yield Query Report"
Assam,Dhubri,2018,2018 - 2019,Whole Year,All Crops,92173.0,233663.0,2.54,"DES Area, Production & Yield Query Report"
Assam,Dhubri,2019,2019 - 2020,Whole Year,All Crops,98888.0,258010.0,2.61,"DES Area, Production & Yield Query Report"
Assam,Dhubri,2020,2020 - 2021,Whole Year,All Crops,78371.0,216518.0,2.76,"DES Area, Production & Yield Query Report"
Assam,Dhubri,2021,2021 - 2022,Whole Year,All Crops,78641.0,146111.0,1.86,"DES Area, Production & Yield Query Report"
Assam,Dhubri,2022,2022 - 2023,Whole Year,All Crops,78497.0,243550.0,3.1,"DES Area, Production & Yield Query Report"
Assam,Dibrugarh,2013,2013 - 2014,Whole Year,All Crops,78070.0,148054.0,1.9,"DES Area, Production & Yield Query Report"
Assam,Dibrugarh,2014,2014 - 2015,Whole Year,All Crops,74728.0,129091.0,1.73,"DES Area, Production & Yield Query Report"
Assam,Dibrugarh,2015,2015 - 2016,Whole Year,All Crops,79342.0,153400.0,1.93,"DES Area, Production & Yield Query Report"
Assam,Dibrugarh,2016,2016 - 2017,Whole Year,All Crops,73729.0,142799.0,1.94,"DES Area, Production & Yield Query Report"
Assam,Dibrugarh,2017,2017 - 2018,Whole Year,All Crops,78605.0,163908.0,2.09,"DES Area, Production & Yield Query Report"
Assam,Dibrugarh,2018,2018 - 2019,Whole Year,All Crops,78362.0,148110.0,1.89,"DES Area, Production & Yield Query Report"
Assam,Dibrugarh,2019,2019 - 2020,Whole Year,All Crops,76156.0,137852.0,1.81,"DES Area, Production & Yield Query Report"
Assam,Dibrugarh,2020,2020 - 2021,Whole Year,All Crops,76147.0,166008.0,2.18,"DES Area, Production & Yield Query Report"
Assam,Dibrugarh,2021,2021 - 2022,Whole Year,All Crops,79191.0,120485.0,1.52,"DES Area, Production & Yield Query Report"
Assam,Dibrugarh,2022,2022 - 2023,Whole Year,All Crops,78140.0,215876.0,2.76,"DES Area, Production & Yield Query Report"
Assam,Dima hasao,2013,2013 - 2014,Whole Year,All Crops,15823.0,31837.0,2.01,"DES Area, Production & Yield Query Report"
Assam,Dima hasao,2014,2014 - 2015,Whole Year,All Crops,14700.0,34511.0,2.35,"DES Area, Production & Yield Query Report"
Assam,Dima hasao,2015,2015 - 2016,Whole Year,All Crops,14614.0,31831.0,2.18,"DES Area, Production & Yield Query Report"
Assam,Dima hasao,2016,2016 - 2017,Whole Year,All Crops,15035.0,31703.0,2.11,"DES Area, Production & Yield Query Report"
Assam,Dima hasao,2017,2017 - 2018,Whole Year,All Crops,13791.0,31089.0,2.25,"DES Area, Production & Yield Query Report"
Assam,Dima hasao,2018,2018 - 2019,Whole Year,All Crops,13788.0,29790.0,2.16,"DES Area, Production & Yield Query Report"
Assam,Dima hasao,2019,2019 - 2020,Whole Year,All Crops,14458.0,31371.0,2.17,"DES Area, Production & Yield Query Report"
Assam,Dima hasao,2020,2020 - 2021,Whole Year,All Crops,14560.0,34536.0,2.37,"DES Area, Production & Yield Query Report"
Assam,Dima hasao,2021,2021 - 2022,Whole Year,All Crops,14320.0,29555.0,2.06,"DES Area, Production & Yield Query Report"
Assam,Dima hasao,2022,2022 - 2023,Whole Year,All Crops,15562.0,35149.0,2.26,"DES Area, Production & Yield Query Report"
Assam,Goalpara,2013,2013 - 2014,Whole Year,All Crops,83159.0,208282.0,2.5,"DES Area, Production & Yield Query Report"
Assam,Goalpara,2014,2014 - 2015,Whole Year,All Crops,84268.0,193831.0,2.3,"DES Area, Production & Yield Query Report"
Assam,Goalpara,2015,2015 - 2016,Whole Year,All Crops,85216.0,187923.0,2.21,"DES Area, Production & Yield Query Report"
Assam,Goalpara,2016,2016 - 2017,Whole Year,All Crops,82258.0,188409.0,2.29,"DES Area, Production & Yield Query Report"
Assam,Goalpara,2017,2017 - 2018,Whole Year,All Crops,83726.0,222335.0,2.66,"DES Area, Production & Yield Query Report"
Assam,Goalpara,2018,2018 - 2019,Whole Year,All Crops,79180.0,215810.0,2.73,"DES Area, Production & Yield Query Report"
Assam,Goalpara,2019,2019 - 2020,Whole Year,All Crops,80593.0,193322.0,2.4,"DES Area, Production & Yield Query Report"
Assam,Goalpara,2020,2020 - 2021,Whole Year,All Crops,75971.0,185243.0,2.44,"DES Area, Production & Yield Query Report"
Assam,Goalpara,2021,2021 - 2022,Whole Year,All Crops,75938.0,156002.0,2.05,"DES Area, Production & Yield Query Report"
Assam,Goalpara,2022,2022 - 2023,Whole Year,All Crops,76418.0,225403.0,2.95,"DES Area, Production & Yield Query Report"
Assam,Golaghat,2013,2013 - 2014,Whole Year,All Crops,124151.0,295077.0,2.38,"DES Area, Production & Yield Query Report"
Assam,Golaghat,2014,2014 - 2015,Whole Year,All Crops,123624.0,276255.0,2.23,"DES Area, Production & Yield Query Report"
Assam,Golaghat,2015,2015 - 2016,Whole Year,All Crops,121572.0,264148.0,2.17,"DES Area, Production & Yield Query Report"
Assam,Golaghat,2016,2016 - 2017,Whole Year,All Crops,123374.0,251825.0,2.04,"DES Area, Production & Yield Query Report"
Assam,Golaghat,2017,2017 - 2018,Whole Year,All Crops,123295.0,270568.0,2.19,"DES Area, Production & Yield Query Report"
Assam,Golaghat,2018,2018 - 2019,Whole Year,All Crops,121931.0,268687.0,2.2,"DES Area, Production & Yield Query Report"
Assam,Golaghat,2019,2019 - 2020,Whole Year,All Crops,122350.0,271426.0,2.22,"DES Area, Production & Yield Query Report"
Assam,Golaghat,2020,2020 - 2021,Whole Year,All Crops,121615.0,253556.0,2.08,"DES Area, Production & Yield Query Report"
Assam,Golaghat,2021,2021 - 2022,Whole Year,All Crops,123142.0,124629.0,1.01,"DES Area, Production & Yield Query Report"
Assam,Golaghat,2022,2022 - 2023,Whole Year,All Crops,124195.0,343342.0,2.76,"DES Area, Production & Yield Query Report"
Assam,Hailakandi,2013,2013 - 2014,Whole Year,All Crops,46675.0,113866.0,2.44,"DES Area, Production & Yield Query Report"
Assam,Hailakandi,2014,2014 - 2015,Whole Year,All Crops,45343.0,126300.0,2.79,"DES Area, Production & Yield Query Report"
Assam,Hailakandi,2015,2015 - 2016,Whole Year,All Crops,45290.0,107433.0,2.37,"DES Area, Production & Yield Query Report"
Assam,Hailakandi,2016,2016 - 2017,Whole Year,All Crops,45098.0,100923.0,2.24,"DES Area, Production & Yield Query Report"
Assam,Hailakandi,2017,2017 - 2018,Whole Year,All Crops,44870.0,96895.0,2.16,"DES Area, Production & Yield Query Report"
Assam,Hailakandi,2018,2018 - 2019,Whole Year,All Crops,44890.0,106373.0,2.37,"DES Area, Production & Yield Query Report"
Assam,Hailakandi,2019,2019 - 2020,Whole Year,All Crops,43933.0,120870.0,2.75,"DES Area, Production & Yield Query Report"
Assam,Hailakandi,2020,2020 - 2021,Whole Year,All Crops,44102.0,110288.0,2.5,"DES Area, Production & Yield Query Report"
Assam,Hailakandi,2021,2021 - 2022,Whole Year,All Crops,43352.0,72432.0,1.67,"DES Area, Production & Yield Query Report"
Assam,Hailakandi,2022,2022 - 2023,Whole Year,All Crops,42307.0,115440.0,2.73,"DES Area, Production & Yield Query Report"
Assam,Hojai,2020,2020 - 2021,Whole Year,All Crops,65095.0,190893.0,2.93,"DES Area, Production & Yield Query Report"
Assam,Hojai,2021,2021 - 2022,Whole Year,All Crops,65192.0,150271.0,2.31,"DES Area, Production & Yield Query Report"
Assam,Hojai,2022,2022 - 2023,Whole Year,All Crops,64135.0,218529.0,3.41,"DES Area, Production & Yield Query Report"
Assam,Jorhat,2013,2013 - 2014,Whole Year,All Crops,94111.0,188725.0,2.01,"DES Area, Production & Yield Query Report"
Assam,Jorhat,2014,2014 - 2015,Whole Year,All Crops,91893.0,176550.0,1.92,"DES Area, Production & Yield Query Report"
Assam,Jorhat,2015,2015 - 2016,Whole Year,All Crops,93738.0,198887.0,2.12,"DES Area, Production & Yield Query Report"
Assam,Jorhat,2016,2016 - 2017,Whole Year,All Crops,93067.0,197134.0,2.12,"DES Area, Production & Yield Query Report"
Assam,Jorhat,2017,2017 - 2018,Whole Year,All Crops,101889.0,225748.0,2.22,"DES Area, Production & Yield Query Report"
Assam,Jorhat,2018,2018 - 2019,Whole Year,All Crops,100447.0,248414.0,2.47,"DES Area, Production & Yield Query Report"
Assam,Jorhat,2019,2019 - 2020,Whole Year,All Crops,98817.0,242690.0,2.46,"DES Area, Production & Yield Query Report"
Assam,Jorhat,2020,2020 - 2021,Whole Year,All Crops,69748.0,147783.0,2.12,"DES Area, Production & Yield Query Report"
Assam,Jorhat,2021,2021 - 2022,Whole Year,All Crops,70211.0,97473.0,1.39,"DES Area, Production & Yield Query Report"
Assam,Jorhat,2022,2022 - 2023,Whole Year,All Crops,69372.0,202003.0,2.91,"DES Area, Production & Yield Query Report"
Assam,Kamrup,2013,2013 - 2014,Whole Year,All Crops,121339.0,274260.0,2.26,"DES Area, Production & Yield Query Report"
Assam,Kamrup,2014,2014 - 2015,Whole Year,All Crops,113627.0,260897.0,2.3,"DES Area, Production & Yield Query Report"
Assam,Kamrup,2015,2015 - 2016,Whole Year,All Crops,110188.0,273394.0,2.48,"DES Area, Production & Yield Query Report"
Assam,Kamrup,2016,2016 - 2017,Whole Year,All Crops,113637.0,261274.0,2.3,"DES Area, Production & Yield Query Report"
Assam,Kamrup,2017,2017 - 2018,Whole Year,All Crops,104000.0,247037.0,2.38,"DES Area, Production & Yield Query Report"
Assam,Kamrup,2018,2018 - 2019,Whole Year,All Crops,107305.0,284078.0,2.65,"DES Area, Production & Yield Query Report"
Assam,Kamrup,2019,2019 - 2020,Whole Year,All Crops,106793.0,266166.0,2.49,"DES Area, Production & Yield Query Report"
Assam,Kamrup,2020,2020 - 2021,Whole Year,All Crops,117487.0,264530.0,2.25,"DES Area, Production & Yield Query Report"
Assam,Kamrup,2021,2021 - 2022,Whole Year,All Crops,115492.0,194924.0,1.69,"DES Area, Production & Yield Query Report"
Assam,Kamrup,2022,2022 - 2023,Whole Year,All Crops,112974.0,334343.0,2.96,"DES Area, Production & Yield Query Report"
Assam,Kamrup metro,2013,2013 - 2014,Whole Year,All Crops,29228.0,69552.0,2.38,"DES Area, Production & Yield Query Report"
Assam,Kamrup metro,2014,2014 - 2015,Whole Year,All Crops,29210.0,64756.0,2.22,"DES Area, Production & Yield Query Report"
Assam,Kamrup metro,2015,2015 - 2016,Whole Year,All Crops,29559.0,69126.0,2.34,"DES Area, Production & Yield Query Report"
Assam,Kamrup metro,2016,2016 - 2017,Whole Year,All Crops,24320.0,63251.0,2.6,"DES Area, Production & Yield Query Report"
Assam,Kamrup metro,2017,2017 - 2018,Whole Year,All Crops,20486.0,55829.0,2.73,"DES Area, Production & Yield Query Report"
Assam,Kamrup metro,2018,2018 - 2019,Whole Year,All Crops,22582.0,62859.0,2.78,"DES Area, Production & Yield Query Report"
Assam,Kamrup metro,2019,2019 - 2020,Whole Year,All Crops,22002.0,42977.0,1.95,"DES Area, Production & Yield Query Report"
Assam,Kamrup metro,2020,2020 - 2021,Whole Year,All Crops,16460.0,37942.0,2.31,"DES Area, Production & Yield Query Report"
Assam,Kamrup metro,2021,2021 - 2022,Whole Year,All Crops,18386.0,32719.0,1.78,"DES Area, Production & Yield Query Report"
Assam,Kamrup metro,2022,2022 - 2023,Whole Year,All Crops,15418.0,46072.0,2.99,"DES Area, Production & Yield Query Report"
Assam,Karbi anglong,2013,2013 - 2014,Whole Year,All Crops,130200.0,219917.0,1.69,"DES Area, Production & Yield Query Report"
Assam,Karbi anglong,2014,2014 - 2015,Whole Year,All Crops,127996.0,218189.0,1.7,"DES Area, Production & Yield Query Report"
Assam,Karbi anglong,2015,2015 - 2016,Whole Year,All Crops,129577.0,213171.0,1.65,"DES Area, Production & Yield Query Report"
Assam,Karbi anglong,2016,2016 - 2017,Whole Year,All Crops,133530.0,247307.0,1.85,"DES Area, Production & Yield Query Report"
Assam,Karbi anglong,2017,2017 - 2018,Whole Year,All Crops,132870.0,255014.0,1.92,"DES Area, Production & Yield Query Report"
Assam,Karbi anglong,2018,2018 - 2019,Whole Year,All Crops,136637.0,270810.0,1.98,"DES Area, Production & Yield Query Report"
Assam,Karbi anglong,2019,2019 - 2020,Whole Year,All Crops,136404.0,270362.0,1.98,"DES Area, Production & Yield Query Report"
Assam,Karbi anglong,2020,2020 - 2021,Whole Year,All Crops,77266.0,159174.0,2.06,"DES Area, Production & Yield Query Report"
Assam,Karbi anglong,2021,2021 - 2022,Whole Year,All Crops,78466.0,145113.0,1.85,"DES Area, Production & Yield Query Report"
Assam,Karbi anglong,2022,2022 - 2023,Whole Year,All Crops,71335.0,183885.0,2.58,"DES Area, Production & Yield Query Report"
Assam,Karimganj,2013,2013 - 2014,Whole Year,All Crops,77499.0,153970.0,1.99,"DES Area, Production & Yield Query Report"
Assam,Karimganj,2014,2014 - 2015,Whole Year,All Crops,77402.0,143230.0,1.85,"DES Area, Production & Yield Query Report"
Assam,Karimganj,2015,2015 - 2016,Whole Year,All Crops,76293.0,124132.0,1.63,"DES Area, Production & Yield Query Report"
Assam,Karimganj,2016,2016 - 2017,Whole Year,All Crops,76711.0,147944.0,1.93,"DES Area, Production & Yield Query Report"
Assam,Karimganj,2017,2017 - 2018,Whole Year,All Crops,64544.0,136609.0,2.12,"DES Area, Production & Yield Query Report"
Assam,Karimganj,2018,2018 - 2019,Whole Year,All Crops,65314.0,137604.0,2.11,"DES Area, Production & Yield Query Report"
Assam,Karimganj,2019,2019 - 2020,Whole Year,All Crops,65833.0,129695.0,1.97,"DES Area, Production & Yield Query Report"
Assam,Karimganj,2020,2020 - 2021,Whole Year,All Crops,65818.0,132828.0,2.02,"DES Area, Production & Yield Query Report"
Assam,Karimganj,2021,2021 - 2022,Whole Year,All Crops,66073.0,134272.0,2.03,"DES Area, Production & Yield Query Report"
Assam,Karimganj,2022,2022 - 2023,Whole Year,All Crops,65901.0,135153.0,2.05,"DES Area, Production & Yield Query Report"
Assam,Kokrajhar,2013,2013 - 2014,Whole Year,All Crops,109489.0,223102.0,2.04,"DES Area, Production & Yield Query Report"
Assam,Kokrajhar,2014,2014 - 2015,Whole Year,All Crops,108382.0,212989.0,1.97,"DES Area, Production & Yield Query Report"
Assam,Kokrajhar,2015,2015 - 2016,Whole Year,All Crops,107530.0,181700.0,1.69,"DES Area, Production & Yield Query Report"
Assam,Kokrajhar,2016,2016 - 2017,Whole Year,All Crops,107808.0,197859.0,1.84,"DES Area, Production & Yield Query Report"
Assam,Kokrajhar,2017,2017 - 2018,Whole Year,All Crops,100864.0,179917.0,1.78,"DES Area, Production & Yield Query Report"
Assam,Kokrajhar,2018,2018 - 2019,Whole Year,All Crops,94720.0,197146.0,2.08,"DES Area, Production & Yield Query Report"
Assam,Kokrajhar,2019,2019 - 2020,Whole Year,All Crops,92852.0,178280.0,1.92,"DES Area, Production & Yield Query Report"
Assam,Kokrajhar,2020,2020 - 2021,Whole Year,All Crops,83446.0,174371.0,2.09,"DES Area, Production & Yield Query Report"
Assam,Kokrajhar,2021,2021 - 2022,Whole Year,All Crops,79950.0,124924.0,1.56,"DES Area, Production & Yield Query Report"
Assam,Kokrajhar,2022,2022 - 2023,Whole Year,All Crops,77021.0,163289.0,2.12,"DES Area, Production & Yield Query Report"
Assam,Lakhimpur,2013,2013 - 2014,Whole Year,All Crops,141100.0,260565.0,1.85,"DES Area, Production & Yield Query Report"
Assam,Lakhimpur,2014,2014 - 2015,Whole Year,All Crops,124166.0,260743.0,2.1,"DES Area, Production & Yield Query Report"
Assam,Lakhimpur,2015,2015 - 2016,Whole Year,All Crops,131042.0,266308.0,2.03,"DES Area, Production & Yield Query Report"
Assam,Lakhimpur,2016,2016 - 2017,Whole Year,All Crops,121293.0,231359.0,1.91,"DES Area, Production & Yield Query Report"
Assam,Lakhimpur,2017,2017 - 2018,Whole Year,All Crops,121176.0,233098.0,1.92,"DES Area, Production & Yield Query Report"
Assam,Lakhimpur,2018,2018 - 2019,Whole Year,All Crops,127092.0,280686.0,2.21,"DES Area, Production & Yield Query Report"
Assam,Lakhimpur,2019,2019 - 2020,Whole Year,All Crops,118497.0,206191.0,1.74,"DES Area, Production & Yield Query Report"
Assam,Lakhimpur,2020,2020 - 2021,Whole Year,All Crops,110655.0,210550.0,1.9,"DES Area, Production & Yield Query Report"
Assam,Lakhimpur,2021,2021 - 2022,Whole Year,All Crops,110234.0,193553.0,1.76,"DES Area, Production & Yield Query Report"
Assam,Lakhimpur,2022,2022 - 2023,Whole Year,All Crops,110866.0,217606.0,1.96,"DES Area, Production & Yield Query Report"
Assam,Majuli,2020,2020 - 2021,Whole Year,All Crops,28750.0,71001.0,2.47,"DES Area, Production & Yield Query Report"
Assam,Majuli,2021,2021 - 2022,Whole Year,All Crops,28328.0,45005.0,1.59,"DES Area, Production & Yield Query Report"
Assam,Majuli,2022,2022 - 2023,Whole Year,All Crops,28717.0,72478.0,2.52,"DES Area, Production & Yield Query Report"
Assam,Marigaon,2013,2013 - 2014,Whole Year,All Crops,90115.0,248499.0,2.76,"DES Area, Production & Yield Query Report"
Assam,Marigaon,2014,2014 - 2015,Whole Year,All Crops,89922.0,214226.0,2.38,"DES Area, Production & Yield Query Report"
Assam,Marigaon,2015,2015 - 2016,Whole Year,All Crops,89102.0,210972.0,2.37,"DES Area, Production & Yield Query Report"
Assam,Marigaon,2016,2016 - 2017,Whole Year,All Crops,90488.0,214339.0,2.37,"DES Area, Production & Yield Query Report"
Assam,Marigaon,2017,2017 - 2018,Whole Year,All Crops,89871.0,219101.0,2.44,"DES Area, Production & Yield Query Report"
Assam,Marigaon,2018,2018 - 2019,Whole Year,All Crops,86622.0,203543.0,2.35,"DES Area, Production & Yield Query Report"
Assam,Marigaon,2019,2019 - 2020,Whole Year,All Crops,86793.0,197125.0,2.27,"DES Area, Production & Yield Query Report"
Assam,Marigaon,2020,2020 - 2021,Whole Year,All Crops,86076.0,206019.0,2.39,"DES Area, Production & Yield Query Report"
Assam,Marigaon,2021,2021 - 2022,Whole Year,All Crops,81278.0,184560.0,2.27,"DES Area, Production & Yield Query Report"
Assam,Marigaon,2022,2022 - 2023,Whole Year,All Crops,77094.0,219988.0,2.85,"DES Area, Production & Yield Query Report"
Assam,Nagaon,2013,2013 - 2014,Whole Year,All Crops,196651.0,436123.0,2.22,"DES Area, Production & Yield Query Report"
Assam,Nagaon,2014,2014 - 2015,Whole Year,All Crops,201733.0,410571.0,2.04,"DES Area, Production & Yield Query Report"
Assam,Nagaon,2015,2015 - 2016,Whole Year,All Crops,198698.0,458016.0,2.31,"DES Area, Production & Yield Query Report"
Assam,Nagaon,2016,2016 - 2017,Whole Year,All Crops,196850.0,460154.0,2.34,"DES Area, Production & Yield Query Report"
Assam,Nagaon,2017,2017 - 2018,Whole Year,All Crops,196292.0,490289.0,2.5,"DES Area, Production & Yield Query Report"
Assam,Nagaon,2018,2018 - 2019,Whole Year,All Crops,197935.0,505773.0,2.56,"DES Area, Production & Yield Query Report"
Assam,Nagaon,2019,2019 - 2020,Whole Year,All Crops,191796.0,424583.0,2.21,"DES Area, Production & Yield Query Report"
Assam,Nagaon,2020,2020 - 2021,Whole Year,All Crops,125516.0,270029.0,2.15,"DES Area, Production & Yield Query Report"
Assam,Nagaon,2021,2021 - 2022,Whole Year,All Crops,126823.0,270593.0,2.13,"DES Area, Production & Yield Query Report"
Assam,Nagaon,2022,2022 - 2023,Whole Year,All Crops,133248.0,335158.0,2.52,"DES Area, Production & Yield Query Report"
Assam,Nalbari,2013,2013 - 2014,Whole Year,All Crops,77930.0,153374.0,1.97,"DES Area, Production & Yield Query Report"
Assam,Nalbari,2014,2014 - 2015,Whole Year,All Crops,76375.0,184445.0,2.41,"DES Area, Production & Yield Query Report"
Assam,Nalbari,2015,2015 - 2016,Whole Year,All Crops,75705.0,162519.0,2.15,"DES Area, Production & Yield Query Report"
Assam,Nalbari,2016,2016 - 2017,Whole Year,All Crops,75728.0,173540.0,2.29,"DES Area, Production & Yield Query Report"
Assam,Nalbari,2017,2017 - 2018,Whole Year,All Crops,75736.0,219806.0,2.9,"DES Area, Production & Yield Query Report"
Assam,Nalbari,2018,2018 - 2019,Whole Year,All Crops,77214.0,222862.0,2.89,"DES Area, Production & Yield Query Report"
Assam,Nalbari,2019,2019 - 2020,Whole Year,All Crops,77185.0,212668.0,2.76,"DES Area, Production & Yield Query Report"
Assam,Nalbari,2020,2020 - 2021,Whole Year,All Crops,76978.0,207479.0,2.7,"DES Area, Production & Yield Query Report"
Assam,Nalbari,2021,2021 - 2022,Whole Year,All Crops,67185.0,146896.0,2.19,"DES Area, Production & Yield Query Report"
Assam,Nalbari,2022,2022 - 2023,Whole Year,All Crops,52484.0,140732.0,2.68,"DES Area, Production & Yield Query Report"
Assam,Sivasagar,2013,2013 - 2014,Whole Year,All Crops,96532.0,207244.0,2.15,"DES Area, Production & Yield Query Report"
Assam,Sivasagar,2014,2014 - 2015,Whole Year,All Crops,97859.0,206090.0,2.11,"DES Area, Production & Yield Query Report"
Assam,Sivasagar,2015,2015 - 2016,Whole Year,All Crops,99720.0,202231.0,2.03,"DES Area, Production & Yield Query Report"
Assam,Sivasagar,2016,2016 - 2017,Whole Year,All Crops,104034.0,207088.0,1.99,"DES Area, Production & Yield Query Report"
Assam,Sivasagar,2017,2017 - 2018,Whole Year,All Crops,105308.0,221833.0,2.11,"DES Area, Production & Yield Query Report"
Assam,Sivasagar,2018,2018 - 2019,Whole Year,All Crops,106265.0,207633.0,1.95,"DES Area, Production & Yield Query Report"
Assam,Sivasagar,2019,2019 - 2020,Whole Year,All Crops,103515.0,213471.0,2.06,"DES Area, Production & Yield Query Report"
Assam,Sivasagar,2020,2020 - 2021,Whole Year,All Crops,69216.0,135983.0,1.96,"DES Area, Production & Yield Query Report"
Assam,Sivasagar,2021,2021 - 2022,Whole Year,All Crops,68970.0,106848.0,1.55,"DES Area, Production & Yield Query Report"
Assam,Sivasagar,2022,2022 - 2023,Whole Year,All Crops,68187.0,180321.0,2.64,"DES Area, Production & Yield Query Report"
Assam,Sonitpur,2013,2013 - 2014,Whole Year,All Crops,166054.0,340728.0,2.05,"DES Area, Production & Yield Query Report"
Assam,Sonitpur,2014,2014 - 2015,Whole Year,All Crops,173087.0,380946.0,2.2,"DES Area, Production & Yield Query Report"
Assam,Sonitpur,2015,2015 - 2016,Whole Year,All Crops,171475.0,376792.0,2.2,"DES Area, Production & Yield Query Report"
Assam,Sonitpur,2016,2016 - 2017,Whole Year,All Crops,167787.0,350045.0,2.09,"DES Area, Production & Yield Query Report"
Assam,Sonitpur,2017,2017 - 2018,Whole Year,All Crops,166055.0,357478.0,2.15,"DES Area, Production & Yield Query Report"
Assam,Sonitpur,2018,2018 - 2019,Whole Year,All Crops,161369.0,333430.0,2.07,"DES Area, Production & Yield Query Report"
Assam,Sonitpur,2019,2019 - 2020,Whole Year,All Crops,150809.0,320594.0,2.13,"DES Area, Production & Yield Query Report"
Assam,Sonitpur,2020,2020 - 2021,Whole Year,All Crops,83296.0,184886.0,2.22,"DES Area, Production & Yield Query Report"
Assam,Sonitpur,2021,2021 - 2022,Whole Year,All Crops,93422.0,171013.0,1.83,"DES Area, Production & Yield Query Report"
Assam,Sonitpur,2022,2022 - 2023,Whole Year,All Crops,92225.0,271227.0,2.94,"DES Area, Production & Yield Query Report"
Assam,South salmara mancachar,2020,2020 - 2021,Whole Year,All Crops,19150.0,50785.0,2.65,"DES Area, Production & Yield Query Report"
Assam,South salmara mancachar,2021,2021 - 2022,Whole Year,All Crops,19210.0,44323.0,2.31,"DES Area, Production & Yield Query Report"
Assam,South salmara mancachar,2022,2022 - 2023,Whole Year,All Crops,20070.0,60451.0,3.01,"DES Area, Production & Yield Query Report"
Assam,Tinsukia,2013,2013 - 2014,Whole Year,All Crops,62321.0,105835.0,1.7,"DES Area, Production & Yield Query Report"
Assam,Tinsukia,2014,2014 - 2015,Whole Year,All Crops,63513.0,105543.0,1.66,"DES Area, Production & Yield Query Report"
Assam,Tinsukia,2015,2015 - 2016,Whole Year,All Crops,62709.0,114684.0,1.83,"DES Area, Production & Yield Query Report"
Assam,Tinsukia,2016,2016 - 2017,Whole Year,All Crops,62878.0,101807.0,1.62,"DES Area, Production & Yield Query Report"
Assam,Tinsukia,2017,2017 - 2018,Whole Year,All Crops,62857.0,102353.0,1.63,"DES Area, Production & Yield Query Report"
Assam,Tinsukia,2018,2018 - 2019,Whole Year,All Crops,63000.0,104478.0,1.66,"DES Area, Production & Yield Query Report"
Assam,Tinsukia,2019,2019 - 2020,Whole Year,All Crops,62640.0,101895.0,1.63,"DES Area, Production & Yield Query Report"
Assam,Tinsukia,2020,2020 - 2021,Whole Year,All Crops,62272.0,108229.0,1.74,"DES Area, Production & Yield Query Report"
Assam,Tinsukia,2021,2021 - 2022,Whole Year,All Crops,62953.0,79193.0,1.26,"DES Area, Production & Yield Query Report"
Assam,Tinsukia,2022,2022 - 2023,Whole Year,All Crops,69894.0,126194.0,1.81,"DES Area, Production & Yield Query Report"
Assam,Udalguri,2013,2013 - 2014,Whole Year,All Crops,90619.0,130856.0,1.44,"DES Area, Production & Yield Query Report"
Assam,Udalguri,2014,2014 - 2015,Whole Year,All Crops,94657.0,165220.0,1.75,"DES Area, Production & Yield Query Report"
Assam,Udalguri,2015,2015 - 2016,Whole Year,All Crops,94209.0,182817.0,1.94,"DES Area, Production & Yield Query Report"
Assam,Udalguri,2016,2016 - 2017,Whole Year,All Crops,90390.0,172029.0,1.9,"DES Area, Production & Yield Query Report"
Assam,Udalguri,2017,2017 - 2018,Whole Year,All Crops,87220.0,184073.0,2.11,"DES Area, Production & Yield Query Report"
Assam,Udalguri,2018,2018 - 2019,Whole Year,All Crops,87818.0,212343.0,2.42,"DES Area, Production & Yield Query Report"
Assam,Udalguri,2019,2019 - 2020,Whole Year,All Crops,86048.0,224769.0,2.61,"DES Area, Production & Yield Query Report"
Assam,Udalguri,2020,2020 - 2021,Whole Year,All Crops,84843.0,212146.0,2.5,"DES Area, Production & Yield Query Report"
Assam,Udalguri,2021,2021 - 2022,Whole Year,All Crops,78126.0,168794.0,2.16,"DES Area, Production & Yield Query Report"
Assam,Udalguri,2022,2022 - 2023,Whole Year,All Crops,85569.0,221966.0,2.59,"DES Area, Production & Yield Query Report"
Assam,West karbi anglong,2020,2020 - 2021,Whole Year,All Crops,57136.0,125702.0,2.2,"DES Area, Production & Yield Query Report"
Assam,West karbi anglong,2021,2021 - 2022,Whole Year,All Crops,57727.0,117237.0,2.03,"DES Area, Production & Yield Query Report"
Assam,West karbi anglong,2022,2022 - 2023,Whole Year,All Crops,57105.0,144107.0,2.52,"DES Area, Production & Yield Query Report"
Bihar,Araria,2013,2013 - 2014,Whole Year,All Crops,134378.0,359164.0,2.67,"DES Area, Production & Yield Query Report"
Bihar,Araria,2014,2014 - 2015,Whole Year,All Crops,121285.0,266915.0,2.2,"DES Area, Production & Yield Query Report"
Bihar,Araria,2015,2015 - 2016,Whole Year,All Crops,122011.0,252080.0,2.07,"DES Area, Production & Yield Query Report"
Bihar,Araria,2016,2016 - 2017,Whole Year,All Crops,115826.0,227560.0,1.96,"DES Area, Production & Yield Query Report"
Bihar,Araria,2017,2017 - 2018,Whole Year,All Crops,157357.0,275842.0,1.75,"DES Area, Production & Yield Query Report"
Bihar,Araria,2018,2018 - 2019,Whole Year,All Crops,57980.0,101518.0,1.75,"DES Area, Production & Yield Query Report"
Bihar,Araria,2019,2019 - 2020,Whole Year,All Crops,35369.0,78681.0,2.22,"DES Area, Production & Yield Query Report"
Bihar,Araria,2020,2020 - 2021,Whole Year,All Crops,35239.0,71555.0,2.03,"DES Area, Production & Yield Query Report"
Bihar,Araria,2021,2021 - 2022,Whole Year,All Crops,35294.0,71040.0,2.01,"DES Area, Production & Yield Query Report"
Bihar,Araria,2022,2022 - 2023,Whole Year,All Crops,36239.0,87550.0,2.42,"DES Area, Production & Yield Query Report"
Bihar,Arwal,2013,2013 - 2014,Whole Year,All Crops,26580.0,77450.0,2.91,"DES Area, Production & Yield Query Report"
Bihar,Arwal,2014,2014 - 2015,Whole Year,All Crops,26045.0,114539.0,4.4,"DES Area, Production & Yield Query Report"
Bihar,Arwal,2015,2015 - 2016,Whole Year,All Crops,23954.0,74837.0,3.12,"DES Area, Production & Yield Query Report"
Bihar,Arwal,2016,2016 - 2017,Whole Year,All Crops,41710.0,145706.0,3.49,"DES Area, Production & Yield Query Report"
Bihar,Arwal,2017,2017 - 2018,Whole Year,All Crops,42519.0,159904.0,3.76,"DES Area, Production & Yield Query Report"
Bihar,Arwal,2018,2018 - 2019,Whole Year,All Crops,35011.0,108977.0,3.11,"DES Area, Production & Yield Query Report"
Bihar,Arwal,2019,2019 - 2020,Whole Year,All Crops,17069.0,63178.0,3.7,"DES Area, Production & Yield Query Report"
Bihar,Arwal,2020,2020 - 2021,Whole Year,All Crops,17444.0,59030.0,3.38,"DES Area, Production & Yield Query Report"
Bihar,Arwal,2021,2021 - 2022,Whole Year,All Crops,17349.0,66290.0,3.82,"DES Area, Production & Yield Query Report"
Bihar,Arwal,2022,2022 - 2023,Whole Year,All Crops,16974.0,56576.0,3.33,"DES Area, Production & Yield Query Report"
Bihar,Aurangabad,2013,2013 - 2014,Whole Year,All Crops,139722.0,514563.0,3.68,"DES Area, Production & Yield Query Report"
Bihar,Aurangabad,2014,2014 - 2015,Whole Year,All Crops,164023.0,619195.0,3.78,"DES Area, Production & Yield Query Report"
Bihar,Aurangabad,2015,2015 - 2016,Whole Year,All Crops,160233.0,553347.0,3.45,"DES Area, Production & Yield Query Report"
Bihar,Aurangabad,2016,2016 - 2017,Whole Year,All Crops,175198.0,619151.0,3.53,"DES Area, Production & Yield Query Report"
Bihar,Aurangabad,2017,2017 - 2018,Whole Year,All Crops,178069.0,638825.0,3.59,"DES Area, Production & Yield Query Report"
Bihar,Aurangabad,2018,2018 - 2019,Whole Year,All Crops,175646.0,542099.0,3.09,"DES Area, Production & Yield Query Report"
Bihar,Aurangabad,2019,2019 - 2020,Whole Year,All Crops,166649.0,545239.0,3.27,"DES Area, Production & Yield Query Report"
Bihar,Aurangabad,2020,2020 - 2021,Whole Year,All Crops,179442.0,682418.0,3.8,"DES Area, Production & Yield Query Report"
Bihar,Aurangabad,2021,2021 - 2022,Whole Year,All Crops,183834.0,705640.0,3.84,"DES Area, Production & Yield Query Report"
Bihar,Aurangabad,2022,2022 - 2023,Whole Year,All Crops,137736.0,527105.0,3.83,"DES Area, Production & Yield Query Report"
Bihar,Banka,2013,2013 - 2014,Whole Year,All Crops,95524.0,284394.0,2.98,"DES Area, Production & Yield Query Report"
Bihar,Banka,2014,2014 - 2015,Whole Year,All Crops,91863.0,323625.0,3.52,"DES Area, Production & Yield Query Report"
Bihar,Banka,2015,2015 - 2016,Whole Year,All Crops,94567.0,316978.0,3.35,"DES Area, Production & Yield Query Report"
Bihar,Banka,2016,2016 - 2017,Whole Year,All Crops,95537.0,323630.0,3.39,"DES Area, Production & Yield Query Report"
Bihar,Banka,2017,2017 - 2018,Whole Year,All Crops,91762.0,325730.0,3.55,"DES Area, Production & Yield Query Report"
Bihar,Banka,2018,2018 - 2019,Whole Year,All Crops,106368.0,155614.0,1.46,"DES Area, Production & Yield Query Report"
Bihar,Banka,2019,2019 - 2020,Whole Year,All Crops,102075.0,220593.0,2.16,"DES Area, Production & Yield Query Report"
Bihar,Banka,2020,2020 - 2021,Whole Year,All Crops,101363.0,282044.0,2.78,"DES Area, Production & Yield Query Report"
Bihar,Banka,2021,2021 - 2022,Whole Year,All Crops,101888.0,242012.0,2.38,"DES Area, Production & Yield Query Report"
Bihar,Banka,2022,2022 - 2023,Whole Year,All Crops,86124.0,203800.0,2.37,"DES Area, Production & Yield Query Report"
Bihar,Begusarai,2013,2013 - 2014,Whole Year,All Crops,29575.0,32742.0,1.11,"DES Area, Production & Yield Query Report"
Bihar,Begusarai,2014,2014 - 2015,Whole Year,All Crops,22332.0,37450.0,1.68,"DES Area, Production & Yield Query Report"
Bihar,Begusarai,2015,2015 - 2016,Whole Year,All Crops,18528.0,29354.0,1.58,"DES Area, Production & Yield Query Report"
Bihar,Begusarai,2016,2016 - 2017,Whole Year,All Crops,18149.0,61047.0,3.36,"DES Area, Production & Yield Query Report"
Bihar,Begusarai,2017,2017 - 2018,Whole Year,All Crops,18684.0,51438.0,2.75,"DES Area, Production & Yield Query Report"
Bihar,Begusarai,2018,2018 - 2019,Whole Year,All Crops,16017.0,27485.0,1.72,"DES Area, Production & Yield Query Report"
Bihar,Begusarai,2019,2019 - 2020,Whole Year,All Crops,11027.0,23241.0,2.11,"DES Area, Production & Yield Query Report"
Bihar,Begusarai,2020,2020 - 2021,Whole Year,All Crops,9894.0,24266.0,2.45,"DES Area, Production & Yield Query Report"
Bihar,Begusarai,2021,2021 - 2022,Whole Year,All Crops,12230.0,29261.0,2.39,"DES Area, Production & Yield Query Report"
Bihar,Begusarai,2022,2022 - 2023,Whole Year,All Crops,12049.0,32796.0,2.72,"DES Area, Production & Yield Query Report"
Bihar,Bhagalpur,2013,2013 - 2014,Whole Year,All Crops,29519.0,56697.0,1.92,"DES Area, Production & Yield Query Report"
Bihar,Bhagalpur,2014,2014 - 2015,Whole Year,All Crops,32351.0,95831.0,2.96,"DES Area, Production & Yield Query Report"
Bihar,Bhagalpur,2015,2015 - 2016,Whole Year,All Crops,32908.0,77527.0,2.36,"DES Area, Production & Yield Query Report"
Bihar,Bhagalpur,2016,2016 - 2017,Whole Year,All Crops,32004.0,74221.0,2.32,"DES Area, Production & Yield Query Report"
Bihar,Bhagalpur,2017,2017 - 2018,Whole Year,All Crops,33691.0,115950.0,3.44,"DES Area, Production & Yield Query Report"
Bihar,Bhagalpur,2018,2018 - 2019,Whole Year,All Crops,32816.0,28677.0,0.87,"DES Area, Production & Yield Query Report"
Bihar,Bhagalpur,2019,2019 - 2020,Whole Year,All Crops,33245.0,48468.0,1.46,"DES Area, Production & Yield Query Report"
Bihar,Bhagalpur,2020,2020 - 2021,Whole Year,All Crops,33404.0,66467.0,1.99,"DES Area, Production & Yield Query Report"
Bihar,Bhagalpur,2021,2021 - 2022,Whole Year,All Crops,33311.0,66167.0,1.99,"DES Area, Production & Yield Query Report"
Bihar,Bhagalpur,2022,2022 - 2023,Whole Year,All Crops,22463.0,40230.0,1.79,"DES Area, Production & Yield Query Report"
Bihar,Bhojpur,2013,2013 - 2014,Whole Year,All Crops,99843.0,283386.0,2.84,"DES Area, Production & Yield Query Report"
Bihar,Bhojpur,2014,2014 - 2015,Whole Year,All Crops,99762.0,287837.0,2.89,"DES Area, Production & Yield Query Report"
Bihar,Bhojpur,2015,2015 - 2016,Whole Year,All Crops,88040.0,305027.0,3.46,"DES Area, Production & Yield Query Report"
Bihar,Bhojpur,2016,2016 - 2017,Whole Year,All Crops,98902.0,257289.0,2.6,"DES Area, Production & Yield Query Report"
Bihar,Bhojpur,2017,2017 - 2018,Whole Year,All Crops,97105.0,393674.0,4.05,"DES Area, Production & Yield Query Report"
Bihar,Bhojpur,2018,2018 - 2019,Whole Year,All Crops,102105.0,277898.0,2.72,"DES Area, Production & Yield Query Report"
Bihar,Bhojpur,2019,2019 - 2020,Whole Year,All Crops,101687.0,321696.0,3.16,"DES Area, Production & Yield Query Report"
Bihar,Bhojpur,2020,2020 - 2021,Whole Year,All Crops,89797.0,332666.0,3.7,"DES Area, Production & Yield Query Report"
Bihar,Bhojpur,2021,2021 - 2022,Whole Year,All Crops,99003.0,310736.0,3.14,"DES Area, Production & Yield Query Report"
Bihar,Bhojpur,2022,2022 - 2023,Whole Year,All Crops,101731.0,347794.0,3.42,"DES Area, Production & Yield Query Report"
Bihar,Buxar,2013,2013 - 2014,Whole Year,All Crops,81392.0,250244.0,3.07,"DES Area, Production & Yield Query Report"
Bihar,Buxar,2014,2014 - 2015,Whole Year,All Crops,82233.0,228893.0,2.78,"DES Area, Production & Yield Query Report"
Bihar,Buxar,2015,2015 - 2016,Whole Year,All Crops,83817.0,258642.0,3.09,"DES Area, Production & Yield Query Report"
Bihar,Buxar,2016,2016 - 2017,Whole Year,All Crops,87780.0,284336.0,3.24,"DES Area, Production & Yield Query Report"
Bihar,Buxar,2017,2017 - 2018,Whole Year,All Crops,87481.0,306029.0,3.5,"DES Area, Production & Yield Query Report"
Bihar,Buxar,2018,2018 - 2019,Whole Year,All Crops,87515.0,199289.0,2.28,"DES Area, Production & Yield Query Report"
Bihar,Buxar,2019,2019 - 2020,Whole Year,All Crops,84276.0,269501.0,3.2,"DES Area, Production & Yield Query Report"
Bihar,Buxar,2020,2020 - 2021,Whole Year,All Crops,78492.0,254525.0,3.24,"DES Area, Production & Yield Query Report"
Bihar,Buxar,2021,2021 - 2022,Whole Year,All Crops,88366.0,318056.0,3.6,"DES Area, Production & Yield Query Report"
Bihar,Buxar,2022,2022 - 2023,Whole Year,All Crops,83059.0,304725.0,3.67,"DES Area, Production & Yield Query Report"
Bihar,Darbhanga,2013,2013 - 2014,Whole Year,All Crops,79663.0,124989.0,1.57,"DES Area, Production & Yield Query Report"
Bihar,Darbhanga,2014,2014 - 2015,Whole Year,All Crops,78981.0,134777.0,1.71,"DES Area, Production & Yield Query Report"
Bihar,Darbhanga,2015,2015 - 2016,Whole Year,All Crops,78960.0,110696.0,1.4,"DES Area, Production & Yield Query Report"
Bihar,Darbhanga,2016,2016 - 2017,Whole Year,All Crops,78608.0,144400.0,1.84,"DES Area, Production & Yield Query Report"
Bihar,Darbhanga,2017,2017 - 2018,Whole Year,All Crops,78565.0,135762.0,1.73,"DES Area, Production & Yield Query Report"
Bihar,Darbhanga,2018,2018 - 2019,Whole Year,All Crops,79959.0,101215.0,1.27,"DES Area, Production & Yield Query Report"
Bihar,Darbhanga,2019,2019 - 2020,Whole Year,All Crops,75021.0,100844.0,1.34,"DES Area, Production & Yield Query Report"
Bihar,Darbhanga,2020,2020 - 2021,Whole Year,All Crops,74672.0,79271.0,1.06,"DES Area, Production & Yield Query Report"
Bihar,Darbhanga,2021,2021 - 2022,Whole Year,All Crops,101736.0,138784.0,1.36,"DES Area, Production & Yield Query Report"
Bihar,Darbhanga,2022,2022 - 2023,Whole Year,All Crops,96272.0,181810.0,1.89,"DES Area, Production & Yield Query Report"
Bihar,Gaya,2013,2013 - 2014,Whole Year,All Crops,61116.0,121224.0,1.98,"DES Area, Production & Yield Query Report"
Bihar,Gaya,2014,2014 - 2015,Whole Year,All Crops,105356.0,338346.0,3.21,"DES Area, Production & Yield Query Report"
Bihar,Gaya,2015,2015 - 2016,Whole Year,All Crops,99927.0,239915.0,2.4,"DES Area, Production & Yield Query Report"
Bihar,Gaya,2016,2016 - 2017,Whole Year,All Crops,98653.0,327850.0,3.32,"DES Area, Production & Yield Query Report"
Bihar,Gaya,2017,2017 - 2018,Whole Year,All Crops,100016.0,342277.0,3.42,"DES Area, Production & Yield Query Report"
Bihar,Gaya,2018,2018 - 2019,Whole Year,All Crops,94118.0,142546.0,1.51,"DES Area, Production & Yield Query Report"
Bihar,Gaya,2019,2019 - 2020,Whole Year,All Crops,82937.0,150248.0,1.81,"DES Area, Production & Yield Query Report"
Bihar,Gaya,2020,2020 - 2021,Whole Year,All Crops,84101.0,222678.0,2.65,"DES Area, Production & Yield Query Report"
Bihar,Gaya,2021,2021 - 2022,Whole Year,All Crops,84474.0,282185.0,3.34,"DES Area, Production & Yield Query Report"
Bihar,Gaya,2022,2022 - 2023,Whole Year,All Crops,84155.0,220039.0,2.61,"DES Area, Production & Yield Query Report"
Bihar,Gopalganj,2013,2013 - 2014,Whole Year,All Crops,84881.0,132972.0,1.57,"DES Area, Production & Yield Query Report"
Bihar,Gopalganj,2014,2014 - 2015,Whole Year,All Crops,84778.0,165823.0,1.96,"DES Area, Production & Yield Query Report"
Bihar,Gopalganj,2015,2015 - 2016,Whole Year,All Crops,84252.0,70275.0,0.83,"DES Area, Production & Yield Query Report"
Bihar,Gopalganj,2016,2016 - 2017,Whole Year,All Crops,83020.0,134155.0,1.62,"DES Area, Production & Yield Query Report"
Bihar,Gopalganj,2017,2017 - 2018,Whole Year,All Crops,83241.0,145621.0,1.75,"DES Area, Production & Yield Query Report"
Bihar,Gopalganj,2018,2018 - 2019,Whole Year,All Crops,35421.0,29813.0,0.84,"DES Area, Production & Yield Query Report"
Bihar,Gopalganj,2019,2019 - 2020,Whole Year,All Crops,63999.0,142531.0,2.23,"DES Area, Production & Yield Query Report"
Bihar,Gopalganj,2020,2020 - 2021,Whole Year,All Crops,62356.0,96705.0,1.55,"DES Area, Production & Yield Query Report"
Bihar,Gopalganj,2021,2021 - 2022,Whole Year,All Crops,50968.0,97764.0,1.92,"DES Area, Production & Yield Query Report"
Bihar,Gopalganj,2022,2022 - 2023,Whole Year,All Crops,47039.0,100477.0,2.14,"DES Area, Production & Yield Query Report"
Bihar,Jamui,2013,2013 - 2014,Whole Year,All Crops,50344.0,91627.0,1.82,"DES Area, Production & Yield Query Report"
Bihar,Jamui,2014,2014 - 2015,Whole Year,All Crops,42837.0,87453.0,2.04,"DES Area, Production & Yield Query Report"
Bihar,Jamui,2015,2015 - 2016,Whole Year,All Crops,70381.0,132219.0,1.88,"DES Area, Production & Yield Query Report"
Bihar,Jamui,2016,2016 - 2017,Whole Year,All Crops,71386.0,220013.0,3.08,"DES Area, Production & Yield Query Report"
Bihar,Jamui,2017,2017 - 2018,Whole Year,All Crops,65798.0,165663.0,2.52,"DES Area, Production & Yield Query Report"
Bihar,Jamui,2018,2018 - 2019,Whole Year,All Crops,45786.0,53314.0,1.16,"DES Area, Production & Yield Query Report"
Bihar,Jamui,2019,2019 - 2020,Whole Year,All Crops,34164.0,65465.0,1.92,"DES Area, Production & Yield Query Report"
Bihar,Jamui,2020,2020 - 2021,Whole Year,All Crops,54774.0,119440.0,2.18,"DES Area, Production & Yield Query Report"
Bihar,Jamui,2021,2021 - 2022,Whole Year,All Crops,54157.0,100235.0,1.85,"DES Area, Production & Yield Query Report"
Bihar,Jamui,2022,2022 - 2023,Whole Year,All Crops,24194.0,50086.0,2.07,"DES Area, Production & Yield Query Report"
Bihar,Jehanabad,2013,2013 - 2014,Whole Year,All Crops,42526.0,118972.0,2.8,"DES Area, Production & Yield Query Report"
Bihar,Jehanabad,2014,2014 - 2015,Whole Year,All Crops,35877.0,118140.0,3.29,"DES Area, Production & Yield Query Report"
Bihar,Jehanabad,2015,2015 - 2016,Whole Year,All Crops,35877.0,96104.0,2.68,"DES Area, Production & Yield Query Report"
Bihar,Jehanabad,2016,2016 - 2017,Whole Year,All Crops,35879.0,108641.0,3.03,"DES Area, Production & Yield Query Report"
Bihar,Jehanabad,2017,2017 - 2018,Whole Year,All Crops,35531.0,117590.0,3.31,"DES Area, Production & Yield Query Report"
Bihar,Jehanabad,2018,2018 - 2019,Whole Year,All Crops,34098.0,80340.0,2.36,"DES Area, Production & Yield Query Report"
Bihar,Jehanabad,2019,2019 - 2020,Whole Year,All Crops,26648.0,69924.0,2.62,"DES Area, Production & Yield Query Report"
Bihar,Jehanabad,2020,2020 - 2021,Whole Year,All Crops,27427.0,85882.0,3.13,"DES Area, Production & Yield Query Report"
Bihar,Jehanabad,2021,2021 - 2022,Whole Year,All Crops,28591.0,90942.0,3.18,"DES Area, Production & Yield Query Report"
Bihar,Jehanabad,2022,2022 - 2023,Whole Year,All Crops,18125.0,64900.0,3.58,"DES Area, Production & Yield Query Report"
Bihar,Kaimur (bhabua),2013,2013 - 2014,Whole Year,All Crops,115422.0,380460.0,3.3,"DES Area, Production & Yield Query Report"
Bihar,Kaimur (bhabua),2014,2014 - 2015,Whole Year,All Crops,102380.0,281879.0,2.75,"DES Area, Production & Yield Query Report"
Bihar,Kaimur (bhabua),2015,2015 - 2016,Whole Year,All Crops,109155.0,282272.0,2.59,"DES Area, Production & Yield Query Report"
Bihar,Kaimur (bhabua),2016,2016 - 2017,Whole Year,All Crops,118095.0,316282.0,2.68,"DES Area, Production & Yield Query Report"
Bihar,Kaimur (bhabua),2017,2017 - 2018,Whole Year,All Crops,117434.0,400634.0,3.41,"DES Area, Production & Yield Query Report"
Bihar,Kaimur (bhabua),2018,2018 - 2019,Whole Year,All Crops,118442.0,354092.0,2.99,"DES Area, Production & Yield Query Report"
Bihar,Kaimur (bhabua),2019,2019 - 2020,Whole Year,All Crops,134445.0,423213.0,3.15,"DES Area, Production & Yield Query Report"
Bihar,Kaimur (bhabua),2020,2020 - 2021,Whole Year,All Crops,132347.0,426154.0,3.22,"DES Area, Production & Yield Query Report"
Bihar,Kaimur (bhabua),2021,2021 - 2022,Whole Year,All Crops,134746.0,499095.0,3.7,"DES Area, Production & Yield Query Report"
Bihar,Kaimur (bhabua),2022,2022 - 2023,Whole Year,All Crops,134826.0,514643.0,3.82,"DES Area, Production & Yield Query Report"
Bihar,Katihar,2013,2013 - 2014,Whole Year,All Crops,101008.0,282117.0,2.79,"DES Area, Production & Yield Query Report"
Bihar,Katihar,2014,2014 - 2015,Whole Year,All Crops,105954.0,279577.0,2.64,"DES Area, Production & Yield Query Report"
Bihar,Katihar,2015,2015 - 2016,Whole Year,All Crops,104234.0,218712.0,2.1,"DES Area, Production & Yield Query Report"
Bihar,Katihar,2016,2016 - 2017,Whole Year,All Crops,109902.0,242534.0,2.21,"DES Area, Production & Yield Query Report"
Bihar,Katihar,2017,2017 - 2018,Whole Year,All Crops,53510.0,113857.0,2.13,"DES Area, Production & Yield Query Report"
Bihar,Katihar,2018,2018 - 2019,Whole Year,All Crops,90122.0,201142.0,2.23,"DES Area, Production & Yield Query Report"
Bihar,Katihar,2019,2019 - 2020,Whole Year,All Crops,95962.0,198655.0,2.07,"DES Area, Production & Yield Query Report"
Bihar,Katihar,2020,2020 - 2021,Whole Year,All Crops,90145.0,170344.0,1.89,"DES Area, Production & Yield Query Report"
Bihar,Katihar,2021,2021 - 2022,Whole Year,All Crops,83046.0,179715.0,2.16,"DES Area, Production & Yield Query Report"
Bihar,Katihar,2022,2022 - 2023,Whole Year,All Crops,82026.0,227075.0,2.77,"DES Area, Production & Yield Query Report"
Bihar,Khagaria,2013,2013 - 2014,Whole Year,All Crops,21756.0,23138.0,1.06,"DES Area, Production & Yield Query Report"
Bihar,Khagaria,2014,2014 - 2015,Whole Year,All Crops,23778.0,39478.0,1.66,"DES Area, Production & Yield Query Report"
Bihar,Khagaria,2015,2015 - 2016,Whole Year,All Crops,20920.0,38786.0,1.85,"DES Area, Production & Yield Query Report"
Bihar,Khagaria,2016,2016 - 2017,Whole Year,All Crops,22251.0,42684.0,1.92,"DES Area, Production & Yield Query Report"
Bihar,Khagaria,2017,2017 - 2018,Whole Year,All Crops,18900.0,42041.0,2.22,"DES Area, Production & Yield Query Report"
Bihar,Khagaria,2018,2018 - 2019,Whole Year,All Crops,18871.0,27249.0,1.44,"DES Area, Production & Yield Query Report"
Bihar,Khagaria,2019,2019 - 2020,Whole Year,All Crops,18424.0,28817.0,1.56,"DES Area, Production & Yield Query Report"
Bihar,Khagaria,2020,2020 - 2021,Whole Year,All Crops,17669.0,25561.0,1.45,"DES Area, Production & Yield Query Report"
Bihar,Khagaria,2021,2021 - 2022,Whole Year,All Crops,13993.0,27930.0,2.0,"DES Area, Production & Yield Query Report"
Bihar,Khagaria,2022,2022 - 2023,Whole Year,All Crops,16552.0,45104.0,2.72,"DES Area, Production & Yield Query Report"
Bihar,Kishanganj,2013,2013 - 2014,Whole Year,All Crops,84127.0,207253.0,2.46,"DES Area, Production & Yield Query Report"
Bihar,Kishanganj,2014,2014 - 2015,Whole Year,All Crops,77617.0,221120.0,2.85,"DES Area, Production & Yield Query Report"
Bihar,Kishanganj,2015,2015 - 2016,Whole Year,All Crops,78340.0,138925.0,1.77,"DES Area, Production & Yield Query Report"
Bihar,Kishanganj,2016,2016 - 2017,Whole Year,All Crops,78412.0,167185.0,2.13,"DES Area, Production & Yield Query Report"
Bihar,Kishanganj,2017,2017 - 2018,Whole Year,All Crops,78538.0,140185.0,1.78,"DES Area, Production & Yield Query Report"
Bihar,Kishanganj,2018,2018 - 2019,Whole Year,All Crops,78595.0,116207.0,1.48,"DES Area, Production & Yield Query Report"
Bihar,Kishanganj,2019,2019 - 2020,Whole Year,All Crops,78393.0,140070.0,1.79,"DES Area, Production & Yield Query Report"
Bihar,Kishanganj,2020,2020 - 2021,Whole Year,All Crops,78473.0,138246.0,1.76,"DES Area, Production & Yield Query Report"
Bihar,Kishanganj,2021,2021 - 2022,Whole Year,All Crops,76701.0,148210.0,1.93,"DES Area, Production & Yield Query Report"
Bihar,Kishanganj,2022,2022 - 2023,Whole Year,All Crops,81973.0,189661.0,2.31,"DES Area, Production & Yield Query Report"
Bihar,Lakhisarai,2013,2013 - 2014,Whole Year,All Crops,15654.0,33472.0,2.14,"DES Area, Production & Yield Query Report"
Bihar,Lakhisarai,2014,2014 - 2015,Whole Year,All Crops,15866.0,58519.0,3.69,"DES Area, Production & Yield Query Report"
Bihar,Lakhisarai,2015,2015 - 2016,Whole Year,All Crops,15866.0,67771.0,4.27,"DES Area, Production & Yield Query Report"
Bihar,Lakhisarai,2016,2016 - 2017,Whole Year,All Crops,24453.0,91741.0,3.75,"DES Area, Production & Yield Query Report"
Bihar,Lakhisarai,2017,2017 - 2018,Whole Year,All Crops,31680.0,107291.0,3.39,"DES Area, Production & Yield Query Report"
Bihar,Lakhisarai,2018,2018 - 2019,Whole Year,All Crops,41270.0,97210.0,2.36,"DES Area, Production & Yield Query Report"
Bihar,Lakhisarai,2019,2019 - 2020,Whole Year,All Crops,35827.0,82939.0,2.31,"DES Area, Production & Yield Query Report"
Bihar,Lakhisarai,2020,2020 - 2021,Whole Year,All Crops,31224.0,109584.0,3.51,"DES Area, Production & Yield Query Report"
Bihar,Lakhisarai,2021,2021 - 2022,Whole Year,All Crops,21991.0,65341.0,2.97,"DES Area, Production & Yield Query Report"
Bihar,Lakhisarai,2022,2022 - 2023,Whole Year,All Crops,16219.0,64658.0,3.99,"DES Area, Production & Yield Query Report"
Bihar,Madhepura,2013,2013 - 2014,Whole Year,All Crops,74764.0,111051.0,1.49,"DES Area, Production & Yield Query Report"
Bihar,Madhepura,2014,2014 - 2015,Whole Year,All Crops,70854.0,153772.0,2.17,"DES Area, Production & Yield Query Report"
Bihar,Madhepura,2015,2015 - 2016,Whole Year,All Crops,79639.0,162096.0,2.04,"DES Area, Production & Yield Query Report"
Bihar,Madhepura,2016,2016 - 2017,Whole Year,All Crops,84094.0,217783.0,2.59,"DES Area, Production & Yield Query Report"
Bihar,Madhepura,2017,2017 - 2018,Whole Year,All Crops,71904.0,133245.0,1.85,"DES Area, Production & Yield Query Report"
Bihar,Madhepura,2018,2018 - 2019,Whole Year,All Crops,79706.0,201236.0,2.52,"DES Area, Production & Yield Query Report"
Bihar,Madhepura,2019,2019 - 2020,Whole Year,All Crops,85819.0,190795.0,2.22,"DES Area, Production & Yield Query Report"
Bihar,Madhepura,2020,2020 - 2021,Whole Year,All Crops,87434.0,164070.0,1.88,"DES Area, Production & Yield Query Report"
Bihar,Madhepura,2021,2021 - 2022,Whole Year,All Crops,85496.0,171766.0,2.01,"DES Area, Production & Yield Query Report"
Bihar,Madhepura,2022,2022 - 2023,Whole Year,All Crops,80231.0,182937.0,2.28,"DES Area, Production & Yield Query Report"
Bihar,Madhubani,2013,2013 - 2014,Whole Year,All Crops,176074.0,161588.0,0.92,"DES Area, Production & Yield Query Report"
Bihar,Madhubani,2014,2014 - 2015,Whole Year,All Crops,208386.0,324571.0,1.56,"DES Area, Production & Yield Query Report"
Bihar,Madhubani,2015,2015 - 2016,Whole Year,All Crops,204779.0,211884.0,1.03,"DES Area, Production & Yield Query Report"
Bihar,Madhubani,2016,2016 - 2017,Whole Year,All Crops,206622.0,363130.0,1.76,"DES Area, Production & Yield Query Report"
Bihar,Madhubani,2017,2017 - 2018,Whole Year,All Crops,203399.0,303335.0,1.49,"DES Area, Production & Yield Query Report"
Bihar,Madhubani,2018,2018 - 2019,Whole Year,All Crops,196903.0,216795.0,1.1,"DES Area, Production & Yield Query Report"
Bihar,Madhubani,2019,2019 - 2020,Whole Year,All Crops,195124.0,222678.0,1.14,"DES Area, Production & Yield Query Report"
Bihar,Madhubani,2020,2020 - 2021,Whole Year,All Crops,175707.0,236668.0,1.35,"DES Area, Production & Yield Query Report"
Bihar,Madhubani,2021,2021 - 2022,Whole Year,All Crops,174245.0,294207.0,1.69,"DES Area, Production & Yield Query Report"
Bihar,Madhubani,2022,2022 - 2023,Whole Year,All Crops,172490.0,276162.0,1.6,"DES Area, Production & Yield Query Report"
Bihar,Munger,2013,2013 - 2014,Whole Year,All Crops,25641.0,66210.0,2.58,"DES Area, Production & Yield Query Report"
Bihar,Munger,2014,2014 - 2015,Whole Year,All Crops,22256.0,61789.0,2.78,"DES Area, Production & Yield Query Report"
Bihar,Munger,2015,2015 - 2016,Whole Year,All Crops,27393.0,71847.0,2.62,"DES Area, Production & Yield Query Report"
Bihar,Munger,2016,2016 - 2017,Whole Year,All Crops,27181.0,84517.0,3.11,"DES Area, Production & Yield Query Report"
Bihar,Munger,2017,2017 - 2018,Whole Year,All Crops,27176.0,76673.0,2.82,"DES Area, Production & Yield Query Report"
Bihar,Munger,2018,2018 - 2019,Whole Year,All Crops,25823.0,36224.0,1.4,"DES Area, Production & Yield Query Report"
Bihar,Munger,2019,2019 - 2020,Whole Year,All Crops,26052.0,55815.0,2.14,"DES Area, Production & Yield Query Report"
Bihar,Munger,2020,2020 - 2021,Whole Year,All Crops,26053.0,84401.0,3.24,"DES Area, Production & Yield Query Report"
Bihar,Munger,2021,2021 - 2022,Whole Year,All Crops,26021.0,71043.0,2.73,"DES Area, Production & Yield Query Report"
Bihar,Munger,2022,2022 - 2023,Whole Year,All Crops,25980.0,74503.0,2.87,"DES Area, Production & Yield Query Report"
Bihar,Muzaffarpur,2013,2013 - 2014,Whole Year,All Crops,131107.0,100068.0,0.76,"DES Area, Production & Yield Query Report"
Bihar,Muzaffarpur,2014,2014 - 2015,Whole Year,All Crops,140365.0,285337.0,2.03,"DES Area, Production & Yield Query Report"
Bihar,Muzaffarpur,2015,2015 - 2016,Whole Year,All Crops,113985.0,108343.0,0.95,"DES Area, Production & Yield Query Report"
Bihar,Muzaffarpur,2016,2016 - 2017,Whole Year,All Crops,124092.0,169908.0,1.37,"DES Area, Production & Yield Query Report"
Bihar,Muzaffarpur,2017,2017 - 2018,Whole Year,All Crops,122744.0,162920.0,1.33,"DES Area, Production & Yield Query Report"
Bihar,Muzaffarpur,2018,2018 - 2019,Whole Year,All Crops,118126.0,128455.0,1.09,"DES Area, Production & Yield Query Report"
Bihar,Muzaffarpur,2019,2019 - 2020,Whole Year,All Crops,119389.0,173215.0,1.45,"DES Area, Production & Yield Query Report"
Bihar,Muzaffarpur,2020,2020 - 2021,Whole Year,All Crops,120748.0,103650.0,0.86,"DES Area, Production & Yield Query Report"
Bihar,Muzaffarpur,2021,2021 - 2022,Whole Year,All Crops,121636.0,145258.0,1.19,"DES Area, Production & Yield Query Report"
Bihar,Muzaffarpur,2022,2022 - 2023,Whole Year,All Crops,121471.0,229860.0,1.89,"DES Area, Production & Yield Query Report"
Bihar,Nalanda,2013,2013 - 2014,Whole Year,All Crops,49395.0,112398.0,2.28,"DES Area, Production & Yield Query Report"
Bihar,Nalanda,2014,2014 - 2015,Whole Year,All Crops,83947.0,217104.0,2.59,"DES Area, Production & Yield Query Report"
Bihar,Nalanda,2015,2015 - 2016,Whole Year,All Crops,106501.0,308508.0,2.9,"DES Area, Production & Yield Query Report"
Bihar,Nalanda,2016,2016 - 2017,Whole Year,All Crops,115098.0,358411.0,3.11,"DES Area, Production & Yield Query Report"
Bihar,Nalanda,2017,2017 - 2018,Whole Year,All Crops,119792.0,381094.0,3.18,"DES Area, Production & Yield Query Report"
Bihar,Nalanda,2018,2018 - 2019,Whole Year,All Crops,107634.0,225220.0,2.09,"DES Area, Production & Yield Query Report"
Bihar,Nalanda,2019,2019 - 2020,Whole Year,All Crops,101747.0,215103.0,2.11,"DES Area, Production & Yield Query Report"
Bihar,Nalanda,2020,2020 - 2021,Whole Year,All Crops,100017.0,294719.0,2.95,"DES Area, Production & Yield Query Report"
Bihar,Nalanda,2021,2021 - 2022,Whole Year,All Crops,109560.0,314745.0,2.87,"DES Area, Production & Yield Query Report"
Bihar,Nalanda,2022,2022 - 2023,Whole Year,All Crops,108086.0,328373.0,3.04,"DES Area, Production & Yield Query Report"
Bihar,Nawada,2013,2013 - 2014,Whole Year,All Crops,63276.0,132156.0,2.09,"DES Area, Production & Yield Query Report"
Bihar,Nawada,2014,2014 - 2015,Whole Year,All Crops,77229.0,237015.0,3.07,"DES Area, Production & Yield Query Report"
Bihar,Nawada,2015,2015 - 2016,Whole Year,All Crops,68354.0,173466.0,2.54,"DES Area, Production & Yield Query Report"
Bihar,Nawada,2016,2016 - 2017,Whole Year,All Crops,68655.0,237331.0,3.46,"DES Area, Production & Yield Query Report"
Bihar,Nawada,2017,2017 - 2018,Whole Year,All Crops,77051.0,247147.0,3.21,"DES Area, Production & Yield Query Report"
Bihar,Nawada,2018,2018 - 2019,Whole Year,All Crops,65196.0,104329.0,1.6,"DES Area, Production & Yield Query Report"
Bihar,Nawada,2019,2019 - 2020,Whole Year,All Crops,63874.0,169015.0,2.65,"DES Area, Production & Yield Query Report"
Bihar,Nawada,2020,2020 - 2021,Whole Year,All Crops,69366.0,235347.0,3.39,"DES Area, Production & Yield Query Report"
Bihar,Nawada,2021,2021 - 2022,Whole Year,All Crops,73786.0,223652.0,3.03,"DES Area, Production & Yield Query Report"
Bihar,Nawada,2022,2022 - 2023,Whole Year,All Crops,67141.0,215187.0,3.21,"DES Area, Production & Yield Query Report"
Bihar,Pashchim champaran,2013,2013 - 2014,Whole Year,All Crops,162619.0,333458.0,2.05,"DES Area, Production & Yield Query Report"
Bihar,Pashchim champaran,2014,2014 - 2015,Whole Year,All Crops,152975.0,368148.0,2.41,"DES Area, Production & Yield Query Report"
Bihar,Pashchim champaran,2015,2015 - 2016,Whole Year,All Crops,144586.0,266719.0,1.84,"DES Area, Production & Yield Query Report"
Bihar,Pashchim champaran,2016,2016 - 2017,Whole Year,All Crops,148488.0,290900.0,1.96,"DES Area, Production & Yield Query Report"
Bihar,Pashchim champaran,2017,2017 - 2018,Whole Year,All Crops,140276.0,238726.0,1.7,"DES Area, Production & Yield Query Report"
Bihar,Pashchim champaran,2018,2018 - 2019,Whole Year,All Crops,138258.0,254346.0,1.84,"DES Area, Production & Yield Query Report"
Bihar,Pashchim champaran,2019,2019 - 2020,Whole Year,All Crops,132451.0,339634.0,2.56,"DES Area, Production & Yield Query Report"
Bihar,Pashchim champaran,2020,2020 - 2021,Whole Year,All Crops,130948.0,604999.0,4.62,"DES Area, Production & Yield Query Report"
Bihar,Pashchim champaran,2021,2021 - 2022,Whole Year,All Crops,130251.0,286141.0,2.2,"DES Area, Production & Yield Query Report"
Bihar,Pashchim champaran,2022,2022 - 2023,Whole Year,All Crops,128589.0,301859.0,2.35,"DES Area, Production & Yield Query Report"
Bihar,Patna,2013,2013 - 2014,Whole Year,All Crops,56734.0,137470.0,2.42,"DES Area, Production & Yield Query Report"
Bihar,Patna,2014,2014 - 2015,Whole Year,All Crops,63660.0,163121.0,2.56,"DES Area, Production & Yield Query Report"
Bihar,Patna,2015,2015 - 2016,Whole Year,All Crops,63675.0,192854.0,3.03,"DES Area, Production & Yield Query Report"
Bihar,Patna,2016,2016 - 2017,Whole Year,All Crops,61357.0,184612.0,3.01,"DES Area, Production & Yield Query Report"
Bihar,Patna,2017,2017 - 2018,Whole Year,All Crops,72103.0,216664.0,3.0,"DES Area, Production & Yield Query Report"
Bihar,Patna,2018,2018 - 2019,Whole Year,All Crops,73476.0,178891.0,2.43,"DES Area, Production & Yield Query Report"
Bihar,Patna,2019,2019 - 2020,Whole Year,All Crops,57001.0,120883.0,2.12,"DES Area, Production & Yield Query Report"
Bihar,Patna,2020,2020 - 2021,Whole Year,All Crops,62483.0,208755.0,3.34,"DES Area, Production & Yield Query Report"
Bihar,Patna,2021,2021 - 2022,Whole Year,All Crops,67972.0,214491.0,3.16,"DES Area, Production & Yield Query Report"
Bihar,Patna,2022,2022 - 2023,Whole Year,All Crops,64744.0,209766.0,3.24,"DES Area, Production & Yield Query Report"
Bihar,Purbi champaran,2013,2013 - 2014,Whole Year,All Crops,189484.0,235785.0,1.24,"DES Area, Production & Yield Query Report"
Bihar,Purbi champaran,2014,2014 - 2015,Whole Year,All Crops,199560.0,347767.0,1.74,"DES Area, Production & Yield Query Report"
Bihar,Purbi champaran,2015,2015 - 2016,Whole Year,All Crops,193282.0,139591.0,0.72,"DES Area, Production & Yield Query Report"
Bihar,Purbi champaran,2016,2016 - 2017,Whole Year,All Crops,185066.0,346111.0,1.87,"DES Area, Production & Yield Query Report"
Bihar,Purbi champaran,2017,2017 - 2018,Whole Year,All Crops,188947.0,270044.0,1.43,"DES Area, Production & Yield Query Report"
Bihar,Purbi champaran,2018,2018 - 2019,Whole Year,All Crops,189633.0,252610.0,1.33,"DES Area, Production & Yield Query Report"
Bihar,Purbi champaran,2019,2019 - 2020,Whole Year,All Crops,190744.0,271697.0,1.42,"DES Area, Production & Yield Query Report"
Bihar,Purbi champaran,2020,2020 - 2021,Whole Year,All Crops,190726.0,256805.0,1.35,"DES Area, Production & Yield Query Report"
Bihar,Purbi champaran,2021,2021 - 2022,Whole Year,All Crops,203038.0,385641.0,1.9,"DES Area, Production & Yield Query Report"
Bihar,Purbi champaran,2022,2022 - 2023,Whole Year,All Crops,201733.0,371816.0,1.84,"DES Area, Production & Yield Query Report"
Bihar,Purnia,2013,2013 - 2014,Whole Year,All Crops,94583.0,177280.0,1.87,"DES Area, Production & Yield Query Report"
Bihar,Purnia,2014,2014 - 2015,Whole Year,All Crops,85477.0,229113.0,2.68,"DES Area, Production & Yield Query Report"
Bihar,Purnia,2015,2015 - 2016,Whole Year,All Crops,86061.0,167109.0,1.94,"DES Area, Production & Yield Query Report"
Bihar,Purnia,2016,2016 - 2017,Whole Year,All Crops,120954.0,276753.0,2.29,"DES Area, Production & Yield Query Report"
Bihar,Purnia,2017,2017 - 2018,Whole Year,All Crops,110996.0,217591.0,1.96,"DES Area, Production & Yield Query Report"
Bihar,Purnia,2018,2018 - 2019,Whole Year,All Crops,103501.0,239534.0,2.31,"DES Area, Production & Yield Query Report"
Bihar,Purnia,2019,2019 - 2020,Whole Year,All Crops,104459.0,184691.0,1.77,"DES Area, Production & Yield Query Report"
Bihar,Purnia,2020,2020 - 2021,Whole Year,All Crops,49198.0,79403.0,1.61,"DES Area, Production & Yield Query Report"
Bihar,Purnia,2021,2021 - 2022,Whole Year,All Crops,48524.0,92019.0,1.9,"DES Area, Production & Yield Query Report"
Bihar,Purnia,2022,2022 - 2023,Whole Year,All Crops,57565.0,125312.0,2.18,"DES Area, Production & Yield Query Report"
Bihar,Rohtas,2013,2013 - 2014,Whole Year,All Crops,197145.0,776198.0,3.94,"DES Area, Production & Yield Query Report"
Bihar,Rohtas,2014,2014 - 2015,Whole Year,All Crops,196508.0,820981.0,4.18,"DES Area, Production & Yield Query Report"
Bihar,Rohtas,2015,2015 - 2016,Whole Year,All Crops,196657.0,759630.0,3.86,"DES Area, Production & Yield Query Report"
Bihar,Rohtas,2016,2016 - 2017,Whole Year,All Crops,193375.0,640722.0,3.31,"DES Area, Production & Yield Query Report"
Bihar,Rohtas,2017,2017 - 2018,Whole Year,All Crops,190723.0,739671.0,3.88,"DES Area, Production & Yield Query Report"
Bihar,Rohtas,2018,2018 - 2019,Whole Year,All Crops,192980.0,792138.0,4.1,"DES Area, Production & Yield Query Report"
Bihar,Rohtas,2019,2019 - 2020,Whole Year,All Crops,224721.0,923930.0,4.11,"DES Area, Production & Yield Query Report"
Bihar,Rohtas,2020,2020 - 2021,Whole Year,All Crops,216807.0,947399.0,4.37,"DES Area, Production & Yield Query Report"
Bihar,Rohtas,2021,2021 - 2022,Whole Year,All Crops,225954.0,993227.0,4.4,"DES Area, Production & Yield Query Report"
Bihar,Rohtas,2022,2022 - 2023,Whole Year,All Crops,200319.0,944805.0,4.72,"DES Area, Production & Yield Query Report"
Bihar,Saharsa,2013,2013 - 2014,Whole Year,All Crops,97448.0,148742.0,1.53,"DES Area, Production & Yield Query Report"
Bihar,Saharsa,2014,2014 - 2015,Whole Year,All Crops,90320.0,166372.0,1.84,"DES Area, Production & Yield Query Report"
Bihar,Saharsa,2015,2015 - 2016,Whole Year,All Crops,79246.0,157255.0,1.98,"DES Area, Production & Yield Query Report"
Bihar,Saharsa,2016,2016 - 2017,Whole Year,All Crops,78692.0,135789.0,1.73,"DES Area, Production & Yield Query Report"
Bihar,Saharsa,2017,2017 - 2018,Whole Year,All Crops,67539.0,120247.0,1.78,"DES Area, Production & Yield Query Report"
Bihar,Saharsa,2018,2018 - 2019,Whole Year,All Crops,77871.0,98090.0,1.26,"DES Area, Production & Yield Query Report"
Bihar,Saharsa,2019,2019 - 2020,Whole Year,All Crops,79523.0,124878.0,1.57,"DES Area, Production & Yield Query Report"
Bihar,Saharsa,2020,2020 - 2021,Whole Year,All Crops,78948.0,114074.0,1.44,"DES Area, Production & Yield Query Report"
Bihar,Saharsa,2021,2021 - 2022,Whole Year,All Crops,78399.0,118030.0,1.51,"DES Area, Production & Yield Query Report"
Bihar,Saharsa,2022,2022 - 2023,Whole Year,All Crops,76731.0,132967.0,1.73,"DES Area, Production & Yield Query Report"
Bihar,Samastipur,2013,2013 - 2014,Whole Year,All Crops,94191.0,112999.0,1.2,"DES Area, Production & Yield Query Report"
Bihar,Samastipur,2014,2014 - 2015,Whole Year,All Crops,88869.0,186443.0,2.1,"DES Area, Production & Yield Query Report"
Bihar,Samastipur,2015,2015 - 2016,Whole Year,All Crops,99448.0,167440.0,1.68,"DES Area, Production & Yield Query Report"
Bihar,Samastipur,2016,2016 - 2017,Whole Year,All Crops,88666.0,222666.0,2.51,"DES Area, Production & Yield Query Report"
Bihar,Samastipur,2017,2017 - 2018,Whole Year,All Crops,97109.0,202594.0,2.09,"DES Area, Production & Yield Query Report"
Bihar,Samastipur,2018,2018 - 2019,Whole Year,All Crops,93474.0,165660.0,1.77,"DES Area, Production & Yield Query Report"
Bihar,Samastipur,2019,2019 - 2020,Whole Year,All Crops,94276.0,172243.0,1.83,"DES Area, Production & Yield Query Report"
Bihar,Samastipur,2020,2020 - 2021,Whole Year,All Crops,87643.0,150277.0,1.71,"DES Area, Production & Yield Query Report"
Bihar,Samastipur,2021,2021 - 2022,Whole Year,All Crops,88246.0,122966.0,1.39,"DES Area, Production & Yield Query Report"
Bihar,Samastipur,2022,2022 - 2023,Whole Year,All Crops,88310.0,183458.0,2.08,"DES Area, Production & Yield Query Report"
Bihar,Saran,2013,2013 - 2014,Whole Year,All Crops,74724.0,130551.0,1.75,"DES Area, Production & Yield Query Report"
Bihar,Saran,2014,2014 - 2015,Whole Year,All Crops,72545.0,164722.0,2.27,"DES Area, Production & Yield Query Report"
Bihar,Saran,2015,2015 - 2016,Whole Year,All Crops,68744.0,74250.0,1.08,"DES Area, Production & Yield Query Report"
Bihar,Saran,2016,2016 - 2017,Whole Year,All Crops,76452.0,151594.0,1.98,"DES Area, Production & Yield Query Report"
Bihar,Saran,2017,2017 - 2018,Whole Year,All Crops,62387.0,116155.0,1.86,"DES Area, Production & Yield Query Report"
Bihar,Saran,2018,2018 - 2019,Whole Year,All Crops,64211.0,65212.0,1.02,"DES Area, Production & Yield Query Report"
Bihar,Saran,2019,2019 - 2020,Whole Year,All Crops,61074.0,143526.0,2.35,"DES Area, Production & Yield Query Report"
Bihar,Saran,2020,2020 - 2021,Whole Year,All Crops,53463.0,88581.0,1.66,"DES Area, Production & Yield Query Report"
Bihar,Saran,2021,2021 - 2022,Whole Year,All Crops,55418.0,128717.0,2.32,"DES Area, Production & Yield Query Report"
Bihar,Saran,2022,2022 - 2023,Whole Year,All Crops,59207.0,161837.0,2.73,"DES Area, Production & Yield Query Report"
Bihar,Sheikhpura,2013,2013 - 2014,Whole Year,All Crops,14782.0,36825.0,2.49,"DES Area, Production & Yield Query Report"
Bihar,Sheikhpura,2014,2014 - 2015,Whole Year,All Crops,26738.0,101864.0,3.81,"DES Area, Production & Yield Query Report"
Bihar,Sheikhpura,2015,2015 - 2016,Whole Year,All Crops,24719.0,95713.0,3.87,"DES Area, Production & Yield Query Report"
Bihar,Sheikhpura,2016,2016 - 2017,Whole Year,All Crops,22079.0,63266.0,2.87,"DES Area, Production & Yield Query Report"
Bihar,Sheikhpura,2017,2017 - 2018,Whole Year,All Crops,30698.0,71267.0,2.32,"DES Area, Production & Yield Query Report"
Bihar,Sheikhpura,2018,2018 - 2019,Whole Year,All Crops,27254.0,32664.0,1.2,"DES Area, Production & Yield Query Report"
Bihar,Sheikhpura,2019,2019 - 2020,Whole Year,All Crops,22120.0,38493.0,1.74,"DES Area, Production & Yield Query Report"
Bihar,Sheikhpura,2020,2020 - 2021,Whole Year,All Crops,24421.0,61885.0,2.53,"DES Area, Production & Yield Query Report"
Bihar,Sheikhpura,2021,2021 - 2022,Whole Year,All Crops,24997.0,46208.0,1.85,"DES Area, Production & Yield Query Report"
Bihar,Sheikhpura,2022,2022 - 2023,Whole Year,All Crops,23983.0,66684.0,2.78,"DES Area, Production & Yield Query Report"
Bihar,Sheohar,2013,2013 - 2014,Whole Year,All Crops,23663.0,23075.0,0.98,"DES Area, Production & Yield Query Report"
Bihar,Sheohar,2014,2014 - 2015,Whole Year,All Crops,22889.0,42015.0,1.84,"DES Area, Production & Yield Query Report"
Bihar,Sheohar,2015,2015 - 2016,Whole Year,All Crops,22661.0,12464.0,0.55,"DES Area, Production & Yield Query Report"
Bihar,Sheohar,2016,2016 - 2017,Whole Year,All Crops,22119.0,35776.0,1.62,"DES Area, Production & Yield Query Report"
Bihar,Sheohar,2017,2017 - 2018,Whole Year,All Crops,22016.0,36867.0,1.67,"DES Area, Production & Yield Query Report"
Bihar,Sheohar,2018,2018 - 2019,Whole Year,All Crops,21583.0,32172.0,1.49,"DES Area, Production & Yield Query Report"
Bihar,Sheohar,2019,2019 - 2020,Whole Year,All Crops,21557.0,36537.0,1.69,"DES Area, Production & Yield Query Report"
Bihar,Sheohar,2020,2020 - 2021,Whole Year,All Crops,21534.0,39422.0,1.83,"DES Area, Production & Yield Query Report"
Bihar,Sheohar,2021,2021 - 2022,Whole Year,All Crops,21352.0,36517.0,1.71,"DES Area, Production & Yield Query Report"
Bihar,Sheohar,2022,2022 - 2023,Whole Year,All Crops,21327.0,43843.0,2.06,"DES Area, Production & Yield Query Report"
Bihar,Sitamarhi,2013,2013 - 2014,Whole Year,All Crops,99394.0,94107.0,0.95,"DES Area, Production & Yield Query Report"
Bihar,Sitamarhi,2014,2014 - 2015,Whole Year,All Crops,96589.0,182001.0,1.88,"DES Area, Production & Yield Query Report"
Bihar,Sitamarhi,2015,2015 - 2016,Whole Year,All Crops,96745.0,93519.0,0.97,"DES Area, Production & Yield Query Report"
Bihar,Sitamarhi,2016,2016 - 2017,Whole Year,All Crops,96292.0,204628.0,2.13,"DES Area, Production & Yield Query Report"
Bihar,Sitamarhi,2017,2017 - 2018,Whole Year,All Crops,97897.0,180599.0,1.84,"DES Area, Production & Yield Query Report"
Bihar,Sitamarhi,2018,2018 - 2019,Whole Year,All Crops,98720.0,175146.0,1.77,"DES Area, Production & Yield Query Report"
Bihar,Sitamarhi,2019,2019 - 2020,Whole Year,All Crops,98448.0,206434.0,2.1,"DES Area, Production & Yield Query Report"
Bihar,Sitamarhi,2020,2020 - 2021,Whole Year,All Crops,98177.0,153627.0,1.56,"DES Area, Production & Yield Query Report"
Bihar,Sitamarhi,2021,2021 - 2022,Whole Year,All Crops,99901.0,164157.0,1.64,"DES Area, Production & Yield Query Report"
Bihar,Sitamarhi,2022,2022 - 2023,Whole Year,All Crops,101162.0,180681.0,1.79,"DES Area, Production & Yield Query Report"
Bihar,Siwan,2013,2013 - 2014,Whole Year,All Crops,94115.0,158255.0,1.68,"DES Area, Production & Yield Query Report"
Bihar,Siwan,2014,2014 - 2015,Whole Year,All Crops,92628.0,190884.0,2.06,"DES Area, Production & Yield Query Report"
Bihar,Siwan,2015,2015 - 2016,Whole Year,All Crops,90957.0,143477.0,1.58,"DES Area, Production & Yield Query Report"
Bihar,Siwan,2016,2016 - 2017,Whole Year,All Crops,90484.0,177471.0,1.96,"DES Area, Production & Yield Query Report"
Bihar,Siwan,2017,2017 - 2018,Whole Year,All Crops,91003.0,151297.0,1.66,"DES Area, Production & Yield Query Report"
Bihar,Siwan,2018,2018 - 2019,Whole Year,All Crops,90998.0,64521.0,0.71,"DES Area, Production & Yield Query Report"
Bihar,Siwan,2019,2019 - 2020,Whole Year,All Crops,78078.0,137634.0,1.76,"DES Area, Production & Yield Query Report"
Bihar,Siwan,2020,2020 - 2021,Whole Year,All Crops,90998.0,106275.0,1.17,"DES Area, Production & Yield Query Report"
Bihar,Siwan,2021,2021 - 2022,Whole Year,All Crops,90998.0,172186.0,1.89,"DES Area, Production & Yield Query Report"
Bihar,Siwan,2022,2022 - 2023,Whole Year,All Crops,90999.0,222519.0,2.45,"DES Area, Production & Yield Query Report"
Bihar,Supaul,2013,2013 - 2014,Whole Year,All Crops,98432.0,167849.0,1.71,"DES Area, Production & Yield Query Report"
Bihar,Supaul,2014,2014 - 2015,Whole Year,All Crops,112077.0,200960.0,1.79,"DES Area, Production & Yield Query Report"
Bihar,Supaul,2015,2015 - 2016,Whole Year,All Crops,99193.0,188006.0,1.9,"DES Area, Production & Yield Query Report"
Bihar,Supaul,2016,2016 - 2017,Whole Year,All Crops,104630.0,203084.0,1.94,"DES Area, Production & Yield Query Report"
Bihar,Supaul,2017,2017 - 2018,Whole Year,All Crops,101312.0,159451.0,1.57,"DES Area, Production & Yield Query Report"
Bihar,Supaul,2018,2018 - 2019,Whole Year,All Crops,103354.0,201728.0,1.95,"DES Area, Production & Yield Query Report"
Bihar,Supaul,2019,2019 - 2020,Whole Year,All Crops,103491.0,179300.0,1.73,"DES Area, Production & Yield Query Report"
Bihar,Supaul,2020,2020 - 2021,Whole Year,All Crops,98192.0,140200.0,1.43,"DES Area, Production & Yield Query Report"
Bihar,Supaul,2021,2021 - 2022,Whole Year,All Crops,108503.0,239706.0,2.21,"DES Area, Production & Yield Query Report"
Bihar,Supaul,2022,2022 - 2023,Whole Year,All Crops,107874.0,271891.0,2.52,"DES Area, Production & Yield Query Report"
Bihar,Vaishali,2013,2013 - 2014,Whole Year,All Crops,40213.0,58660.0,1.46,"DES Area, Production & Yield Query Report"
Bihar,Vaishali,2014,2014 - 2015,Whole Year,All Crops,46184.0,98248.0,2.13,"DES Area, Production & Yield Query Report"
Bihar,Vaishali,2015,2015 - 2016,Whole Year,All Crops,43719.0,44578.0,1.02,"DES Area, Production & Yield Query Report"
Bihar,Vaishali,2016,2016 - 2017,Whole Year,All Crops,39616.0,85896.0,2.17,"DES Area, Production & Yield Query Report"
Bihar,Vaishali,2017,2017 - 2018,Whole Year,All Crops,42030.0,89261.0,2.12,"DES Area, Production & Yield Query Report"
Bihar,Vaishali,2018,2018 - 2019,Whole Year,All Crops,40881.0,45873.0,1.12,"DES Area, Production & Yield Query Report"
Bihar,Vaishali,2019,2019 - 2020,Whole Year,All Crops,40225.0,72714.0,1.81,"DES Area, Production & Yield Query Report"
Bihar,Vaishali,2020,2020 - 2021,Whole Year,All Crops,39734.0,75325.0,1.9,"DES Area, Production & Yield Query Report"
Bihar,Vaishali,2021,2021 - 2022,Whole Year,All Crops,35386.0,57223.0,1.62,"DES Area, Production & Yield Query Report"
Bihar,Vaishali,2022,2022 - 2023,Whole Year,All Crops,38858.0,89362.0,2.3,"DES Area, Production & Yield Query Report"
Chandigarh,Chandigarh,2013,2013 - 2014,Whole Year,All Crops,20.0,106.0,5.3,"DES Area, Production & Yield Query Report"
Chandigarh,Chandigarh,2014,2014 - 2015,Whole Year,All Crops,20.0,100.0,5.0,"DES Area, Production & Yield Query Report"
Chandigarh,Chandigarh,2015,2015 - 2016,Whole Year,All Crops,20.0,103.0,5.15,"DES Area, Production & Yield Query Report"
Chandigarh,Chandigarh,2016,2016 - 2017,Whole Year,All Crops,8.0,42.0,5.25,"DES Area, Production & Yield Query Report"
Chandigarh,Chandigarh,2017,2017 - 2018,Whole Year,All Crops,10.0,55.0,5.5,"DES Area, Production & Yield Query Report"
Chandigarh,Chandigarh,2018,2018 - 2019,Whole Year,All Crops,10.0,53.0,5.3,"DES Area, Production & Yield Query Report"
Chandigarh,Chandigarh,2019,2019 - 2020,Whole Year,All Crops,80.0,440.0,5.5,"DES Area, Production & Yield Query Report"
Chandigarh,Chandigarh,2020,2020 - 2021,Whole Year,All Crops,82.0,451.0,5.5,"DES Area, Production & Yield Query Report"
Chandigarh,Chandigarh,2021,2021 - 2022,Whole Year,All Crops,82.0,451.0,5.5,"DES Area, Production & Yield Query Report"
Chandigarh,Chandigarh,2022,2022 - 2023,Whole Year,All Crops,84.0,462.0,5.5,"DES Area, Production & Yield Query Report"
Chhattisgarh,Balod,2013,2013 - 2014,Whole Year,All Crops,181677.0,291899.0,1.61,"DES Area, Production & Yield Query Report"
Chhattisgarh,Balod,2014,2014 - 2015,Whole Year,All Crops,183795.0,348670.0,1.9,"DES Area, Production & Yield Query Report"
Chhattisgarh,Balod,2015,2015 - 2016,Whole Year,All Crops,179085.0,194925.0,1.09,"DES Area, Production & Yield Query Report"
Chhattisgarh,Balod,2016,2016 - 2017,Whole Year,All Crops,191042.0,448458.0,2.35,"DES Area, Production & Yield Query Report"
Chhattisgarh,Balod,2017,2017 - 2018,Whole Year,All Crops,174962.0,241672.0,1.38,"DES Area, Production & Yield Query Report"
Chhattisgarh,Balod,2018,2018 - 2019,Whole Year,All Crops,185448.0,300866.0,1.62,"DES Area, Production & Yield Query Report"
Chhattisgarh,Balod,2019,2019 - 2020,Whole Year,All Crops,201908.0,435947.0,2.16,"DES Area, Production & Yield Query Report"
Chhattisgarh,Balod,2020,2020 - 2021,Whole Year,All Crops,208479.0,674632.0,3.24,"DES Area, Production & Yield Query Report"
Chhattisgarh,Balod,2021,2021 - 2022,Whole Year,All Crops,194131.0,585238.0,3.01,"DES Area, Production & Yield Query Report"
Chhattisgarh,Balod,2022,2022 - 2023,Whole Year,All Crops,193620.0,582628.0,3.01,"DES Area, Production & Yield Query Report"
Chhattisgarh,Baloda bazar,2013,2013 - 2014,Whole Year,All Crops,223120.0,324941.0,1.46,"DES Area, Production & Yield Query Report"
Chhattisgarh,Baloda bazar,2014,2014 - 2015,Whole Year,All Crops,238360.0,383684.0,1.61,"DES Area, Production & Yield Query Report"
Chhattisgarh,Baloda bazar,2015,2015 - 2016,Whole Year,All Crops,239456.0,339816.0,1.42,"DES Area, Production & Yield Query Report"
Chhattisgarh,Baloda bazar,2016,2016 - 2017,Whole Year,All Crops,225526.0,412515.0,1.83,"DES Area, Production & Yield Query Report"
Chhattisgarh,Baloda bazar,2017,2017 - 2018,Whole Year,All Crops,225580.0,279965.0,1.24,"DES Area, Production & Yield Query Report"
Chhattisgarh,Baloda bazar,2018,2018 - 2019,Whole Year,All Crops,232934.0,308961.0,1.33,"DES Area, Production & Yield Query Report"
Chhattisgarh,Baloda bazar,2019,2019 - 2020,Whole Year,All Crops,235090.0,396497.0,1.69,"DES Area, Production & Yield Query Report"
Chhattisgarh,Baloda bazar,2020,2020 - 2021,Whole Year,All Crops,238962.0,631463.0,2.64,"DES Area, Production & Yield Query Report"
Chhattisgarh,Baloda bazar,2021,2021 - 2022,Whole Year,All Crops,243319.0,623838.0,2.56,"DES Area, Production & Yield Query Report"
Chhattisgarh,Baloda bazar,2022,2022 - 2023,Whole Year,All Crops,203076.0,547114.0,2.69,"DES Area, Production & Yield Query Report"
Chhattisgarh,Balrampur,2013,2013 - 2014,Whole Year,All Crops,76789.0,128716.0,1.68,"DES Area, Production & Yield Query Report"
Chhattisgarh,Balrampur,2014,2014 - 2015,Whole Year,All Crops,84190.0,153462.0,1.82,"DES Area, Production & Yield Query Report"
Chhattisgarh,Balrampur,2015,2015 - 2016,Whole Year,All Crops,81513.0,91752.0,1.13,"DES Area, Production & Yield Query Report"
Chhattisgarh,Balrampur,2016,2016 - 2017,Whole Year,All Crops,82595.0,151622.0,1.84,"DES Area, Production & Yield Query Report"
Chhattisgarh,Balrampur,2017,2017 - 2018,Whole Year,All Crops,83696.0,127530.0,1.52,"DES Area, Production & Yield Query Report"
Chhattisgarh,Balrampur,2018,2018 - 2019,Whole Year,All Crops,86628.0,130620.0,1.51,"DES Area, Production & Yield Query Report"
Chhattisgarh,Balrampur,2019,2019 - 2020,Whole Year,All Crops,88605.0,150494.0,1.7,"DES Area, Production & Yield Query Report"
Chhattisgarh,Balrampur,2020,2020 - 2021,Whole Year,All Crops,91449.0,173127.0,1.89,"DES Area, Production & Yield Query Report"
Chhattisgarh,Balrampur,2021,2021 - 2022,Whole Year,All Crops,95488.0,211036.0,2.21,"DES Area, Production & Yield Query Report"
Chhattisgarh,Balrampur,2022,2022 - 2023,Whole Year,All Crops,88977.0,224085.0,2.52,"DES Area, Production & Yield Query Report"
Chhattisgarh,Bastar,2013,2013 - 2014,Whole Year,All Crops,137727.0,229306.0,1.66,"DES Area, Production & Yield Query Report"
Chhattisgarh,Bastar,2014,2014 - 2015,Whole Year,All Crops,132393.0,241480.0,1.82,"DES Area, Production & Yield Query Report"
Chhattisgarh,Bastar,2015,2015 - 2016,Whole Year,All Crops,130042.0,107189.0,0.82,"DES Area, Production & Yield Query Report"
Chhattisgarh,Bastar,2016,2016 - 2017,Whole Year,All Crops,132012.0,276821.0,2.1,"DES Area, Production & Yield Query Report"
Chhattisgarh,Bastar,2017,2017 - 2018,Whole Year,All Crops,131766.0,173933.0,1.32,"DES Area, Production & Yield Query Report"
Chhattisgarh,Bastar,2018,2018 - 2019,Whole Year,All Crops,131543.0,214670.0,1.63,"DES Area, Production & Yield Query Report"
Chhattisgarh,Bastar,2019,2019 - 2020,Whole Year,All Crops,129171.0,251023.0,1.94,"DES Area, Production & Yield Query Report"
Chhattisgarh,Bastar,2020,2020 - 2021,Whole Year,All Crops,128069.0,210583.0,1.64,"DES Area, Production & Yield Query Report"
Chhattisgarh,Bastar,2021,2021 - 2022,Whole Year,All Crops,127858.0,186190.0,1.46,"DES Area, Production & Yield Query Report"
Chhattisgarh,Bastar,2022,2022 - 2023,Whole Year,All Crops,127553.0,312702.0,2.45,"DES Area, Production & Yield Query Report"
Chhattisgarh,Bemetara,2013,2013 - 2014,Whole Year,All Crops,156979.0,231018.0,1.47,"DES Area, Production & Yield Query Report"
Chhattisgarh,Bemetara,2014,2014 - 2015,Whole Year,All Crops,160884.0,274799.0,1.71,"DES Area, Production & Yield Query Report"
Chhattisgarh,Bemetara,2015,2015 - 2016,Whole Year,All Crops,164954.0,236808.0,1.44,"DES Area, Production & Yield Query Report"
Chhattisgarh,Bemetara,2016,2016 - 2017,Whole Year,All Crops,168615.0,310317.0,1.84,"DES Area, Production & Yield Query Report"
Chhattisgarh,Bemetara,2017,2017 - 2018,Whole Year,All Crops,169282.0,178631.0,1.06,"DES Area, Production & Yield Query Report"
Chhattisgarh,Bemetara,2018,2018 - 2019,Whole Year,All Crops,180701.0,243813.0,1.35,"DES Area, Production & Yield Query Report"
Chhattisgarh,Bemetara,2019,2019 - 2020,Whole Year,All Crops,186446.0,317814.0,1.7,"DES Area, Production & Yield Query Report"
Chhattisgarh,Bemetara,2020,2020 - 2021,Whole Year,All Crops,207588.0,501549.0,2.42,"DES Area, Production & Yield Query Report"
Chhattisgarh,Bemetara,2021,2021 - 2022,Whole Year,All Crops,211353.0,534138.0,2.53,"DES Area, Production & Yield Query Report"
Chhattisgarh,Bemetara,2022,2022 - 2023,Whole Year,All Crops,215159.0,708351.0,3.29,"DES Area, Production & Yield Query Report"
Chhattisgarh,Bijapur,2013,2013 - 2014,Whole Year,All Crops,61635.0,99211.0,1.61,"DES Area, Production & Yield Query Report"
Chhattisgarh,Bijapur,2014,2014 - 2015,Whole Year,All Crops,61565.0,115289.0,1.87,"DES Area, Production & Yield Query Report"
Chhattisgarh,Bijapur,2015,2015 - 2016,Whole Year,All Crops,59488.0,55641.0,0.94,"DES Area, Production & Yield Query Report"
Chhattisgarh,Bijapur,2016,2016 - 2017,Whole Year,All Crops,61298.0,108621.0,1.77,"DES Area, Production & Yield Query Report"
Chhattisgarh,Bijapur,2017,2017 - 2018,Whole Year,All Crops,62155.0,81582.0,1.31,"DES Area, Production & Yield Query Report"
Chhattisgarh,Bijapur,2018,2018 - 2019,Whole Year,All Crops,63255.0,85845.0,1.36,"DES Area, Production & Yield Query Report"
Chhattisgarh,Bijapur,2019,2019 - 2020,Whole Year,All Crops,67485.0,109753.0,1.63,"DES Area, Production & Yield Query Report"
Chhattisgarh,Bijapur,2020,2020 - 2021,Whole Year,All Crops,73837.0,123220.0,1.67,"DES Area, Production & Yield Query Report"
Chhattisgarh,Bijapur,2021,2021 - 2022,Whole Year,All Crops,78801.0,114929.0,1.46,"DES Area, Production & Yield Query Report"
Chhattisgarh,Bijapur,2022,2022 - 2023,Whole Year,All Crops,83166.0,190500.0,2.29,"DES Area, Production & Yield Query Report"
Chhattisgarh,Bilaspur,2013,2013 - 2014,Whole Year,All Crops,222487.0,459300.0,2.06,"DES Area, Production & Yield Query Report"
Chhattisgarh,Bilaspur,2014,2014 - 2015,Whole Year,All Crops,227579.0,456491.0,2.01,"DES Area, Production & Yield Query Report"
Chhattisgarh,Bilaspur,2015,2015 - 2016,Whole Year,All Crops,224534.0,261092.0,1.16,"DES Area, Production & Yield Query Report"
Chhattisgarh,Bilaspur,2016,2016 - 2017,Whole Year,All Crops,219092.0,515658.0,2.35,"DES Area, Production & Yield Query Report"
Chhattisgarh,Bilaspur,2017,2017 - 2018,Whole Year,All Crops,217583.0,245060.0,1.13,"DES Area, Production & Yield Query Report"
Chhattisgarh,Bilaspur,2018,2018 - 2019,Whole Year,All Crops,225344.0,421077.0,1.87,"DES Area, Production & Yield Query Report"
Chhattisgarh,Bilaspur,2019,2019 - 2020,Whole Year,All Crops,181167.0,397277.0,2.19,"DES Area, Production & Yield Query Report"
Chhattisgarh,Bilaspur,2020,2020 - 2021,Whole Year,All Crops,185962.0,485705.0,2.61,"DES Area, Production & Yield Query Report"
Chhattisgarh,Bilaspur,2021,2021 - 2022,Whole Year,All Crops,185740.0,471107.0,2.54,"DES Area, Production & Yield Query Report"
Chhattisgarh,Bilaspur,2022,2022 - 2023,Whole Year,All Crops,182696.0,619212.0,3.39,"DES Area, Production & Yield Query Report"
Chhattisgarh,Dantewada,2013,2013 - 2014,Whole Year,All Crops,68153.0,112922.0,1.66,"DES Area, Production & Yield Query Report"
Chhattisgarh,Dantewada,2014,2014 - 2015,Whole Year,All Crops,70366.0,131262.0,1.87,"DES Area, Production & Yield Query Report"
Chhattisgarh,Dantewada,2015,2015 - 2016,Whole Year,All Crops,69860.0,50299.0,0.72,"DES Area, Production & Yield Query Report"
Chhattisgarh,Dantewada,2016,2016 - 2017,Whole Year,All Crops,70855.0,118688.0,1.68,"DES Area, Production & Yield Query Report"
Chhattisgarh,Dantewada,2017,2017 - 2018,Whole Year,All Crops,70688.0,52224.0,0.74,"DES Area, Production & Yield Query Report"
Chhattisgarh,Dantewada,2018,2018 - 2019,Whole Year,All Crops,70867.0,91855.0,1.3,"DES Area, Production & Yield Query Report"
Chhattisgarh,Dantewada,2019,2019 - 2020,Whole Year,All Crops,71002.0,109893.0,1.55,"DES Area, Production & Yield Query Report"
Chhattisgarh,Dantewada,2020,2020 - 2021,Whole Year,All Crops,71518.0,110049.0,1.54,"DES Area, Production & Yield Query Report"
Chhattisgarh,Dantewada,2021,2021 - 2022,Whole Year,All Crops,71200.0,101916.0,1.43,"DES Area, Production & Yield Query Report"
Chhattisgarh,Dantewada,2022,2022 - 2023,Whole Year,All Crops,70549.0,140290.0,1.99,"DES Area, Production & Yield Query Report"
Chhattisgarh,Dhamtari,2013,2013 - 2014,Whole Year,All Crops,194750.0,436199.0,2.24,"DES Area, Production & Yield Query Report"
Chhattisgarh,Dhamtari,2014,2014 - 2015,Whole Year,All Crops,198148.0,620402.0,3.13,"DES Area, Production & Yield Query Report"
Chhattisgarh,Dhamtari,2015,2015 - 2016,Whole Year,All Crops,173361.0,314275.0,1.81,"DES Area, Production & Yield Query Report"
Chhattisgarh,Dhamtari,2016,2016 - 2017,Whole Year,All Crops,183504.0,603476.0,3.29,"DES Area, Production & Yield Query Report"
Chhattisgarh,Dhamtari,2017,2017 - 2018,Whole Year,All Crops,144868.0,311175.0,2.15,"DES Area, Production & Yield Query Report"
Chhattisgarh,Dhamtari,2018,2018 - 2019,Whole Year,All Crops,178763.0,433106.0,2.42,"DES Area, Production & Yield Query Report"
Chhattisgarh,Dhamtari,2019,2019 - 2020,Whole Year,All Crops,188678.0,603600.0,3.2,"DES Area, Production & Yield Query Report"
Chhattisgarh,Dhamtari,2020,2020 - 2021,Whole Year,All Crops,195589.0,604843.0,3.09,"DES Area, Production & Yield Query Report"
Chhattisgarh,Dhamtari,2021,2021 - 2022,Whole Year,All Crops,183228.0,503439.0,2.75,"DES Area, Production & Yield Query Report"
Chhattisgarh,Dhamtari,2022,2022 - 2023,Whole Year,All Crops,183208.0,598203.0,3.27,"DES Area, Production & Yield Query Report"
Chhattisgarh,Durg,2013,2013 - 2014,Whole Year,All Crops,130671.0,253696.0,1.94,"DES Area, Production & Yield Query Report"
Chhattisgarh,Durg,2014,2014 - 2015,Whole Year,All Crops,130467.0,242048.0,1.86,"DES Area, Production & Yield Query Report"
Chhattisgarh,Durg,2015,2015 - 2016,Whole Year,All Crops,129503.0,173853.0,1.34,"DES Area, Production & Yield Query Report"
Chhattisgarh,Durg,2016,2016 - 2017,Whole Year,All Crops,134177.0,397480.0,2.96,"DES Area, Production & Yield Query Report"
Chhattisgarh,Durg,2017,2017 - 2018,Whole Year,All Crops,126836.0,173187.0,1.37,"DES Area, Production & Yield Query Report"
Chhattisgarh,Durg,2018,2018 - 2019,Whole Year,All Crops,137558.0,289006.0,2.1,"DES Area, Production & Yield Query Report"
Chhattisgarh,Durg,2019,2019 - 2020,Whole Year,All Crops,139109.0,379937.0,2.73,"DES Area, Production & Yield Query Report"
Chhattisgarh,Durg,2020,2020 - 2021,Whole Year,All Crops,145496.0,360014.0,2.47,"DES Area, Production & Yield Query Report"
Chhattisgarh,Durg,2021,2021 - 2022,Whole Year,All Crops,142153.0,329279.0,2.32,"DES Area, Production & Yield Query Report"
Chhattisgarh,Durg,2022,2022 - 2023,Whole Year,All Crops,139432.0,398262.0,2.86,"DES Area, Production & Yield Query Report"
Chhattisgarh,Gariyaband,2013,2013 - 2014,Whole Year,All Crops,134290.0,198730.0,1.48,"DES Area, Production & Yield Query Report"
Chhattisgarh,Gariyaband,2014,2014 - 2015,Whole Year,All Crops,139889.0,237276.0,1.7,"DES Area, Production & Yield Query Report"
Chhattisgarh,Gariyaband,2015,2015 - 2016,Whole Year,All Crops,137037.0,102643.0,0.75,"DES Area, Production & Yield Query Report"
Chhattisgarh,Gariyaband,2016,2016 - 2017,Whole Year,All Crops,138446.0,329943.0,2.38,"DES Area, Production & Yield Query Report"
Chhattisgarh,Gariyaband,2017,2017 - 2018,Whole Year,All Crops,145003.0,193055.0,1.33,"DES Area, Production & Yield Query Report"
Chhattisgarh,Gariyaband,2018,2018 - 2019,Whole Year,All Crops,146599.0,234778.0,1.6,"DES Area, Production & Yield Query Report"
Chhattisgarh,Gariyaband,2019,2019 - 2020,Whole Year,All Crops,141095.0,311834.0,2.21,"DES Area, Production & Yield Query Report"
Chhattisgarh,Gariyaband,2020,2020 - 2021,Whole Year,All Crops,145800.0,311582.0,2.14,"DES Area, Production & Yield Query Report"
Chhattisgarh,Gariyaband,2021,2021 - 2022,Whole Year,All Crops,145319.0,272430.0,1.87,"DES Area, Production & Yield Query Report"
Chhattisgarh,Gariyaband,2022,2022 - 2023,Whole Year,All Crops,144374.0,375024.0,2.6,"DES Area, Production & Yield Query Report"
Chhattisgarh,Gaurella-pendra-marwahi,2019,2019 - 2020,Whole Year,All Crops,59718.0,123381.0,2.07,"DES Area, Production & Yield Query Report"
Chhattisgarh,Gaurella-pendra-marwahi,2020,2020 - 2021,Whole Year,All Crops,60901.0,77356.0,1.27,"DES Area, Production & Yield Query Report"
Chhattisgarh,Gaurella-pendra-marwahi,2021,2021 - 2022,Whole Year,All Crops,59047.0,143522.0,2.43,"DES Area, Production & Yield Query Report"
Chhattisgarh,Gaurella-pendra-marwahi,2022,2022 - 2023,Whole Year,All Crops,60920.0,223073.0,3.66,"DES Area, Production & Yield Query Report"
Chhattisgarh,Janjgir-champa,2013,2013 - 2014,Whole Year,All Crops,257816.0,742522.0,2.88,"DES Area, Production & Yield Query Report"
Chhattisgarh,Janjgir-champa,2014,2014 - 2015,Whole Year,All Crops,253667.0,802349.0,3.16,"DES Area, Production & Yield Query Report"
Chhattisgarh,Janjgir-champa,2015,2015 - 2016,Whole Year,All Crops,253832.0,716366.0,2.82,"DES Area, Production & Yield Query Report"
Chhattisgarh,Janjgir-champa,2016,2016 - 2017,Whole Year,All Crops,254371.0,834223.0,3.28,"DES Area, Production & Yield Query Report"
Chhattisgarh,Janjgir-champa,2017,2017 - 2018,Whole Year,All Crops,254651.0,680566.0,2.67,"DES Area, Production & Yield Query Report"
Chhattisgarh,Janjgir-champa,2018,2018 - 2019,Whole Year,All Crops,261169.0,597932.0,2.29,"DES Area, Production & Yield Query Report"
Chhattisgarh,Janjgir-champa,2019,2019 - 2020,Whole Year,All Crops,262439.0,787702.0,3.0,"DES Area, Production & Yield Query Report"
Chhattisgarh,Janjgir-champa,2020,2020 - 2021,Whole Year,All Crops,282383.0,569461.0,2.02,"DES Area, Production & Yield Query Report"
Chhattisgarh,Janjgir-champa,2021,2021 - 2022,Whole Year,All Crops,283850.0,857623.0,3.02,"DES Area, Production & Yield Query Report"
Chhattisgarh,Janjgir-champa,2022,2022 - 2023,Whole Year,All Crops,155463.0,493337.0,3.17,"DES Area, Production & Yield Query Report"
Chhattisgarh,Jashpur,2013,2013 - 2014,Whole Year,All Crops,180506.0,277510.0,1.54,"DES Area, Production & Yield Query Report"
Chhattisgarh,Jashpur,2014,2014 - 2015,Whole Year,All Crops,180700.0,290404.0,1.61,"DES Area, Production & Yield Query Report"
Chhattisgarh,Jashpur,2015,2015 - 2016,Whole Year,All Crops,180626.0,162391.0,0.9,"DES Area, Production & Yield Query Report"
Chhattisgarh,Jashpur,2016,2016 - 2017,Whole Year,All Crops,181149.0,203388.0,1.12,"DES Area, Production & Yield Query Report"
Chhattisgarh,Jashpur,2017,2017 - 2018,Whole Year,All Crops,183914.0,215537.0,1.17,"DES Area, Production & Yield Query Report"
Chhattisgarh,Jashpur,2018,2018 - 2019,Whole Year,All Crops,184319.0,159508.0,0.87,"DES Area, Production & Yield Query Report"
Chhattisgarh,Jashpur,2019,2019 - 2020,Whole Year,All Crops,184271.0,191219.0,1.04,"DES Area, Production & Yield Query Report"
Chhattisgarh,Jashpur,2020,2020 - 2021,Whole Year,All Crops,185802.0,278425.0,1.5,"DES Area, Production & Yield Query Report"
Chhattisgarh,Jashpur,2021,2021 - 2022,Whole Year,All Crops,186144.0,211996.0,1.14,"DES Area, Production & Yield Query Report"
Chhattisgarh,Jashpur,2022,2022 - 2023,Whole Year,All Crops,170756.0,287493.0,1.68,"DES Area, Production & Yield Query Report"
Chhattisgarh,Kabirdham,2013,2013 - 2014,Whole Year,All Crops,96026.0,127776.0,1.33,"DES Area, Production & Yield Query Report"
Chhattisgarh,Kabirdham,2014,2014 - 2015,Whole Year,All Crops,102157.0,138630.0,1.36,"DES Area, Production & Yield Query Report"
Chhattisgarh,Kabirdham,2015,2015 - 2016,Whole Year,All Crops,106327.0,106583.0,1.0,"DES Area, Production & Yield Query Report"
Chhattisgarh,Kabirdham,2016,2016 - 2017,Whole Year,All Crops,105359.0,134788.0,1.28,"DES Area, Production & Yield Query Report"
Chhattisgarh,Kabirdham,2017,2017 - 2018,Whole Year,All Crops,106660.0,115200.0,1.08,"DES Area, Production & Yield Query Report"
Chhattisgarh,Kabirdham,2018,2018 - 2019,Whole Year,All Crops,114013.0,118982.0,1.04,"DES Area, Production & Yield Query Report"
Chhattisgarh,Kabirdham,2019,2019 - 2020,Whole Year,All Crops,132955.0,168685.0,1.27,"DES Area, Production & Yield Query Report"
Chhattisgarh,Kabirdham,2020,2020 - 2021,Whole Year,All Crops,132777.0,164021.0,1.24,"DES Area, Production & Yield Query Report"
Chhattisgarh,Kabirdham,2021,2021 - 2022,Whole Year,All Crops,133626.0,171824.0,1.29,"DES Area, Production & Yield Query Report"
Chhattisgarh,Kabirdham,2022,2022 - 2023,Whole Year,All Crops,133437.0,284508.0,2.13,"DES Area, Production & Yield Query Report"
Chhattisgarh,Kanker,2013,2013 - 2014,Whole Year,All Crops,177529.0,431585.0,2.43,"DES Area, Production & Yield Query Report"
Chhattisgarh,Kanker,2014,2014 - 2015,Whole Year,All Crops,178689.0,477197.0,2.67,"DES Area, Production & Yield Query Report"
Chhattisgarh,Kanker,2015,2015 - 2016,Whole Year,All Crops,180184.0,219846.0,1.22,"DES Area, Production & Yield Query Report"
Chhattisgarh,Kanker,2016,2016 - 2017,Whole Year,All Crops,181719.0,424052.0,2.33,"DES Area, Production & Yield Query Report"
Chhattisgarh,Kanker,2017,2017 - 2018,Whole Year,All Crops,181645.0,231439.0,1.27,"DES Area, Production & Yield Query Report"
Chhattisgarh,Kanker,2018,2018 - 2019,Whole Year,All Crops,189122.0,277742.0,1.47,"DES Area, Production & Yield Query Report"
Chhattisgarh,Kanker,2019,2019 - 2020,Whole Year,All Crops,195941.0,427906.0,2.18,"DES Area, Production & Yield Query Report"
Chhattisgarh,Kanker,2020,2020 - 2021,Whole Year,All Crops,181961.0,377337.0,2.07,"DES Area, Production & Yield Query Report"
Chhattisgarh,Kanker,2021,2021 - 2022,Whole Year,All Crops,182160.0,286207.0,1.57,"DES Area, Production & Yield Query Report"
Chhattisgarh,Kanker,2022,2022 - 2023,Whole Year,All Crops,187210.0,529577.0,2.83,"DES Area, Production & Yield Query Report"
Chhattisgarh,Khairgarh chhuikhadan gandai,2022,2022 - 2023,Whole Year,All Crops,86164.0,166721.0,1.93,"DES Area, Production & Yield Query Report"
Chhattisgarh,Kondagaon,2013,2013 - 2014,Whole Year,All Crops,100277.0,181999.0,1.81,"DES Area, Production & Yield Query Report"
Chhattisgarh,Kondagaon,2014,2014 - 2015,Whole Year,All Crops,100383.0,193520.0,1.93,"DES Area, Production & Yield Query Report"
Chhattisgarh,Kondagaon,2015,2015 - 2016,Whole Year,All Crops,99448.0,110191.0,1.11,"DES Area, Production & Yield Query Report"
Chhattisgarh,Kondagaon,2016,2016 - 2017,Whole Year,All Crops,104768.0,183987.0,1.76,"DES Area, Production & Yield Query Report"
Chhattisgarh,Kondagaon,2017,2017 - 2018,Whole Year,All Crops,105481.0,119670.0,1.13,"DES Area, Production & Yield Query Report"
Chhattisgarh,Kondagaon,2018,2018 - 2019,Whole Year,All Crops,106490.0,144674.0,1.36,"DES Area, Production & Yield Query Report"
Chhattisgarh,Kondagaon,2019,2019 - 2020,Whole Year,All Crops,108703.0,176985.0,1.63,"DES Area, Production & Yield Query Report"
Chhattisgarh,Kondagaon,2020,2020 - 2021,Whole Year,All Crops,109870.0,149540.0,1.36,"DES Area, Production & Yield Query Report"
Chhattisgarh,Kondagaon,2021,2021 - 2022,Whole Year,All Crops,111686.0,142187.0,1.27,"DES Area, Production & Yield Query Report"
Chhattisgarh,Kondagaon,2022,2022 - 2023,Whole Year,All Crops,113779.0,242443.0,2.13,"DES Area, Production & Yield Query Report"
Chhattisgarh,Korba,2013,2013 - 2014,Whole Year,All Crops,109179.0,150499.0,1.38,"DES Area, Production & Yield Query Report"
Chhattisgarh,Korba,2014,2014 - 2015,Whole Year,All Crops,109135.0,164065.0,1.5,"DES Area, Production & Yield Query Report"
Chhattisgarh,Korba,2015,2015 - 2016,Whole Year,All Crops,110143.0,86754.0,0.79,"DES Area, Production & Yield Query Report"
Chhattisgarh,Korba,2016,2016 - 2017,Whole Year,All Crops,109314.0,178988.0,1.64,"DES Area, Production & Yield Query Report"
Chhattisgarh,Korba,2017,2017 - 2018,Whole Year,All Crops,108938.0,144436.0,1.33,"DES Area, Production & Yield Query Report"
Chhattisgarh,Korba,2018,2018 - 2019,Whole Year,All Crops,109307.0,126495.0,1.16,"DES Area, Production & Yield Query Report"
Chhattisgarh,Korba,2019,2019 - 2020,Whole Year,All Crops,107701.0,164585.0,1.53,"DES Area, Production & Yield Query Report"
Chhattisgarh,Korba,2020,2020 - 2021,Whole Year,All Crops,113617.0,281831.0,2.48,"DES Area, Production & Yield Query Report"
Chhattisgarh,Korba,2021,2021 - 2022,Whole Year,All Crops,113411.0,150046.0,1.32,"DES Area, Production & Yield Query Report"
Chhattisgarh,Korba,2022,2022 - 2023,Whole Year,All Crops,114823.0,235542.0,2.05,"DES Area, Production & Yield Query Report"
Chhattisgarh,Korea,2013,2013 - 2014,Whole Year,All Crops,69767.0,112577.0,1.61,"DES Area, Production & Yield Query Report"
Chhattisgarh,Korea,2014,2014 - 2015,Whole Year,All Crops,73095.0,130407.0,1.78,"DES Area, Production & Yield Query Report"
Chhattisgarh,Korea,2015,2015 - 2016,Whole Year,All Crops,63527.0,46572.0,0.73,"DES Area, Production & Yield Query Report"
Chhattisgarh,Korea,2016,2016 - 2017,Whole Year,All Crops,67750.0,118762.0,1.75,"DES Area, Production & Yield Query Report"
Chhattisgarh,Korea,2017,2017 - 2018,Whole Year,All Crops,67752.0,71845.0,1.06,"DES Area, Production & Yield Query Report"
Chhattisgarh,Korea,2018,2018 - 2019,Whole Year,All Crops,68571.0,92310.0,1.35,"DES Area, Production & Yield Query Report"
Chhattisgarh,Korea,2019,2019 - 2020,Whole Year,All Crops,72599.0,116891.0,1.61,"DES Area, Production & Yield Query Report"
Chhattisgarh,Korea,2020,2020 - 2021,Whole Year,All Crops,73990.0,165757.0,2.24,"DES Area, Production & Yield Query Report"
Chhattisgarh,Korea,2021,2021 - 2022,Whole Year,All Crops,75972.0,107610.0,1.42,"DES Area, Production & Yield Query Report"
Chhattisgarh,Korea,2022,2022 - 2023,Whole Year,All Crops,41495.0,62142.0,1.5,"DES Area, Production & Yield Query Report"
Chhattisgarh,Mahasamund,2013,2013 - 2014,Whole Year,All Crops,271381.0,474504.0,1.75,"DES Area, Production & Yield Query Report"
Chhattisgarh,Mahasamund,2014,2014 - 2015,Whole Year,All Crops,272551.0,510063.0,1.87,"DES Area, Production & Yield Query Report"
Chhattisgarh,Mahasamund,2015,2015 - 2016,Whole Year,All Crops,271299.0,391426.0,1.44,"DES Area, Production & Yield Query Report"
Chhattisgarh,Mahasamund,2016,2016 - 2017,Whole Year,All Crops,282318.0,505564.0,1.79,"DES Area, Production & Yield Query Report"
Chhattisgarh,Mahasamund,2017,2017 - 2018,Whole Year,All Crops,281144.0,406970.0,1.45,"DES Area, Production & Yield Query Report"
Chhattisgarh,Mahasamund,2018,2018 - 2019,Whole Year,All Crops,294928.0,370014.0,1.25,"DES Area, Production & Yield Query Report"
Chhattisgarh,Mahasamund,2019,2019 - 2020,Whole Year,All Crops,290632.0,469992.0,1.62,"DES Area, Production & Yield Query Report"
Chhattisgarh,Mahasamund,2020,2020 - 2021,Whole Year,All Crops,283655.0,475208.0,1.68,"DES Area, Production & Yield Query Report"
Chhattisgarh,Mahasamund,2021,2021 - 2022,Whole Year,All Crops,289110.0,470059.0,1.63,"DES Area, Production & Yield Query Report"
Chhattisgarh,Mahasamund,2022,2022 - 2023,Whole Year,All Crops,294357.0,626688.0,2.13,"DES Area, Production & Yield Query Report"
Chhattisgarh,Manendragarh chirimiri bharatpur,2022,2022 - 2023,Whole Year,All Crops,34551.0,51299.0,1.48,"DES Area, Production & Yield Query Report"
Chhattisgarh,Mohla manpur ambagarh chouki,2022,2022 - 2023,Whole Year,All Crops,82369.0,155572.0,1.89,"DES Area, Production & Yield Query Report"
Chhattisgarh,Mungeli,2013,2013 - 2014,Whole Year,All Crops,108812.0,187778.0,1.73,"DES Area, Production & Yield Query Report"
Chhattisgarh,Mungeli,2014,2014 - 2015,Whole Year,All Crops,108824.0,220811.0,2.03,"DES Area, Production & Yield Query Report"
Chhattisgarh,Mungeli,2015,2015 - 2016,Whole Year,All Crops,112491.0,245531.0,2.18,"DES Area, Production & Yield Query Report"
Chhattisgarh,Mungeli,2016,2016 - 2017,Whole Year,All Crops,114169.0,290230.0,2.54,"DES Area, Production & Yield Query Report"
Chhattisgarh,Mungeli,2017,2017 - 2018,Whole Year,All Crops,115838.0,192241.0,1.66,"DES Area, Production & Yield Query Report"
Chhattisgarh,Mungeli,2018,2018 - 2019,Whole Year,All Crops,119885.0,202563.0,1.69,"DES Area, Production & Yield Query Report"
Chhattisgarh,Mungeli,2019,2019 - 2020,Whole Year,All Crops,124037.0,302195.0,2.44,"DES Area, Production & Yield Query Report"
Chhattisgarh,Mungeli,2020,2020 - 2021,Whole Year,All Crops,127686.0,334871.0,2.62,"DES Area, Production & Yield Query Report"
Chhattisgarh,Mungeli,2021,2021 - 2022,Whole Year,All Crops,129501.0,244219.0,1.89,"DES Area, Production & Yield Query Report"
Chhattisgarh,Mungeli,2022,2022 - 2023,Whole Year,All Crops,130074.0,301490.0,2.32,"DES Area, Production & Yield Query Report"
Chhattisgarh,Narayanpur,2013,2013 - 2014,Whole Year,All Crops,24627.0,39302.0,1.6,"DES Area, Production & Yield Query Report"
Chhattisgarh,Narayanpur,2014,2014 - 2015,Whole Year,All Crops,24856.0,44005.0,1.77,"DES Area, Production & Yield Query Report"
Chhattisgarh,Narayanpur,2015,2015 - 2016,Whole Year,All Crops,23926.0,16893.0,0.71,"DES Area, Production & Yield Query Report"
Chhattisgarh,Narayanpur,2016,2016 - 2017,Whole Year,All Crops,24086.0,39774.0,1.65,"DES Area, Production & Yield Query Report"
Chhattisgarh,Narayanpur,2017,2017 - 2018,Whole Year,All Crops,24257.0,21320.0,0.88,"DES Area, Production & Yield Query Report"
Chhattisgarh,Narayanpur,2018,2018 - 2019,Whole Year,All Crops,24591.0,25331.0,1.03,"DES Area, Production & Yield Query Report"
Chhattisgarh,Narayanpur,2019,2019 - 2020,Whole Year,All Crops,24748.0,37825.0,1.53,"DES Area, Production & Yield Query Report"
Chhattisgarh,Narayanpur,2020,2020 - 2021,Whole Year,All Crops,21390.0,27684.0,1.29,"DES Area, Production & Yield Query Report"
Chhattisgarh,Narayanpur,2021,2021 - 2022,Whole Year,All Crops,21854.0,26721.0,1.22,"DES Area, Production & Yield Query Report"
Chhattisgarh,Narayanpur,2022,2022 - 2023,Whole Year,All Crops,22488.0,42932.0,1.91,"DES Area, Production & Yield Query Report"
Chhattisgarh,Raigarh,2013,2013 - 2014,Whole Year,All Crops,237928.0,303252.0,1.27,"DES Area, Production & Yield Query Report"
Chhattisgarh,Raigarh,2014,2014 - 2015,Whole Year,All Crops,228200.0,367385.0,1.61,"DES Area, Production & Yield Query Report"
Chhattisgarh,Raigarh,2015,2015 - 2016,Whole Year,All Crops,228820.0,252504.0,1.1,"DES Area, Production & Yield Query Report"
Chhattisgarh,Raigarh,2016,2016 - 2017,Whole Year,All Crops,243089.0,560337.0,2.31,"DES Area, Production & Yield Query Report"
Chhattisgarh,Raigarh,2017,2017 - 2018,Whole Year,All Crops,227207.0,407752.0,1.79,"DES Area, Production & Yield Query Report"
Chhattisgarh,Raigarh,2018,2018 - 2019,Whole Year,All Crops,240884.0,397848.0,1.65,"DES Area, Production & Yield Query Report"
Chhattisgarh,Raigarh,2019,2019 - 2020,Whole Year,All Crops,244702.0,517811.0,2.12,"DES Area, Production & Yield Query Report"
Chhattisgarh,Raigarh,2020,2020 - 2021,Whole Year,All Crops,239613.0,453529.0,1.89,"DES Area, Production & Yield Query Report"
Chhattisgarh,Raigarh,2021,2021 - 2022,Whole Year,All Crops,238712.0,393033.0,1.65,"DES Area, Production & Yield Query Report"
Chhattisgarh,Raigarh,2022,2022 - 2023,Whole Year,All Crops,164249.0,440678.0,2.68,"DES Area, Production & Yield Query Report"
Chhattisgarh,Raipur,2013,2013 - 2014,Whole Year,All Crops,185684.0,314837.0,1.7,"DES Area, Production & Yield Query Report"
Chhattisgarh,Raipur,2014,2014 - 2015,Whole Year,All Crops,186042.0,376312.0,2.02,"DES Area, Production & Yield Query Report"
Chhattisgarh,Raipur,2015,2015 - 2016,Whole Year,All Crops,165748.0,264662.0,1.6,"DES Area, Production & Yield Query Report"
Chhattisgarh,Raipur,2016,2016 - 2017,Whole Year,All Crops,179497.0,580980.0,3.24,"DES Area, Production & Yield Query Report"
Chhattisgarh,Raipur,2017,2017 - 2018,Whole Year,All Crops,162416.0,329784.0,2.03,"DES Area, Production & Yield Query Report"
Chhattisgarh,Raipur,2018,2018 - 2019,Whole Year,All Crops,167839.0,380723.0,2.27,"DES Area, Production & Yield Query Report"
Chhattisgarh,Raipur,2019,2019 - 2020,Whole Year,All Crops,172813.0,511646.0,2.96,"DES Area, Production & Yield Query Report"
Chhattisgarh,Raipur,2020,2020 - 2021,Whole Year,All Crops,171725.0,507964.0,2.96,"DES Area, Production & Yield Query Report"
Chhattisgarh,Raipur,2021,2021 - 2022,Whole Year,All Crops,172678.0,506956.0,2.94,"DES Area, Production & Yield Query Report"
Chhattisgarh,Raipur,2022,2022 - 2023,Whole Year,All Crops,173459.0,604190.0,3.48,"DES Area, Production & Yield Query Report"
Chhattisgarh,Rajnandgaon,2013,2013 - 2014,Whole Year,All Crops,281928.0,428897.0,1.52,"DES Area, Production & Yield Query Report"
Chhattisgarh,Rajnandgaon,2014,2014 - 2015,Whole Year,All Crops,287194.0,480285.0,1.67,"DES Area, Production & Yield Query Report"
Chhattisgarh,Rajnandgaon,2015,2015 - 2016,Whole Year,All Crops,268648.0,199339.0,0.74,"DES Area, Production & Yield Query Report"
Chhattisgarh,Rajnandgaon,2016,2016 - 2017,Whole Year,All Crops,290276.0,539710.0,1.86,"DES Area, Production & Yield Query Report"
Chhattisgarh,Rajnandgaon,2017,2017 - 2018,Whole Year,All Crops,294317.0,307925.0,1.05,"DES Area, Production & Yield Query Report"
Chhattisgarh,Rajnandgaon,2018,2018 - 2019,Whole Year,All Crops,310786.0,427239.0,1.37,"DES Area, Production & Yield Query Report"
Chhattisgarh,Rajnandgaon,2019,2019 - 2020,Whole Year,All Crops,340270.0,613716.0,1.8,"DES Area, Production & Yield Query Report"
Chhattisgarh,Rajnandgaon,2020,2020 - 2021,Whole Year,All Crops,346977.0,668770.0,1.93,"DES Area, Production & Yield Query Report"
Chhattisgarh,Rajnandgaon,2021,2021 - 2022,Whole Year,All Crops,352622.0,649508.0,1.84,"DES Area, Production & Yield Query Report"
Chhattisgarh,Rajnandgaon,2022,2022 - 2023,Whole Year,All Crops,185611.0,358544.0,1.93,"DES Area, Production & Yield Query Report"
Chhattisgarh,Sakti,2022,2022 - 2023,Whole Year,All Crops,124017.0,375235.0,3.03,"DES Area, Production & Yield Query Report"
Chhattisgarh,Sarangarh bilaigarh,2022,2022 - 2023,Whole Year,All Crops,106006.0,264183.0,2.49,"DES Area, Production & Yield Query Report"
Chhattisgarh,Sukma,2013,2013 - 2014,Whole Year,All Crops,72828.0,171578.0,2.36,"DES Area, Production & Yield Query Report"
Chhattisgarh,Sukma,2014,2014 - 2015,Whole Year,All Crops,78438.0,174280.0,2.22,"DES Area, Production & Yield Query Report"
Chhattisgarh,Sukma,2015,2015 - 2016,Whole Year,All Crops,81613.0,104400.0,1.28,"DES Area, Production & Yield Query Report"
Chhattisgarh,Sukma,2016,2016 - 2017,Whole Year,All Crops,81527.0,143028.0,1.75,"DES Area, Production & Yield Query Report"
Chhattisgarh,Sukma,2017,2017 - 2018,Whole Year,All Crops,84363.0,121652.0,1.44,"DES Area, Production & Yield Query Report"
Chhattisgarh,Sukma,2018,2018 - 2019,Whole Year,All Crops,82205.0,111313.0,1.35,"DES Area, Production & Yield Query Report"
Chhattisgarh,Sukma,2019,2019 - 2020,Whole Year,All Crops,86395.0,139513.0,1.61,"DES Area, Production & Yield Query Report"
Chhattisgarh,Sukma,2020,2020 - 2021,Whole Year,All Crops,86729.0,158838.0,1.83,"DES Area, Production & Yield Query Report"
Chhattisgarh,Sukma,2021,2021 - 2022,Whole Year,All Crops,88672.0,158427.0,1.79,"DES Area, Production & Yield Query Report"
Chhattisgarh,Sukma,2022,2022 - 2023,Whole Year,All Crops,89813.0,250656.0,2.79,"DES Area, Production & Yield Query Report"
Chhattisgarh,Surajpur,2013,2013 - 2014,Whole Year,All Crops,108262.0,189774.0,1.75,"DES Area, Production & Yield Query Report"
Chhattisgarh,Surajpur,2014,2014 - 2015,Whole Year,All Crops,106865.0,196547.0,1.84,"DES Area, Production & Yield Query Report"
Chhattisgarh,Surajpur,2015,2015 - 2016,Whole Year,All Crops,107800.0,135447.0,1.26,"DES Area, Production & Yield Query Report"
Chhattisgarh,Surajpur,2016,2016 - 2017,Whole Year,All Crops,108003.0,185991.0,1.72,"DES Area, Production & Yield Query Report"
Chhattisgarh,Surajpur,2017,2017 - 2018,Whole Year,All Crops,108911.0,151397.0,1.39,"DES Area, Production & Yield Query Report"
Chhattisgarh,Surajpur,2018,2018 - 2019,Whole Year,All Crops,111561.0,173808.0,1.56,"DES Area, Production & Yield Query Report"
Chhattisgarh,Surajpur,2019,2019 - 2020,Whole Year,All Crops,113276.0,179222.0,1.58,"DES Area, Production & Yield Query Report"
Chhattisgarh,Surajpur,2020,2020 - 2021,Whole Year,All Crops,113474.0,186974.0,1.65,"DES Area, Production & Yield Query Report"
Chhattisgarh,Surajpur,2021,2021 - 2022,Whole Year,All Crops,115008.0,184742.0,1.61,"DES Area, Production & Yield Query Report"
Chhattisgarh,Surajpur,2022,2022 - 2023,Whole Year,All Crops,117241.0,267329.0,2.28,"DES Area, Production & Yield Query Report"
Chhattisgarh,Surguja,2013,2013 - 2014,Whole Year,All Crops,116893.0,202401.0,1.73,"DES Area, Production & Yield Query Report"
Chhattisgarh,Surguja,2014,2014 - 2015,Whole Year,All Crops,117268.0,206623.0,1.76,"DES Area, Production & Yield Query Report"
Chhattisgarh,Surguja,2015,2015 - 2016,Whole Year,All Crops,116481.0,167130.0,1.43,"DES Area, Production & Yield Query Report"
Chhattisgarh,Surguja,2016,2016 - 2017,Whole Year,All Crops,118030.0,195872.0,1.66,"DES Area, Production & Yield Query Report"
Chhattisgarh,Surguja,2017,2017 - 2018,Whole Year,All Crops,116713.0,173296.0,1.48,"DES Area, Production & Yield Query Report"
Chhattisgarh,Surguja,2018,2018 - 2019,Whole Year,All Crops,116068.0,148351.0,1.28,"DES Area, Production & Yield Query Report"
Chhattisgarh,Surguja,2019,2019 - 2020,Whole Year,All Crops,115066.0,176024.0,1.53,"DES Area, Production & Yield Query Report"
Chhattisgarh,Surguja,2020,2020 - 2021,Whole Year,All Crops,113959.0,185353.0,1.63,"DES Area, Production & Yield Query Report"
Chhattisgarh,Surguja,2021,2021 - 2022,Whole Year,All Crops,115588.0,187443.0,1.62,"DES Area, Production & Yield Query Report"
Chhattisgarh,Surguja,2022,2022 - 2023,Whole Year,All Crops,115110.0,264479.0,2.3,"DES Area, Production & Yield Query Report"
The Dadra & Nagar Haveli and Daman and Diu,Dadra and Nagar Haveli,2021,2021 - 2022,Whole Year,All Crops,15853.0,32800.0,2.07,"DES Area, Production & Yield Query Report"
The Dadra & Nagar Haveli and Daman and Diu,Dadra and Nagar Haveli,2022,2022 - 2023,Whole Year,All Crops,15853.0,33038.0,2.08,"DES Area, Production & Yield Query Report"
The Dadra & Nagar Haveli and Daman and Diu,Daman,2021,2021 - 2022,Whole Year,All Crops,1434.0,2776.0,1.94,"DES Area, Production & Yield Query Report"
The Dadra & Nagar Haveli and Daman and Diu,Daman,2022,2022 - 2023,Whole Year,All Crops,1434.0,2791.0,1.95,"DES Area, Production & Yield Query Report"
Delhi,Delhi_Total,2013,2013 - 2014,Whole Year,All Crops,6068.0,19768.0,3.26,"DES Area, Production & Yield Query Report"
Delhi,Delhi_Total,2014,2014 - 2015,Whole Year,All Crops,6035.0,17269.0,2.86,"DES Area, Production & Yield Query Report"
Delhi,Delhi_Total,2015,2015 - 2016,Whole Year,All Crops,5884.0,16837.0,2.86,"DES Area, Production & Yield Query Report"
Delhi,Delhi_Total,2016,2016 - 2017,Whole Year,All Crops,5973.0,17260.0,2.89,"DES Area, Production & Yield Query Report"
Delhi,Delhi_Total,2017,2017 - 2018,Whole Year,All Crops,5854.0,16837.0,2.88,"DES Area, Production & Yield Query Report"
Delhi,Delhi_Total,2018,2018 - 2019,Whole Year,All Crops,5848.0,16826.0,2.88,"DES Area, Production & Yield Query Report"
Delhi,Delhi_Total,2019,2019 - 2020,Whole Year,All Crops,5848.0,17580.0,3.01,"DES Area, Production & Yield Query Report"
Goa,North goa,2013,2013 - 2014,Whole Year,All Crops,22010.0,66351.0,3.01,"DES Area, Production & Yield Query Report"
Goa,North goa,2014,2014 - 2015,Whole Year,All Crops,21205.0,59788.0,2.82,"DES Area, Production & Yield Query Report"
Goa,North goa,2015,2015 - 2016,Whole Year,All Crops,17554.0,50077.0,2.85,"DES Area, Production & Yield Query Report"
Goa,North goa,2016,2016 - 2017,Whole Year,All Crops,17327.0,49267.0,2.84,"DES Area, Production & Yield Query Report"
Goa,North goa,2017,2017 - 2018,Whole Year,All Crops,16135.0,45946.0,2.85,"DES Area, Production & Yield Query Report"
Goa,North goa,2018,2018 - 2019,Whole Year,All Crops,15500.0,43236.0,2.79,"DES Area, Production & Yield Query Report"
Goa,North goa,2019,2019 - 2020,Whole Year,All Crops,13867.0,35032.0,2.53,"DES Area, Production & Yield Query Report"
Goa,North goa,2020,2020 - 2021,Whole Year,All Crops,13017.0,38646.0,2.97,"DES Area, Production & Yield Query Report"
Goa,North goa,2021,2021 - 2022,Whole Year,All Crops,12861.0,37149.0,2.89,"DES Area, Production & Yield Query Report"
Goa,North goa,2022,2022 - 2023,Whole Year,All Crops,3359.0,54249.0,16.15,"DES Area, Production & Yield Query Report"
Goa,South goa,2013,2013 - 2014,Whole Year,All Crops,20810.0,60160.0,2.89,"DES Area, Production & Yield Query Report"
Goa,South goa,2014,2014 - 2015,Whole Year,All Crops,20765.0,60717.0,2.92,"DES Area, Production & Yield Query Report"
Goa,South goa,2015,2015 - 2016,Whole Year,All Crops,23790.0,64991.0,2.73,"DES Area, Production & Yield Query Report"
Goa,South goa,2016,2016 - 2017,Whole Year,All Crops,23496.0,63960.0,2.72,"DES Area, Production & Yield Query Report"
Goa,South goa,2017,2017 - 2018,Whole Year,All Crops,22385.0,57051.0,2.55,"DES Area, Production & Yield Query Report"
Goa,South goa,2018,2018 - 2019,Whole Year,All Crops,20884.0,55618.0,2.66,"DES Area, Production & Yield Query Report"
Goa,South goa,2019,2019 - 2020,Whole Year,All Crops,20831.0,55343.0,2.66,"DES Area, Production & Yield Query Report"
Goa,South goa,2020,2020 - 2021,Whole Year,All Crops,19660.0,48695.0,2.48,"DES Area, Production & Yield Query Report"
Goa,South goa,2021,2021 - 2022,Whole Year,All Crops,19486.0,53282.0,2.73,"DES Area, Production & Yield Query Report"
Goa,South goa,2022,2022 - 2023,Whole Year,All Crops,7848.0,65625.0,8.36,"DES Area, Production & Yield Query Report"
Gujarat,Ahmadabad,2013,2013 - 2014,Whole Year,All Crops,116512.0,276281.0,2.37,"DES Area, Production & Yield Query Report"
Gujarat,Ahmadabad,2014,2014 - 2015,Whole Year,All Crops,125434.0,336407.0,2.68,"DES Area, Production & Yield Query Report"
Gujarat,Ahmadabad,2015,2015 - 2016,Whole Year,All Crops,124285.0,323258.0,2.6,"DES Area, Production & Yield Query Report"
Gujarat,Ahmadabad,2016,2016 - 2017,Whole Year,All Crops,147770.0,407564.0,2.76,"DES Area, Production & Yield Query Report"
Gujarat,Ahmadabad,2017,2017 - 2018,Whole Year,All Crops,151840.0,343029.0,2.26,"DES Area, Production & Yield Query Report"
Gujarat,Ahmadabad,2018,2018 - 2019,Whole Year,All Crops,123270.0,185009.0,1.5,"DES Area, Production & Yield Query Report"
Gujarat,Ahmadabad,2019,2019 - 2020,Whole Year,All Crops,150096.0,328991.0,2.19,"DES Area, Production & Yield Query Report"
Gujarat,Ahmadabad,2020,2020 - 2021,Whole Year,All Crops,164078.0,416234.0,2.54,"DES Area, Production & Yield Query Report"
Gujarat,Ahmadabad,2021,2021 - 2022,Whole Year,All Crops,161276.0,348879.0,2.16,"DES Area, Production & Yield Query Report"
Gujarat,Ahmadabad,2022,2022 - 2023,Whole Year,All Crops,181822.0,518558.0,2.85,"DES Area, Production & Yield Query Report"
Gujarat,Anand,2013,2013 - 2014,Whole Year,All Crops,114773.0,298875.0,2.6,"DES Area, Production & Yield Query Report"
Gujarat,Anand,2014,2014 - 2015,Whole Year,All Crops,110766.0,310324.0,2.8,"DES Area, Production & Yield Query Report"
Gujarat,Anand,2015,2015 - 2016,Whole Year,All Crops,108845.0,301431.0,2.77,"DES Area, Production & Yield Query Report"
Gujarat,Anand,2016,2016 - 2017,Whole Year,All Crops,102646.0,282177.0,2.75,"DES Area, Production & Yield Query Report"
Gujarat,Anand,2017,2017 - 2018,Whole Year,All Crops,111362.0,301381.0,2.71,"DES Area, Production & Yield Query Report"
Gujarat,Anand,2018,2018 - 2019,Whole Year,All Crops,113990.0,318380.0,2.79,"DES Area, Production & Yield Query Report"
Gujarat,Anand,2019,2019 - 2020,Whole Year,All Crops,115192.0,214056.0,1.86,"DES Area, Production & Yield Query Report"
Gujarat,Anand,2020,2020 - 2021,Whole Year,All Crops,121370.0,295702.0,2.44,"DES Area, Production & Yield Query Report"
Gujarat,Anand,2021,2021 - 2022,Whole Year,All Crops,114772.0,293637.0,2.56,"DES Area, Production & Yield Query Report"
Gujarat,Anand,2022,2022 - 2023,Whole Year,All Crops,128709.0,343833.0,2.67,"DES Area, Production & Yield Query Report"
Gujarat,Aravalli,2014,2014 - 2015,Whole Year,All Crops,1911.0,593.0,0.31,"DES Area, Production & Yield Query Report"
Gujarat,Aravalli,2015,2015 - 2016,Whole Year,All Crops,1095.0,1284.0,1.17,"DES Area, Production & Yield Query Report"
Gujarat,Aravalli,2016,2016 - 2017,Whole Year,All Crops,1487.0,3508.0,2.36,"DES Area, Production & Yield Query Report"
Gujarat,Aravalli,2017,2017 - 2018,Whole Year,All Crops,1208.0,2930.0,2.43,"DES Area, Production & Yield Query Report"
Gujarat,Aravalli,2018,2018 - 2019,Whole Year,All Crops,1625.0,3979.0,2.45,"DES Area, Production & Yield Query Report"
Gujarat,Aravalli,2019,2019 - 2020,Whole Year,All Crops,1604.0,2654.0,1.65,"DES Area, Production & Yield Query Report"
Gujarat,Aravalli,2020,2020 - 2021,Whole Year,All Crops,1207.0,2106.0,1.74,"DES Area, Production & Yield Query Report"
Gujarat,Aravalli,2021,2021 - 2022,Whole Year,All Crops,1162.0,2786.0,2.4,"DES Area, Production & Yield Query Report"
Gujarat,Aravalli,2022,2022 - 2023,Whole Year,All Crops,1442.0,3804.0,2.64,"DES Area, Production & Yield Query Report"
Gujarat,Banas kantha,2015,2015 - 2016,Whole Year,All Crops,75.0,88.0,1.17,"DES Area, Production & Yield Query Report"
Gujarat,Bharuch,2013,2013 - 2014,Whole Year,All Crops,12690.0,20230.0,1.59,"DES Area, Production & Yield Query Report"
Gujarat,Bharuch,2014,2014 - 2015,Whole Year,All Crops,9905.0,21155.0,2.14,"DES Area, Production & Yield Query Report"
Gujarat,Bharuch,2015,2015 - 2016,Whole Year,All Crops,6470.0,12807.0,1.98,"DES Area, Production & Yield Query Report"
Gujarat,Bharuch,2016,2016 - 2017,Whole Year,All Crops,9030.0,15421.0,1.71,"DES Area, Production & Yield Query Report"
Gujarat,Bharuch,2017,2017 - 2018,Whole Year,All Crops,8790.0,17235.0,1.96,"DES Area, Production & Yield Query Report"
Gujarat,Bharuch,2018,2018 - 2019,Whole Year,All Crops,6562.0,10163.0,1.55,"DES Area, Production & Yield Query Report"
Gujarat,Bharuch,2019,2019 - 2020,Whole Year,All Crops,8451.0,15652.0,1.85,"DES Area, Production & Yield Query Report"
Gujarat,Bharuch,2020,2020 - 2021,Whole Year,All Crops,10948.0,21191.0,1.94,"DES Area, Production & Yield Query Report"
Gujarat,Bharuch,2021,2021 - 2022,Whole Year,All Crops,12715.0,27659.0,2.18,"DES Area, Production & Yield Query Report"
Gujarat,Bharuch,2022,2022 - 2023,Whole Year,All Crops,13531.0,26405.0,1.95,"DES Area, Production & Yield Query Report"
Gujarat,Botad,2021,2021 - 2022,Whole Year,All Crops,5.0,12.0,2.4,"DES Area, Production & Yield Query Report"
Gujarat,Chhotaudepur,2014,2014 - 2015,Whole Year,All Crops,18541.0,25944.0,1.4,"DES Area, Production & Yield Query Report"
Gujarat,Chhotaudepur,2015,2015 - 2016,Whole Year,All Crops,14890.0,21008.0,1.41,"DES Area, Production & Yield Query Report"
Gujarat,Chhotaudepur,2016,2016 - 2017,Whole Year,All Crops,16635.0,20293.0,1.22,"DES Area, Production & Yield Query Report"
Gujarat,Chhotaudepur,2017,2017 - 2018,Whole Year,All Crops,21870.0,23342.0,1.07,"DES Area, Production & Yield Query Report"
Gujarat,Chhotaudepur,2018,2018 - 2019,Whole Year,All Crops,21315.0,29190.0,1.37,"DES Area, Production & Yield Query Report"
Gujarat,Chhotaudepur,2019,2019 - 2020,Whole Year,All Crops,16271.0,26846.0,1.65,"DES Area, Production & Yield Query Report"
Gujarat,Chhotaudepur,2020,2020 - 2021,Whole Year,All Crops,19449.0,30528.0,1.57,"DES Area, Production & Yield Query Report"
Gujarat,Chhotaudepur,2021,2021 - 2022,Whole Year,All Crops,13929.0,21747.0,1.56,"DES Area, Production & Yield Query Report"
Gujarat,Chhotaudepur,2022,2022 - 2023,Whole Year,All Crops,15826.0,20502.0,1.3,"DES Area, Production & Yield Query Report"
Gujarat,Dang,2013,2013 - 2014,Whole Year,All Crops,16810.0,43178.0,2.57,"DES Area, Production & Yield Query Report"
Gujarat,Dang,2014,2014 - 2015,Whole Year,All Crops,14457.0,21602.0,1.49,"DES Area, Production & Yield Query Report"
Gujarat,Dang,2015,2015 - 2016,Whole Year,All Crops,21105.0,41656.0,1.97,"DES Area, Production & Yield Query Report"
Gujarat,Dang,2016,2016 - 2017,Whole Year,All Crops,22205.0,53641.0,2.42,"DES Area, Production & Yield Query Report"
Gujarat,Dang,2017,2017 - 2018,Whole Year,All Crops,20829.0,49955.0,2.4,"DES Area, Production & Yield Query Report"
Gujarat,Dang,2018,2018 - 2019,Whole Year,All Crops,20400.0,60575.0,2.97,"DES Area, Production & Yield Query Report"
Gujarat,Dang,2019,2019 - 2020,Whole Year,All Crops,26750.0,44911.0,1.68,"DES Area, Production & Yield Query Report"
Gujarat,Dang,2020,2020 - 2021,Whole Year,All Crops,26817.0,51871.0,1.93,"DES Area, Production & Yield Query Report"
Gujarat,Dang,2021,2021 - 2022,Whole Year,All Crops,27882.0,79454.0,2.85,"DES Area, Production & Yield Query Report"
Gujarat,Dang,2022,2022 - 2023,Whole Year,All Crops,28385.0,50041.0,1.76,"DES Area, Production & Yield Query Report"
Gujarat,Dohad,2013,2013 - 2014,Whole Year,All Crops,38783.0,34587.0,0.89,"DES Area, Production & Yield Query Report"
Gujarat,Dohad,2014,2014 - 2015,Whole Year,All Crops,43276.0,22613.0,0.52,"DES Area, Production & Yield Query Report"
Gujarat,Dohad,2015,2015 - 2016,Whole Year,All Crops,40561.0,11199.0,0.28,"DES Area, Production & Yield Query Report"
Gujarat,Dohad,2016,2016 - 2017,Whole Year,All Crops,40671.0,47914.0,1.18,"DES Area, Production & Yield Query Report"
Gujarat,Dohad,2017,2017 - 2018,Whole Year,All Crops,49880.0,59028.0,1.18,"DES Area, Production & Yield Query Report"
Gujarat,Dohad,2018,2018 - 2019,Whole Year,All Crops,34084.0,36993.0,1.09,"DES Area, Production & Yield Query Report"
Gujarat,Dohad,2019,2019 - 2020,Whole Year,All Crops,43010.0,51421.0,1.2,"DES Area, Production & Yield Query Report"
Gujarat,Dohad,2020,2020 - 2021,Whole Year,All Crops,41658.0,55956.0,1.34,"DES Area, Production & Yield Query Report"
Gujarat,Dohad,2021,2021 - 2022,Whole Year,All Crops,40900.0,48865.0,1.19,"DES Area, Production & Yield Query Report"
Gujarat,Dohad,2022,2022 - 2023,Whole Year,All Crops,42773.0,54527.0,1.27,"DES Area, Production & Yield Query Report"
Gujarat,Gandhinagar,2013,2013 - 2014,Whole Year,All Crops,9974.0,23505.0,2.36,"DES Area, Production & Yield Query Report"
Gujarat,Gandhinagar,2014,2014 - 2015,Whole Year,All Crops,8419.0,19176.0,2.28,"DES Area, Production & Yield Query Report"
Gujarat,Gandhinagar,2015,2015 - 2016,Whole Year,All Crops,10838.0,22262.0,2.05,"DES Area, Production & Yield Query Report"
Gujarat,Gandhinagar,2016,2016 - 2017,Whole Year,All Crops,9184.0,11463.0,1.25,"DES Area, Production & Yield Query Report"
Gujarat,Gandhinagar,2017,2017 - 2018,Whole Year,All Crops,10029.0,12760.0,1.27,"DES Area, Production & Yield Query Report"
Gujarat,Gandhinagar,2018,2018 - 2019,Whole Year,All Crops,11691.0,25096.0,2.15,"DES Area, Production & Yield Query Report"
Gujarat,Gandhinagar,2019,2019 - 2020,Whole Year,All Crops,12132.0,28068.0,2.31,"DES Area, Production & Yield Query Report"
Gujarat,Gandhinagar,2020,2020 - 2021,Whole Year,All Crops,12486.0,29172.0,2.34,"DES Area, Production & Yield Query Report"
Gujarat,Gandhinagar,2021,2021 - 2022,Whole Year,All Crops,13955.0,34979.0,2.51,"DES Area, Production & Yield Query Report"
Gujarat,Gandhinagar,2022,2022 - 2023,Whole Year,All Crops,12857.0,31799.0,2.47,"DES Area, Production & Yield Query Report"
Gujarat,Gir somnath,2020,2020 - 2021,Whole Year,All Crops,6.0,10.0,1.67,"DES Area, Production & Yield Query Report"
Gujarat,Gir somnath,2021,2021 - 2022,Whole Year,All Crops,5.0,10.0,2.0,"DES Area, Production & Yield Query Report"
Gujarat,Gir somnath,2022,2022 - 2023,Whole Year,All Crops,10.0,19.0,1.9,"DES Area, Production & Yield Query Report"
Gujarat,Jamnagar,2020,2020 - 2021,Whole Year,All Crops,70.0,210.0,3.0,"DES Area, Production & Yield Query Report"
Gujarat,Kheda,2013,2013 - 2014,Whole Year,All Crops,113342.0,266239.0,2.35,"DES Area, Production & Yield Query Report"
Gujarat,Kheda,2014,2014 - 2015,Whole Year,All Crops,102330.0,262247.0,2.56,"DES Area, Production & Yield Query Report"
Gujarat,Kheda,2015,2015 - 2016,Whole Year,All Crops,104178.0,262650.0,2.52,"DES Area, Production & Yield Query Report"
Gujarat,Kheda,2016,2016 - 2017,Whole Year,All Crops,110614.0,291830.0,2.64,"DES Area, Production & Yield Query Report"
Gujarat,Kheda,2017,2017 - 2018,Whole Year,All Crops,115038.0,298674.0,2.6,"DES Area, Production & Yield Query Report"
Gujarat,Kheda,2018,2018 - 2019,Whole Year,All Crops,120520.0,384026.0,3.19,"DES Area, Production & Yield Query Report"
Gujarat,Kheda,2019,2019 - 2020,Whole Year,All Crops,129117.0,353257.0,2.74,"DES Area, Production & Yield Query Report"
Gujarat,Kheda,2020,2020 - 2021,Whole Year,All Crops,126460.0,365687.0,2.89,"DES Area, Production & Yield Query Report"
Gujarat,Kheda,2021,2021 - 2022,Whole Year,All Crops,125345.0,359995.0,2.87,"DES Area, Production & Yield Query Report"
Gujarat,Kheda,2022,2022 - 2023,Whole Year,All Crops,126207.0,367924.0,2.92,"DES Area, Production & Yield Query Report"
Gujarat,Mahesana,2013,2013 - 2014,Whole Year,All Crops,4970.0,9973.0,2.01,"DES Area, Production & Yield Query Report"
Gujarat,Mahesana,2014,2014 - 2015,Whole Year,All Crops,6842.0,18134.0,2.65,"DES Area, Production & Yield Query Report"
Gujarat,Mahesana,2015,2015 - 2016,Whole Year,All Crops,7140.0,17192.0,2.41,"DES Area, Production & Yield Query Report"
Gujarat,Mahesana,2016,2016 - 2017,Whole Year,All Crops,4728.0,11260.0,2.38,"DES Area, Production & Yield Query Report"
Gujarat,Mahesana,2017,2017 - 2018,Whole Year,All Crops,7445.0,17899.0,2.4,"DES Area, Production & Yield Query Report"
Gujarat,Mahesana,2018,2018 - 2019,Whole Year,All Crops,3090.0,7371.0,2.39,"DES Area, Production & Yield Query Report"
Gujarat,Mahesana,2019,2019 - 2020,Whole Year,All Crops,4200.0,8354.0,1.99,"DES Area, Production & Yield Query Report"
Gujarat,Mahesana,2020,2020 - 2021,Whole Year,All Crops,5674.0,12570.0,2.22,"DES Area, Production & Yield Query Report"
Gujarat,Mahesana,2021,2021 - 2022,Whole Year,All Crops,5368.0,12409.0,2.31,"DES Area, Production & Yield Query Report"
Gujarat,Mahesana,2022,2022 - 2023,Whole Year,All Crops,5573.0,13069.0,2.35,"DES Area, Production & Yield Query Report"
Gujarat,Mahisagar,2014,2014 - 2015,Whole Year,All Crops,33794.0,50752.0,1.5,"DES Area, Production & Yield Query Report"
Gujarat,Mahisagar,2015,2015 - 2016,Whole Year,All Crops,27042.0,46826.0,1.73,"DES Area, Production & Yield Query Report"
Gujarat,Mahisagar,2016,2016 - 2017,Whole Year,All Crops,40005.0,65124.0,1.63,"DES Area, Production & Yield Query Report"
Gujarat,Mahisagar,2017,2017 - 2018,Whole Year,All Crops,38226.0,44452.0,1.16,"DES Area, Production & Yield Query Report"
Gujarat,Mahisagar,2018,2018 - 2019,Whole Year,All Crops,43727.0,63166.0,1.44,"DES Area, Production & Yield Query Report"
Gujarat,Mahisagar,2019,2019 - 2020,Whole Year,All Crops,38475.0,73234.0,1.9,"DES Area, Production & Yield Query Report"
Gujarat,Mahisagar,2020,2020 - 2021,Whole Year,All Crops,32216.0,39463.0,1.22,"DES Area, Production & Yield Query Report"
Gujarat,Mahisagar,2021,2021 - 2022,Whole Year,All Crops,38637.0,67761.0,1.75,"DES Area, Production & Yield Query Report"
Gujarat,Mahisagar,2022,2022 - 2023,Whole Year,All Crops,40108.0,101486.0,2.53,"DES Area, Production & Yield Query Report"
Gujarat,Morbi,2019,2019 - 2020,Whole Year,All Crops,5.0,8.0,1.6,"DES Area, Production & Yield Query Report"
Gujarat,Narmada,2013,2013 - 2014,Whole Year,All Crops,9960.0,8172.0,0.82,"DES Area, Production & Yield Query Report"
Gujarat,Narmada,2014,2014 - 2015,Whole Year,All Crops,10879.0,7954.0,0.73,"DES Area, Production & Yield Query Report"
Gujarat,Narmada,2015,2015 - 2016,Whole Year,All Crops,11271.0,6743.0,0.6,"DES Area, Production & Yield Query Report"
Gujarat,Narmada,2016,2016 - 2017,Whole Year,All Crops,13366.0,7162.0,0.54,"DES Area, Production & Yield Query Report"
Gujarat,Narmada,2017,2017 - 2018,Whole Year,All Crops,10735.0,8449.0,0.79,"DES Area, Production & Yield Query Report"
Gujarat,Narmada,2018,2018 - 2019,Whole Year,All Crops,10807.0,9232.0,0.85,"DES Area, Production & Yield Query Report"
Gujarat,Narmada,2019,2019 - 2020,Whole Year,All Crops,12149.0,12134.0,1.0,"DES Area, Production & Yield Query Report"
Gujarat,Narmada,2020,2020 - 2021,Whole Year,All Crops,11013.0,11179.0,1.02,"DES Area, Production & Yield Query Report"
Gujarat,Narmada,2021,2021 - 2022,Whole Year,All Crops,9530.0,9777.0,1.03,"DES Area, Production & Yield Query Report"
Gujarat,Narmada,2022,2022 - 2023,Whole Year,All Crops,11687.0,12001.0,1.03,"DES Area, Production & Yield Query Report"
Gujarat,Navsari,2013,2013 - 2014,Whole Year,All Crops,79124.0,199172.0,2.52,"DES Area, Production & Yield Query Report"
Gujarat,Navsari,2014,2014 - 2015,Whole Year,All Crops,67980.0,190700.0,2.81,"DES Area, Production & Yield Query Report"
Gujarat,Navsari,2015,2015 - 2016,Whole Year,All Crops,54957.0,137969.0,2.51,"DES Area, Production & Yield Query Report"
Gujarat,Navsari,2016,2016 - 2017,Whole Year,All Crops,60241.0,159656.0,2.65,"DES Area, Production & Yield Query Report"
Gujarat,Navsari,2017,2017 - 2018,Whole Year,All Crops,49995.0,123740.0,2.48,"DES Area, Production & Yield Query Report"
Gujarat,Navsari,2018,2018 - 2019,Whole Year,All Crops,50112.0,133577.0,2.67,"DES Area, Production & Yield Query Report"
Gujarat,Navsari,2019,2019 - 2020,Whole Year,All Crops,60469.0,158051.0,2.61,"DES Area, Production & Yield Query Report"
Gujarat,Navsari,2020,2020 - 2021,Whole Year,All Crops,55713.0,151623.0,2.72,"DES Area, Production & Yield Query Report"
Gujarat,Navsari,2021,2021 - 2022,Whole Year,All Crops,52624.0,144546.0,2.75,"DES Area, Production & Yield Query Report"
Gujarat,Navsari,2022,2022 - 2023,Whole Year,All Crops,51069.0,148284.0,2.9,"DES Area, Production & Yield Query Report"
Gujarat,Panch mahals,2013,2013 - 2014,Whole Year,All Crops,81706.0,124853.0,1.53,"DES Area, Production & Yield Query Report"
Gujarat,Panch mahals,2014,2014 - 2015,Whole Year,All Crops,40867.0,44302.0,1.08,"DES Area, Production & Yield Query Report"
Gujarat,Panch mahals,2015,2015 - 2016,Whole Year,All Crops,44289.0,46327.0,1.05,"DES Area, Production & Yield Query Report"
Gujarat,Panch mahals,2016,2016 - 2017,Whole Year,All Crops,54909.0,54530.0,0.99,"DES Area, Production & Yield Query Report"
Gujarat,Panch mahals,2017,2017 - 2018,Whole Year,All Crops,48649.0,50876.0,1.05,"DES Area, Production & Yield Query Report"
Gujarat,Panch mahals,2018,2018 - 2019,Whole Year,All Crops,56432.0,63574.0,1.13,"DES Area, Production & Yield Query Report"
Gujarat,Panch mahals,2019,2019 - 2020,Whole Year,All Crops,58402.0,103060.0,1.76,"DES Area, Production & Yield Query Report"
Gujarat,Panch mahals,2020,2020 - 2021,Whole Year,All Crops,47436.0,70706.0,1.49,"DES Area, Production & Yield Query Report"
Gujarat,Panch mahals,2021,2021 - 2022,Whole Year,All Crops,43100.0,58903.0,1.37,"DES Area, Production & Yield Query Report"
Gujarat,Panch mahals,2022,2022 - 2023,Whole Year,All Crops,45872.0,77755.0,1.7,"DES Area, Production & Yield Query Report"
Gujarat,Patan,2017,2017 - 2018,Whole Year,All Crops,520.0,1386.0,2.67,"DES Area, Production & Yield Query Report"
Gujarat,Rajkot,2020,2020 - 2021,Whole Year,All Crops,2.0,6.0,3.0,"DES Area, Production & Yield Query Report"
Gujarat,Rajkot,2021,2021 - 2022,Whole Year,All Crops,21.0,41.0,1.95,"DES Area, Production & Yield Query Report"
Gujarat,Sabar kantha,2013,2013 - 2014,Whole Year,All Crops,1680.0,3557.0,2.12,"DES Area, Production & Yield Query Report"
Gujarat,Sabar kantha,2014,2014 - 2015,Whole Year,All Crops,3975.0,9557.0,2.4,"DES Area, Production & Yield Query Report"
Gujarat,Sabar kantha,2015,2015 - 2016,Whole Year,All Crops,3625.0,11386.0,3.14,"DES Area, Production & Yield Query Report"
Gujarat,Sabar kantha,2016,2016 - 2017,Whole Year,All Crops,6185.0,17637.0,2.85,"DES Area, Production & Yield Query Report"
Gujarat,Sabar kantha,2017,2017 - 2018,Whole Year,All Crops,7454.0,26945.0,3.61,"DES Area, Production & Yield Query Report"
Gujarat,Sabar kantha,2018,2018 - 2019,Whole Year,All Crops,7089.0,24177.0,3.41,"DES Area, Production & Yield Query Report"
Gujarat,Sabar kantha,2019,2019 - 2020,Whole Year,All Crops,6964.0,18209.0,2.61,"DES Area, Production & Yield Query Report"
Gujarat,Sabar kantha,2020,2020 - 2021,Whole Year,All Crops,7899.0,23341.0,2.95,"DES Area, Production & Yield Query Report"
Gujarat,Sabar kantha,2021,2021 - 2022,Whole Year,All Crops,7732.0,22918.0,2.96,"DES Area, Production & Yield Query Report"
Gujarat,Sabar kantha,2022,2022 - 2023,Whole Year,All Crops,7392.0,24403.0,3.3,"DES Area, Production & Yield Query Report"
Gujarat,Surat,2013,2013 - 2014,Whole Year,All Crops,53511.0,119435.0,2.23,"DES Area, Production & Yield Query Report"
Gujarat,Surat,2014,2014 - 2015,Whole Year,All Crops,45181.0,102628.0,2.27,"DES Area, Production & Yield Query Report"
Gujarat,Surat,2015,2015 - 2016,Whole Year,All Crops,47761.0,108812.0,2.28,"DES Area, Production & Yield Query Report"
Gujarat,Surat,2016,2016 - 2017,Whole Year,All Crops,44469.0,111983.0,2.52,"DES Area, Production & Yield Query Report"
Gujarat,Surat,2017,2017 - 2018,Whole Year,All Crops,50452.0,133131.0,2.64,"DES Area, Production & Yield Query Report"
Gujarat,Surat,2018,2018 - 2019,Whole Year,All Crops,46748.0,116159.0,2.48,"DES Area, Production & Yield Query Report"
Gujarat,Surat,2019,2019 - 2020,Whole Year,All Crops,45263.0,108928.0,2.41,"DES Area, Production & Yield Query Report"
Gujarat,Surat,2020,2020 - 2021,Whole Year,All Crops,48359.0,115762.0,2.39,"DES Area, Production & Yield Query Report"
Gujarat,Surat,2021,2021 - 2022,Whole Year,All Crops,53738.0,124166.0,2.31,"DES Area, Production & Yield Query Report"
Gujarat,Surat,2022,2022 - 2023,Whole Year,All Crops,54772.0,129778.0,2.37,"DES Area, Production & Yield Query Report"
Gujarat,Surendranagar,2013,2013 - 2014,Whole Year,All Crops,226.0,358.0,1.58,"DES Area, Production & Yield Query Report"
Gujarat,Surendranagar,2015,2015 - 2016,Whole Year,All Crops,663.0,1656.0,2.5,"DES Area, Production & Yield Query Report"
Gujarat,Surendranagar,2016,2016 - 2017,Whole Year,All Crops,372.0,966.0,2.6,"DES Area, Production & Yield Query Report"
Gujarat,Surendranagar,2017,2017 - 2018,Whole Year,All Crops,848.0,1572.0,1.85,"DES Area, Production & Yield Query Report"
Gujarat,Surendranagar,2018,2018 - 2019,Whole Year,All Crops,4140.0,6496.0,1.57,"DES Area, Production & Yield Query Report"
Gujarat,Surendranagar,2019,2019 - 2020,Whole Year,All Crops,2630.0,3352.0,1.27,"DES Area, Production & Yield Query Report"
Gujarat,Surendranagar,2020,2020 - 2021,Whole Year,All Crops,2878.0,6072.0,2.11,"DES Area, Production & Yield Query Report"
Gujarat,Surendranagar,2021,2021 - 2022,Whole Year,All Crops,2366.0,5980.0,2.53,"DES Area, Production & Yield Query Report"
Gujarat,Surendranagar,2022,2022 - 2023,Whole Year,All Crops,2812.0,5584.0,1.99,"DES Area, Production & Yield Query Report"
Gujarat,Tapi,2013,2013 - 2014,Whole Year,All Crops,57043.0,149432.0,2.62,"DES Area, Production & Yield Query Report"
Gujarat,Tapi,2014,2014 - 2015,Whole Year,All Crops,55496.0,138798.0,2.5,"DES Area, Production & Yield Query Report"
Gujarat,Tapi,2015,2015 - 2016,Whole Year,All Crops,56370.0,118392.0,2.1,"DES Area, Production & Yield Query Report"
Gujarat,Tapi,2016,2016 - 2017,Whole Year,All Crops,57057.0,151857.0,2.66,"DES Area, Production & Yield Query Report"
Gujarat,Tapi,2017,2017 - 2018,Whole Year,All Crops,55339.0,140796.0,2.54,"DES Area, Production & Yield Query Report"
Gujarat,Tapi,2018,2018 - 2019,Whole Year,All Crops,54235.0,173462.0,3.2,"DES Area, Production & Yield Query Report"
Gujarat,Tapi,2019,2019 - 2020,Whole Year,All Crops,66768.0,192422.0,2.88,"DES Area, Production & Yield Query Report"
Gujarat,Tapi,2020,2020 - 2021,Whole Year,All Crops,64206.0,194137.0,3.02,"DES Area, Production & Yield Query Report"
Gujarat,Tapi,2021,2021 - 2022,Whole Year,All Crops,63758.0,187095.0,2.93,"DES Area, Production & Yield Query Report"
Gujarat,Tapi,2022,2022 - 2023,Whole Year,All Crops,65936.0,197594.0,3.0,"DES Area, Production & Yield Query Report"
Gujarat,Vadodara,2013,2013 - 2014,Whole Year,All Crops,38066.0,50700.0,1.33,"DES Area, Production & Yield Query Report"
Gujarat,Vadodara,2014,2014 - 2015,Whole Year,All Crops,23137.0,40875.0,1.77,"DES Area, Production & Yield Query Report"
Gujarat,Vadodara,2015,2015 - 2016,Whole Year,All Crops,24705.0,42862.0,1.73,"DES Area, Production & Yield Query Report"
Gujarat,Vadodara,2016,2016 - 2017,Whole Year,All Crops,23965.0,52370.0,2.19,"DES Area, Production & Yield Query Report"
Gujarat,Vadodara,2017,2017 - 2018,Whole Year,All Crops,23127.0,48585.0,2.1,"DES Area, Production & Yield Query Report"
Gujarat,Vadodara,2018,2018 - 2019,Whole Year,All Crops,34698.0,76439.0,2.2,"DES Area, Production & Yield Query Report"
Gujarat,Vadodara,2019,2019 - 2020,Whole Year,All Crops,32655.0,67178.0,2.06,"DES Area, Production & Yield Query Report"
Gujarat,Vadodara,2020,2020 - 2021,Whole Year,All Crops,34673.0,71827.0,2.07,"DES Area, Production & Yield Query Report"
Gujarat,Vadodara,2021,2021 - 2022,Whole Year,All Crops,30990.0,63226.0,2.04,"DES Area, Production & Yield Query Report"
Gujarat,Vadodara,2022,2022 - 2023,Whole Year,All Crops,33992.0,70841.0,2.08,"DES Area, Production & Yield Query Report"
Gujarat,Valsad,2013,2013 - 2014,Whole Year,All Crops,71229.0,149543.0,2.1,"DES Area, Production & Yield Query Report"
Gujarat,Valsad,2014,2014 - 2015,Whole Year,All Crops,71253.0,147822.0,2.07,"DES Area, Production & Yield Query Report"
Gujarat,Valsad,2015,2015 - 2016,Whole Year,All Crops,64017.0,156056.0,2.44,"DES Area, Production & Yield Query Report"
Gujarat,Valsad,2016,2016 - 2017,Whole Year,All Crops,82071.0,222115.0,2.71,"DES Area, Production & Yield Query Report"
Gujarat,Valsad,2017,2017 - 2018,Whole Year,All Crops,71654.0,183644.0,2.56,"DES Area, Production & Yield Query Report"
Gujarat,Valsad,2018,2018 - 2019,Whole Year,All Crops,74414.0,184951.0,2.49,"DES Area, Production & Yield Query Report"
Gujarat,Valsad,2019,2019 - 2020,Whole Year,All Crops,73747.0,171847.0,2.33,"DES Area, Production & Yield Query Report"
Gujarat,Valsad,2020,2020 - 2021,Whole Year,All Crops,72009.0,178956.0,2.49,"DES Area, Production & Yield Query Report"
Gujarat,Valsad,2021,2021 - 2022,Whole Year,All Crops,72217.0,185928.0,2.57,"DES Area, Production & Yield Query Report"
Gujarat,Valsad,2022,2022 - 2023,Whole Year,All Crops,76530.0,198055.0,2.59,"DES Area, Production & Yield Query Report"
Haryana,Ambala,2013,2013 - 2014,Whole Year,All Crops,79000.0,308000.0,3.9,"DES Area, Production & Yield Query Report"
Haryana,Ambala,2014,2014 - 2015,Whole Year,All Crops,83000.0,301000.0,3.63,"DES Area, Production & Yield Query Report"
Haryana,Ambala,2015,2015 - 2016,Whole Year,All Crops,86000.0,328000.0,3.81,"DES Area, Production & Yield Query Report"
Haryana,Ambala,2016,2016 - 2017,Whole Year,All Crops,83000.0,319000.0,3.84,"DES Area, Production & Yield Query Report"
Haryana,Ambala,2017,2017 - 2018,Whole Year,All Crops,85000.0,331000.0,3.89,"DES Area, Production & Yield Query Report"
Haryana,Ambala,2018,2018 - 2019,Whole Year,All Crops,85000.0,277000.0,3.26,"DES Area, Production & Yield Query Report"
Haryana,Ambala,2019,2019 - 2020,Whole Year,All Crops,90900.0,360400.0,3.96,"DES Area, Production & Yield Query Report"
Haryana,Ambala,2020,2020 - 2021,Whole Year,All Crops,96000.0,398400.0,4.15,"DES Area, Production & Yield Query Report"
Haryana,Ambala,2021,2021 - 2022,Whole Year,All Crops,93944.0,385830.0,4.11,"DES Area, Production & Yield Query Report"
Haryana,Ambala,2022,2022 - 2023,Whole Year,All Crops,104990.0,390440.0,3.72,"DES Area, Production & Yield Query Report"
Haryana,Bhiwani,2013,2013 - 2014,Whole Year,All Crops,16000.0,35000.0,2.19,"DES Area, Production & Yield Query Report"
Haryana,Bhiwani,2014,2014 - 2015,Whole Year,All Crops,21000.0,30000.0,1.43,"DES Area, Production & Yield Query Report"
Haryana,Bhiwani,2015,2015 - 2016,Whole Year,All Crops,25000.0,53000.0,2.12,"DES Area, Production & Yield Query Report"
Haryana,Bhiwani,2016,2016 - 2017,Whole Year,All Crops,28000.0,64000.0,2.29,"DES Area, Production & Yield Query Report"
Haryana,Bhiwani,2017,2017 - 2018,Whole Year,All Crops,21700.0,54700.0,2.52,"DES Area, Production & Yield Query Report"
Haryana,Bhiwani,2018,2018 - 2019,Whole Year,All Crops,26000.0,46000.0,1.77,"DES Area, Production & Yield Query Report"
Haryana,Bhiwani,2019,2019 - 2020,Whole Year,All Crops,26400.0,53600.0,2.03,"DES Area, Production & Yield Query Report"
Haryana,Bhiwani,2020,2020 - 2021,Whole Year,All Crops,22290.0,50730.0,2.28,"DES Area, Production & Yield Query Report"
Haryana,Bhiwani,2021,2021 - 2022,Whole Year,All Crops,22290.0,46790.0,2.1,"DES Area, Production & Yield Query Report"
Haryana,Bhiwani,2022,2022 - 2023,Whole Year,All Crops,26350.0,73280.0,2.78,"DES Area, Production & Yield Query Report"
Haryana,Charki dadri,2017,2017 - 2018,Whole Year,All Crops,9400.0,17300.0,1.84,"DES Area, Production & Yield Query Report"
Haryana,Charki dadri,2018,2018 - 2019,Whole Year,All Crops,10000.0,24000.0,2.4,"DES Area, Production & Yield Query Report"
Haryana,Charki dadri,2019,2019 - 2020,Whole Year,All Crops,12000.0,25600.0,2.13,"DES Area, Production & Yield Query Report"
Haryana,Charki dadri,2020,2020 - 2021,Whole Year,All Crops,5300.0,13100.0,2.47,"DES Area, Production & Yield Query Report"
Haryana,Charki dadri,2021,2021 - 2022,Whole Year,All Crops,4879.0,9020.0,1.85,"DES Area, Production & Yield Query Report"
Haryana,Charki dadri,2022,2022 - 2023,Whole Year,All Crops,7730.0,18900.0,2.45,"DES Area, Production & Yield Query Report"
Haryana,Faridabad,2013,2013 - 2014,Whole Year,All Crops,11000.0,29000.0,2.64,"DES Area, Production & Yield Query Report"
Haryana,Faridabad,2014,2014 - 2015,Whole Year,All Crops,11000.0,30000.0,2.73,"DES Area, Production & Yield Query Report"
Haryana,Faridabad,2015,2015 - 2016,Whole Year,All Crops,12000.0,33000.0,2.75,"DES Area, Production & Yield Query Report"
Haryana,Faridabad,2016,2016 - 2017,Whole Year,All Crops,12000.0,33000.0,2.75,"DES Area, Production & Yield Query Report"
Haryana,Faridabad,2017,2017 - 2018,Whole Year,All Crops,12000.0,32400.0,2.7,"DES Area, Production & Yield Query Report"
Haryana,Faridabad,2018,2018 - 2019,Whole Year,All Crops,13000.0,36000.0,2.77,"DES Area, Production & Yield Query Report"
Haryana,Faridabad,2019,2019 - 2020,Whole Year,All Crops,16900.0,42400.0,2.51,"DES Area, Production & Yield Query Report"
Haryana,Faridabad,2020,2020 - 2021,Whole Year,All Crops,14800.0,38700.0,2.61,"DES Area, Production & Yield Query Report"
Haryana,Faridabad,2021,2021 - 2022,Whole Year,All Crops,14913.0,33080.0,2.22,"DES Area, Production & Yield Query Report"
Haryana,Faridabad,2022,2022 - 2023,Whole Year,All Crops,16260.0,43230.0,2.66,"DES Area, Production & Yield Query Report"
Haryana,Fatehabad,2013,2013 - 2014,Whole Year,All Crops,92000.0,356000.0,3.87,"DES Area, Production & Yield Query Report"
Haryana,Fatehabad,2014,2014 - 2015,Whole Year,All Crops,99000.0,366000.0,3.7,"DES Area, Production & Yield Query Report"
Haryana,Fatehabad,2015,2015 - 2016,Whole Year,All Crops,110000.0,447000.0,4.06,"DES Area, Production & Yield Query Report"
Haryana,Fatehabad,2016,2016 - 2017,Whole Year,All Crops,116000.0,486000.0,4.19,"DES Area, Production & Yield Query Report"
Haryana,Fatehabad,2017,2017 - 2018,Whole Year,All Crops,117800.0,513100.0,4.36,"DES Area, Production & Yield Query Report"
Haryana,Fatehabad,2018,2018 - 2019,Whole Year,All Crops,124000.0,495000.0,3.99,"DES Area, Production & Yield Query Report"
Haryana,Fatehabad,2019,2019 - 2020,Whole Year,All Crops,128700.0,501700.0,3.9,"DES Area, Production & Yield Query Report"
Haryana,Fatehabad,2020,2020 - 2021,Whole Year,All Crops,126000.0,532000.0,4.22,"DES Area, Production & Yield Query Report"
Haryana,Fatehabad,2021,2021 - 2022,Whole Year,All Crops,129196.0,524150.0,4.06,"DES Area, Production & Yield Query Report"
Haryana,Fatehabad,2022,2022 - 2023,Whole Year,All Crops,139930.0,586320.0,4.19,"DES Area, Production & Yield Query Report"
Haryana,Gurgaon,2013,2013 - 2014,Whole Year,All Crops,5000.0,16000.0,3.2,"DES Area, Production & Yield Query Report"
Haryana,Gurgaon,2014,2014 - 2015,Whole Year,All Crops,5000.0,16000.0,3.2,"DES Area, Production & Yield Query Report"
Haryana,Gurgaon,2015,2015 - 2016,Whole Year,All Crops,5000.0,15000.0,3.0,"DES Area, Production & Yield Query Report"
Haryana,Gurgaon,2016,2016 - 2017,Whole Year,All Crops,5500.0,13000.0,2.36,"DES Area, Production & Yield Query Report"
Haryana,Gurgaon,2017,2017 - 2018,Whole Year,All Crops,5200.0,13400.0,2.58,"DES Area, Production & Yield Query Report"
Haryana,Gurgaon,2018,2018 - 2019,Whole Year,All Crops,5000.0,14000.0,2.8,"DES Area, Production & Yield Query Report"
Haryana,Gurgaon,2019,2019 - 2020,Whole Year,All Crops,5400.0,15700.0,2.91,"DES Area, Production & Yield Query Report"
Haryana,Gurgaon,2020,2020 - 2021,Whole Year,All Crops,5400.0,15500.0,2.87,"DES Area, Production & Yield Query Report"
Haryana,Gurgaon,2021,2021 - 2022,Whole Year,All Crops,4845.0,13460.0,2.78,"DES Area, Production & Yield Query Report"
Haryana,Gurgaon,2022,2022 - 2023,Whole Year,All Crops,4610.0,13230.0,2.87,"DES Area, Production & Yield Query Report"
Haryana,Hisar,2013,2013 - 2014,Whole Year,All Crops,45000.0,122000.0,2.71,"DES Area, Production & Yield Query Report"
Haryana,Hisar,2014,2014 - 2015,Whole Year,All Crops,48000.0,136000.0,2.83,"DES Area, Production & Yield Query Report"
Haryana,Hisar,2015,2015 - 2016,Whole Year,All Crops,62000.0,144000.0,2.32,"DES Area, Production & Yield Query Report"
Haryana,Hisar,2016,2016 - 2017,Whole Year,All Crops,68000.0,186000.0,2.74,"DES Area, Production & Yield Query Report"
Haryana,Hisar,2017,2017 - 2018,Whole Year,All Crops,70000.0,188000.0,2.69,"DES Area, Production & Yield Query Report"
Haryana,Hisar,2018,2018 - 2019,Whole Year,All Crops,76000.0,188000.0,2.47,"DES Area, Production & Yield Query Report"
Haryana,Hisar,2019,2019 - 2020,Whole Year,All Crops,84400.0,215500.0,2.55,"DES Area, Production & Yield Query Report"
Haryana,Hisar,2020,2020 - 2021,Whole Year,All Crops,82800.0,242200.0,2.93,"DES Area, Production & Yield Query Report"
Haryana,Hisar,2021,2021 - 2022,Whole Year,All Crops,82952.0,239070.0,2.88,"DES Area, Production & Yield Query Report"
Haryana,Hisar,2022,2022 - 2023,Whole Year,All Crops,98240.0,304150.0,3.1,"DES Area, Production & Yield Query Report"
Haryana,Jhajjar,2013,2013 - 2014,Whole Year,All Crops,31000.0,74000.0,2.39,"DES Area, Production & Yield Query Report"
Haryana,Jhajjar,2014,2014 - 2015,Whole Year,All Crops,35000.0,83000.0,2.37,"DES Area, Production & Yield Query Report"
Haryana,Jhajjar,2015,2015 - 2016,Whole Year,All Crops,37000.0,97000.0,2.62,"DES Area, Production & Yield Query Report"
Haryana,Jhajjar,2016,2016 - 2017,Whole Year,All Crops,37000.0,80000.0,2.16,"DES Area, Production & Yield Query Report"
Haryana,Jhajjar,2017,2017 - 2018,Whole Year,All Crops,40300.0,98400.0,2.44,"DES Area, Production & Yield Query Report"
Haryana,Jhajjar,2018,2018 - 2019,Whole Year,All Crops,45000.0,117000.0,2.6,"DES Area, Production & Yield Query Report"
Haryana,Jhajjar,2019,2019 - 2020,Whole Year,All Crops,50900.0,130400.0,2.56,"DES Area, Production & Yield Query Report"
Haryana,Jhajjar,2020,2020 - 2021,Whole Year,All Crops,42200.0,113900.0,2.7,"DES Area, Production & Yield Query Report"
Haryana,Jhajjar,2021,2021 - 2022,Whole Year,All Crops,38668.0,103820.0,2.68,"DES Area, Production & Yield Query Report"
Haryana,Jhajjar,2022,2022 - 2023,Whole Year,All Crops,53320.0,148840.0,2.79,"DES Area, Production & Yield Query Report"
Haryana,Jind,2013,2013 - 2014,Whole Year,All Crops,120000.0,324000.0,2.7,"DES Area, Production & Yield Query Report"
Haryana,Jind,2014,2014 - 2015,Whole Year,All Crops,123000.0,330000.0,2.68,"DES Area, Production & Yield Query Report"
Haryana,Jind,2015,2015 - 2016,Whole Year,All Crops,129000.0,313000.0,2.43,"DES Area, Production & Yield Query Report"
Haryana,Jind,2016,2016 - 2017,Whole Year,All Crops,135000.0,349000.0,2.59,"DES Area, Production & Yield Query Report"
Haryana,Jind,2017,2017 - 2018,Whole Year,All Crops,135700.0,375000.0,2.76,"DES Area, Production & Yield Query Report"
Haryana,Jind,2018,2018 - 2019,Whole Year,All Crops,141000.0,382000.0,2.71,"DES Area, Production & Yield Query Report"
Haryana,Jind,2019,2019 - 2020,Whole Year,All Crops,145800.0,431300.0,2.96,"DES Area, Production & Yield Query Report"
Haryana,Jind,2020,2020 - 2021,Whole Year,All Crops,139700.0,446300.0,3.19,"DES Area, Production & Yield Query Report"
Haryana,Jind,2021,2021 - 2022,Whole Year,All Crops,150691.0,501950.0,3.33,"DES Area, Production & Yield Query Report"
Haryana,Jind,2022,2022 - 2023,Whole Year,All Crops,174100.0,573030.0,3.29,"DES Area, Production & Yield Query Report"
Haryana,Kaithal,2013,2013 - 2014,Whole Year,All Crops,158000.0,520000.0,3.29,"DES Area, Production & Yield Query Report"
Haryana,Kaithal,2014,2014 - 2015,Whole Year,All Crops,161000.0,520000.0,3.23,"DES Area, Production & Yield Query Report"
Haryana,Kaithal,2015,2015 - 2016,Whole Year,All Crops,162000.0,490000.0,3.02,"DES Area, Production & Yield Query Report"
Haryana,Kaithal,2016,2016 - 2017,Whole Year,All Crops,162000.0,552000.0,3.41,"DES Area, Production & Yield Query Report"
Haryana,Kaithal,2017,2017 - 2018,Whole Year,All Crops,166400.0,643000.0,3.86,"DES Area, Production & Yield Query Report"
Haryana,Kaithal,2018,2018 - 2019,Whole Year,All Crops,162000.0,505000.0,3.12,"DES Area, Production & Yield Query Report"
Haryana,Kaithal,2019,2019 - 2020,Whole Year,All Crops,174300.0,621400.0,3.57,"DES Area, Production & Yield Query Report"
Haryana,Kaithal,2020,2020 - 2021,Whole Year,All Crops,176200.0,705900.0,4.01,"DES Area, Production & Yield Query Report"
Haryana,Kaithal,2021,2021 - 2022,Whole Year,All Crops,176094.0,710190.0,4.03,"DES Area, Production & Yield Query Report"
Haryana,Kaithal,2022,2022 - 2023,Whole Year,All Crops,179300.0,780650.0,4.35,"DES Area, Production & Yield Query Report"
Haryana,Karnal,2013,2013 - 2014,Whole Year,All Crops,162000.0,570000.0,3.52,"DES Area, Production & Yield Query Report"
Haryana,Karnal,2014,2014 - 2015,Whole Year,All Crops,172000.0,556000.0,3.23,"DES Area, Production & Yield Query Report"
Haryana,Karnal,2015,2015 - 2016,Whole Year,All Crops,172000.0,528000.0,3.07,"DES Area, Production & Yield Query Report"
Haryana,Karnal,2016,2016 - 2017,Whole Year,All Crops,175000.0,555000.0,3.17,"DES Area, Production & Yield Query Report"
Haryana,Karnal,2017,2017 - 2018,Whole Year,All Crops,174000.0,661000.0,3.8,"DES Area, Production & Yield Query Report"
Haryana,Karnal,2018,2018 - 2019,Whole Year,All Crops,175000.0,586000.0,3.35,"DES Area, Production & Yield Query Report"
Haryana,Karnal,2019,2019 - 2020,Whole Year,All Crops,180700.0,679400.0,3.76,"DES Area, Production & Yield Query Report"
Haryana,Karnal,2020,2020 - 2021,Whole Year,All Crops,177500.0,789500.0,4.45,"DES Area, Production & Yield Query Report"
Haryana,Karnal,2021,2021 - 2022,Whole Year,All Crops,175794.0,679970.0,3.87,"DES Area, Production & Yield Query Report"
Haryana,Karnal,2022,2022 - 2023,Whole Year,All Crops,181090.0,718890.0,3.97,"DES Area, Production & Yield Query Report"
Haryana,Kurukshetra,2013,2013 - 2014,Whole Year,All Crops,118000.0,489000.0,4.14,"DES Area, Production & Yield Query Report"
Haryana,Kurukshetra,2014,2014 - 2015,Whole Year,All Crops,131000.0,461000.0,3.52,"DES Area, Production & Yield Query Report"
Haryana,Kurukshetra,2015,2015 - 2016,Whole Year,All Crops,120000.0,441000.0,3.68,"DES Area, Production & Yield Query Report"
Haryana,Kurukshetra,2016,2016 - 2017,Whole Year,All Crops,115000.0,495000.0,4.3,"DES Area, Production & Yield Query Report"
Haryana,Kurukshetra,2017,2017 - 2018,Whole Year,All Crops,120800.0,505000.0,4.18,"DES Area, Production & Yield Query Report"
Haryana,Kurukshetra,2018,2018 - 2019,Whole Year,All Crops,119000.0,416000.0,3.5,"DES Area, Production & Yield Query Report"
Haryana,Kurukshetra,2019,2019 - 2020,Whole Year,All Crops,121000.0,542400.0,4.48,"DES Area, Production & Yield Query Report"
Haryana,Kurukshetra,2020,2020 - 2021,Whole Year,All Crops,120800.0,553300.0,4.58,"DES Area, Production & Yield Query Report"
Haryana,Kurukshetra,2021,2021 - 2022,Whole Year,All Crops,124572.0,593830.0,4.77,"DES Area, Production & Yield Query Report"
Haryana,Kurukshetra,2022,2022 - 2023,Whole Year,All Crops,130030.0,587710.0,4.52,"DES Area, Production & Yield Query Report"
Haryana,Mewat,2013,2013 - 2014,Whole Year,All Crops,5000.0,16000.0,3.2,"DES Area, Production & Yield Query Report"
Haryana,Mewat,2014,2014 - 2015,Whole Year,All Crops,7000.0,22000.0,3.14,"DES Area, Production & Yield Query Report"
Haryana,Mewat,2015,2015 - 2016,Whole Year,All Crops,7000.0,21000.0,3.0,"DES Area, Production & Yield Query Report"
Haryana,Mewat,2016,2016 - 2017,Whole Year,All Crops,9500.0,22000.0,2.32,"DES Area, Production & Yield Query Report"
Haryana,Mewat,2017,2017 - 2018,Whole Year,All Crops,11200.0,32400.0,2.89,"DES Area, Production & Yield Query Report"
Haryana,Mewat,2018,2018 - 2019,Whole Year,All Crops,11000.0,30000.0,2.73,"DES Area, Production & Yield Query Report"
Haryana,Mewat,2019,2019 - 2020,Whole Year,All Crops,10600.0,26600.0,2.51,"DES Area, Production & Yield Query Report"
Haryana,Mewat,2020,2020 - 2021,Whole Year,All Crops,8100.0,17500.0,2.16,"DES Area, Production & Yield Query Report"
Haryana,Mewat,2021,2021 - 2022,Whole Year,All Crops,8264.0,21020.0,2.54,"DES Area, Production & Yield Query Report"
Haryana,Mewat,2022,2022 - 2023,Whole Year,All Crops,11590.0,24910.0,2.15,"DES Area, Production & Yield Query Report"
Haryana,Palwal,2013,2013 - 2014,Whole Year,All Crops,34000.0,88000.0,2.59,"DES Area, Production & Yield Query Report"
Haryana,Palwal,2014,2014 - 2015,Whole Year,All Crops,34000.0,91000.0,2.68,"DES Area, Production & Yield Query Report"
Haryana,Palwal,2015,2015 - 2016,Whole Year,All Crops,34000.0,77000.0,2.26,"DES Area, Production & Yield Query Report"
Haryana,Palwal,2016,2016 - 2017,Whole Year,All Crops,35000.0,95000.0,2.71,"DES Area, Production & Yield Query Report"
Haryana,Palwal,2017,2017 - 2018,Whole Year,All Crops,35800.0,96800.0,2.7,"DES Area, Production & Yield Query Report"
Haryana,Palwal,2018,2018 - 2019,Whole Year,All Crops,36000.0,99000.0,2.75,"DES Area, Production & Yield Query Report"
Haryana,Palwal,2019,2019 - 2020,Whole Year,All Crops,37300.0,109000.0,2.92,"DES Area, Production & Yield Query Report"
Haryana,Palwal,2020,2020 - 2021,Whole Year,All Crops,38900.0,115900.0,2.98,"DES Area, Production & Yield Query Report"
Haryana,Palwal,2021,2021 - 2022,Whole Year,All Crops,34230.0,96870.0,2.83,"DES Area, Production & Yield Query Report"
Haryana,Palwal,2022,2022 - 2023,Whole Year,All Crops,40730.0,108020.0,2.65,"DES Area, Production & Yield Query Report"
Haryana,Panchkula,2013,2013 - 2014,Whole Year,All Crops,10000.0,38000.0,3.8,"DES Area, Production & Yield Query Report"
Haryana,Panchkula,2014,2014 - 2015,Whole Year,All Crops,10000.0,29000.0,2.9,"DES Area, Production & Yield Query Report"
Haryana,Panchkula,2015,2015 - 2016,Whole Year,All Crops,9000.0,34000.0,3.78,"DES Area, Production & Yield Query Report"
Haryana,Panchkula,2016,2016 - 2017,Whole Year,All Crops,9100.0,32000.0,3.52,"DES Area, Production & Yield Query Report"
Haryana,Panchkula,2017,2017 - 2018,Whole Year,All Crops,10500.0,39200.0,3.73,"DES Area, Production & Yield Query Report"
Haryana,Panchkula,2018,2018 - 2019,Whole Year,All Crops,11000.0,43000.0,3.91,"DES Area, Production & Yield Query Report"
Haryana,Panchkula,2019,2019 - 2020,Whole Year,All Crops,12900.0,46100.0,3.57,"DES Area, Production & Yield Query Report"
Haryana,Panchkula,2020,2020 - 2021,Whole Year,All Crops,13700.0,49000.0,3.58,"DES Area, Production & Yield Query Report"
Haryana,Panchkula,2021,2021 - 2022,Whole Year,All Crops,13603.0,54580.0,4.01,"DES Area, Production & Yield Query Report"
Haryana,Panchkula,2022,2022 - 2023,Whole Year,All Crops,13270.0,34310.0,2.59,"DES Area, Production & Yield Query Report"
Haryana,Panipat,2013,2013 - 2014,Whole Year,All Crops,75000.0,192000.0,2.56,"DES Area, Production & Yield Query Report"
Haryana,Panipat,2014,2014 - 2015,Whole Year,All Crops,54000.0,132000.0,2.44,"DES Area, Production & Yield Query Report"
Haryana,Panipat,2015,2015 - 2016,Whole Year,All Crops,64000.0,173000.0,2.7,"DES Area, Production & Yield Query Report"
Haryana,Panipat,2016,2016 - 2017,Whole Year,All Crops,76000.0,198000.0,2.61,"DES Area, Production & Yield Query Report"
Haryana,Panipat,2017,2017 - 2018,Whole Year,All Crops,77200.0,236000.0,3.06,"DES Area, Production & Yield Query Report"
Haryana,Panipat,2018,2018 - 2019,Whole Year,All Crops,75000.0,212000.0,2.83,"DES Area, Production & Yield Query Report"
Haryana,Panipat,2019,2019 - 2020,Whole Year,All Crops,86000.0,266300.0,3.1,"DES Area, Production & Yield Query Report"
Haryana,Panipat,2020,2020 - 2021,Whole Year,All Crops,84800.0,269700.0,3.18,"DES Area, Production & Yield Query Report"
Haryana,Panipat,2021,2021 - 2022,Whole Year,All Crops,83318.0,235790.0,2.83,"DES Area, Production & Yield Query Report"
Haryana,Panipat,2022,2022 - 2023,Whole Year,All Crops,80090.0,245150.0,3.06,"DES Area, Production & Yield Query Report"
Haryana,Rewari,2013,2013 - 2014,Whole Year,All Crops,2000.0,7000.0,3.5,"DES Area, Production & Yield Query Report"
Haryana,Rewari,2014,2014 - 2015,Whole Year,All Crops,2000.0,6000.0,3.0,"DES Area, Production & Yield Query Report"
Haryana,Rewari,2015,2015 - 2016,Whole Year,All Crops,2000.0,6000.0,3.0,"DES Area, Production & Yield Query Report"
Haryana,Rewari,2016,2016 - 2017,Whole Year,All Crops,2000.0,4000.0,2.0,"DES Area, Production & Yield Query Report"
Haryana,Rewari,2017,2017 - 2018,Whole Year,All Crops,1800.0,4100.0,2.28,"DES Area, Production & Yield Query Report"
Haryana,Rewari,2018,2018 - 2019,Whole Year,All Crops,2000.0,5000.0,2.5,"DES Area, Production & Yield Query Report"
Haryana,Rewari,2019,2019 - 2020,Whole Year,All Crops,2900.0,7200.0,2.48,"DES Area, Production & Yield Query Report"
Haryana,Rewari,2020,2020 - 2021,Whole Year,All Crops,1400.0,4000.0,2.86,"DES Area, Production & Yield Query Report"
Haryana,Rewari,2021,2021 - 2022,Whole Year,All Crops,931.0,1840.0,1.98,"DES Area, Production & Yield Query Report"
Haryana,Rewari,2022,2022 - 2023,Whole Year,All Crops,2070.0,5070.0,2.45,"DES Area, Production & Yield Query Report"
Haryana,Rohtak,2013,2013 - 2014,Whole Year,All Crops,43000.0,84000.0,1.95,"DES Area, Production & Yield Query Report"
Haryana,Rohtak,2014,2014 - 2015,Whole Year,All Crops,41000.0,92000.0,2.24,"DES Area, Production & Yield Query Report"
Haryana,Rohtak,2015,2015 - 2016,Whole Year,All Crops,44000.0,92000.0,2.09,"DES Area, Production & Yield Query Report"
Haryana,Rohtak,2016,2016 - 2017,Whole Year,All Crops,47100.0,96000.0,2.04,"DES Area, Production & Yield Query Report"
Haryana,Rohtak,2017,2017 - 2018,Whole Year,All Crops,48900.0,128400.0,2.63,"DES Area, Production & Yield Query Report"
Haryana,Rohtak,2018,2018 - 2019,Whole Year,All Crops,48000.0,131000.0,2.73,"DES Area, Production & Yield Query Report"
Haryana,Rohtak,2019,2019 - 2020,Whole Year,All Crops,67000.0,163900.0,2.45,"DES Area, Production & Yield Query Report"
Haryana,Rohtak,2020,2020 - 2021,Whole Year,All Crops,67700.0,191300.0,2.83,"DES Area, Production & Yield Query Report"
Haryana,Rohtak,2021,2021 - 2022,Whole Year,All Crops,67080.0,191180.0,2.85,"DES Area, Production & Yield Query Report"
Haryana,Rohtak,2022,2022 - 2023,Whole Year,All Crops,78710.0,230340.0,2.93,"DES Area, Production & Yield Query Report"
Haryana,Sirsa,2013,2013 - 2014,Whole Year,All Crops,69000.0,271000.0,3.93,"DES Area, Production & Yield Query Report"
Haryana,Sirsa,2014,2014 - 2015,Whole Year,All Crops,82000.0,299000.0,3.65,"DES Area, Production & Yield Query Report"
Haryana,Sirsa,2015,2015 - 2016,Whole Year,All Crops,92000.0,288000.0,3.13,"DES Area, Production & Yield Query Report"
Haryana,Sirsa,2016,2016 - 2017,Whole Year,All Crops,85500.0,313000.0,3.66,"DES Area, Production & Yield Query Report"
Haryana,Sirsa,2017,2017 - 2018,Whole Year,All Crops,95500.0,322600.0,3.38,"DES Area, Production & Yield Query Report"
Haryana,Sirsa,2018,2018 - 2019,Whole Year,All Crops,97000.0,321000.0,3.31,"DES Area, Production & Yield Query Report"
Haryana,Sirsa,2019,2019 - 2020,Whole Year,All Crops,104200.0,286000.0,2.74,"DES Area, Production & Yield Query Report"
Haryana,Sirsa,2020,2020 - 2021,Whole Year,All Crops,100300.0,360700.0,3.6,"DES Area, Production & Yield Query Report"
Haryana,Sirsa,2021,2021 - 2022,Whole Year,All Crops,105541.0,371930.0,3.52,"DES Area, Production & Yield Query Report"
Haryana,Sirsa,2022,2022 - 2023,Whole Year,All Crops,112520.0,394910.0,3.51,"DES Area, Production & Yield Query Report"
Haryana,Sonipat,2013,2013 - 2014,Whole Year,All Crops,100000.0,248000.0,2.48,"DES Area, Production & Yield Query Report"
Haryana,Sonipat,2014,2014 - 2015,Whole Year,All Crops,88000.0,223000.0,2.53,"DES Area, Production & Yield Query Report"
Haryana,Sonipat,2015,2015 - 2016,Whole Year,All Crops,107000.0,282000.0,2.64,"DES Area, Production & Yield Query Report"
Haryana,Sonipat,2016,2016 - 2017,Whole Year,All Crops,109000.0,264000.0,2.42,"DES Area, Production & Yield Query Report"
Haryana,Sonipat,2017,2017 - 2018,Whole Year,All Crops,107700.0,274200.0,2.55,"DES Area, Production & Yield Query Report"
Haryana,Sonipat,2018,2018 - 2019,Whole Year,All Crops,108000.0,314000.0,2.91,"DES Area, Production & Yield Query Report"
Haryana,Sonipat,2019,2019 - 2020,Whole Year,All Crops,116100.0,311500.0,2.68,"DES Area, Production & Yield Query Report"
Haryana,Sonipat,2020,2020 - 2021,Whole Year,All Crops,114200.0,343300.0,3.01,"DES Area, Production & Yield Query Report"
Haryana,Sonipat,2021,2021 - 2022,Whole Year,All Crops,114109.0,305360.0,2.68,"DES Area, Production & Yield Query Report"
Haryana,Sonipat,2022,2022 - 2023,Whole Year,All Crops,119720.0,344740.0,2.88,"DES Area, Production & Yield Query Report"
Haryana,Yamunanagar,2013,2013 - 2014,Whole Year,All Crops,69000.0,254000.0,3.68,"DES Area, Production & Yield Query Report"
Haryana,Yamunanagar,2014,2014 - 2015,Whole Year,All Crops,70000.0,266000.0,3.8,"DES Area, Production & Yield Query Report"
Haryana,Yamunanagar,2015,2015 - 2016,Whole Year,All Crops,74000.0,280000.0,3.78,"DES Area, Production & Yield Query Report"
Haryana,Yamunanagar,2016,2016 - 2017,Whole Year,All Crops,75000.0,295000.0,3.93,"DES Area, Production & Yield Query Report"
Haryana,Yamunanagar,2017,2017 - 2018,Whole Year,All Crops,75200.0,314000.0,4.18,"DES Area, Production & Yield Query Report"
Haryana,Yamunanagar,2018,2018 - 2019,Whole Year,All Crops,78000.0,275000.0,3.53,"DES Area, Production & Yield Query Report"
Haryana,Yamunanagar,2019,2019 - 2020,Whole Year,All Crops,84500.0,358200.0,4.24,"DES Area, Production & Yield Query Report"
Haryana,Yamunanagar,2020,2020 - 2021,Whole Year,All Crops,87600.0,382600.0,4.37,"DES Area, Production & Yield Query Report"
Haryana,Yamunanagar,2021,2021 - 2022,Whole Year,All Crops,88625.0,394740.0,4.45,"DES Area, Production & Yield Query Report"
Haryana,Yamunanagar,2022,2022 - 2023,Whole Year,All Crops,86630.0,295350.0,3.41,"DES Area, Production & Yield Query Report"
Himachal Pradesh,Bilaspur,2013,2013 - 2014,Whole Year,All Crops,1459.0,3034.0,2.08,"DES Area, Production & Yield Query Report"
Himachal Pradesh,Bilaspur,2014,2014 - 2015,Whole Year,All Crops,1444.0,3302.0,2.29,"DES Area, Production & Yield Query Report"
Himachal Pradesh,Bilaspur,2015,2015 - 2016,Whole Year,All Crops,1429.0,2970.0,2.08,"DES Area, Production & Yield Query Report"
Himachal Pradesh,Bilaspur,2016,2016 - 2017,Whole Year,All Crops,1414.0,2939.0,2.08,"DES Area, Production & Yield Query Report"
Himachal Pradesh,Bilaspur,2017,2017 - 2018,Whole Year,All Crops,1428.0,2985.0,2.09,"DES Area, Production & Yield Query Report"
Himachal Pradesh,Bilaspur,2018,2018 - 2019,Whole Year,All Crops,1429.0,2987.0,2.09,"DES Area, Production & Yield Query Report"
Himachal Pradesh,Bilaspur,2019,2019 - 2020,Whole Year,All Crops,1440.0,2851.0,1.98,"DES Area, Production & Yield Query Report"
Himachal Pradesh,Bilaspur,2020,2020 - 2021,Whole Year,All Crops,934.0,12030.0,12.88,"DES Area, Production & Yield Query Report"
Himachal Pradesh,Bilaspur,2021,2021 - 2022,Whole Year,All Crops,1090.0,2060.0,1.89,"DES Area, Production & Yield Query Report"
Himachal Pradesh,Bilaspur,2022,2022 - 2023,Whole Year,All Crops,725.0,1221.0,1.68,"DES Area, Production & Yield Query Report"
Himachal Pradesh,Chamba,2013,2013 - 2014,Whole Year,All Crops,2544.0,3062.0,1.2,"DES Area, Production & Yield Query Report"
Himachal Pradesh,Chamba,2014,2014 - 2015,Whole Year,All Crops,2518.0,3334.0,1.32,"DES Area, Production & Yield Query Report"
Himachal Pradesh,Chamba,2015,2015 - 2016,Whole Year,All Crops,2491.0,2999.0,1.2,"DES Area, Production & Yield Query Report"
Himachal Pradesh,Chamba,2016,2016 - 2017,Whole Year,All Crops,2465.0,2967.0,1.2,"DES Area, Production & Yield Query Report"
Himachal Pradesh,Chamba,2017,2017 - 2018,Whole Year,All Crops,2491.0,2999.0,1.2,"DES Area, Production & Yield Query Report"
Himachal Pradesh,Chamba,2018,2018 - 2019,Whole Year,All Crops,2910.0,3492.0,1.2,"DES Area, Production & Yield Query Report"
Himachal Pradesh,Chamba,2019,2019 - 2020,Whole Year,All Crops,2990.0,4485.0,1.5,"DES Area, Production & Yield Query Report"
Himachal Pradesh,Chamba,2020,2020 - 2021,Whole Year,All Crops,3520.0,6647.0,1.89,"DES Area, Production & Yield Query Report"
Himachal Pradesh,Chamba,2021,2021 - 2022,Whole Year,All Crops,1930.0,3873.0,2.01,"DES Area, Production & Yield Query Report"
Himachal Pradesh,Chamba,2022,2022 - 2023,Whole Year,All Crops,2105.0,2527.0,1.2,"DES Area, Production & Yield Query Report"
Himachal Pradesh,Hamirpur,2013,2013 - 2014,Whole Year,All Crops,1910.0,2698.0,1.41,"DES Area, Production & Yield Query Report"
Himachal Pradesh,Hamirpur,2014,2014 - 2015,Whole Year,All Crops,1891.0,2937.0,1.55,"DES Area, Production & Yield Query Report"
Himachal Pradesh,Hamirpur,2015,2015 - 2016,Whole Year,All Crops,1871.0,2641.0,1.41,"DES Area, Production & Yield Query Report"
Himachal Pradesh,Hamirpur,2016,2016 - 2017,Whole Year,All Crops,1851.0,2613.0,1.41,"DES Area, Production & Yield Query Report"
Himachal Pradesh,Hamirpur,2017,2017 - 2018,Whole Year,All Crops,1871.0,2741.0,1.46,"DES Area, Production & Yield Query Report"
Himachal Pradesh,Hamirpur,2018,2018 - 2019,Whole Year,All Crops,1820.0,2657.0,1.46,"DES Area, Production & Yield Query Report"
Himachal Pradesh,Hamirpur,2019,2019 - 2020,Whole Year,All Crops,1840.0,2907.0,1.58,"DES Area, Production & Yield Query Report"
Himachal Pradesh,Hamirpur,2020,2020 - 2021,Whole Year,All Crops,833.0,13100.0,15.73,"DES Area, Production & Yield Query Report"
Himachal Pradesh,Hamirpur,2021,2021 - 2022,Whole Year,All Crops,833.0,1295.0,1.55,"DES Area, Production & Yield Query Report"
Himachal Pradesh,Hamirpur,2022,2022 - 2023,Whole Year,All Crops,1135.0,1889.0,1.66,"DES Area, Production & Yield Query Report"
Himachal Pradesh,Kangra,2013,2013 - 2014,Whole Year,All Crops,34224.0,51587.0,1.51,"DES Area, Production & Yield Query Report"
Himachal Pradesh,Kangra,2014,2014 - 2015,Whole Year,All Crops,33868.0,56154.0,1.66,"DES Area, Production & Yield Query Report"
Himachal Pradesh,Kangra,2015,2015 - 2016,Whole Year,All Crops,33511.0,50512.0,1.51,"DES Area, Production & Yield Query Report"
Himachal Pradesh,Kangra,2016,2016 - 2017,Whole Year,All Crops,33155.0,49974.0,1.51,"DES Area, Production & Yield Query Report"
Himachal Pradesh,Kangra,2017,2017 - 2018,Whole Year,All Crops,33511.0,50512.0,1.51,"DES Area, Production & Yield Query Report"
Himachal Pradesh,Kangra,2018,2018 - 2019,Whole Year,All Crops,33915.0,51511.0,1.52,"DES Area, Production & Yield Query Report"
Himachal Pradesh,Kangra,2019,2019 - 2020,Whole Year,All Crops,34080.0,52824.0,1.55,"DES Area, Production & Yield Query Report"
Himachal Pradesh,Kangra,2020,2020 - 2021,Whole Year,All Crops,33593.0,61993.0,1.85,"DES Area, Production & Yield Query Report"
Himachal Pradesh,Kangra,2021,2021 - 2022,Whole Year,All Crops,32389.0,82702.0,2.55,"DES Area, Production & Yield Query Report"
Himachal Pradesh,Kangra,2022,2022 - 2023,Whole Year,All Crops,33699.0,70641.0,2.1,"DES Area, Production & Yield Query Report"
Himachal Pradesh,Kinnaur,2013,2013 - 2014,Whole Year,All Crops,14.0,22.0,1.57,"DES Area, Production & Yield Query Report"
Himachal Pradesh,Kinnaur,2014,2014 - 2015,Whole Year,All Crops,14.0,24.0,1.71,"DES Area, Production & Yield Query Report"
Himachal Pradesh,Kinnaur,2015,2015 - 2016,Whole Year,All Crops,14.0,22.0,1.57,"DES Area, Production & Yield Query Report"
Himachal Pradesh,Kinnaur,2016,2016 - 2017,Whole Year,All Crops,14.0,21.0,1.5,"DES Area, Production & Yield Query Report"
Himachal Pradesh,Kinnaur,2017,2017 - 2018,Whole Year,All Crops,14.0,22.0,1.57,"DES Area, Production & Yield Query Report"
Himachal Pradesh,Kinnaur,2018,2018 - 2019,Whole Year,All Crops,8.0,13.0,1.63,"DES Area, Production & Yield Query Report"
Himachal Pradesh,Kinnaur,2019,2019 - 2020,Whole Year,All Crops,10.0,15.0,1.5,"DES Area, Production & Yield Query Report"
Himachal Pradesh,Kinnaur,2020,2020 - 2021,Whole Year,All Crops,3.0,5.0,1.67,"DES Area, Production & Yield Query Report"
Himachal Pradesh,Kinnaur,2022,2022 - 2023,Whole Year,All Crops,9.0,9.0,1.0,"DES Area, Production & Yield Query Report"
Himachal Pradesh,Kullu,2013,2013 - 2014,Whole Year,All Crops,1373.0,1795.0,1.31,"DES Area, Production & Yield Query Report"
Himachal Pradesh,Kullu,2014,2014 - 2015,Whole Year,All Crops,1359.0,1955.0,1.44,"DES Area, Production & Yield Query Report"
Himachal Pradesh,Kullu,2015,2015 - 2016,Whole Year,All Crops,1344.0,1758.0,1.31,"DES Area, Production & Yield Query Report"
Himachal Pradesh,Kullu,2016,2016 - 2017,Whole Year,All Crops,1330.0,1739.0,1.31,"DES Area, Production & Yield Query Report"
Himachal Pradesh,Kullu,2017,2017 - 2018,Whole Year,All Crops,1344.0,1758.0,1.31,"DES Area, Production & Yield Query Report"
Himachal Pradesh,Kullu,2018,2018 - 2019,Whole Year,All Crops,1258.0,1648.0,1.31,"DES Area, Production & Yield Query Report"
Himachal Pradesh,Kullu,2019,2019 - 2020,Whole Year,All Crops,1328.0,1763.0,1.33,"DES Area, Production & Yield Query Report"
Himachal Pradesh,Kullu,2020,2020 - 2021,Whole Year,All Crops,276.0,336.0,1.22,"DES Area, Production & Yield Query Report"
Himachal Pradesh,Kullu,2021,2021 - 2022,Whole Year,All Crops,279.0,412.0,1.48,"DES Area, Production & Yield Query Report"
Himachal Pradesh,Kullu,2022,2022 - 2023,Whole Year,All Crops,234.0,294.0,1.26,"DES Area, Production & Yield Query Report"
Himachal Pradesh,Mandi,2013,2013 - 2014,Whole Year,All Crops,19354.0,23328.0,1.21,"DES Area, Production & Yield Query Report"
Himachal Pradesh,Mandi,2014,2014 - 2015,Whole Year,All Crops,19152.0,25394.0,1.33,"DES Area, Production & Yield Query Report"
Himachal Pradesh,Mandi,2015,2015 - 2016,Whole Year,All Crops,18950.0,32842.0,1.73,"DES Area, Production & Yield Query Report"
Himachal Pradesh,Mandi,2016,2016 - 2017,Whole Year,All Crops,18749.0,22599.0,1.21,"DES Area, Production & Yield Query Report"
Himachal Pradesh,Mandi,2017,2017 - 2018,Whole Year,All Crops,18950.0,32842.0,1.73,"DES Area, Production & Yield Query Report"
Himachal Pradesh,Mandi,2018,2018 - 2019,Whole Year,All Crops,17717.0,30630.0,1.73,"DES Area, Production & Yield Query Report"
Himachal Pradesh,Mandi,2019,2019 - 2020,Whole Year,All Crops,17924.0,29216.0,1.63,"DES Area, Production & Yield Query Report"
Himachal Pradesh,Mandi,2020,2020 - 2021,Whole Year,All Crops,17939.0,37280.0,2.08,"DES Area, Production & Yield Query Report"
Himachal Pradesh,Mandi,2021,2021 - 2022,Whole Year,All Crops,17412.0,33850.0,1.94,"DES Area, Production & Yield Query Report"
Himachal Pradesh,Mandi,2022,2022 - 2023,Whole Year,All Crops,17554.0,36125.0,2.06,"DES Area, Production & Yield Query Report"
Himachal Pradesh,Shimla,2013,2013 - 2014,Whole Year,All Crops,1161.0,1065.0,0.92,"DES Area, Production & Yield Query Report"
Himachal Pradesh,Shimla,2014,2014 - 2015,Whole Year,All Crops,1149.0,1159.0,1.01,"DES Area, Production & Yield Query Report"
Himachal Pradesh,Shimla,2015,2015 - 2016,Whole Year,All Crops,1136.0,1042.0,0.92,"DES Area, Production & Yield Query Report"
Himachal Pradesh,Shimla,2016,2016 - 2017,Whole Year,All Crops,1124.0,1031.0,0.92,"DES Area, Production & Yield Query Report"
Himachal Pradesh,Shimla,2017,2017 - 2018,Whole Year,All Crops,1136.0,1042.0,0.92,"DES Area, Production & Yield Query Report"
Himachal Pradesh,Shimla,2018,2018 - 2019,Whole Year,All Crops,757.0,689.0,0.91,"DES Area, Production & Yield Query Report"
Himachal Pradesh,Shimla,2019,2019 - 2020,Whole Year,All Crops,765.0,780.0,1.02,"DES Area, Production & Yield Query Report"
Himachal Pradesh,Shimla,2020,2020 - 2021,Whole Year,All Crops,217.0,258.0,1.19,"DES Area, Production & Yield Query Report"
Himachal Pradesh,Shimla,2021,2021 - 2022,Whole Year,All Crops,155.0,212.0,1.37,"DES Area, Production & Yield Query Report"
Himachal Pradesh,Shimla,2022,2022 - 2023,Whole Year,All Crops,158.0,311.0,1.97,"DES Area, Production & Yield Query Report"
Himachal Pradesh,Sirmaur,2013,2013 - 2014,Whole Year,All Crops,5482.0,6490.0,1.18,"DES Area, Production & Yield Query Report"
Himachal Pradesh,Sirmaur,2014,2014 - 2015,Whole Year,All Crops,5425.0,7064.0,1.3,"DES Area, Production & Yield Query Report"
Himachal Pradesh,Sirmaur,2015,2015 - 2016,Whole Year,All Crops,5367.0,6354.0,1.18,"DES Area, Production & Yield Query Report"
Himachal Pradesh,Sirmaur,2016,2016 - 2017,Whole Year,All Crops,5310.0,6287.0,1.18,"DES Area, Production & Yield Query Report"
Himachal Pradesh,Sirmaur,2017,2017 - 2018,Whole Year,All Crops,5367.0,6354.0,1.18,"DES Area, Production & Yield Query Report"
Himachal Pradesh,Sirmaur,2018,2018 - 2019,Whole Year,All Crops,6410.0,7564.0,1.18,"DES Area, Production & Yield Query Report"
Himachal Pradesh,Sirmaur,2019,2019 - 2020,Whole Year,All Crops,6555.0,7932.0,1.21,"DES Area, Production & Yield Query Report"
Himachal Pradesh,Sirmaur,2020,2020 - 2021,Whole Year,All Crops,7483.0,20709.0,2.77,"DES Area, Production & Yield Query Report"
Himachal Pradesh,Sirmaur,2021,2021 - 2022,Whole Year,All Crops,8648.0,36347.0,4.2,"DES Area, Production & Yield Query Report"
Himachal Pradesh,Sirmaur,2022,2022 - 2023,Whole Year,All Crops,8210.0,7744.0,0.94,"DES Area, Production & Yield Query Report"
Himachal Pradesh,Solan,2013,2013 - 2014,Whole Year,All Crops,3984.0,10045.0,2.52,"DES Area, Production & Yield Query Report"
Himachal Pradesh,Solan,2014,2014 - 2015,Whole Year,All Crops,3943.0,10935.0,2.77,"DES Area, Production & Yield Query Report"
Himachal Pradesh,Solan,2015,2015 - 2016,Whole Year,All Crops,3901.0,9836.0,2.52,"DES Area, Production & Yield Query Report"
Himachal Pradesh,Solan,2016,2016 - 2017,Whole Year,All Crops,3860.0,9732.0,2.52,"DES Area, Production & Yield Query Report"
Himachal Pradesh,Solan,2017,2017 - 2018,Whole Year,All Crops,3901.0,9836.0,2.52,"DES Area, Production & Yield Query Report"
Himachal Pradesh,Solan,2018,2018 - 2019,Whole Year,All Crops,3901.0,9813.0,2.52,"DES Area, Production & Yield Query Report"
Himachal Pradesh,Solan,2019,2019 - 2020,Whole Year,All Crops,3978.0,9985.0,2.51,"DES Area, Production & Yield Query Report"
Himachal Pradesh,Solan,2020,2020 - 2021,Whole Year,All Crops,1762.0,4087.0,2.32,"DES Area, Production & Yield Query Report"
Himachal Pradesh,Solan,2021,2021 - 2022,Whole Year,All Crops,1560.0,2335.0,1.5,"DES Area, Production & Yield Query Report"
Himachal Pradesh,Solan,2022,2022 - 2023,Whole Year,All Crops,1566.0,4653.0,2.97,"DES Area, Production & Yield Query Report"
Himachal Pradesh,Una,2013,2013 - 2014,Whole Year,All Crops,1634.0,3773.0,2.31,"DES Area, Production & Yield Query Report"
Himachal Pradesh,Una,2014,2014 - 2015,Whole Year,All Crops,1617.0,4107.0,2.54,"DES Area, Production & Yield Query Report"
Himachal Pradesh,Una,2015,2015 - 2016,Whole Year,All Crops,1600.0,3694.0,2.31,"DES Area, Production & Yield Query Report"
Himachal Pradesh,Una,2016,2016 - 2017,Whole Year,All Crops,1583.0,3655.0,2.31,"DES Area, Production & Yield Query Report"
Himachal Pradesh,Una,2017,2017 - 2018,Whole Year,All Crops,1600.0,3694.0,2.31,"DES Area, Production & Yield Query Report"
Himachal Pradesh,Una,2018,2018 - 2019,Whole Year,All Crops,1685.0,3892.0,2.31,"DES Area, Production & Yield Query Report"
Himachal Pradesh,Una,2019,2019 - 2020,Whole Year,All Crops,1710.0,4121.0,2.41,"DES Area, Production & Yield Query Report"
Himachal Pradesh,Una,2020,2020 - 2021,Whole Year,All Crops,1895.0,4630.0,2.44,"DES Area, Production & Yield Query Report"
Himachal Pradesh,Una,2021,2021 - 2022,Whole Year,All Crops,1871.0,4435.0,2.37,"DES Area, Production & Yield Query Report"
Himachal Pradesh,Una,2022,2022 - 2023,Whole Year,All Crops,1904.0,4640.0,2.44,"DES Area, Production & Yield Query Report"
Jammu and Kashmir,Anantnag,2014,2014 - 2015,Whole Year,All Crops,23904.0,19403.0,0.81,"DES Area, Production & Yield Query Report"
Jammu and Kashmir,Anantnag,2015,2015 - 2016,Whole Year,All Crops,23860.0,73371.0,3.08,"DES Area, Production & Yield Query Report"
Jammu and Kashmir,Anantnag,2016,2016 - 2017,Whole Year,All Crops,23074.0,69687.0,3.02,"DES Area, Production & Yield Query Report"
Jammu and Kashmir,Anantnag,2017,2017 - 2018,Whole Year,All Crops,22829.0,68741.0,3.01,"DES Area, Production & Yield Query Report"
Jammu and Kashmir,Anantnag,2018,2018 - 2019,Whole Year,All Crops,21668.0,60728.0,2.8,"DES Area, Production & Yield Query Report"
Jammu and Kashmir,Anantnag,2019,2019 - 2020,Whole Year,All Crops,21811.0,64882.0,2.97,"DES Area, Production & Yield Query Report"
Jammu and Kashmir,Anantnag,2020,2020 - 2021,Whole Year,All Crops,21730.0,66003.0,3.04,"DES Area, Production & Yield Query Report"
Jammu and Kashmir,Badgam,2014,2014 - 2015,Whole Year,All Crops,26183.0,23727.0,0.91,"DES Area, Production & Yield Query Report"
Jammu and Kashmir,Badgam,2015,2015 - 2016,Whole Year,All Crops,31803.0,73416.0,2.31,"DES Area, Production & Yield Query Report"
Jammu and Kashmir,Badgam,2016,2016 - 2017,Whole Year,All Crops,24567.0,59685.0,2.43,"DES Area, Production & Yield Query Report"
Jammu and Kashmir,Badgam,2017,2017 - 2018,Whole Year,All Crops,25680.0,60148.0,2.34,"DES Area, Production & Yield Query Report"
Jammu and Kashmir,Badgam,2018,2018 - 2019,Whole Year,All Crops,25315.0,50763.0,2.01,"DES Area, Production & Yield Query Report"
Jammu and Kashmir,Badgam,2019,2019 - 2020,Whole Year,All Crops,22630.0,59648.0,2.64,"DES Area, Production & Yield Query Report"
Jammu and Kashmir,Badgam,2020,2020 - 2021,Whole Year,All Crops,27269.0,68421.0,2.51,"DES Area, Production & Yield Query Report"
Jammu and Kashmir,Bandipora,2014,2014 - 2015,Whole Year,All Crops,9203.0,11049.0,1.2,"DES Area, Production & Yield Query Report"
Jammu and Kashmir,Bandipora,2015,2015 - 2016,Whole Year,All Crops,12726.0,38427.0,3.02,"DES Area, Production & Yield Query Report"
Jammu and Kashmir,Bandipora,2016,2016 - 2017,Whole Year,All Crops,11746.0,33603.0,2.86,"DES Area, Production & Yield Query Report"
Jammu and Kashmir,Bandipora,2017,2017 - 2018,Whole Year,All Crops,12942.0,41761.0,3.23,"DES Area, Production & Yield Query Report"
Jammu and Kashmir,Bandipora,2018,2018 - 2019,Whole Year,All Crops,9272.0,29582.0,3.19,"DES Area, Production & Yield Query Report"
Jammu and Kashmir,Bandipora,2019,2019 - 2020,Whole Year,All Crops,9264.0,28627.0,3.09,"DES Area, Production & Yield Query Report"
Jammu and Kashmir,Bandipora,2020,2020 - 2021,Whole Year,All Crops,9399.0,33606.0,3.58,"DES Area, Production & Yield Query Report"
Jammu and Kashmir,Baramulla,2014,2014 - 2015,Whole Year,All Crops,21265.0,23376.0,1.1,"DES Area, Production & Yield Query Report"
Jammu and Kashmir,Baramulla,2015,2015 - 2016,Whole Year,All Crops,20540.0,48003.0,2.34,"DES Area, Production & Yield Query Report"
Jammu and Kashmir,Baramulla,2016,2016 - 2017,Whole Year,All Crops,20941.0,55784.0,2.66,"DES Area, Production & Yield Query Report"
Jammu and Kashmir,Baramulla,2017,2017 - 2018,Whole Year,All Crops,20567.0,46539.0,2.26,"DES Area, Production & Yield Query Report"
Jammu and Kashmir,Baramulla,2018,2018 - 2019,Whole Year,All Crops,20506.0,49910.0,2.43,"DES Area, Production & Yield Query Report"
Jammu and Kashmir,Baramulla,2019,2019 - 2020,Whole Year,All Crops,20523.0,59493.0,2.9,"DES Area, Production & Yield Query Report"
Jammu and Kashmir,Baramulla,2020,2020 - 2021,Whole Year,All Crops,20612.0,40788.0,1.98,"DES Area, Production & Yield Query Report"
Jammu and Kashmir,Doda,2014,2014 - 2015,Whole Year,All Crops,1911.0,1893.0,0.99,"DES Area, Production & Yield Query Report"
Jammu and Kashmir,Doda,2015,2015 - 2016,Whole Year,All Crops,1401.0,2149.0,1.53,"DES Area, Production & Yield Query Report"
Jammu and Kashmir,Doda,2016,2016 - 2017,Whole Year,All Crops,1509.0,2191.0,1.45,"DES Area, Production & Yield Query Report"
Jammu and Kashmir,Doda,2017,2017 - 2018,Whole Year,All Crops,1570.0,3116.0,1.98,"DES Area, Production & Yield Query Report"
Jammu and Kashmir,Doda,2018,2018 - 2019,Whole Year,All Crops,1382.0,2979.0,2.16,"DES Area, Production & Yield Query Report"
Jammu and Kashmir,Doda,2019,2019 - 2020,Whole Year,All Crops,1438.0,2061.0,1.43,"DES Area, Production & Yield Query Report"
Jammu and Kashmir,Doda,2020,2020 - 2021,Whole Year,All Crops,2271.0,3296.0,1.45,"DES Area, Production & Yield Query Report"
Jammu and Kashmir,Ganderbal,2014,2014 - 2015,Whole Year,All Crops,7684.0,8684.0,1.13,"DES Area, Production & Yield Query Report"
Jammu and Kashmir,Ganderbal,2015,2015 - 2016,Whole Year,All Crops,7831.0,19157.0,2.45,"DES Area, Production & Yield Query Report"
Jammu and Kashmir,Ganderbal,2016,2016 - 2017,Whole Year,All Crops,7832.0,19386.0,2.48,"DES Area, Production & Yield Query Report"
Jammu and Kashmir,Ganderbal,2017,2017 - 2018,Whole Year,All Crops,7791.0,22456.0,2.88,"DES Area, Production & Yield Query Report"
Jammu and Kashmir,Ganderbal,2018,2018 - 2019,Whole Year,All Crops,8032.0,23665.0,2.95,"DES Area, Production & Yield Query Report"
Jammu and Kashmir,Ganderbal,2019,2019 - 2020,Whole Year,All Crops,7746.0,24385.0,3.15,"DES Area, Production & Yield Query Report"
Jammu and Kashmir,Ganderbal,2020,2020 - 2021,Whole Year,All Crops,7852.0,24040.0,3.06,"DES Area, Production & Yield Query Report"
Jammu and Kashmir,Jammu,2014,2014 - 2015,Whole Year,All Crops,65470.0,116969.0,1.79,"DES Area, Production & Yield Query Report"
Jammu and Kashmir,Jammu,2015,2015 - 2016,Whole Year,All Crops,79153.0,135045.0,1.71,"DES Area, Production & Yield Query Report"
Jammu and Kashmir,Jammu,2016,2016 - 2017,Whole Year,All Crops,67551.0,100047.0,1.48,"DES Area, Production & Yield Query Report"
Jammu and Kashmir,Jammu,2017,2017 - 2018,Whole Year,All Crops,64348.0,167348.0,2.6,"DES Area, Production & Yield Query Report"
Jammu and Kashmir,Jammu,2018,2018 - 2019,Whole Year,All Crops,63882.0,145867.0,2.28,"DES Area, Production & Yield Query Report"
Jammu and Kashmir,Jammu,2019,2019 - 2020,Whole Year,All Crops,50684.0,97907.0,1.93,"DES Area, Production & Yield Query Report"
Jammu and Kashmir,Jammu,2020,2020 - 2021,Whole Year,All Crops,58430.0,112660.0,1.93,"DES Area, Production & Yield Query Report"
Jammu and Kashmir,Kathua,2014,2014 - 2015,Whole Year,All Crops,33206.0,51180.0,1.54,"DES Area, Production & Yield Query Report"
Jammu and Kashmir,Kathua,2015,2015 - 2016,Whole Year,All Crops,36137.0,59910.0,1.66,"DES Area, Production & Yield Query Report"
Jammu and Kashmir,Kathua,2016,2016 - 2017,Whole Year,All Crops,35913.0,52687.0,1.47,"DES Area, Production & Yield Query Report"
Jammu and Kashmir,Kathua,2017,2017 - 2018,Whole Year,All Crops,33925.0,85782.0,2.53,"DES Area, Production & Yield Query Report"
Jammu and Kashmir,Kathua,2018,2018 - 2019,Whole Year,All Crops,29962.0,72371.0,2.42,"DES Area, Production & Yield Query Report"
Jammu and Kashmir,Kathua,2019,2019 - 2020,Whole Year,All Crops,34329.0,57943.0,1.69,"DES Area, Production & Yield Query Report"
Jammu and Kashmir,Kathua,2020,2020 - 2021,Whole Year,All Crops,34066.0,67938.0,1.99,"DES Area, Production & Yield Query Report"
Jammu and Kashmir,Kishtwar,2014,2014 - 2015,Whole Year,All Crops,1196.0,144.0,0.12,"DES Area, Production & Yield Query Report"
Jammu and Kashmir,Kishtwar,2015,2015 - 2016,Whole Year,All Crops,1729.0,1517.0,0.88,"DES Area, Production & Yield Query Report"
Jammu and Kashmir,Kishtwar,2016,2016 - 2017,Whole Year,All Crops,1174.0,1705.0,1.45,"DES Area, Production & Yield Query Report"
Jammu and Kashmir,Kishtwar,2017,2017 - 2018,Whole Year,All Crops,1170.0,3441.0,2.94,"DES Area, Production & Yield Query Report"
Jammu and Kashmir,Kishtwar,2018,2018 - 2019,Whole Year,All Crops,1221.0,3512.0,2.88,"DES Area, Production & Yield Query Report"
Jammu and Kashmir,Kishtwar,2019,2019 - 2020,Whole Year,All Crops,1206.0,2173.0,1.8,"DES Area, Production & Yield Query Report"
Jammu and Kashmir,Kishtwar,2020,2020 - 2021,Whole Year,All Crops,1188.0,1453.0,1.22,"DES Area, Production & Yield Query Report"
Jammu and Kashmir,Kulgam,2014,2014 - 2015,Whole Year,All Crops,18344.0,18025.0,0.98,"DES Area, Production & Yield Query Report"
Jammu and Kashmir,Kulgam,2015,2015 - 2016,Whole Year,All Crops,12979.0,25060.0,1.93,"DES Area, Production & Yield Query Report"
Jammu and Kashmir,Kulgam,2016,2016 - 2017,Whole Year,All Crops,12957.0,25897.0,2.0,"DES Area, Production & Yield Query Report"
Jammu and Kashmir,Kulgam,2017,2017 - 2018,Whole Year,All Crops,13315.0,29357.0,2.2,"DES Area, Production & Yield Query Report"
Jammu and Kashmir,Kulgam,2018,2018 - 2019,Whole Year,All Crops,12955.0,43645.0,3.37,"DES Area, Production & Yield Query Report"
Jammu and Kashmir,Kulgam,2019,2019 - 2020,Whole Year,All Crops,12966.0,27350.0,2.11,"DES Area, Production & Yield Query Report"
Jammu and Kashmir,Kulgam,2020,2020 - 2021,Whole Year,All Crops,12976.0,36940.0,2.85,"DES Area, Production & Yield Query Report"
Jammu and Kashmir,Kupwara,2014,2014 - 2015,Whole Year,All Crops,17680.0,18307.0,1.04,"DES Area, Production & Yield Query Report"
Jammu and Kashmir,Kupwara,2015,2015 - 2016,Whole Year,All Crops,17599.0,66244.0,3.76,"DES Area, Production & Yield Query Report"
Jammu and Kashmir,Kupwara,2016,2016 - 2017,Whole Year,All Crops,17403.0,46568.0,2.68,"DES Area, Production & Yield Query Report"
Jammu and Kashmir,Kupwara,2017,2017 - 2018,Whole Year,All Crops,17423.0,40787.0,2.34,"DES Area, Production & Yield Query Report"
Jammu and Kashmir,Kupwara,2018,2018 - 2019,Whole Year,All Crops,17166.0,37171.0,2.17,"DES Area, Production & Yield Query Report"
Jammu and Kashmir,Kupwara,2019,2019 - 2020,Whole Year,All Crops,17505.0,38896.0,2.22,"DES Area, Production & Yield Query Report"
Jammu and Kashmir,Kupwara,2020,2020 - 2021,Whole Year,All Crops,17450.0,32315.0,1.85,"DES Area, Production & Yield Query Report"
Jammu and Kashmir,Poonch,2014,2014 - 2015,Whole Year,All Crops,3349.0,4346.0,1.3,"DES Area, Production & Yield Query Report"
Jammu and Kashmir,Poonch,2015,2015 - 2016,Whole Year,All Crops,3342.0,5007.0,1.5,"DES Area, Production & Yield Query Report"
Jammu and Kashmir,Poonch,2016,2016 - 2017,Whole Year,All Crops,2859.0,4174.0,1.46,"DES Area, Production & Yield Query Report"
Jammu and Kashmir,Poonch,2017,2017 - 2018,Whole Year,All Crops,2828.0,6840.0,2.42,"DES Area, Production & Yield Query Report"
Jammu and Kashmir,Poonch,2018,2018 - 2019,Whole Year,All Crops,2796.0,5664.0,2.03,"DES Area, Production & Yield Query Report"
Jammu and Kashmir,Poonch,2019,2019 - 2020,Whole Year,All Crops,2935.0,5130.0,1.75,"DES Area, Production & Yield Query Report"
Jammu and Kashmir,Poonch,2020,2020 - 2021,Whole Year,All Crops,2905.0,5653.0,1.95,"DES Area, Production & Yield Query Report"
Jammu and Kashmir,Pulwama,2014,2014 - 2015,Whole Year,All Crops,16100.0,6603.0,0.41,"DES Area, Production & Yield Query Report"
Jammu and Kashmir,Pulwama,2015,2015 - 2016,Whole Year,All Crops,12983.0,34130.0,2.63,"DES Area, Production & Yield Query Report"
Jammu and Kashmir,Pulwama,2016,2016 - 2017,Whole Year,All Crops,14237.0,38807.0,2.73,"DES Area, Production & Yield Query Report"
Jammu and Kashmir,Pulwama,2017,2017 - 2018,Whole Year,All Crops,12014.0,20756.0,1.73,"DES Area, Production & Yield Query Report"
Jammu and Kashmir,Pulwama,2018,2018 - 2019,Whole Year,All Crops,12360.0,28103.0,2.27,"DES Area, Production & Yield Query Report"
Jammu and Kashmir,Pulwama,2019,2019 - 2020,Whole Year,All Crops,11889.0,32205.0,2.71,"DES Area, Production & Yield Query Report"
Jammu and Kashmir,Pulwama,2020,2020 - 2021,Whole Year,All Crops,11649.0,27627.0,2.37,"DES Area, Production & Yield Query Report"
Jammu and Kashmir,Rajauri,2014,2014 - 2015,Whole Year,All Crops,5035.0,4059.0,0.81,"DES Area, Production & Yield Query Report"
Jammu and Kashmir,Rajauri,2015,2015 - 2016,Whole Year,All Crops,9135.0,10251.0,1.12,"DES Area, Production & Yield Query Report"
Jammu and Kashmir,Rajauri,2016,2016 - 2017,Whole Year,All Crops,4410.0,4519.0,1.02,"DES Area, Production & Yield Query Report"
Jammu and Kashmir,Rajauri,2017,2017 - 2018,Whole Year,All Crops,4402.0,7674.0,1.74,"DES Area, Production & Yield Query Report"
Jammu and Kashmir,Rajauri,2018,2018 - 2019,Whole Year,All Crops,4812.0,8391.0,1.74,"DES Area, Production & Yield Query Report"
Jammu and Kashmir,Rajauri,2019,2019 - 2020,Whole Year,All Crops,4689.0,5851.0,1.25,"DES Area, Production & Yield Query Report"
Jammu and Kashmir,Rajauri,2020,2020 - 2021,Whole Year,All Crops,4813.0,6460.0,1.34,"DES Area, Production & Yield Query Report"
Jammu and Kashmir,Ramban,2014,2014 - 2015,Whole Year,All Crops,1173.0,546.0,0.47,"DES Area, Production & Yield Query Report"
Jammu and Kashmir,Ramban,2015,2015 - 2016,Whole Year,All Crops,6043.0,9775.0,1.62,"DES Area, Production & Yield Query Report"
Jammu and Kashmir,Ramban,2016,2016 - 2017,Whole Year,All Crops,5280.0,6674.0,1.26,"DES Area, Production & Yield Query Report"
Jammu and Kashmir,Ramban,2017,2017 - 2018,Whole Year,All Crops,1217.0,1117.0,0.92,"DES Area, Production & Yield Query Report"
Jammu and Kashmir,Ramban,2018,2018 - 2019,Whole Year,All Crops,984.0,1350.0,1.37,"DES Area, Production & Yield Query Report"
Jammu and Kashmir,Ramban,2019,2019 - 2020,Whole Year,All Crops,3301.0,2234.0,0.68,"DES Area, Production & Yield Query Report"
Jammu and Kashmir,Ramban,2020,2020 - 2021,Whole Year,All Crops,3302.0,3354.0,1.02,"DES Area, Production & Yield Query Report"
Jammu and Kashmir,Reasi,2014,2014 - 2015,Whole Year,All Crops,4454.0,2851.0,0.64,"DES Area, Production & Yield Query Report"
Jammu and Kashmir,Reasi,2015,2015 - 2016,Whole Year,All Crops,699.0,482.0,0.69,"DES Area, Production & Yield Query Report"
Jammu and Kashmir,Reasi,2016,2016 - 2017,Whole Year,All Crops,1126.0,1510.0,1.34,"DES Area, Production & Yield Query Report"
Jammu and Kashmir,Reasi,2017,2017 - 2018,Whole Year,All Crops,1122.0,1847.0,1.65,"DES Area, Production & Yield Query Report"
Jammu and Kashmir,Reasi,2018,2018 - 2019,Whole Year,All Crops,836.0,1376.0,1.65,"DES Area, Production & Yield Query Report"
Jammu and Kashmir,Reasi,2019,2019 - 2020,Whole Year,All Crops,5824.0,9297.0,1.6,"DES Area, Production & Yield Query Report"
Jammu and Kashmir,Reasi,2020,2020 - 2021,Whole Year,All Crops,964.0,1816.0,1.88,"DES Area, Production & Yield Query Report"
Jammu and Kashmir,Samba,2014,2014 - 2015,Whole Year,All Crops,9123.0,15145.0,1.66,"DES Area, Production & Yield Query Report"
Jammu and Kashmir,Samba,2015,2015 - 2016,Whole Year,All Crops,16994.0,26839.0,1.58,"DES Area, Production & Yield Query Report"
Jammu and Kashmir,Samba,2016,2016 - 2017,Whole Year,All Crops,19328.0,29968.0,1.55,"DES Area, Production & Yield Query Report"
Jammu and Kashmir,Samba,2017,2017 - 2018,Whole Year,All Crops,18905.0,33182.0,1.76,"DES Area, Production & Yield Query Report"
Jammu and Kashmir,Samba,2018,2018 - 2019,Whole Year,All Crops,18968.0,32575.0,1.72,"DES Area, Production & Yield Query Report"
Jammu and Kashmir,Samba,2019,2019 - 2020,Whole Year,All Crops,18881.0,27627.0,1.46,"DES Area, Production & Yield Query Report"
Jammu and Kashmir,Samba,2020,2020 - 2021,Whole Year,All Crops,19153.0,28185.0,1.47,"DES Area, Production & Yield Query Report"
Jammu and Kashmir,Shopian,2015,2015 - 2016,Whole Year,All Crops,348.0,1135.0,3.26,"DES Area, Production & Yield Query Report"
Jammu and Kashmir,Shopian,2016,2016 - 2017,Whole Year,All Crops,307.0,1001.0,3.26,"DES Area, Production & Yield Query Report"
Jammu and Kashmir,Shopian,2017,2017 - 2018,Whole Year,All Crops,307.0,1050.0,3.42,"DES Area, Production & Yield Query Report"
Jammu and Kashmir,Shopian,2018,2018 - 2019,Whole Year,All Crops,307.0,1097.0,3.57,"DES Area, Production & Yield Query Report"
Jammu and Kashmir,Shopian,2019,2019 - 2020,Whole Year,All Crops,246.0,661.0,2.69,"DES Area, Production & Yield Query Report"
Jammu and Kashmir,Shopian,2020,2020 - 2021,Whole Year,All Crops,246.0,629.0,2.56,"DES Area, Production & Yield Query Report"
Jammu and Kashmir,Srinagar,2014,2014 - 2015,Whole Year,All Crops,3977.0,11779.0,2.96,"DES Area, Production & Yield Query Report"
Jammu and Kashmir,Srinagar,2015,2015 - 2016,Whole Year,All Crops,2905.0,7103.0,2.45,"DES Area, Production & Yield Query Report"
Jammu and Kashmir,Srinagar,2016,2016 - 2017,Whole Year,All Crops,2904.0,7647.0,2.63,"DES Area, Production & Yield Query Report"
Jammu and Kashmir,Srinagar,2017,2017 - 2018,Whole Year,All Crops,2902.0,7241.0,2.5,"DES Area, Production & Yield Query Report"
Jammu and Kashmir,Srinagar,2018,2018 - 2019,Whole Year,All Crops,2903.0,7387.0,2.54,"DES Area, Production & Yield Query Report"
Jammu and Kashmir,Srinagar,2019,2019 - 2020,Whole Year,All Crops,2903.0,6651.0,2.29,"DES Area, Production & Yield Query Report"
Jammu and Kashmir,Srinagar,2020,2020 - 2021,Whole Year,All Crops,4099.0,10480.0,2.56,"DES Area, Production & Yield Query Report"
Jammu and Kashmir,Udhampur,2014,2014 - 2015,Whole Year,All Crops,6604.0,6737.0,1.02,"DES Area, Production & Yield Query Report"
Jammu and Kashmir,Udhampur,2015,2015 - 2016,Whole Year,All Crops,6296.0,9341.0,1.48,"DES Area, Production & Yield Query Report"
Jammu and Kashmir,Udhampur,2016,2016 - 2017,Whole Year,All Crops,8325.0,10673.0,1.28,"DES Area, Production & Yield Query Report"
Jammu and Kashmir,Udhampur,2017,2017 - 2018,Whole Year,All Crops,8325.0,14572.0,1.75,"DES Area, Production & Yield Query Report"
Jammu and Kashmir,Udhampur,2018,2018 - 2019,Whole Year,All Crops,6685.0,9663.0,1.45,"DES Area, Production & Yield Query Report"
Jammu and Kashmir,Udhampur,2019,2019 - 2020,Whole Year,All Crops,29743.0,34078.0,1.15,"DES Area, Production & Yield Query Report"
Jammu and Kashmir,Udhampur,2020,2020 - 2021,Whole Year,All Crops,7206.0,9663.0,1.34,"DES Area, Production & Yield Query Report"
Jharkhand,Bokaro,2013,2013 - 2014,Whole Year,All Crops,28468.0,60506.0,2.13,"DES Area, Production & Yield Query Report"
Jharkhand,Bokaro,2014,2014 - 2015,Whole Year,All Crops,28626.0,49069.0,1.71,"DES Area, Production & Yield Query Report"
Jharkhand,Bokaro,2015,2015 - 2016,Whole Year,All Crops,23595.0,15447.0,0.65,"DES Area, Production & Yield Query Report"
Jharkhand,Bokaro,2016,2016 - 2017,Whole Year,All Crops,33194.0,47390.0,1.43,"DES Area, Production & Yield Query Report"
Jharkhand,Bokaro,2017,2017 - 2018,Whole Year,All Crops,33958.0,90554.0,2.67,"DES Area, Production & Yield Query Report"
Jharkhand,Bokaro,2018,2018 - 2019,Whole Year,All Crops,20245.0,20245.0,1.0,"DES Area, Production & Yield Query Report"
Jharkhand,Bokaro,2019,2019 - 2020,Whole Year,All Crops,15926.0,39815.0,2.5,"DES Area, Production & Yield Query Report"
Jharkhand,Bokaro,2020,2020 - 2021,Whole Year,All Crops,33659.0,114441.0,3.4,"DES Area, Production & Yield Query Report"
Jharkhand,Bokaro,2021,2021 - 2022,Whole Year,All Crops,31367.0,103511.0,3.3,"DES Area, Production & Yield Query Report"
Jharkhand,Bokaro,2022,2022 - 2023,Whole Year,All Crops,29534.0,59068.0,2.0,"DES Area, Production & Yield Query Report"
Jharkhand,Chatra,2013,2013 - 2014,Whole Year,All Crops,18204.0,30667.0,1.68,"DES Area, Production & Yield Query Report"
Jharkhand,Chatra,2014,2014 - 2015,Whole Year,All Crops,16047.0,28082.0,1.75,"DES Area, Production & Yield Query Report"
Jharkhand,Chatra,2015,2015 - 2016,Whole Year,All Crops,36080.0,24559.0,0.68,"DES Area, Production & Yield Query Report"
Jharkhand,Chatra,2016,2016 - 2017,Whole Year,All Crops,20492.0,51271.0,2.5,"DES Area, Production & Yield Query Report"
Jharkhand,Chatra,2017,2017 - 2018,Whole Year,All Crops,36170.0,96453.0,2.67,"DES Area, Production & Yield Query Report"
Jharkhand,Chatra,2018,2018 - 2019,Whole Year,All Crops,31698.0,57056.0,1.8,"DES Area, Production & Yield Query Report"
Jharkhand,Chatra,2019,2019 - 2020,Whole Year,All Crops,29523.0,98902.0,3.35,"DES Area, Production & Yield Query Report"
Jharkhand,Chatra,2020,2020 - 2021,Whole Year,All Crops,35990.0,120567.0,3.35,"DES Area, Production & Yield Query Report"
Jharkhand,Chatra,2021,2021 - 2022,Whole Year,All Crops,36408.0,121967.0,3.35,"DES Area, Production & Yield Query Report"
Jharkhand,Chatra,2022,2022 - 2023,Whole Year,All Crops,11366.0,36884.0,3.25,"DES Area, Production & Yield Query Report"
Jharkhand,Deoghar,2013,2013 - 2014,Whole Year,All Crops,31560.0,37907.0,1.2,"DES Area, Production & Yield Query Report"
Jharkhand,Deoghar,2014,2014 - 2015,Whole Year,All Crops,36036.0,44931.0,1.25,"DES Area, Production & Yield Query Report"
Jharkhand,Deoghar,2015,2015 - 2016,Whole Year,All Crops,31936.0,27613.0,0.86,"DES Area, Production & Yield Query Report"
Jharkhand,Deoghar,2016,2016 - 2017,Whole Year,All Crops,36964.0,92537.0,2.5,"DES Area, Production & Yield Query Report"
Jharkhand,Deoghar,2017,2017 - 2018,Whole Year,All Crops,51076.0,139608.0,2.73,"DES Area, Production & Yield Query Report"
Jharkhand,Deoghar,2018,2018 - 2019,Whole Year,All Crops,34744.0,61184.0,1.76,"DES Area, Production & Yield Query Report"
Jharkhand,Deoghar,2019,2019 - 2020,Whole Year,All Crops,33522.0,125708.0,3.75,"DES Area, Production & Yield Query Report"
Jharkhand,Deoghar,2020,2020 - 2021,Whole Year,All Crops,51103.0,191636.0,3.75,"DES Area, Production & Yield Query Report"
Jharkhand,Deoghar,2021,2021 - 2022,Whole Year,All Crops,51274.0,199969.0,3.9,"DES Area, Production & Yield Query Report"
Jharkhand,Deoghar,2022,2022 - 2023,Whole Year,All Crops,44418.0,173230.0,3.9,"DES Area, Production & Yield Query Report"
Jharkhand,Dhanbad,2013,2013 - 2014,Whole Year,All Crops,12702.0,19849.0,1.56,"DES Area, Production & Yield Query Report"
Jharkhand,Dhanbad,2014,2014 - 2015,Whole Year,All Crops,11404.0,19098.0,1.67,"DES Area, Production & Yield Query Report"
Jharkhand,Dhanbad,2015,2015 - 2016,Whole Year,All Crops,7358.0,5484.0,0.75,"DES Area, Production & Yield Query Report"
Jharkhand,Dhanbad,2016,2016 - 2017,Whole Year,All Crops,9374.0,16242.0,1.73,"DES Area, Production & Yield Query Report"
Jharkhand,Dhanbad,2017,2017 - 2018,Whole Year,All Crops,42070.0,83580.0,1.99,"DES Area, Production & Yield Query Report"
Jharkhand,Dhanbad,2018,2018 - 2019,Whole Year,All Crops,35495.0,35282.0,0.99,"DES Area, Production & Yield Query Report"
Jharkhand,Dhanbad,2019,2019 - 2020,Whole Year,All Crops,31781.0,90131.0,2.84,"DES Area, Production & Yield Query Report"
Jharkhand,Dhanbad,2020,2020 - 2021,Whole Year,All Crops,42154.0,111287.0,2.64,"DES Area, Production & Yield Query Report"
Jharkhand,Dhanbad,2021,2021 - 2022,Whole Year,All Crops,42155.0,115926.0,2.75,"DES Area, Production & Yield Query Report"
Jharkhand,Dhanbad,2022,2022 - 2023,Whole Year,All Crops,9591.0,22710.0,2.37,"DES Area, Production & Yield Query Report"
Jharkhand,Dumka,2013,2013 - 2014,Whole Year,All Crops,63749.0,87469.0,1.37,"DES Area, Production & Yield Query Report"
Jharkhand,Dumka,2014,2014 - 2015,Whole Year,All Crops,64490.0,82324.0,1.28,"DES Area, Production & Yield Query Report"
Jharkhand,Dumka,2015,2015 - 2016,Whole Year,All Crops,59402.0,28378.0,0.48,"DES Area, Production & Yield Query Report"
Jharkhand,Dumka,2016,2016 - 2017,Whole Year,All Crops,62249.0,174759.0,2.81,"DES Area, Production & Yield Query Report"
Jharkhand,Dumka,2017,2017 - 2018,Whole Year,All Crops,109874.0,230730.0,2.1,"DES Area, Production & Yield Query Report"
Jharkhand,Dumka,2018,2018 - 2019,Whole Year,All Crops,98124.0,213420.0,2.18,"DES Area, Production & Yield Query Report"
Jharkhand,Dumka,2019,2019 - 2020,Whole Year,All Crops,93715.0,270836.0,2.89,"DES Area, Production & Yield Query Report"
Jharkhand,Dumka,2020,2020 - 2021,Whole Year,All Crops,107287.0,284311.0,2.65,"DES Area, Production & Yield Query Report"
Jharkhand,Dumka,2021,2021 - 2022,Whole Year,All Crops,112593.0,225186.0,2.0,"DES Area, Production & Yield Query Report"
Jharkhand,Dumka,2022,2022 - 2023,Whole Year,All Crops,16500.0,35810.0,2.17,"DES Area, Production & Yield Query Report"
Jharkhand,East singhbum,2013,2013 - 2014,Whole Year,All Crops,74346.0,131735.0,1.77,"DES Area, Production & Yield Query Report"
Jharkhand,East singhbum,2014,2014 - 2015,Whole Year,All Crops,75686.0,144271.0,1.91,"DES Area, Production & Yield Query Report"
Jharkhand,East singhbum,2015,2015 - 2016,Whole Year,All Crops,88780.0,95894.0,1.08,"DES Area, Production & Yield Query Report"
Jharkhand,East singhbum,2016,2016 - 2017,Whole Year,All Crops,57127.0,82039.0,1.44,"DES Area, Production & Yield Query Report"
Jharkhand,East singhbum,2017,2017 - 2018,Whole Year,All Crops,107800.0,220560.0,2.05,"DES Area, Production & Yield Query Report"
Jharkhand,East singhbum,2018,2018 - 2019,Whole Year,All Crops,101200.0,277288.0,2.74,"DES Area, Production & Yield Query Report"
Jharkhand,East singhbum,2019,2019 - 2020,Whole Year,All Crops,78100.0,249920.0,3.2,"DES Area, Production & Yield Query Report"
Jharkhand,East singhbum,2020,2020 - 2021,Whole Year,All Crops,101200.0,364320.0,3.6,"DES Area, Production & Yield Query Report"
Jharkhand,East singhbum,2021,2021 - 2022,Whole Year,All Crops,108075.0,378263.0,3.5,"DES Area, Production & Yield Query Report"
Jharkhand,East singhbum,2022,2022 - 2023,Whole Year,All Crops,156091.0,475927.0,3.05,"DES Area, Production & Yield Query Report"
Jharkhand,Garhwa,2013,2013 - 2014,Whole Year,All Crops,19416.0,20991.0,1.08,"DES Area, Production & Yield Query Report"
Jharkhand,Garhwa,2014,2014 - 2015,Whole Year,All Crops,10567.0,10752.0,1.02,"DES Area, Production & Yield Query Report"
Jharkhand,Garhwa,2015,2015 - 2016,Whole Year,All Crops,23686.0,11752.0,0.5,"DES Area, Production & Yield Query Report"
Jharkhand,Garhwa,2016,2016 - 2017,Whole Year,All Crops,28654.0,64174.0,2.24,"DES Area, Production & Yield Query Report"
Jharkhand,Garhwa,2017,2017 - 2018,Whole Year,All Crops,50969.0,103630.0,2.03,"DES Area, Production & Yield Query Report"
Jharkhand,Garhwa,2018,2018 - 2019,Whole Year,All Crops,43746.0,68900.0,1.58,"DES Area, Production & Yield Query Report"
Jharkhand,Garhwa,2019,2019 - 2020,Whole Year,All Crops,40260.0,106689.0,2.65,"DES Area, Production & Yield Query Report"
Jharkhand,Garhwa,2020,2020 - 2021,Whole Year,All Crops,50985.0,149386.0,2.93,"DES Area, Production & Yield Query Report"
Jharkhand,Garhwa,2021,2021 - 2022,Whole Year,All Crops,52330.0,153327.0,2.93,"DES Area, Production & Yield Query Report"
Jharkhand,Garhwa,2022,2022 - 2023,Whole Year,All Crops,22748.0,39986.0,1.76,"DES Area, Production & Yield Query Report"
Jharkhand,Giridih,2013,2013 - 2014,Whole Year,All Crops,79708.0,128608.0,1.61,"DES Area, Production & Yield Query Report"
Jharkhand,Giridih,2014,2014 - 2015,Whole Year,All Crops,35394.0,59607.0,1.68,"DES Area, Production & Yield Query Report"
Jharkhand,Giridih,2015,2015 - 2016,Whole Year,All Crops,45621.0,36823.0,0.81,"DES Area, Production & Yield Query Report"
Jharkhand,Giridih,2016,2016 - 2017,Whole Year,All Crops,73760.0,144221.0,1.96,"DES Area, Production & Yield Query Report"
Jharkhand,Giridih,2017,2017 - 2018,Whole Year,All Crops,78016.0,158630.0,2.03,"DES Area, Production & Yield Query Report"
Jharkhand,Giridih,2018,2018 - 2019,Whole Year,All Crops,79415.0,113166.0,1.42,"DES Area, Production & Yield Query Report"
Jharkhand,Giridih,2019,2019 - 2020,Whole Year,All Crops,62784.0,210075.0,3.35,"DES Area, Production & Yield Query Report"
Jharkhand,Giridih,2020,2020 - 2021,Whole Year,All Crops,88067.0,324263.0,3.68,"DES Area, Production & Yield Query Report"
Jharkhand,Giridih,2021,2021 - 2022,Whole Year,All Crops,86798.0,333478.0,3.84,"DES Area, Production & Yield Query Report"
Jharkhand,Giridih,2022,2022 - 2023,Whole Year,All Crops,55839.0,197378.0,3.53,"DES Area, Production & Yield Query Report"
Jharkhand,Godda,2013,2013 - 2014,Whole Year,All Crops,28301.0,29128.0,1.03,"DES Area, Production & Yield Query Report"
Jharkhand,Godda,2014,2014 - 2015,Whole Year,All Crops,30789.0,43209.0,1.4,"DES Area, Production & Yield Query Report"
Jharkhand,Godda,2015,2015 - 2016,Whole Year,All Crops,34303.0,11261.0,0.33,"DES Area, Production & Yield Query Report"
Jharkhand,Godda,2016,2016 - 2017,Whole Year,All Crops,39007.0,54775.0,1.4,"DES Area, Production & Yield Query Report"
Jharkhand,Godda,2017,2017 - 2018,Whole Year,All Crops,46550.0,100850.0,2.17,"DES Area, Production & Yield Query Report"
Jharkhand,Godda,2018,2018 - 2019,Whole Year,All Crops,40778.0,54683.0,1.34,"DES Area, Production & Yield Query Report"
Jharkhand,Godda,2019,2019 - 2020,Whole Year,All Crops,23212.0,30872.0,1.33,"DES Area, Production & Yield Query Report"
Jharkhand,Godda,2020,2020 - 2021,Whole Year,All Crops,50027.0,67536.0,1.35,"DES Area, Production & Yield Query Report"
Jharkhand,Godda,2021,2021 - 2022,Whole Year,All Crops,54356.0,168504.0,3.1,"DES Area, Production & Yield Query Report"
Jharkhand,Godda,2022,2022 - 2023,Whole Year,All Crops,53576.0,169054.0,3.16,"DES Area, Production & Yield Query Report"
Jharkhand,Gumla,2013,2013 - 2014,Whole Year,All Crops,83745.0,90591.0,1.08,"DES Area, Production & Yield Query Report"
Jharkhand,Gumla,2014,2014 - 2015,Whole Year,All Crops,81368.0,87048.0,1.07,"DES Area, Production & Yield Query Report"
Jharkhand,Gumla,2015,2015 - 2016,Whole Year,All Crops,94439.0,61643.0,0.65,"DES Area, Production & Yield Query Report"
Jharkhand,Gumla,2016,2016 - 2017,Whole Year,All Crops,213004.0,410443.0,1.93,"DES Area, Production & Yield Query Report"
Jharkhand,Gumla,2017,2017 - 2018,Whole Year,All Crops,181782.0,340780.0,1.87,"DES Area, Production & Yield Query Report"
Jharkhand,Gumla,2018,2018 - 2019,Whole Year,All Crops,175832.0,289068.0,1.64,"DES Area, Production & Yield Query Report"
Jharkhand,Gumla,2019,2019 - 2020,Whole Year,All Crops,169301.0,398196.0,2.35,"DES Area, Production & Yield Query Report"
Jharkhand,Gumla,2020,2020 - 2021,Whole Year,All Crops,184704.0,624854.0,3.38,"DES Area, Production & Yield Query Report"
Jharkhand,Gumla,2021,2021 - 2022,Whole Year,All Crops,187200.0,620194.0,3.31,"DES Area, Production & Yield Query Report"
Jharkhand,Gumla,2022,2022 - 2023,Whole Year,All Crops,285121.0,721356.0,2.53,"DES Area, Production & Yield Query Report"
Jharkhand,Hazaribagh,2013,2013 - 2014,Whole Year,All Crops,26657.0,40763.0,1.53,"DES Area, Production & Yield Query Report"
Jharkhand,Hazaribagh,2014,2014 - 2015,Whole Year,All Crops,31092.0,52332.0,1.68,"DES Area, Production & Yield Query Report"
Jharkhand,Hazaribagh,2015,2015 - 2016,Whole Year,All Crops,39638.0,37841.0,0.95,"DES Area, Production & Yield Query Report"
Jharkhand,Hazaribagh,2016,2016 - 2017,Whole Year,All Crops,38083.0,85517.0,2.25,"DES Area, Production & Yield Query Report"
Jharkhand,Hazaribagh,2017,2017 - 2018,Whole Year,All Crops,80976.0,137119.0,1.69,"DES Area, Production & Yield Query Report"
Jharkhand,Hazaribagh,2018,2018 - 2019,Whole Year,All Crops,54198.0,137663.0,2.54,"DES Area, Production & Yield Query Report"
Jharkhand,Hazaribagh,2019,2019 - 2020,Whole Year,All Crops,45047.0,113969.0,2.53,"DES Area, Production & Yield Query Report"
Jharkhand,Hazaribagh,2020,2020 - 2021,Whole Year,All Crops,82488.0,217768.0,2.64,"DES Area, Production & Yield Query Report"
Jharkhand,Hazaribagh,2021,2021 - 2022,Whole Year,All Crops,83076.0,231782.0,2.79,"DES Area, Production & Yield Query Report"
Jharkhand,Hazaribagh,2022,2022 - 2023,Whole Year,All Crops,50464.0,67282.0,1.33,"DES Area, Production & Yield Query Report"
Jharkhand,Jamtara,2013,2013 - 2014,Whole Year,All Crops,37608.0,35497.0,0.94,"DES Area, Production & Yield Query Report"
Jharkhand,Jamtara,2014,2014 - 2015,Whole Year,All Crops,37783.0,41755.0,1.11,"DES Area, Production & Yield Query Report"
Jharkhand,Jamtara,2015,2015 - 2016,Whole Year,All Crops,48984.0,20805.0,0.42,"DES Area, Production & Yield Query Report"
Jharkhand,Jamtara,2016,2016 - 2017,Whole Year,All Crops,54830.0,132798.0,2.42,"DES Area, Production & Yield Query Report"
Jharkhand,Jamtara,2017,2017 - 2018,Whole Year,All Crops,49320.0,82200.0,1.67,"DES Area, Production & Yield Query Report"
Jharkhand,Jamtara,2018,2018 - 2019,Whole Year,All Crops,36470.0,65646.0,1.8,"DES Area, Production & Yield Query Report"
Jharkhand,Jamtara,2019,2019 - 2020,Whole Year,All Crops,36126.0,99166.0,2.75,"DES Area, Production & Yield Query Report"
Jharkhand,Jamtara,2020,2020 - 2021,Whole Year,All Crops,52000.0,145600.0,2.8,"DES Area, Production & Yield Query Report"
Jharkhand,Jamtara,2021,2021 - 2022,Whole Year,All Crops,52000.0,153764.0,2.96,"DES Area, Production & Yield Query Report"
Jharkhand,Jamtara,2022,2022 - 2023,Whole Year,All Crops,25237.0,31185.0,1.24,"DES Area, Production & Yield Query Report"
Jharkhand,Khunti,2013,2013 - 2014,Whole Year,All Crops,62635.0,96201.0,1.54,"DES Area, Production & Yield Query Report"
Jharkhand,Khunti,2014,2014 - 2015,Whole Year,All Crops,58792.0,79417.0,1.35,"DES Area, Production & Yield Query Report"
Jharkhand,Khunti,2015,2015 - 2016,Whole Year,All Crops,64186.0,36369.0,0.57,"DES Area, Production & Yield Query Report"
Jharkhand,Khunti,2016,2016 - 2017,Whole Year,All Crops,55407.0,110014.0,1.99,"DES Area, Production & Yield Query Report"
Jharkhand,Khunti,2017,2017 - 2018,Whole Year,All Crops,76000.0,111460.0,1.47,"DES Area, Production & Yield Query Report"
Jharkhand,Khunti,2018,2018 - 2019,Whole Year,All Crops,58098.0,58214.0,1.0,"DES Area, Production & Yield Query Report"
Jharkhand,Khunti,2019,2019 - 2020,Whole Year,All Crops,61798.0,173034.0,2.8,"DES Area, Production & Yield Query Report"
Jharkhand,Khunti,2020,2020 - 2021,Whole Year,All Crops,75988.0,259043.0,3.41,"DES Area, Production & Yield Query Report"
Jharkhand,Khunti,2021,2021 - 2022,Whole Year,All Crops,65189.0,297783.0,4.57,"DES Area, Production & Yield Query Report"
Jharkhand,Khunti,2022,2022 - 2023,Whole Year,All Crops,126555.0,293834.0,2.32,"DES Area, Production & Yield Query Report"
Jharkhand,Koderma,2013,2013 - 2014,Whole Year,All Crops,18345.0,25861.0,1.41,"DES Area, Production & Yield Query Report"
Jharkhand,Koderma,2014,2014 - 2015,Whole Year,All Crops,6470.0,7737.0,1.2,"DES Area, Production & Yield Query Report"
Jharkhand,Koderma,2015,2015 - 2016,Whole Year,All Crops,7211.0,4311.0,0.6,"DES Area, Production & Yield Query Report"
Jharkhand,Koderma,2016,2016 - 2017,Whole Year,All Crops,9139.0,17597.0,1.93,"DES Area, Production & Yield Query Report"
Jharkhand,Koderma,2017,2017 - 2018,Whole Year,All Crops,15744.0,26240.0,1.67,"DES Area, Production & Yield Query Report"
Jharkhand,Koderma,2018,2018 - 2019,Whole Year,All Crops,10786.0,19415.0,1.8,"DES Area, Production & Yield Query Report"
Jharkhand,Koderma,2019,2019 - 2020,Whole Year,All Crops,12288.0,30720.0,2.5,"DES Area, Production & Yield Query Report"
Jharkhand,Koderma,2020,2020 - 2021,Whole Year,All Crops,16682.0,41705.0,2.5,"DES Area, Production & Yield Query Report"
Jharkhand,Koderma,2021,2021 - 2022,Whole Year,All Crops,16490.0,42874.0,2.6,"DES Area, Production & Yield Query Report"
Jharkhand,Koderma,2022,2022 - 2023,Whole Year,All Crops,19916.0,51781.0,2.6,"DES Area, Production & Yield Query Report"
Jharkhand,Latehar,2013,2013 - 2014,Whole Year,All Crops,21086.0,17989.0,0.85,"DES Area, Production & Yield Query Report"
Jharkhand,Latehar,2014,2014 - 2015,Whole Year,All Crops,20708.0,13036.0,0.63,"DES Area, Production & Yield Query Report"
Jharkhand,Latehar,2015,2015 - 2016,Whole Year,All Crops,21570.0,8101.0,0.38,"DES Area, Production & Yield Query Report"
Jharkhand,Latehar,2016,2016 - 2017,Whole Year,All Crops,21515.0,42965.0,2.0,"DES Area, Production & Yield Query Report"
Jharkhand,Latehar,2017,2017 - 2018,Whole Year,All Crops,24470.0,58728.0,2.4,"DES Area, Production & Yield Query Report"
Jharkhand,Latehar,2018,2018 - 2019,Whole Year,All Crops,28677.0,83163.0,2.9,"DES Area, Production & Yield Query Report"
Jharkhand,Latehar,2019,2019 - 2020,Whole Year,All Crops,23280.0,52962.0,2.28,"DES Area, Production & Yield Query Report"
Jharkhand,Latehar,2020,2020 - 2021,Whole Year,All Crops,29435.0,66935.0,2.27,"DES Area, Production & Yield Query Report"
Jharkhand,Latehar,2021,2021 - 2022,Whole Year,All Crops,29739.0,66913.0,2.25,"DES Area, Production & Yield Query Report"
Jharkhand,Latehar,2022,2022 - 2023,Whole Year,All Crops,20373.0,35788.0,1.76,"DES Area, Production & Yield Query Report"
Jharkhand,Lohardaga,2013,2013 - 2014,Whole Year,All Crops,28062.0,39261.0,1.4,"DES Area, Production & Yield Query Report"
Jharkhand,Lohardaga,2014,2014 - 2015,Whole Year,All Crops,22831.0,31756.0,1.39,"DES Area, Production & Yield Query Report"
Jharkhand,Lohardaga,2015,2015 - 2016,Whole Year,All Crops,25064.0,18133.0,0.72,"DES Area, Production & Yield Query Report"
Jharkhand,Lohardaga,2016,2016 - 2017,Whole Year,All Crops,29283.0,89025.0,3.04,"DES Area, Production & Yield Query Report"
Jharkhand,Lohardaga,2017,2017 - 2018,Whole Year,All Crops,45230.0,98360.0,2.17,"DES Area, Production & Yield Query Report"
Jharkhand,Lohardaga,2018,2018 - 2019,Whole Year,All Crops,44764.0,100719.0,2.25,"DES Area, Production & Yield Query Report"
Jharkhand,Lohardaga,2019,2019 - 2020,Whole Year,All Crops,40050.0,121231.0,3.03,"DES Area, Production & Yield Query Report"
Jharkhand,Lohardaga,2020,2020 - 2021,Whole Year,All Crops,45160.0,145099.0,3.21,"DES Area, Production & Yield Query Report"
Jharkhand,Lohardaga,2021,2021 - 2022,Whole Year,All Crops,44290.0,145714.0,3.29,"DES Area, Production & Yield Query Report"
Jharkhand,Lohardaga,2022,2022 - 2023,Whole Year,All Crops,62228.0,160237.0,2.57,"DES Area, Production & Yield Query Report"
Jharkhand,Pakur,2013,2013 - 2014,Whole Year,All Crops,27104.0,36003.0,1.33,"DES Area, Production & Yield Query Report"
Jharkhand,Pakur,2014,2014 - 2015,Whole Year,All Crops,32004.0,50092.0,1.57,"DES Area, Production & Yield Query Report"
Jharkhand,Pakur,2015,2015 - 2016,Whole Year,All Crops,36012.0,47161.0,1.31,"DES Area, Production & Yield Query Report"
Jharkhand,Pakur,2016,2016 - 2017,Whole Year,All Crops,41534.0,115703.0,2.79,"DES Area, Production & Yield Query Report"
Jharkhand,Pakur,2017,2017 - 2018,Whole Year,All Crops,50076.0,93470.0,1.87,"DES Area, Production & Yield Query Report"
Jharkhand,Pakur,2018,2018 - 2019,Whole Year,All Crops,39799.0,42306.0,1.06,"DES Area, Production & Yield Query Report"
Jharkhand,Pakur,2019,2019 - 2020,Whole Year,All Crops,44786.0,89572.0,2.0,"DES Area, Production & Yield Query Report"
Jharkhand,Pakur,2020,2020 - 2021,Whole Year,All Crops,48905.0,97810.0,2.0,"DES Area, Production & Yield Query Report"
Jharkhand,Pakur,2021,2021 - 2022,Whole Year,All Crops,48408.0,97010.0,2.0,"DES Area, Production & Yield Query Report"
Jharkhand,Pakur,2022,2022 - 2023,Whole Year,All Crops,41807.0,77412.0,1.85,"DES Area, Production & Yield Query Report"
Jharkhand,Palamu,2013,2013 - 2014,Whole Year,All Crops,17881.0,19012.0,1.06,"DES Area, Production & Yield Query Report"
Jharkhand,Palamu,2014,2014 - 2015,Whole Year,All Crops,12539.0,8867.0,0.71,"DES Area, Production & Yield Query Report"
Jharkhand,Palamu,2015,2015 - 2016,Whole Year,All Crops,42175.0,26069.0,0.62,"DES Area, Production & Yield Query Report"
Jharkhand,Palamu,2016,2016 - 2017,Whole Year,All Crops,49758.0,103117.0,2.07,"DES Area, Production & Yield Query Report"
Jharkhand,Palamu,2017,2017 - 2018,Whole Year,All Crops,46451.0,90920.0,1.96,"DES Area, Production & Yield Query Report"
Jharkhand,Palamu,2018,2018 - 2019,Whole Year,All Crops,41911.0,57837.0,1.38,"DES Area, Production & Yield Query Report"
Jharkhand,Palamu,2019,2019 - 2020,Whole Year,All Crops,30935.0,76193.0,2.46,"DES Area, Production & Yield Query Report"
Jharkhand,Palamu,2020,2020 - 2021,Whole Year,All Crops,54714.0,145758.0,2.66,"DES Area, Production & Yield Query Report"
Jharkhand,Palamu,2021,2021 - 2022,Whole Year,All Crops,50123.0,132525.0,2.64,"DES Area, Production & Yield Query Report"
Jharkhand,Palamu,2022,2022 - 2023,Whole Year,All Crops,7703.0,16044.0,2.08,"DES Area, Production & Yield Query Report"
Jharkhand,Ramgarh,2013,2013 - 2014,Whole Year,All Crops,7340.0,10703.0,1.46,"DES Area, Production & Yield Query Report"
Jharkhand,Ramgarh,2014,2014 - 2015,Whole Year,All Crops,8494.0,12766.0,1.5,"DES Area, Production & Yield Query Report"
Jharkhand,Ramgarh,2015,2015 - 2016,Whole Year,All Crops,38087.0,14089.0,0.37,"DES Area, Production & Yield Query Report"
Jharkhand,Ramgarh,2016,2016 - 2017,Whole Year,All Crops,18392.0,58450.0,3.18,"DES Area, Production & Yield Query Report"
Jharkhand,Ramgarh,2017,2017 - 2018,Whole Year,All Crops,32360.0,54580.0,1.69,"DES Area, Production & Yield Query Report"
Jharkhand,Ramgarh,2018,2018 - 2019,Whole Year,All Crops,27626.0,69894.0,2.53,"DES Area, Production & Yield Query Report"
Jharkhand,Ramgarh,2019,2019 - 2020,Whole Year,All Crops,24941.0,63101.0,2.53,"DES Area, Production & Yield Query Report"
Jharkhand,Ramgarh,2020,2020 - 2021,Whole Year,All Crops,34125.0,86336.0,2.53,"DES Area, Production & Yield Query Report"
Jharkhand,Ramgarh,2021,2021 - 2022,Whole Year,All Crops,34755.0,91753.0,2.64,"DES Area, Production & Yield Query Report"
Jharkhand,Ramgarh,2022,2022 - 2023,Whole Year,All Crops,44947.0,103409.0,2.3,"DES Area, Production & Yield Query Report"
Jharkhand,Ranchi,2013,2013 - 2014,Whole Year,All Crops,105595.0,164716.0,1.56,"DES Area, Production & Yield Query Report"
Jharkhand,Ranchi,2014,2014 - 2015,Whole Year,All Crops,87260.0,151698.0,1.74,"DES Area, Production & Yield Query Report"
Jharkhand,Ranchi,2015,2015 - 2016,Whole Year,All Crops,102135.0,53679.0,0.53,"DES Area, Production & Yield Query Report"
Jharkhand,Ranchi,2016,2016 - 2017,Whole Year,All Crops,190961.0,464850.0,2.43,"DES Area, Production & Yield Query Report"
Jharkhand,Ranchi,2017,2017 - 2018,Whole Year,All Crops,168179.0,403629.0,2.4,"DES Area, Production & Yield Query Report"
Jharkhand,Ranchi,2018,2018 - 2019,Whole Year,All Crops,143084.0,343402.0,2.4,"DES Area, Production & Yield Query Report"
Jharkhand,Ranchi,2019,2019 - 2020,Whole Year,All Crops,125475.0,406790.0,3.24,"DES Area, Production & Yield Query Report"
Jharkhand,Ranchi,2020,2020 - 2021,Whole Year,All Crops,171000.0,581400.0,3.4,"DES Area, Production & Yield Query Report"
Jharkhand,Ranchi,2021,2021 - 2022,Whole Year,All Crops,171000.0,649800.0,3.8,"DES Area, Production & Yield Query Report"
Jharkhand,Ranchi,2022,2022 - 2023,Whole Year,All Crops,198007.0,436985.0,2.21,"DES Area, Production & Yield Query Report"
Jharkhand,Sahebganj,2013,2013 - 2014,Whole Year,All Crops,28921.0,34461.0,1.19,"DES Area, Production & Yield Query Report"
Jharkhand,Sahebganj,2014,2014 - 2015,Whole Year,All Crops,33568.0,39163.0,1.17,"DES Area, Production & Yield Query Report"
Jharkhand,Sahebganj,2015,2015 - 2016,Whole Year,All Crops,33557.0,30979.0,0.92,"DES Area, Production & Yield Query Report"
Jharkhand,Sahebganj,2016,2016 - 2017,Whole Year,All Crops,30685.0,58992.0,1.92,"DES Area, Production & Yield Query Report"
Jharkhand,Sahebganj,2017,2017 - 2018,Whole Year,All Crops,44100.0,79490.0,1.8,"DES Area, Production & Yield Query Report"
Jharkhand,Sahebganj,2018,2018 - 2019,Whole Year,All Crops,44110.0,30789.0,0.7,"DES Area, Production & Yield Query Report"
Jharkhand,Sahebganj,2019,2019 - 2020,Whole Year,All Crops,43530.0,135378.0,3.11,"DES Area, Production & Yield Query Report"
Jharkhand,Sahebganj,2020,2020 - 2021,Whole Year,All Crops,46794.0,147167.0,3.14,"DES Area, Production & Yield Query Report"
Jharkhand,Sahebganj,2021,2021 - 2022,Whole Year,All Crops,48678.0,158204.0,3.25,"DES Area, Production & Yield Query Report"
Jharkhand,Sahebganj,2022,2022 - 2023,Whole Year,All Crops,49588.0,139238.0,2.81,"DES Area, Production & Yield Query Report"
Jharkhand,Saraikela kharsawan,2013,2013 - 2014,Whole Year,All Crops,68373.0,91597.0,1.34,"DES Area, Production & Yield Query Report"
Jharkhand,Saraikela kharsawan,2014,2014 - 2015,Whole Year,All Crops,66721.0,106809.0,1.6,"DES Area, Production & Yield Query Report"
Jharkhand,Saraikela kharsawan,2015,2015 - 2016,Whole Year,All Crops,55654.0,24324.0,0.44,"DES Area, Production & Yield Query Report"
Jharkhand,Saraikela kharsawan,2016,2016 - 2017,Whole Year,All Crops,55735.0,100518.0,1.8,"DES Area, Production & Yield Query Report"
Jharkhand,Saraikela kharsawan,2017,2017 - 2018,Whole Year,All Crops,97807.0,208654.0,2.13,"DES Area, Production & Yield Query Report"
Jharkhand,Saraikela kharsawan,2018,2018 - 2019,Whole Year,All Crops,77830.0,179009.0,2.3,"DES Area, Production & Yield Query Report"
Jharkhand,Saraikela kharsawan,2019,2019 - 2020,Whole Year,All Crops,55120.0,90397.0,1.64,"DES Area, Production & Yield Query Report"
Jharkhand,Saraikela kharsawan,2020,2020 - 2021,Whole Year,All Crops,90115.0,256828.0,2.85,"DES Area, Production & Yield Query Report"
Jharkhand,Saraikela kharsawan,2021,2021 - 2022,Whole Year,All Crops,97513.0,273036.0,2.8,"DES Area, Production & Yield Query Report"
Jharkhand,Saraikela kharsawan,2022,2022 - 2023,Whole Year,All Crops,128558.0,314967.0,2.45,"DES Area, Production & Yield Query Report"
Jharkhand,Simdega,2013,2013 - 2014,Whole Year,All Crops,73000.0,85672.0,1.17,"DES Area, Production & Yield Query Report"
Jharkhand,Simdega,2014,2014 - 2015,Whole Year,All Crops,66410.0,88955.0,1.34,"DES Area, Production & Yield Query Report"
Jharkhand,Simdega,2015,2015 - 2016,Whole Year,All Crops,84232.0,65277.0,0.77,"DES Area, Production & Yield Query Report"
Jharkhand,Simdega,2016,2016 - 2017,Whole Year,All Crops,61723.0,121176.0,1.96,"DES Area, Production & Yield Query Report"
Jharkhand,Simdega,2017,2017 - 2018,Whole Year,All Crops,85134.0,170268.0,2.0,"DES Area, Production & Yield Query Report"
Jharkhand,Simdega,2018,2018 - 2019,Whole Year,All Crops,83259.0,249777.0,3.0,"DES Area, Production & Yield Query Report"
Jharkhand,Simdega,2019,2019 - 2020,Whole Year,All Crops,80772.0,230200.0,2.85,"DES Area, Production & Yield Query Report"
Jharkhand,Simdega,2020,2020 - 2021,Whole Year,All Crops,85119.0,255357.0,3.0,"DES Area, Production & Yield Query Report"
Jharkhand,Simdega,2021,2021 - 2022,Whole Year,All Crops,85048.0,246639.0,2.9,"DES Area, Production & Yield Query Report"
Jharkhand,Simdega,2022,2022 - 2023,Whole Year,All Crops,142263.0,323762.0,2.28,"DES Area, Production & Yield Query Report"
Jharkhand,West singhbhum,2013,2013 - 2014,Whole Year,All Crops,124335.0,163132.0,1.31,"DES Area, Production & Yield Query Report"
Jharkhand,West singhbhum,2014,2014 - 2015,Whole Year,All Crops,113923.0,140009.0,1.23,"DES Area, Production & Yield Query Report"
Jharkhand,West singhbhum,2015,2015 - 2016,Whole Year,All Crops,118784.0,56251.0,0.47,"DES Area, Production & Yield Query Report"
Jharkhand,West singhbhum,2016,2016 - 2017,Whole Year,All Crops,111188.0,136454.0,1.23,"DES Area, Production & Yield Query Report"
Jharkhand,West singhbhum,2017,2017 - 2018,Whole Year,All Crops,181299.0,240760.0,1.33,"DES Area, Production & Yield Query Report"
Jharkhand,West singhbhum,2018,2018 - 2019,Whole Year,All Crops,175214.0,265975.0,1.52,"DES Area, Production & Yield Query Report"
Jharkhand,West singhbhum,2019,2019 - 2020,Whole Year,All Crops,155454.0,308732.0,1.99,"DES Area, Production & Yield Query Report"
Jharkhand,West singhbhum,2020,2020 - 2021,Whole Year,All Crops,172904.0,323676.0,1.87,"DES Area, Production & Yield Query Report"
Jharkhand,West singhbhum,2021,2021 - 2022,Whole Year,All Crops,174683.0,357052.0,2.04,"DES Area, Production & Yield Query Report"
Jharkhand,West singhbhum,2022,2022 - 2023,Whole Year,All Crops,276258.0,501348.0,1.81,"DES Area, Production & Yield Query Report"
Karnataka,Bagalkot,2013,2013 - 2014,Whole Year,All Crops,54.0,160.0,2.96,"DES Area, Production & Yield Query Report"
Karnataka,Bagalkot,2014,2014 - 2015,Whole Year,All Crops,25.0,76.0,3.04,"DES Area, Production & Yield Query Report"
Karnataka,Bagalkot,2015,2015 - 2016,Whole Year,All Crops,32.0,87.0,2.72,"DES Area, Production & Yield Query Report"
Karnataka,Bagalkot,2016,2016 - 2017,Whole Year,All Crops,17.0,47.0,2.76,"DES Area, Production & Yield Query Report"
Karnataka,Bagalkot,2018,2018 - 2019,Whole Year,All Crops,54.0,154.0,2.85,"DES Area, Production & Yield Query Report"
Karnataka,Bagalkot,2019,2019 - 2020,Whole Year,All Crops,82.0,255.0,3.11,"DES Area, Production & Yield Query Report"
Karnataka,Bagalkot,2020,2020 - 2021,Whole Year,All Crops,102.0,320.0,3.14,"DES Area, Production & Yield Query Report"
Karnataka,Bagalkot,2021,2021 - 2022,Whole Year,All Crops,37.0,104.0,2.81,"DES Area, Production & Yield Query Report"
Karnataka,Bagalkot,2022,2022 - 2023,Whole Year,All Crops,24.0,79.0,3.29,"DES Area, Production & Yield Query Report"
Karnataka,Bangalore rural,2013,2013 - 2014,Whole Year,All Crops,822.0,2660.0,3.24,"DES Area, Production & Yield Query Report"
Karnataka,Bangalore rural,2014,2014 - 2015,Whole Year,All Crops,647.0,2243.0,3.47,"DES Area, Production & Yield Query Report"
Karnataka,Bangalore rural,2015,2015 - 2016,Whole Year,All Crops,736.0,1948.0,2.65,"DES Area, Production & Yield Query Report"
Karnataka,Bangalore rural,2016,2016 - 2017,Whole Year,All Crops,589.0,1554.0,2.64,"DES Area, Production & Yield Query Report"
Karnataka,Bangalore rural,2017,2017 - 2018,Whole Year,All Crops,676.0,1960.0,2.9,"DES Area, Production & Yield Query Report"
Karnataka,Bangalore rural,2018,2018 - 2019,Whole Year,All Crops,265.0,806.0,3.04,"DES Area, Production & Yield Query Report"
Karnataka,Bangalore rural,2019,2019 - 2020,Whole Year,All Crops,206.0,607.0,2.95,"DES Area, Production & Yield Query Report"
Karnataka,Bangalore rural,2020,2020 - 2021,Whole Year,All Crops,252.0,765.0,3.04,"DES Area, Production & Yield Query Report"
Karnataka,Bangalore rural,2021,2021 - 2022,Whole Year,All Crops,189.0,451.0,2.39,"DES Area, Production & Yield Query Report"
Karnataka,Bangalore rural,2022,2022 - 2023,Whole Year,All Crops,191.0,578.0,3.03,"DES Area, Production & Yield Query Report"
Karnataka,Belgaum,2013,2013 - 2014,Whole Year,All Crops,58674.0,123841.0,2.11,"DES Area, Production & Yield Query Report"
Karnataka,Belgaum,2014,2014 - 2015,Whole Year,All Crops,59938.0,176688.0,2.95,"DES Area, Production & Yield Query Report"
Karnataka,Belgaum,2015,2015 - 2016,Whole Year,All Crops,61230.0,40797.0,0.67,"DES Area, Production & Yield Query Report"
Karnataka,Belgaum,2016,2016 - 2017,Whole Year,All Crops,65590.0,123758.0,1.89,"DES Area, Production & Yield Query Report"
Karnataka,Belgaum,2017,2017 - 2018,Whole Year,All Crops,64585.0,148629.0,2.3,"DES Area, Production & Yield Query Report"
Karnataka,Belgaum,2018,2018 - 2019,Whole Year,All Crops,53529.0,135034.0,2.52,"DES Area, Production & Yield Query Report"
Karnataka,Belgaum,2019,2019 - 2020,Whole Year,All Crops,61878.0,155737.0,2.52,"DES Area, Production & Yield Query Report"
Karnataka,Belgaum,2020,2020 - 2021,Whole Year,All Crops,60730.0,166664.0,2.74,"DES Area, Production & Yield Query Report"
Karnataka,Belgaum,2021,2021 - 2022,Whole Year,All Crops,56128.0,173824.0,3.1,"DES Area, Production & Yield Query Report"
Karnataka,Belgaum,2022,2022 - 2023,Whole Year,All Crops,52079.0,143677.0,2.76,"DES Area, Production & Yield Query Report"
Karnataka,Bellary,2013,2013 - 2014,Whole Year,All Crops,110548.0,418620.0,3.79,"DES Area, Production & Yield Query Report"
Karnataka,Bellary,2014,2014 - 2015,Whole Year,All Crops,118643.0,408133.0,3.44,"DES Area, Production & Yield Query Report"
Karnataka,Bellary,2015,2015 - 2016,Whole Year,All Crops,93666.0,341443.0,3.65,"DES Area, Production & Yield Query Report"
Karnataka,Bellary,2016,2016 - 2017,Whole Year,All Crops,87008.0,337795.0,3.88,"DES Area, Production & Yield Query Report"
Karnataka,Bellary,2017,2017 - 2018,Whole Year,All Crops,101933.0,388338.0,3.81,"DES Area, Production & Yield Query Report"
Karnataka,Bellary,2018,2018 - 2019,Whole Year,All Crops,137905.0,543194.0,3.94,"DES Area, Production & Yield Query Report"
Karnataka,Bellary,2019,2019 - 2020,Whole Year,All Crops,131175.0,553085.0,4.22,"DES Area, Production & Yield Query Report"
Karnataka,Bellary,2020,2020 - 2021,Whole Year,All Crops,178460.0,722969.0,4.05,"DES Area, Production & Yield Query Report"
Karnataka,Bellary,2021,2021 - 2022,Whole Year,All Crops,176980.0,664986.0,3.76,"DES Area, Production & Yield Query Report"
Karnataka,Bellary,2022,2022 - 2023,Whole Year,All Crops,151246.0,643486.0,4.25,"DES Area, Production & Yield Query Report"
Karnataka,Bengaluru urban,2013,2013 - 2014,Whole Year,All Crops,1176.0,4169.0,3.55,"DES Area, Production & Yield Query Report"
Karnataka,Bengaluru urban,2014,2014 - 2015,Whole Year,All Crops,971.0,3461.0,3.56,"DES Area, Production & Yield Query Report"
Karnataka,Bengaluru urban,2015,2015 - 2016,Whole Year,All Crops,782.0,2412.0,3.08,"DES Area, Production & Yield Query Report"
Karnataka,Bengaluru urban,2016,2016 - 2017,Whole Year,All Crops,336.0,1088.0,3.24,"DES Area, Production & Yield Query Report"
Karnataka,Bengaluru urban,2017,2017 - 2018,Whole Year,All Crops,270.0,858.0,3.18,"DES Area, Production & Yield Query Report"
Karnataka,Bengaluru urban,2018,2018 - 2019,Whole Year,All Crops,361.0,1323.0,3.66,"DES Area, Production & Yield Query Report"
Karnataka,Bengaluru urban,2019,2019 - 2020,Whole Year,All Crops,610.0,2353.0,3.86,"DES Area, Production & Yield Query Report"
Karnataka,Bengaluru urban,2020,2020 - 2021,Whole Year,All Crops,245.0,953.0,3.89,"DES Area, Production & Yield Query Report"
Karnataka,Bengaluru urban,2021,2021 - 2022,Whole Year,All Crops,271.0,783.0,2.89,"DES Area, Production & Yield Query Report"
Karnataka,Bengaluru urban,2022,2022 - 2023,Whole Year,All Crops,158.0,507.0,3.21,"DES Area, Production & Yield Query Report"
Karnataka,Bidar,2013,2013 - 2014,Whole Year,All Crops,3572.0,5541.0,1.55,"DES Area, Production & Yield Query Report"
Karnataka,Bidar,2014,2014 - 2015,Whole Year,All Crops,2063.0,1989.0,0.96,"DES Area, Production & Yield Query Report"
Karnataka,Bidar,2015,2015 - 2016,Whole Year,All Crops,1549.0,1317.0,0.85,"DES Area, Production & Yield Query Report"
Karnataka,Bidar,2016,2016 - 2017,Whole Year,All Crops,525.0,629.0,1.2,"DES Area, Production & Yield Query Report"
Karnataka,Bidar,2017,2017 - 2018,Whole Year,All Crops,1018.0,1898.0,1.86,"DES Area, Production & Yield Query Report"
Karnataka,Bidar,2018,2018 - 2019,Whole Year,All Crops,617.0,444.0,0.72,"DES Area, Production & Yield Query Report"
Karnataka,Bidar,2019,2019 - 2020,Whole Year,All Crops,767.0,905.0,1.18,"DES Area, Production & Yield Query Report"
Karnataka,Bidar,2020,2020 - 2021,Whole Year,All Crops,1224.0,1824.0,1.49,"DES Area, Production & Yield Query Report"
Karnataka,Bidar,2021,2021 - 2022,Whole Year,All Crops,724.0,1382.0,1.91,"DES Area, Production & Yield Query Report"
Karnataka,Bidar,2022,2022 - 2023,Whole Year,All Crops,836.0,1093.0,1.31,"DES Area, Production & Yield Query Report"
Karnataka,Bijapur,2013,2013 - 2014,Whole Year,All Crops,52.0,154.0,2.96,"DES Area, Production & Yield Query Report"
Karnataka,Bijapur,2014,2014 - 2015,Whole Year,All Crops,50.0,153.0,3.06,"DES Area, Production & Yield Query Report"
Karnataka,Bijapur,2015,2015 - 2016,Whole Year,All Crops,51.0,138.0,2.71,"DES Area, Production & Yield Query Report"
Karnataka,Bijapur,2016,2016 - 2017,Whole Year,All Crops,14.0,39.0,2.79,"DES Area, Production & Yield Query Report"
Karnataka,Bijapur,2017,2017 - 2018,Whole Year,All Crops,30.0,86.0,2.87,"DES Area, Production & Yield Query Report"
Karnataka,Bijapur,2018,2018 - 2019,Whole Year,All Crops,91.0,259.0,2.85,"DES Area, Production & Yield Query Report"
Karnataka,Bijapur,2019,2019 - 2020,Whole Year,All Crops,158.0,498.0,3.15,"DES Area, Production & Yield Query Report"
Karnataka,Bijapur,2020,2020 - 2021,Whole Year,All Crops,200.0,637.0,3.19,"DES Area, Production & Yield Query Report"
Karnataka,Bijapur,2021,2021 - 2022,Whole Year,All Crops,158.0,491.0,3.11,"DES Area, Production & Yield Query Report"
Karnataka,Bijapur,2022,2022 - 2023,Whole Year,All Crops,105.0,330.0,3.14,"DES Area, Production & Yield Query Report"
Karnataka,Chamarajanagar,2013,2013 - 2014,Whole Year,All Crops,15377.0,57069.0,3.71,"DES Area, Production & Yield Query Report"
Karnataka,Chamarajanagar,2014,2014 - 2015,Whole Year,All Crops,13816.0,44721.0,3.24,"DES Area, Production & Yield Query Report"
Karnataka,Chamarajanagar,2015,2015 - 2016,Whole Year,All Crops,13880.0,49821.0,3.59,"DES Area, Production & Yield Query Report"
Karnataka,Chamarajanagar,2016,2016 - 2017,Whole Year,All Crops,6821.0,15108.0,2.21,"DES Area, Production & Yield Query Report"
Karnataka,Chamarajanagar,2017,2017 - 2018,Whole Year,All Crops,3011.0,11225.0,3.73,"DES Area, Production & Yield Query Report"
Karnataka,Chamarajanagar,2018,2018 - 2019,Whole Year,All Crops,10436.0,36949.0,3.54,"DES Area, Production & Yield Query Report"
Karnataka,Chamarajanagar,2019,2019 - 2020,Whole Year,All Crops,8558.0,29088.0,3.4,"DES Area, Production & Yield Query Report"
Karnataka,Chamarajanagar,2020,2020 - 2021,Whole Year,All Crops,12247.0,37475.0,3.06,"DES Area, Production & Yield Query Report"
Karnataka,Chamarajanagar,2021,2021 - 2022,Whole Year,All Crops,10307.0,27807.0,2.7,"DES Area, Production & Yield Query Report"
Karnataka,Chamarajanagar,2022,2022 - 2023,Whole Year,All Crops,9729.0,29198.0,3.0,"DES Area, Production & Yield Query Report"
Karnataka,Chikballapur,2013,2013 - 2014,Whole Year,All Crops,2104.0,6009.0,2.86,"DES Area, Production & Yield Query Report"
Karnataka,Chikballapur,2014,2014 - 2015,Whole Year,All Crops,814.0,1927.0,2.37,"DES Area, Production & Yield Query Report"
Karnataka,Chikballapur,2015,2015 - 2016,Whole Year,All Crops,1333.0,3623.0,2.72,"DES Area, Production & Yield Query Report"
Karnataka,Chikballapur,2016,2016 - 2017,Whole Year,All Crops,1406.0,3497.0,2.49,"DES Area, Production & Yield Query Report"
Karnataka,Chikballapur,2017,2017 - 2018,Whole Year,All Crops,431.0,1577.0,3.66,"DES Area, Production & Yield Query Report"
Karnataka,Chikballapur,2018,2018 - 2019,Whole Year,All Crops,584.0,1828.0,3.13,"DES Area, Production & Yield Query Report"
Karnataka,Chikballapur,2019,2019 - 2020,Whole Year,All Crops,506.0,1606.0,3.17,"DES Area, Production & Yield Query Report"
Karnataka,Chikballapur,2020,2020 - 2021,Whole Year,All Crops,3637.0,10746.0,2.95,"DES Area, Production & Yield Query Report"
Karnataka,Chikballapur,2021,2021 - 2022,Whole Year,All Crops,6716.0,19552.0,2.91,"DES Area, Production & Yield Query Report"
Karnataka,Chikballapur,2022,2022 - 2023,Whole Year,All Crops,2900.0,8122.0,2.8,"DES Area, Production & Yield Query Report"
Karnataka,Chikmagalur,2013,2013 - 2014,Whole Year,All Crops,41048.0,112102.0,2.73,"DES Area, Production & Yield Query Report"
Karnataka,Chikmagalur,2014,2014 - 2015,Whole Year,All Crops,40337.0,105300.0,2.61,"DES Area, Production & Yield Query Report"
Karnataka,Chikmagalur,2015,2015 - 2016,Whole Year,All Crops,33036.0,88316.0,2.67,"DES Area, Production & Yield Query Report"
Karnataka,Chikmagalur,2016,2016 - 2017,Whole Year,All Crops,29931.0,71844.0,2.4,"DES Area, Production & Yield Query Report"
Karnataka,Chikmagalur,2017,2017 - 2018,Whole Year,All Crops,26898.0,64632.0,2.4,"DES Area, Production & Yield Query Report"
Karnataka,Chikmagalur,2018,2018 - 2019,Whole Year,All Crops,19417.0,48816.0,2.51,"DES Area, Production & Yield Query Report"
Karnataka,Chikmagalur,2019,2019 - 2020,Whole Year,All Crops,15633.0,40051.0,2.56,"DES Area, Production & Yield Query Report"
Karnataka,Chikmagalur,2020,2020 - 2021,Whole Year,All Crops,14041.0,37466.0,2.67,"DES Area, Production & Yield Query Report"
Karnataka,Chikmagalur,2021,2021 - 2022,Whole Year,All Crops,10848.0,27492.0,2.53,"DES Area, Production & Yield Query Report"
Karnataka,Chikmagalur,2022,2022 - 2023,Whole Year,All Crops,9314.0,22775.0,2.45,"DES Area, Production & Yield Query Report"
Karnataka,Chitradurga,2013,2013 - 2014,Whole Year,All Crops,2169.0,4993.0,2.3,"DES Area, Production & Yield Query Report"
Karnataka,Chitradurga,2014,2014 - 2015,Whole Year,All Crops,2025.0,4413.0,2.18,"DES Area, Production & Yield Query Report"
Karnataka,Chitradurga,2015,2015 - 2016,Whole Year,All Crops,1297.0,3091.0,2.38,"DES Area, Production & Yield Query Report"
Karnataka,Chitradurga,2016,2016 - 2017,Whole Year,All Crops,838.0,1617.0,1.93,"DES Area, Production & Yield Query Report"
Karnataka,Chitradurga,2017,2017 - 2018,Whole Year,All Crops,1584.0,3935.0,2.48,"DES Area, Production & Yield Query Report"
Karnataka,Chitradurga,2018,2018 - 2019,Whole Year,All Crops,843.0,1558.0,1.85,"DES Area, Production & Yield Query Report"
Karnataka,Chitradurga,2019,2019 - 2020,Whole Year,All Crops,998.0,2546.0,2.55,"DES Area, Production & Yield Query Report"
Karnataka,Chitradurga,2020,2020 - 2021,Whole Year,All Crops,1784.0,4118.0,2.31,"DES Area, Production & Yield Query Report"
Karnataka,Chitradurga,2021,2021 - 2022,Whole Year,All Crops,1551.0,2909.0,1.88,"DES Area, Production & Yield Query Report"
Karnataka,Chitradurga,2022,2022 - 2023,Whole Year,All Crops,720.0,1229.0,1.71,"DES Area, Production & Yield Query Report"
Karnataka,Dakshin kannad,2013,2013 - 2014,Whole Year,All Crops,55331.0,150327.0,2.72,"DES Area, Production & Yield Query Report"
Karnataka,Dakshin kannad,2014,2014 - 2015,Whole Year,All Crops,52349.0,133024.0,2.54,"DES Area, Production & Yield Query Report"
Karnataka,Dakshin kannad,2015,2015 - 2016,Whole Year,All Crops,48689.0,129360.0,2.66,"DES Area, Production & Yield Query Report"
Karnataka,Dakshin kannad,2016,2016 - 2017,Whole Year,All Crops,39296.0,117577.0,2.99,"DES Area, Production & Yield Query Report"
Karnataka,Dakshin kannad,2017,2017 - 2018,Whole Year,All Crops,33162.0,90644.0,2.73,"DES Area, Production & Yield Query Report"
Karnataka,Dakshin kannad,2018,2018 - 2019,Whole Year,All Crops,9374.0,27042.0,2.88,"DES Area, Production & Yield Query Report"
Karnataka,Dakshin kannad,2019,2019 - 2020,Whole Year,All Crops,12628.0,35612.0,2.82,"DES Area, Production & Yield Query Report"
Karnataka,Dakshin kannad,2020,2020 - 2021,Whole Year,All Crops,8123.0,23422.0,2.88,"DES Area, Production & Yield Query Report"
Karnataka,Dakshin kannad,2021,2021 - 2022,Whole Year,All Crops,7250.0,21116.0,2.91,"DES Area, Production & Yield Query Report"
Karnataka,Dakshin kannad,2022,2022 - 2023,Whole Year,All Crops,7175.0,21011.0,2.93,"DES Area, Production & Yield Query Report"
Karnataka,Davangere,2013,2013 - 2014,Whole Year,All Crops,127623.0,451344.0,3.54,"DES Area, Production & Yield Query Report"
Karnataka,Davangere,2014,2014 - 2015,Whole Year,All Crops,136680.0,499752.0,3.66,"DES Area, Production & Yield Query Report"
Karnataka,Davangere,2015,2015 - 2016,Whole Year,All Crops,98261.0,368468.0,3.75,"DES Area, Production & Yield Query Report"
Karnataka,Davangere,2016,2016 - 2017,Whole Year,All Crops,77883.0,250634.0,3.22,"DES Area, Production & Yield Query Report"
Karnataka,Davangere,2017,2017 - 2018,Whole Year,All Crops,64403.0,244360.0,3.79,"DES Area, Production & Yield Query Report"
Karnataka,Davangere,2018,2018 - 2019,Whole Year,All Crops,125670.0,412174.0,3.28,"DES Area, Production & Yield Query Report"
Karnataka,Davangere,2019,2019 - 2020,Whole Year,All Crops,104440.0,346970.0,3.32,"DES Area, Production & Yield Query Report"
Karnataka,Davangere,2020,2020 - 2021,Whole Year,All Crops,126053.0,444173.0,3.52,"DES Area, Production & Yield Query Report"
Karnataka,Davangere,2021,2021 - 2022,Whole Year,All Crops,120345.0,430798.0,3.58,"DES Area, Production & Yield Query Report"
Karnataka,Davangere,2022,2022 - 2023,Whole Year,All Crops,114475.0,429360.0,3.75,"DES Area, Production & Yield Query Report"
Karnataka,Dharwad,2013,2013 - 2014,Whole Year,All Crops,22443.0,25381.0,1.13,"DES Area, Production & Yield Query Report"
Karnataka,Dharwad,2014,2014 - 2015,Whole Year,All Crops,20677.0,32965.0,1.59,"DES Area, Production & Yield Query Report"
Karnataka,Dharwad,2015,2015 - 2016,Whole Year,All Crops,23909.0,7323.0,0.31,"DES Area, Production & Yield Query Report"
Karnataka,Dharwad,2016,2016 - 2017,Whole Year,All Crops,21904.0,11177.0,0.51,"DES Area, Production & Yield Query Report"
Karnataka,Dharwad,2017,2017 - 2018,Whole Year,All Crops,22421.0,13262.0,0.59,"DES Area, Production & Yield Query Report"
Karnataka,Dharwad,2018,2018 - 2019,Whole Year,All Crops,11107.0,10118.0,0.91,"DES Area, Production & Yield Query Report"
Karnataka,Dharwad,2019,2019 - 2020,Whole Year,All Crops,10031.0,12412.0,1.24,"DES Area, Production & Yield Query Report"
Karnataka,Dharwad,2020,2020 - 2021,Whole Year,All Crops,12380.0,16624.0,1.34,"DES Area, Production & Yield Query Report"
Karnataka,Dharwad,2021,2021 - 2022,Whole Year,All Crops,12821.0,16275.0,1.27,"DES Area, Production & Yield Query Report"
Karnataka,Dharwad,2022,2022 - 2023,Whole Year,All Crops,8894.0,13034.0,1.47,"DES Area, Production & Yield Query Report"
Karnataka,Gadag,2013,2013 - 2014,Whole Year,All Crops,2927.0,8072.0,2.76,"DES Area, Production & Yield Query Report"
Karnataka,Gadag,2014,2014 - 2015,Whole Year,All Crops,2043.0,5999.0,2.94,"DES Area, Production & Yield Query Report"
Karnataka,Gadag,2015,2015 - 2016,Whole Year,All Crops,1707.0,5585.0,3.27,"DES Area, Production & Yield Query Report"
Karnataka,Gadag,2016,2016 - 2017,Whole Year,All Crops,1909.0,4508.0,2.36,"DES Area, Production & Yield Query Report"
Karnataka,Gadag,2017,2017 - 2018,Whole Year,All Crops,2437.0,7638.0,3.13,"DES Area, Production & Yield Query Report"
Karnataka,Gadag,2018,2018 - 2019,Whole Year,All Crops,3703.0,9327.0,2.52,"DES Area, Production & Yield Query Report"
Karnataka,Gadag,2019,2019 - 2020,Whole Year,All Crops,4816.0,12653.0,2.63,"DES Area, Production & Yield Query Report"
Karnataka,Gadag,2020,2020 - 2021,Whole Year,All Crops,5946.0,15336.0,2.58,"DES Area, Production & Yield Query Report"
Karnataka,Gadag,2021,2021 - 2022,Whole Year,All Crops,6125.0,13700.0,2.24,"DES Area, Production & Yield Query Report"
Karnataka,Gadag,2022,2022 - 2023,Whole Year,All Crops,7670.0,20876.0,2.72,"DES Area, Production & Yield Query Report"
Karnataka,Gulbarga,2013,2013 - 2014,Whole Year,All Crops,5278.0,13533.0,2.56,"DES Area, Production & Yield Query Report"
Karnataka,Gulbarga,2014,2014 - 2015,Whole Year,All Crops,5656.0,7881.0,1.39,"DES Area, Production & Yield Query Report"
Karnataka,Gulbarga,2015,2015 - 2016,Whole Year,All Crops,4199.0,8772.0,2.09,"DES Area, Production & Yield Query Report"
Karnataka,Gulbarga,2016,2016 - 2017,Whole Year,All Crops,6869.0,25278.0,3.68,"DES Area, Production & Yield Query Report"
Karnataka,Gulbarga,2017,2017 - 2018,Whole Year,All Crops,7833.0,23124.0,2.95,"DES Area, Production & Yield Query Report"
Karnataka,Gulbarga,2018,2018 - 2019,Whole Year,All Crops,10083.0,30798.0,3.05,"DES Area, Production & Yield Query Report"
Karnataka,Gulbarga,2019,2019 - 2020,Whole Year,All Crops,9720.0,33782.0,3.48,"DES Area, Production & Yield Query Report"
Karnataka,Gulbarga,2020,2020 - 2021,Whole Year,All Crops,15337.0,40335.0,2.63,"DES Area, Production & Yield Query Report"
Karnataka,Gulbarga,2021,2021 - 2022,Whole Year,All Crops,13211.0,50128.0,3.79,"DES Area, Production & Yield Query Report"
Karnataka,Gulbarga,2022,2022 - 2023,Whole Year,All Crops,10690.0,43501.0,4.07,"DES Area, Production & Yield Query Report"
Karnataka,Hassan,2013,2013 - 2014,Whole Year,All Crops,51799.0,158594.0,3.06,"DES Area, Production & Yield Query Report"
Karnataka,Hassan,2014,2014 - 2015,Whole Year,All Crops,48072.0,146288.0,3.04,"DES Area, Production & Yield Query Report"
Karnataka,Hassan,2015,2015 - 2016,Whole Year,All Crops,42818.0,117083.0,2.73,"DES Area, Production & Yield Query Report"
Karnataka,Hassan,2016,2016 - 2017,Whole Year,All Crops,26100.0,53229.0,2.04,"DES Area, Production & Yield Query Report"
Karnataka,Hassan,2017,2017 - 2018,Whole Year,All Crops,21625.0,70091.0,3.24,"DES Area, Production & Yield Query Report"
Karnataka,Hassan,2018,2018 - 2019,Whole Year,All Crops,46801.0,110610.0,2.36,"DES Area, Production & Yield Query Report"
Karnataka,Hassan,2019,2019 - 2020,Whole Year,All Crops,46145.0,135811.0,2.94,"DES Area, Production & Yield Query Report"
Karnataka,Hassan,2020,2020 - 2021,Whole Year,All Crops,39587.0,99080.0,2.5,"DES Area, Production & Yield Query Report"
Karnataka,Hassan,2021,2021 - 2022,Whole Year,All Crops,34663.0,80444.0,2.32,"DES Area, Production & Yield Query Report"
Karnataka,Hassan,2022,2022 - 2023,Whole Year,All Crops,32531.0,76533.0,2.35,"DES Area, Production & Yield Query Report"
Karnataka,Haveri,2013,2013 - 2014,Whole Year,All Crops,48363.0,122116.0,2.52,"DES Area, Production & Yield Query Report"
Karnataka,Haveri,2014,2014 - 2015,Whole Year,All Crops,46179.0,118376.0,2.56,"DES Area, Production & Yield Query Report"
Karnataka,Haveri,2015,2015 - 2016,Whole Year,All Crops,44968.0,54657.0,1.22,"DES Area, Production & Yield Query Report"
Karnataka,Haveri,2016,2016 - 2017,Whole Year,All Crops,36007.0,41077.0,1.14,"DES Area, Production & Yield Query Report"
Karnataka,Haveri,2017,2017 - 2018,Whole Year,All Crops,27730.0,53959.0,1.95,"DES Area, Production & Yield Query Report"
Karnataka,Haveri,2018,2018 - 2019,Whole Year,All Crops,37288.0,54913.0,1.47,"DES Area, Production & Yield Query Report"
Karnataka,Haveri,2019,2019 - 2020,Whole Year,All Crops,36330.0,60485.0,1.66,"DES Area, Production & Yield Query Report"
Karnataka,Haveri,2020,2020 - 2021,Whole Year,All Crops,43380.0,99448.0,2.29,"DES Area, Production & Yield Query Report"
Karnataka,Haveri,2021,2021 - 2022,Whole Year,All Crops,42391.0,86803.0,2.05,"DES Area, Production & Yield Query Report"
Karnataka,Haveri,2022,2022 - 2023,Whole Year,All Crops,38152.0,67193.0,1.76,"DES Area, Production & Yield Query Report"
Karnataka,Kodagu,2013,2013 - 2014,Whole Year,All Crops,32027.0,92209.0,2.88,"DES Area, Production & Yield Query Report"
Karnataka,Kodagu,2014,2014 - 2015,Whole Year,All Crops,30960.0,86900.0,2.81,"DES Area, Production & Yield Query Report"
Karnataka,Kodagu,2015,2015 - 2016,Whole Year,All Crops,28336.0,76489.0,2.7,"DES Area, Production & Yield Query Report"
Karnataka,Kodagu,2016,2016 - 2017,Whole Year,All Crops,27927.0,67902.0,2.43,"DES Area, Production & Yield Query Report"
Karnataka,Kodagu,2017,2017 - 2018,Whole Year,All Crops,27171.0,64258.0,2.36,"DES Area, Production & Yield Query Report"
Karnataka,Kodagu,2018,2018 - 2019,Whole Year,All Crops,19023.0,53278.0,2.8,"DES Area, Production & Yield Query Report"
Karnataka,Kodagu,2019,2019 - 2020,Whole Year,All Crops,27863.0,71344.0,2.56,"DES Area, Production & Yield Query Report"
Karnataka,Kodagu,2020,2020 - 2021,Whole Year,All Crops,21334.0,56388.0,2.64,"DES Area, Production & Yield Query Report"
Karnataka,Kodagu,2021,2021 - 2022,Whole Year,All Crops,19809.0,52396.0,2.65,"DES Area, Production & Yield Query Report"
Karnataka,Kodagu,2022,2022 - 2023,Whole Year,All Crops,13178.0,33880.0,2.57,"DES Area, Production & Yield Query Report"
Karnataka,Kolar,2013,2013 - 2014,Whole Year,All Crops,1977.0,3481.0,1.76,"DES Area, Production & Yield Query Report"
Karnataka,Kolar,2014,2014 - 2015,Whole Year,All Crops,344.0,873.0,2.54,"DES Area, Production & Yield Query Report"
Karnataka,Kolar,2015,2015 - 2016,Whole Year,All Crops,395.0,611.0,1.55,"DES Area, Production & Yield Query Report"
Karnataka,Kolar,2016,2016 - 2017,Whole Year,All Crops,1232.0,2385.0,1.94,"DES Area, Production & Yield Query Report"
Karnataka,Kolar,2017,2017 - 2018,Whole Year,All Crops,1256.0,3878.0,3.09,"DES Area, Production & Yield Query Report"
Karnataka,Kolar,2018,2018 - 2019,Whole Year,All Crops,3223.0,6026.0,1.87,"DES Area, Production & Yield Query Report"
Karnataka,Kolar,2019,2019 - 2020,Whole Year,All Crops,1240.0,3011.0,2.43,"DES Area, Production & Yield Query Report"
Karnataka,Kolar,2020,2020 - 2021,Whole Year,All Crops,5167.0,14976.0,2.9,"DES Area, Production & Yield Query Report"
Karnataka,Kolar,2021,2021 - 2022,Whole Year,All Crops,4978.0,11946.0,2.4,"DES Area, Production & Yield Query Report"
Karnataka,Kolar,2022,2022 - 2023,Whole Year,All Crops,3504.0,9272.0,2.65,"DES Area, Production & Yield Query Report"
Karnataka,Koppal,2013,2013 - 2014,Whole Year,All Crops,75877.0,263043.0,3.47,"DES Area, Production & Yield Query Report"
Karnataka,Koppal,2014,2014 - 2015,Whole Year,All Crops,75155.0,240767.0,3.2,"DES Area, Production & Yield Query Report"
Karnataka,Koppal,2015,2015 - 2016,Whole Year,All Crops,50753.0,176650.0,3.48,"DES Area, Production & Yield Query Report"
Karnataka,Koppal,2016,2016 - 2017,Whole Year,All Crops,42611.0,142081.0,3.33,"DES Area, Production & Yield Query Report"
Karnataka,Koppal,2017,2017 - 2018,Whole Year,All Crops,53939.0,230698.0,4.28,"DES Area, Production & Yield Query Report"
Karnataka,Koppal,2018,2018 - 2019,Whole Year,All Crops,75185.0,234693.0,3.12,"DES Area, Production & Yield Query Report"
Karnataka,Koppal,2019,2019 - 2020,Whole Year,All Crops,100376.0,338743.0,3.37,"DES Area, Production & Yield Query Report"
Karnataka,Koppal,2020,2020 - 2021,Whole Year,All Crops,101924.0,390031.0,3.83,"DES Area, Production & Yield Query Report"
Karnataka,Koppal,2021,2021 - 2022,Whole Year,All Crops,106190.0,352712.0,3.32,"DES Area, Production & Yield Query Report"
Karnataka,Koppal,2022,2022 - 2023,Whole Year,All Crops,104731.0,379922.0,3.63,"DES Area, Production & Yield Query Report"
Karnataka,Mandya,2013,2013 - 2014,Whole Year,All Crops,65615.0,229153.0,3.49,"DES Area, Production & Yield Query Report"
Karnataka,Mandya,2014,2014 - 2015,Whole Year,All Crops,66522.0,245456.0,3.69,"DES Area, Production & Yield Query Report"
Karnataka,Mandya,2015,2015 - 2016,Whole Year,All Crops,58487.0,214380.0,3.67,"DES Area, Production & Yield Query Report"
Karnataka,Mandya,2016,2016 - 2017,Whole Year,All Crops,43663.0,113675.0,2.6,"DES Area, Production & Yield Query Report"
Karnataka,Mandya,2017,2017 - 2018,Whole Year,All Crops,33853.0,100512.0,2.97,"DES Area, Production & Yield Query Report"
Karnataka,Mandya,2018,2018 - 2019,Whole Year,All Crops,68030.0,219798.0,3.23,"DES Area, Production & Yield Query Report"
Karnataka,Mandya,2019,2019 - 2020,Whole Year,All Crops,66652.0,202425.0,3.04,"DES Area, Production & Yield Query Report"
Karnataka,Mandya,2020,2020 - 2021,Whole Year,All Crops,72478.0,228393.0,3.15,"DES Area, Production & Yield Query Report"
Karnataka,Mandya,2021,2021 - 2022,Whole Year,All Crops,72822.0,220524.0,3.03,"DES Area, Production & Yield Query Report"
Karnataka,Mandya,2022,2022 - 2023,Whole Year,All Crops,74991.0,224580.0,2.99,"DES Area, Production & Yield Query Report"
Karnataka,Mysore,2013,2013 - 2014,Whole Year,All Crops,102448.0,350400.0,3.42,"DES Area, Production & Yield Query Report"
Karnataka,Mysore,2014,2014 - 2015,Whole Year,All Crops,103223.0,350278.0,3.39,"DES Area, Production & Yield Query Report"
Karnataka,Mysore,2015,2015 - 2016,Whole Year,All Crops,93521.0,316265.0,3.38,"DES Area, Production & Yield Query Report"
Karnataka,Mysore,2016,2016 - 2017,Whole Year,All Crops,65644.0,189695.0,2.89,"DES Area, Production & Yield Query Report"
Karnataka,Mysore,2017,2017 - 2018,Whole Year,All Crops,65128.0,199501.0,3.06,"DES Area, Production & Yield Query Report"
Karnataka,Mysore,2018,2018 - 2019,Whole Year,All Crops,99744.0,300673.0,3.01,"DES Area, Production & Yield Query Report"
Karnataka,Mysore,2019,2019 - 2020,Whole Year,All Crops,83682.0,260016.0,3.11,"DES Area, Production & Yield Query Report"
Karnataka,Mysore,2020,2020 - 2021,Whole Year,All Crops,87092.0,263141.0,3.02,"DES Area, Production & Yield Query Report"
Karnataka,Mysore,2021,2021 - 2022,Whole Year,All Crops,93472.0,290953.0,3.11,"DES Area, Production & Yield Query Report"
Karnataka,Mysore,2022,2022 - 2023,Whole Year,All Crops,96372.0,294333.0,3.05,"DES Area, Production & Yield Query Report"
Karnataka,Raichur,2013,2013 - 2014,Whole Year,All Crops,178356.0,572963.0,3.21,"DES Area, Production & Yield Query Report"
Karnataka,Raichur,2014,2014 - 2015,Whole Year,All Crops,162580.0,492876.0,3.03,"DES Area, Production & Yield Query Report"
Karnataka,Raichur,2015,2015 - 2016,Whole Year,All Crops,115246.0,350813.0,3.04,"DES Area, Production & Yield Query Report"
Karnataka,Raichur,2016,2016 - 2017,Whole Year,All Crops,126675.0,488978.0,3.86,"DES Area, Production & Yield Query Report"
Karnataka,Raichur,2017,2017 - 2018,Whole Year,All Crops,113457.0,315911.0,2.78,"DES Area, Production & Yield Query Report"
Karnataka,Raichur,2018,2018 - 2019,Whole Year,All Crops,174934.0,464001.0,2.65,"DES Area, Production & Yield Query Report"
Karnataka,Raichur,2019,2019 - 2020,Whole Year,All Crops,222479.0,746268.0,3.35,"DES Area, Production & Yield Query Report"
Karnataka,Raichur,2020,2020 - 2021,Whole Year,All Crops,346215.0,1129383.0,3.26,"DES Area, Production & Yield Query Report"
Karnataka,Raichur,2021,2021 - 2022,Whole Year,All Crops,333751.0,1049414.0,3.14,"DES Area, Production & Yield Query Report"
Karnataka,Raichur,2022,2022 - 2023,Whole Year,All Crops,258278.0,928154.0,3.59,"DES Area, Production & Yield Query Report"
Karnataka,Ramanagara,2013,2013 - 2014,Whole Year,All Crops,5752.0,14730.0,2.56,"DES Area, Production & Yield Query Report"
Karnataka,Ramanagara,2014,2014 - 2015,Whole Year,All Crops,5224.0,12651.0,2.42,"DES Area, Production & Yield Query Report"
Karnataka,Ramanagara,2015,2015 - 2016,Whole Year,All Crops,4454.0,10280.0,2.31,"DES Area, Production & Yield Query Report"
Karnataka,Ramanagara,2016,2016 - 2017,Whole Year,All Crops,4033.0,6614.0,1.64,"DES Area, Production & Yield Query Report"
Karnataka,Ramanagara,2017,2017 - 2018,Whole Year,All Crops,4294.0,12643.0,2.94,"DES Area, Production & Yield Query Report"
Karnataka,Ramanagara,2018,2018 - 2019,Whole Year,All Crops,3174.0,6908.0,2.18,"DES Area, Production & Yield Query Report"
Karnataka,Ramanagara,2019,2019 - 2020,Whole Year,All Crops,2725.0,8318.0,3.05,"DES Area, Production & Yield Query Report"
Karnataka,Ramanagara,2020,2020 - 2021,Whole Year,All Crops,3546.0,9499.0,2.68,"DES Area, Production & Yield Query Report"
Karnataka,Ramanagara,2021,2021 - 2022,Whole Year,All Crops,3113.0,8723.0,2.8,"DES Area, Production & Yield Query Report"
Karnataka,Ramanagara,2022,2022 - 2023,Whole Year,All Crops,3067.0,7909.0,2.58,"DES Area, Production & Yield Query Report"
Karnataka,Shimoga,2013,2013 - 2014,Whole Year,All Crops,124622.0,380810.0,3.06,"DES Area, Production & Yield Query Report"
Karnataka,Shimoga,2014,2014 - 2015,Whole Year,All Crops,121869.0,370006.0,3.04,"DES Area, Production & Yield Query Report"
Karnataka,Shimoga,2015,2015 - 2016,Whole Year,All Crops,110025.0,286757.0,2.61,"DES Area, Production & Yield Query Report"
Karnataka,Shimoga,2016,2016 - 2017,Whole Year,All Crops,104444.0,218596.0,2.09,"DES Area, Production & Yield Query Report"
Karnataka,Shimoga,2017,2017 - 2018,Whole Year,All Crops,93516.0,235096.0,2.51,"DES Area, Production & Yield Query Report"
Karnataka,Shimoga,2018,2018 - 2019,Whole Year,All Crops,95087.0,245464.0,2.58,"DES Area, Production & Yield Query Report"
Karnataka,Shimoga,2019,2019 - 2020,Whole Year,All Crops,89446.0,246982.0,2.76,"DES Area, Production & Yield Query Report"
Karnataka,Shimoga,2020,2020 - 2021,Whole Year,All Crops,88216.0,245072.0,2.78,"DES Area, Production & Yield Query Report"
Karnataka,Shimoga,2021,2021 - 2022,Whole Year,All Crops,85321.0,227582.0,2.67,"DES Area, Production & Yield Query Report"
Karnataka,Shimoga,2022,2022 - 2023,Whole Year,All Crops,80631.0,207830.0,2.58,"DES Area, Production & Yield Query Report"
Karnataka,Tumkur,2013,2013 - 2014,Whole Year,All Crops,13036.0,38493.0,2.95,"DES Area, Production & Yield Query Report"
Karnataka,Tumkur,2014,2014 - 2015,Whole Year,All Crops,9505.0,26932.0,2.83,"DES Area, Production & Yield Query Report"
Karnataka,Tumkur,2015,2015 - 2016,Whole Year,All Crops,10379.0,29246.0,2.82,"DES Area, Production & Yield Query Report"
Karnataka,Tumkur,2016,2016 - 2017,Whole Year,All Crops,10764.0,26209.0,2.43,"DES Area, Production & Yield Query Report"
Karnataka,Tumkur,2017,2017 - 2018,Whole Year,All Crops,4858.0,12286.0,2.53,"DES Area, Production & Yield Query Report"
Karnataka,Tumkur,2018,2018 - 2019,Whole Year,All Crops,6958.0,19195.0,2.76,"DES Area, Production & Yield Query Report"
Karnataka,Tumkur,2019,2019 - 2020,Whole Year,All Crops,2422.0,7573.0,3.13,"DES Area, Production & Yield Query Report"
Karnataka,Tumkur,2020,2020 - 2021,Whole Year,All Crops,3998.0,11946.0,2.99,"DES Area, Production & Yield Query Report"
Karnataka,Tumkur,2021,2021 - 2022,Whole Year,All Crops,3259.0,8003.0,2.46,"DES Area, Production & Yield Query Report"
Karnataka,Tumkur,2022,2022 - 2023,Whole Year,All Crops,3559.0,9021.0,2.53,"DES Area, Production & Yield Query Report"
Karnataka,Udupi,2013,2013 - 2014,Whole Year,All Crops,51597.0,137895.0,2.67,"DES Area, Production & Yield Query Report"
Karnataka,Udupi,2014,2014 - 2015,Whole Year,All Crops,49549.0,137332.0,2.77,"DES Area, Production & Yield Query Report"
Karnataka,Udupi,2015,2015 - 2016,Whole Year,All Crops,49606.0,124002.0,2.5,"DES Area, Production & Yield Query Report"
Karnataka,Udupi,2016,2016 - 2017,Whole Year,All Crops,47831.0,129444.0,2.71,"DES Area, Production & Yield Query Report"
Karnataka,Udupi,2017,2017 - 2018,Whole Year,All Crops,47095.0,142482.0,3.03,"DES Area, Production & Yield Query Report"
Karnataka,Udupi,2018,2018 - 2019,Whole Year,All Crops,34608.0,100117.0,2.89,"DES Area, Production & Yield Query Report"
Karnataka,Udupi,2019,2019 - 2020,Whole Year,All Crops,38323.0,109080.0,2.85,"DES Area, Production & Yield Query Report"
Karnataka,Udupi,2020,2020 - 2021,Whole Year,All Crops,40181.0,115348.0,2.87,"DES Area, Production & Yield Query Report"
Karnataka,Udupi,2021,2021 - 2022,Whole Year,All Crops,42704.0,125785.0,2.95,"DES Area, Production & Yield Query Report"
Karnataka,Udupi,2022,2022 - 2023,Whole Year,All Crops,40388.0,116896.0,2.89,"DES Area, Production & Yield Query Report"
Karnataka,Uttar kannad,2013,2013 - 2014,Whole Year,All Crops,69965.0,170323.0,2.43,"DES Area, Production & Yield Query Report"
Karnataka,Uttar kannad,2014,2014 - 2015,Whole Year,All Crops,68510.0,152702.0,2.23,"DES Area, Production & Yield Query Report"
Karnataka,Uttar kannad,2015,2015 - 2016,Whole Year,All Crops,67342.0,111638.0,1.66,"DES Area, Production & Yield Query Report"
Karnataka,Uttar kannad,2016,2016 - 2017,Whole Year,All Crops,66667.0,130858.0,1.96,"DES Area, Production & Yield Query Report"
Karnataka,Uttar kannad,2017,2017 - 2018,Whole Year,All Crops,62868.0,124235.0,1.98,"DES Area, Production & Yield Query Report"
Karnataka,Uttar kannad,2018,2018 - 2019,Whole Year,All Crops,53915.0,112697.0,2.09,"DES Area, Production & Yield Query Report"
Karnataka,Uttar kannad,2019,2019 - 2020,Whole Year,All Crops,47747.0,108981.0,2.28,"DES Area, Production & Yield Query Report"
Karnataka,Uttar kannad,2020,2020 - 2021,Whole Year,All Crops,47001.0,101018.0,2.15,"DES Area, Production & Yield Query Report"
Karnataka,Uttar kannad,2021,2021 - 2022,Whole Year,All Crops,45519.0,99786.0,2.19,"DES Area, Production & Yield Query Report"
Karnataka,Uttar kannad,2022,2022 - 2023,Whole Year,All Crops,39065.0,82183.0,2.1,"DES Area, Production & Yield Query Report"
Karnataka,Vijayanagar,2022,2022 - 2023,Whole Year,All Crops,27903.0,98029.0,3.51,"DES Area, Production & Yield Query Report"
Karnataka,Yadgir,2013,2013 - 2014,Whole Year,All Crops,69403.0,134414.0,1.94,"DES Area, Production & Yield Query Report"
Karnataka,Yadgir,2014,2014 - 2015,Whole Year,All Crops,82109.0,217585.0,2.65,"DES Area, Production & Yield Query Report"
Karnataka,Yadgir,2015,2015 - 2016,Whole Year,All Crops,49358.0,99241.0,2.01,"DES Area, Production & Yield Query Report"
Karnataka,Yadgir,2016,2016 - 2017,Whole Year,All Crops,90009.0,297313.0,3.3,"DES Area, Production & Yield Query Report"
Karnataka,Yadgir,2017,2017 - 2018,Whole Year,All Crops,105443.0,339755.0,3.22,"DES Area, Production & Yield Query Report"
Karnataka,Yadgir,2018,2018 - 2019,Whole Year,All Crops,97584.0,273785.0,2.81,"DES Area, Production & Yield Query Report"
Karnataka,Yadgir,2019,2019 - 2020,Whole Year,All Crops,120418.0,420776.0,3.49,"DES Area, Production & Yield Query Report"
Karnataka,Yadgir,2020,2020 - 2021,Whole Year,All Crops,143122.0,430001.0,3.0,"DES Area, Production & Yield Query Report"
Karnataka,Yadgir,2021,2021 - 2022,Whole Year,All Crops,145204.0,432170.0,2.98,"DES Area, Production & Yield Query Report"
Karnataka,Yadgir,2022,2022 - 2023,Whole Year,All Crops,135591.0,440925.0,3.25,"DES Area, Production & Yield Query Report"
Kerala,Alappuzha,2013,2013 - 2014,Whole Year,All Crops,37403.0,106866.0,2.86,"DES Area, Production & Yield Query Report"
Kerala,Alappuzha,2014,2014 - 2015,Whole Year,All Crops,34415.0,103095.0,3.0,"DES Area, Production & Yield Query Report"
Kerala,Alappuzha,2015,2015 - 2016,Whole Year,All Crops,31724.0,89335.0,2.82,"DES Area, Production & Yield Query Report"
Kerala,Alappuzha,2016,2016 - 2017,Whole Year,All Crops,32453.0,102439.0,3.16,"DES Area, Production & Yield Query Report"
Kerala,Alappuzha,2017,2017 - 2018,Whole Year,All Crops,36325.0,105676.0,2.91,"DES Area, Production & Yield Query Report"
Kerala,Alappuzha,2018,2018 - 2019,Whole Year,All Crops,38623.0,128560.0,3.33,"DES Area, Production & Yield Query Report"
Kerala,Alappuzha,2019,2019 - 2020,Whole Year,All Crops,40338.0,125776.0,3.12,"DES Area, Production & Yield Query Report"
Kerala,Alappuzha,2020,2020 - 2021,Whole Year,All Crops,40048.0,125803.0,3.14,"DES Area, Production & Yield Query Report"
Kerala,Alappuzha,2021,2021 - 2022,Whole Year,All Crops,36528.0,93193.0,2.55,"DES Area, Production & Yield Query Report"
Kerala,Alappuzha,2022,2022 - 2023,Whole Year,All Crops,38908.0,120161.0,3.09,"DES Area, Production & Yield Query Report"
Kerala,Ernakulam,2013,2013 - 2014,Whole Year,All Crops,4052.0,9056.0,2.23,"DES Area, Production & Yield Query Report"
Kerala,Ernakulam,2014,2014 - 2015,Whole Year,All Crops,4644.0,9974.0,2.15,"DES Area, Production & Yield Query Report"
Kerala,Ernakulam,2015,2015 - 2016,Whole Year,All Crops,5950.0,12652.0,2.13,"DES Area, Production & Yield Query Report"
Kerala,Ernakulam,2016,2016 - 2017,Whole Year,All Crops,4730.0,10695.0,2.26,"DES Area, Production & Yield Query Report"
Kerala,Ernakulam,2017,2017 - 2018,Whole Year,All Crops,5414.0,12888.0,2.38,"DES Area, Production & Yield Query Report"
Kerala,Ernakulam,2018,2018 - 2019,Whole Year,All Crops,5002.0,11191.0,2.24,"DES Area, Production & Yield Query Report"
Kerala,Ernakulam,2019,2019 - 2020,Whole Year,All Crops,4646.0,10864.0,2.34,"DES Area, Production & Yield Query Report"
Kerala,Ernakulam,2020,2020 - 2021,Whole Year,All Crops,4719.0,10971.0,2.32,"DES Area, Production & Yield Query Report"
Kerala,Ernakulam,2021,2021 - 2022,Whole Year,All Crops,4723.0,10473.0,2.22,"DES Area, Production & Yield Query Report"
Kerala,Ernakulam,2022,2022 - 2023,Whole Year,All Crops,4622.0,11349.0,2.46,"DES Area, Production & Yield Query Report"
Kerala,Idukki,2013,2013 - 2014,Whole Year,All Crops,661.0,1796.0,2.72,"DES Area, Production & Yield Query Report"
Kerala,Idukki,2014,2014 - 2015,Whole Year,All Crops,697.0,1803.0,2.59,"DES Area, Production & Yield Query Report"
Kerala,Idukki,2015,2015 - 2016,Whole Year,All Crops,887.0,2198.0,2.48,"DES Area, Production & Yield Query Report"
Kerala,Idukki,2016,2016 - 2017,Whole Year,All Crops,695.0,1631.0,2.35,"DES Area, Production & Yield Query Report"
Kerala,Idukki,2017,2017 - 2018,Whole Year,All Crops,825.0,2293.0,2.78,"DES Area, Production & Yield Query Report"
Kerala,Idukki,2018,2018 - 2019,Whole Year,All Crops,676.0,1562.0,2.31,"DES Area, Production & Yield Query Report"
Kerala,Idukki,2019,2019 - 2020,Whole Year,All Crops,616.0,1500.0,2.44,"DES Area, Production & Yield Query Report"
Kerala,Idukki,2020,2020 - 2021,Whole Year,All Crops,804.0,1900.0,2.36,"DES Area, Production & Yield Query Report"
Kerala,Idukki,2021,2021 - 2022,Whole Year,All Crops,488.0,919.0,1.88,"DES Area, Production & Yield Query Report"
Kerala,Idukki,2022,2022 - 2023,Whole Year,All Crops,362.0,925.0,2.55,"DES Area, Production & Yield Query Report"
Kerala,Kannur,2013,2013 - 2014,Whole Year,All Crops,5080.0,11293.0,2.22,"DES Area, Production & Yield Query Report"
Kerala,Kannur,2014,2014 - 2015,Whole Year,All Crops,4955.0,11164.0,2.25,"DES Area, Production & Yield Query Report"
Kerala,Kannur,2015,2015 - 2016,Whole Year,All Crops,5478.0,11518.0,2.1,"DES Area, Production & Yield Query Report"
Kerala,Kannur,2016,2016 - 2017,Whole Year,All Crops,4671.0,10623.0,2.27,"DES Area, Production & Yield Query Report"
Kerala,Kannur,2017,2017 - 2018,Whole Year,All Crops,5190.0,11318.0,2.18,"DES Area, Production & Yield Query Report"
Kerala,Kannur,2018,2018 - 2019,Whole Year,All Crops,5140.0,11143.0,2.17,"DES Area, Production & Yield Query Report"
Kerala,Kannur,2019,2019 - 2020,Whole Year,All Crops,5715.0,12449.0,2.18,"DES Area, Production & Yield Query Report"
Kerala,Kannur,2020,2020 - 2021,Whole Year,All Crops,6319.0,14408.0,2.28,"DES Area, Production & Yield Query Report"
Kerala,Kannur,2021,2021 - 2022,Whole Year,All Crops,5253.0,11136.0,2.12,"DES Area, Production & Yield Query Report"
Kerala,Kannur,2022,2022 - 2023,Whole Year,All Crops,3702.0,8523.0,2.3,"DES Area, Production & Yield Query Report"
Kerala,Kasaragod,2013,2013 - 2014,Whole Year,All Crops,4205.0,9439.0,2.24,"DES Area, Production & Yield Query Report"
Kerala,Kasaragod,2014,2014 - 2015,Whole Year,All Crops,2665.0,6095.0,2.29,"DES Area, Production & Yield Query Report"
Kerala,Kasaragod,2015,2015 - 2016,Whole Year,All Crops,3843.0,8560.0,2.23,"DES Area, Production & Yield Query Report"
Kerala,Kasaragod,2016,2016 - 2017,Whole Year,All Crops,2737.0,6217.0,2.27,"DES Area, Production & Yield Query Report"
Kerala,Kasaragod,2017,2017 - 2018,Whole Year,All Crops,2061.0,4867.0,2.36,"DES Area, Production & Yield Query Report"
Kerala,Kasaragod,2018,2018 - 2019,Whole Year,All Crops,2234.0,5024.0,2.25,"DES Area, Production & Yield Query Report"
Kerala,Kasaragod,2019,2019 - 2020,Whole Year,All Crops,2314.0,4930.0,2.13,"DES Area, Production & Yield Query Report"
Kerala,Kasaragod,2020,2020 - 2021,Whole Year,All Crops,3051.0,6611.0,2.17,"DES Area, Production & Yield Query Report"
Kerala,Kasaragod,2021,2021 - 2022,Whole Year,All Crops,2983.0,6219.0,2.08,"DES Area, Production & Yield Query Report"
Kerala,Kasaragod,2022,2022 - 2023,Whole Year,All Crops,2285.0,5137.0,2.25,"DES Area, Production & Yield Query Report"
Kerala,Kollam,2013,2013 - 2014,Whole Year,All Crops,1363.0,3234.0,2.37,"DES Area, Production & Yield Query Report"
Kerala,Kollam,2014,2014 - 2015,Whole Year,All Crops,1327.0,3150.0,2.37,"DES Area, Production & Yield Query Report"
Kerala,Kollam,2015,2015 - 2016,Whole Year,All Crops,1555.0,3351.0,2.15,"DES Area, Production & Yield Query Report"
Kerala,Kollam,2016,2016 - 2017,Whole Year,All Crops,1302.0,2396.0,1.84,"DES Area, Production & Yield Query Report"
Kerala,Kollam,2017,2017 - 2018,Whole Year,All Crops,1923.0,4302.0,2.24,"DES Area, Production & Yield Query Report"
Kerala,Kollam,2018,2018 - 2019,Whole Year,All Crops,1975.0,4514.0,2.29,"DES Area, Production & Yield Query Report"
Kerala,Kollam,2019,2019 - 2020,Whole Year,All Crops,2203.0,4381.0,1.99,"DES Area, Production & Yield Query Report"
Kerala,Kollam,2020,2020 - 2021,Whole Year,All Crops,2355.0,5219.0,2.22,"DES Area, Production & Yield Query Report"
Kerala,Kollam,2021,2021 - 2022,Whole Year,All Crops,1892.0,4228.0,2.24,"DES Area, Production & Yield Query Report"
Kerala,Kollam,2022,2022 - 2023,Whole Year,All Crops,1794.0,4329.0,2.41,"DES Area, Production & Yield Query Report"
Kerala,Kottayam,2013,2013 - 2014,Whole Year,All Crops,15746.0,50729.0,3.22,"DES Area, Production & Yield Query Report"
Kerala,Kottayam,2014,2014 - 2015,Whole Year,All Crops,17295.0,49393.0,2.86,"DES Area, Production & Yield Query Report"
Kerala,Kottayam,2015,2015 - 2016,Whole Year,All Crops,16272.0,49506.0,3.04,"DES Area, Production & Yield Query Report"
Kerala,Kottayam,2016,2016 - 2017,Whole Year,All Crops,17216.0,48030.0,2.79,"DES Area, Production & Yield Query Report"
Kerala,Kottayam,2017,2017 - 2018,Whole Year,All Crops,17426.0,49509.0,2.84,"DES Area, Production & Yield Query Report"
Kerala,Kottayam,2018,2018 - 2019,Whole Year,All Crops,22172.0,61917.0,2.79,"DES Area, Production & Yield Query Report"
Kerala,Kottayam,2019,2019 - 2020,Whole Year,All Crops,18740.0,52856.0,2.82,"DES Area, Production & Yield Query Report"
Kerala,Kottayam,2020,2020 - 2021,Whole Year,All Crops,18491.0,54268.0,2.93,"DES Area, Production & Yield Query Report"
Kerala,Kottayam,2021,2021 - 2022,Whole Year,All Crops,18547.0,50362.0,2.72,"DES Area, Production & Yield Query Report"
Kerala,Kottayam,2022,2022 - 2023,Whole Year,All Crops,17984.0,55711.0,3.1,"DES Area, Production & Yield Query Report"
Kerala,Kozhikode,2013,2013 - 2014,Whole Year,All Crops,2433.0,3850.0,1.58,"DES Area, Production & Yield Query Report"
Kerala,Kozhikode,2014,2014 - 2015,Whole Year,All Crops,2321.0,3423.0,1.47,"DES Area, Production & Yield Query Report"
Kerala,Kozhikode,2015,2015 - 2016,Whole Year,All Crops,2872.0,3608.0,1.26,"DES Area, Production & Yield Query Report"
Kerala,Kozhikode,2016,2016 - 2017,Whole Year,All Crops,1987.0,2935.0,1.48,"DES Area, Production & Yield Query Report"
Kerala,Kozhikode,2017,2017 - 2018,Whole Year,All Crops,2528.0,3960.0,1.57,"DES Area, Production & Yield Query Report"
Kerala,Kozhikode,2018,2018 - 2019,Whole Year,All Crops,2175.0,3439.0,1.58,"DES Area, Production & Yield Query Report"
Kerala,Kozhikode,2019,2019 - 2020,Whole Year,All Crops,2404.0,3359.0,1.4,"DES Area, Production & Yield Query Report"
Kerala,Kozhikode,2020,2020 - 2021,Whole Year,All Crops,2097.0,2663.0,1.27,"DES Area, Production & Yield Query Report"
Kerala,Kozhikode,2021,2021 - 2022,Whole Year,All Crops,1834.0,2420.0,1.32,"DES Area, Production & Yield Query Report"
Kerala,Kozhikode,2022,2022 - 2023,Whole Year,All Crops,1619.0,2271.0,1.4,"DES Area, Production & Yield Query Report"
Kerala,Malappuram,2013,2013 - 2014,Whole Year,All Crops,7549.0,19709.0,2.61,"DES Area, Production & Yield Query Report"
Kerala,Malappuram,2014,2014 - 2015,Whole Year,All Crops,8402.0,22279.0,2.65,"DES Area, Production & Yield Query Report"
Kerala,Malappuram,2015,2015 - 2016,Whole Year,All Crops,8687.0,23649.0,2.72,"DES Area, Production & Yield Query Report"
Kerala,Malappuram,2016,2016 - 2017,Whole Year,All Crops,7140.0,17211.0,2.41,"DES Area, Production & Yield Query Report"
Kerala,Malappuram,2017,2017 - 2018,Whole Year,All Crops,7790.0,23571.0,3.03,"DES Area, Production & Yield Query Report"
Kerala,Malappuram,2018,2018 - 2019,Whole Year,All Crops,8206.0,26984.0,3.29,"DES Area, Production & Yield Query Report"
Kerala,Malappuram,2019,2019 - 2020,Whole Year,All Crops,8803.0,28535.0,3.24,"DES Area, Production & Yield Query Report"
Kerala,Malappuram,2020,2020 - 2021,Whole Year,All Crops,9379.0,30504.0,3.25,"DES Area, Production & Yield Query Report"
Kerala,Malappuram,2021,2021 - 2022,Whole Year,All Crops,9813.0,31355.0,3.2,"DES Area, Production & Yield Query Report"
Kerala,Malappuram,2022,2022 - 2023,Whole Year,All Crops,9596.0,33660.0,3.51,"DES Area, Production & Yield Query Report"
Kerala,Palakkad,2013,2013 - 2014,Whole Year,All Crops,82896.0,238065.0,2.87,"DES Area, Production & Yield Query Report"
Kerala,Palakkad,2014,2014 - 2015,Whole Year,All Crops,82912.0,236398.0,2.85,"DES Area, Production & Yield Query Report"
Kerala,Palakkad,2015,2015 - 2016,Whole Year,All Crops,81120.0,228459.0,2.82,"DES Area, Production & Yield Query Report"
Kerala,Palakkad,2016,2016 - 2017,Whole Year,All Crops,65513.0,144275.0,2.2,"DES Area, Production & Yield Query Report"
Kerala,Palakkad,2017,2017 - 2018,Whole Year,All Crops,75276.0,198626.0,2.64,"DES Area, Production & Yield Query Report"
Kerala,Palakkad,2018,2018 - 2019,Whole Year,All Crops,76943.0,215285.0,2.8,"DES Area, Production & Yield Query Report"
Kerala,Palakkad,2019,2019 - 2020,Whole Year,All Crops,76961.0,248577.0,3.23,"DES Area, Production & Yield Query Report"
Kerala,Palakkad,2020,2020 - 2021,Whole Year,All Crops,76754.0,246992.0,3.22,"DES Area, Production & Yield Query Report"
Kerala,Palakkad,2021,2021 - 2022,Whole Year,All Crops,76504.0,243385.0,3.18,"DES Area, Production & Yield Query Report"
Kerala,Palakkad,2022,2022 - 2023,Whole Year,All Crops,73401.0,234166.0,3.19,"DES Area, Production & Yield Query Report"
Kerala,Pathanamthitta,2013,2013 - 2014,Whole Year,All Crops,2467.0,7554.0,3.06,"DES Area, Production & Yield Query Report"
Kerala,Pathanamthitta,2014,2014 - 2015,Whole Year,All Crops,2592.0,7573.0,2.92,"DES Area, Production & Yield Query Report"
Kerala,Pathanamthitta,2015,2015 - 2016,Whole Year,All Crops,2534.0,8396.0,3.31,"DES Area, Production & Yield Query Report"
Kerala,Pathanamthitta,2016,2016 - 2017,Whole Year,All Crops,2640.0,8837.0,3.35,"DES Area, Production & Yield Query Report"
Kerala,Pathanamthitta,2017,2017 - 2018,Whole Year,All Crops,3087.0,8843.0,2.86,"DES Area, Production & Yield Query Report"
Kerala,Pathanamthitta,2018,2018 - 2019,Whole Year,All Crops,3169.0,11676.0,3.68,"DES Area, Production & Yield Query Report"
Kerala,Pathanamthitta,2019,2019 - 2020,Whole Year,All Crops,3504.0,11388.0,3.25,"DES Area, Production & Yield Query Report"
Kerala,Pathanamthitta,2020,2020 - 2021,Whole Year,All Crops,3751.0,11144.0,2.97,"DES Area, Production & Yield Query Report"
Kerala,Pathanamthitta,2021,2021 - 2022,Whole Year,All Crops,3525.0,8554.0,2.43,"DES Area, Production & Yield Query Report"
Kerala,Pathanamthitta,2022,2022 - 2023,Whole Year,All Crops,3615.0,11958.0,3.31,"DES Area, Production & Yield Query Report"
Kerala,Thiruvananthapuram,2013,2013 - 2014,Whole Year,All Crops,2001.0,5326.0,2.66,"DES Area, Production & Yield Query Report"
Kerala,Thiruvananthapuram,2014,2014 - 2015,Whole Year,All Crops,2093.0,5561.0,2.66,"DES Area, Production & Yield Query Report"
Kerala,Thiruvananthapuram,2015,2015 - 2016,Whole Year,All Crops,2119.0,5453.0,2.57,"DES Area, Production & Yield Query Report"
Kerala,Thiruvananthapuram,2016,2016 - 2017,Whole Year,All Crops,1392.0,3069.0,2.2,"DES Area, Production & Yield Query Report"
Kerala,Thiruvananthapuram,2017,2017 - 2018,Whole Year,All Crops,1737.0,4551.0,2.62,"DES Area, Production & Yield Query Report"
Kerala,Thiruvananthapuram,2018,2018 - 2019,Whole Year,All Crops,1969.0,5167.0,2.62,"DES Area, Production & Yield Query Report"
Kerala,Thiruvananthapuram,2019,2019 - 2020,Whole Year,All Crops,1864.0,4638.0,2.49,"DES Area, Production & Yield Query Report"
Kerala,Thiruvananthapuram,2020,2020 - 2021,Whole Year,All Crops,2130.0,5660.0,2.66,"DES Area, Production & Yield Query Report"
Kerala,Thiruvananthapuram,2021,2021 - 2022,Whole Year,All Crops,1842.0,4442.0,2.41,"DES Area, Production & Yield Query Report"
Kerala,Thiruvananthapuram,2022,2022 - 2023,Whole Year,All Crops,1716.0,4287.0,2.5,"DES Area, Production & Yield Query Report"
Kerala,Thrissur,2013,2013 - 2014,Whole Year,All Crops,22274.0,66653.0,2.99,"DES Area, Production & Yield Query Report"
Kerala,Thrissur,2014,2014 - 2015,Whole Year,All Crops,24151.0,76016.0,3.15,"DES Area, Production & Yield Query Report"
Kerala,Thrissur,2015,2015 - 2016,Whole Year,All Crops,24625.0,78886.0,3.2,"DES Area, Production & Yield Query Report"
Kerala,Thrissur,2016,2016 - 2017,Whole Year,All Crops,21100.0,57478.0,2.72,"DES Area, Production & Yield Query Report"
Kerala,Thrissur,2017,2017 - 2018,Whole Year,All Crops,21478.0,69114.0,3.22,"DES Area, Production & Yield Query Report"
Kerala,Thrissur,2018,2018 - 2019,Whole Year,All Crops,21982.0,69454.0,3.16,"DES Area, Production & Yield Query Report"
Kerala,Thrissur,2019,2019 - 2020,Whole Year,All Crops,22746.0,76775.0,3.38,"DES Area, Production & Yield Query Report"
Kerala,Thrissur,2020,2020 - 2021,Whole Year,All Crops,23902.0,87655.0,3.67,"DES Area, Production & Yield Query Report"
Kerala,Thrissur,2021,2021 - 2022,Whole Year,All Crops,23659.0,72603.0,3.07,"DES Area, Production & Yield Query Report"
Kerala,Thrissur,2022,2022 - 2023,Whole Year,All Crops,22868.0,78408.0,3.43,"DES Area, Production & Yield Query Report"
Kerala,Wayanad,2013,2013 - 2014,Whole Year,All Crops,11481.0,30755.0,2.68,"DES Area, Production & Yield Query Report"
Kerala,Wayanad,2014,2014 - 2015,Whole Year,All Crops,9690.0,26168.0,2.7,"DES Area, Production & Yield Query Report"
Kerala,Wayanad,2015,2015 - 2016,Whole Year,All Crops,9204.0,23704.0,2.58,"DES Area, Production & Yield Query Report"
Kerala,Wayanad,2016,2016 - 2017,Whole Year,All Crops,7822.0,20647.0,2.64,"DES Area, Production & Yield Query Report"
Kerala,Wayanad,2017,2017 - 2018,Whole Year,All Crops,8026.0,21792.0,2.72,"DES Area, Production & Yield Query Report"
Kerala,Wayanad,2018,2018 - 2019,Whole Year,All Crops,7762.0,22340.0,2.88,"DES Area, Production & Yield Query Report"
Kerala,Wayanad,2019,2019 - 2020,Whole Year,All Crops,7326.0,19513.0,2.66,"DES Area, Production & Yield Query Report"
Kerala,Wayanad,2020,2020 - 2021,Whole Year,All Crops,8065.0,23088.0,2.86,"DES Area, Production & Yield Query Report"
Kerala,Wayanad,2021,2021 - 2022,Whole Year,All Crops,8144.0,22809.0,2.8,"DES Area, Production & Yield Query Report"
Kerala,Wayanad,2022,2022 - 2023,Whole Year,All Crops,7700.0,21797.0,2.83,"DES Area, Production & Yield Query Report"
Madhya Pradesh,Agar malwa,2013,2013 - 2014,Whole Year,All Crops,2.0,1.0,0.5,"DES Area, Production & Yield Query Report"
Madhya Pradesh,Agar malwa,2018,2018 - 2019,Whole Year,All Crops,286.0,286.0,1.0,"DES Area, Production & Yield Query Report"
Madhya Pradesh,Agar malwa,2020,2020 - 2021,Whole Year,All Crops,103.0,253.0,2.45,"DES Area, Production & Yield Query Report"
Madhya Pradesh,Agar malwa,2022,2022 - 2023,Whole Year,All Crops,7.0,14.0,2.0,"DES Area, Production & Yield Query Report"
Madhya Pradesh,Alirajpur,2013,2013 - 2014,Whole Year,All Crops,6947.0,4361.0,0.63,"DES Area, Production & Yield Query Report"
Madhya Pradesh,Alirajpur,2014,2014 - 2015,Whole Year,All Crops,5000.0,4670.0,0.93,"DES Area, Production & Yield Query Report"
Madhya Pradesh,Alirajpur,2015,2015 - 2016,Whole Year,All Crops,5000.0,5330.0,1.07,"DES Area, Production & Yield Query Report"
Madhya Pradesh,Alirajpur,2016,2016 - 2017,Whole Year,All Crops,5000.0,5330.0,1.07,"DES Area, Production & Yield Query Report"
Madhya Pradesh,Alirajpur,2017,2017 - 2018,Whole Year,All Crops,5260.0,5010.0,0.95,"DES Area, Production & Yield Query Report"
Madhya Pradesh,Alirajpur,2018,2018 - 2019,Whole Year,All Crops,4443.0,4381.0,0.99,"DES Area, Production & Yield Query Report"
Madhya Pradesh,Alirajpur,2019,2019 - 2020,Whole Year,All Crops,4672.0,5511.0,1.18,"DES Area, Production & Yield Query Report"
Madhya Pradesh,Alirajpur,2020,2020 - 2021,Whole Year,All Crops,4380.0,5201.0,1.19,"DES Area, Production & Yield Query Report"
Madhya Pradesh,Alirajpur,2021,2021 - 2022,Whole Year,All Crops,4534.0,5686.0,1.25,"DES Area, Production & Yield Query Report"
Madhya Pradesh,Alirajpur,2022,2022 - 2023,Whole Year,All Crops,4985.0,9876.0,1.98,"DES Area, Production & Yield Query Report"
Madhya Pradesh,Anuppur,2013,2013 - 2014,Whole Year,All Crops,105066.0,190548.0,1.81,"DES Area, Production & Yield Query Report"
Madhya Pradesh,Anuppur,2014,2014 - 2015,Whole Year,All Crops,107000.0,206670.0,1.93,"DES Area, Production & Yield Query Report"
Madhya Pradesh,Anuppur,2015,2015 - 2016,Whole Year,All Crops,92000.0,148000.0,1.61,"DES Area, Production & Yield Query Report"
Madhya Pradesh,Anuppur,2016,2016 - 2017,Whole Year,All Crops,109000.0,206660.0,1.9,"DES Area, Production & Yield Query Report"
Madhya Pradesh,Anuppur,2017,2017 - 2018,Whole Year,All Crops,107200.0,171440.0,1.6,"DES Area, Production & Yield Query Report"
Madhya Pradesh,Anuppur,2018,2018 - 2019,Whole Year,All Crops,102416.0,136084.0,1.33,"DES Area, Production & Yield Query Report"
Madhya Pradesh,Anuppur,2019,2019 - 2020,Whole Year,All Crops,125014.0,254431.0,2.04,"DES Area, Production & Yield Query Report"
Madhya Pradesh,Anuppur,2020,2020 - 2021,Whole Year,All Crops,129418.0,263586.0,2.04,"DES Area, Production & Yield Query Report"
Madhya Pradesh,Anuppur,2021,2021 - 2022,Whole Year,All Crops,135252.0,203329.0,1.5,"DES Area, Production & Yield Query Report"
Madhya Pradesh,Anuppur,2022,2022 - 2023,Whole Year,All Crops,135881.0,320000.0,2.36,"DES Area, Production & Yield Query Report"
Madhya Pradesh,Ashoknagar,2013,2013 - 2014,Whole Year,All Crops,1409.0,2336.0,1.66,"DES Area, Production & Yield Query Report"
Madhya Pradesh,Ashoknagar,2014,2014 - 2015,Whole Year,All Crops,2000.0,3330.0,1.67,"DES Area, Production & Yield Query Report"
Madhya Pradesh,Ashoknagar,2015,2015 - 2016,Whole Year,All Crops,2000.0,3330.0,1.67,"DES Area, Production & Yield Query Report"
Madhya Pradesh,Ashoknagar,2017,2017 - 2018,Whole Year,All Crops,3720.0,5790.0,1.56,"DES Area, Production & Yield Query Report"
Madhya Pradesh,Ashoknagar,2018,2018 - 2019,Whole Year,All Crops,4646.0,9321.0,2.01,"DES Area, Production & Yield Query Report"
Madhya Pradesh,Ashoknagar,2019,2019 - 2020,Whole Year,All Crops,8298.0,23857.0,2.88,"DES Area, Production & Yield Query Report"
Madhya Pradesh,Ashoknagar,2020,2020 - 2021,Whole Year,All Crops,8035.0,23101.0,2.88,"DES Area, Production & Yield Query Report"
Madhya Pradesh,Ashoknagar,2021,2021 - 2022,Whole Year,All Crops,11512.0,27706.0,2.41,"DES Area, Production & Yield Query Report"
Madhya Pradesh,Ashoknagar,2022,2022 - 2023,Whole Year,All Crops,20750.0,74908.0,3.61,"DES Area, Production & Yield Query Report"
Madhya Pradesh,Balaghat,2013,2013 - 2014,Whole Year,All Crops,258647.0,434079.0,1.68,"DES Area, Production & Yield Query Report"
Madhya Pradesh,Balaghat,2014,2014 - 2015,Whole Year,All Crops,245000.0,449330.0,1.83,"DES Area, Production & Yield Query Report"
Madhya Pradesh,Balaghat,2015,2015 - 2016,Whole Year,All Crops,266000.0,449330.0,1.69,"DES Area, Production & Yield Query Report"
Madhya Pradesh,Balaghat,2016,2016 - 2017,Whole Year,All Crops,272000.0,675330.0,2.48,"DES Area, Production & Yield Query Report"
Madhya Pradesh,Balaghat,2017,2017 - 2018,Whole Year,All Crops,220210.0,395480.0,1.8,"DES Area, Production & Yield Query Report"
Madhya Pradesh,Balaghat,2018,2018 - 2019,Whole Year,All Crops,300301.0,603446.0,2.01,"DES Area, Production & Yield Query Report"
Madhya Pradesh,Balaghat,2019,2019 - 2020,Whole Year,All Crops,348135.0,799725.0,2.3,"DES Area, Production & Yield Query Report"
Madhya Pradesh,Balaghat,2020,2020 - 2021,Whole Year,All Crops,338669.0,791274.0,2.34,"DES Area, Production & Yield Query Report"
Madhya Pradesh,Balaghat,2021,2021 - 2022,Whole Year,All Crops,301090.0,588130.0,1.95,"DES Area, Production & Yield Query Report"
Madhya Pradesh,Balaghat,2022,2022 - 2023,Whole Year,All Crops,306354.0,897617.0,2.93,"DES Area, Production & Yield Query Report"
Madhya Pradesh,Barwani,2013,2013 - 2014,Whole Year,All Crops,1092.0,414.0,0.38,"DES Area, Production & Yield Query Report"
Madhya Pradesh,Barwani,2014,2014 - 2015,Whole Year,All Crops,1000.0,2000.0,2.0,"DES Area, Production & Yield Query Report"
Madhya Pradesh,Barwani,2015,2015 - 2016,Whole Year,All Crops,1000.0,660.0,0.66,"DES Area, Production & Yield Query Report"
Madhya Pradesh,Barwani,2016,2016 - 2017,Whole Year,All Crops,1000.0,660.0,0.66,"DES Area, Production & Yield Query Report"
Madhya Pradesh,Barwani,2017,2017 - 2018,Whole Year,All Crops,1360.0,1796.0,1.32,"DES Area, Production & Yield Query Report"
Madhya Pradesh,Barwani,2018,2018 - 2019,Whole Year,All Crops,652.0,210.0,0.32,"DES Area, Production & Yield Query Report"
Madhya Pradesh,Barwani,2019,2019 - 2020,Whole Year,All Crops,1286.0,166.0,0.13,"DES Area, Production & Yield Query Report"
Madhya Pradesh,Barwani,2020,2020 - 2021,Whole Year,All Crops,1578.0,3115.0,1.97,"DES Area, Production & Yield Query Report"
Madhya Pradesh,Barwani,2021,2021 - 2022,Whole Year,All Crops,302.0,361.0,1.19,"DES Area, Production & Yield Query Report"
Madhya Pradesh,Barwani,2022,2022 - 2023,Whole Year,All Crops,268.0,507.0,1.89,"DES Area, Production & Yield Query Report"
Madhya Pradesh,Betul,2013,2013 - 2014,Whole Year,All Crops,43844.0,98853.0,2.25,"DES Area, Production & Yield Query Report"
Madhya Pradesh,Betul,2014,2014 - 2015,Whole Year,All Crops,47000.0,105330.0,2.24,"DES Area, Production & Yield Query Report"
Madhya Pradesh,Betul,2015,2015 - 2016,Whole Year,All Crops,42000.0,74660.0,1.78,"DES Area, Production & Yield Query Report"
Madhya Pradesh,Betul,2016,2016 - 2017,Whole Year,All Crops,55000.0,97330.0,1.77,"DES Area, Production & Yield Query Report"
Madhya Pradesh,Betul,2017,2017 - 2018,Whole Year,All Crops,45000.0,79110.0,1.76,"DES Area, Production & Yield Query Report"
Madhya Pradesh,Betul,2018,2018 - 2019,Whole Year,All Crops,28209.0,42102.0,1.49,"DES Area, Production & Yield Query Report"
Madhya Pradesh,Betul,2019,2019 - 2020,Whole Year,All Crops,24188.0,43869.0,1.81,"DES Area, Production & Yield Query Report"
Madhya Pradesh,Betul,2020,2020 - 2021,Whole Year,All Crops,26995.0,52557.0,1.95,"DES Area, Production & Yield Query Report"
Madhya Pradesh,Betul,2021,2021 - 2022,Whole Year,All Crops,35486.0,66713.0,1.88,"DES Area, Production & Yield Query Report"
Madhya Pradesh,Betul,2022,2022 - 2023,Whole Year,All Crops,33807.0,96349.0,2.85,"DES Area, Production & Yield Query Report"
Madhya Pradesh,Bhind,2013,2013 - 2014,Whole Year,All Crops,4800.0,20805.0,4.33,"DES Area, Production & Yield Query Report"
Madhya Pradesh,Bhind,2014,2014 - 2015,Whole Year,All Crops,6000.0,20670.0,3.45,"DES Area, Production & Yield Query Report"
Madhya Pradesh,Bhind,2015,2015 - 2016,Whole Year,All Crops,6000.0,27330.0,4.56,"DES Area, Production & Yield Query Report"
Madhya Pradesh,Bhind,2016,2016 - 2017,Whole Year,All Crops,7000.0,15330.0,2.19,"DES Area, Production & Yield Query Report"
Madhya Pradesh,Bhind,2017,2017 - 2018,Whole Year,All Crops,3000.0,5760.0,1.92,"DES Area, Production & Yield Query Report"
Madhya Pradesh,Bhind,2018,2018 - 2019,Whole Year,All Crops,21279.0,76180.0,3.58,"DES Area, Production & Yield Query Report"
Madhya Pradesh,Bhind,2019,2019 - 2020,Whole Year,All Crops,25121.0,111607.0,4.44,"DES Area, Production & Yield Query Report"
Madhya Pradesh,Bhind,2020,2020 - 2021,Whole Year,All Crops,24934.0,107216.0,4.3,"DES Area, Production & Yield Query Report"
Madhya Pradesh,Bhind,2021,2021 - 2022,Whole Year,All Crops,19402.0,64155.0,3.31,"DES Area, Production & Yield Query Report"
Madhya Pradesh,Bhind,2022,2022 - 2023,Whole Year,All Crops,25407.0,109708.0,4.32,"DES Area, Production & Yield Query Report"
Madhya Pradesh,Bhopal,2013,2013 - 2014,Whole Year,All Crops,522.0,678.0,1.3,"DES Area, Production & Yield Query Report"
Madhya Pradesh,Bhopal,2014,2014 - 2015,Whole Year,All Crops,11000.0,28000.0,2.55,"DES Area, Production & Yield Query Report"
Madhya Pradesh,Bhopal,2015,2015 - 2016,Whole Year,All Crops,9000.0,22000.0,2.44,"DES Area, Production & Yield Query Report"
Madhya Pradesh,Bhopal,2017,2017 - 2018,Whole Year,All Crops,8950.0,5650.0,0.63,"DES Area, Production & Yield Query Report"
Madhya Pradesh,Bhopal,2018,2018 - 2019,Whole Year,All Crops,12920.0,12083.0,0.94,"DES Area, Production & Yield Query Report"
Madhya Pradesh,Bhopal,2019,2019 - 2020,Whole Year,All Crops,14503.0,17652.0,1.22,"DES Area, Production & Yield Query Report"
Madhya Pradesh,Bhopal,2020,2020 - 2021,Whole Year,All Crops,11701.0,19580.0,1.67,"DES Area, Production & Yield Query Report"
Madhya Pradesh,Bhopal,2021,2021 - 2022,Whole Year,All Crops,23844.0,36720.0,1.54,"DES Area, Production & Yield Query Report"
Madhya Pradesh,Bhopal,2022,2022 - 2023,Whole Year,All Crops,23641.0,84872.0,3.59,"DES Area, Production & Yield Query Report"
Madhya Pradesh,Burhanpur,2013,2013 - 2014,Whole Year,All Crops,919.0,909.0,0.99,"DES Area, Production & Yield Query Report"
Madhya Pradesh,Burhanpur,2017,2017 - 2018,Whole Year,All Crops,400.0,330.0,0.83,"DES Area, Production & Yield Query Report"
Madhya Pradesh,Burhanpur,2018,2018 - 2019,Whole Year,All Crops,1044.0,1270.0,1.22,"DES Area, Production & Yield Query Report"
Madhya Pradesh,Burhanpur,2019,2019 - 2020,Whole Year,All Crops,943.0,1577.0,1.67,"DES Area, Production & Yield Query Report"
Madhya Pradesh,Burhanpur,2020,2020 - 2021,Whole Year,All Crops,939.0,1628.0,1.73,"DES Area, Production & Yield Query Report"
Madhya Pradesh,Burhanpur,2021,2021 - 2022,Whole Year,All Crops,875.0,1212.0,1.39,"DES Area, Production & Yield Query Report"
Madhya Pradesh,Burhanpur,2022,2022 - 2023,Whole Year,All Crops,535.0,1054.0,1.97,"DES Area, Production & Yield Query Report"
Madhya Pradesh,Chhatarpur,2013,2013 - 2014,Whole Year,All Crops,5369.0,4745.0,0.88,"DES Area, Production & Yield Query Report"
Madhya Pradesh,Chhatarpur,2014,2014 - 2015,Whole Year,All Crops,10000.0,8670.0,0.87,"DES Area, Production & Yield Query Report"
Madhya Pradesh,Chhatarpur,2015,2015 - 2016,Whole Year,All Crops,8000.0,2660.0,0.33,"DES Area, Production & Yield Query Report"
Madhya Pradesh,Chhatarpur,2016,2016 - 2017,Whole Year,All Crops,8000.0,8660.0,1.08,"DES Area, Production & Yield Query Report"
Madhya Pradesh,Chhatarpur,2017,2017 - 2018,Whole Year,All Crops,6330.0,2980.0,0.47,"DES Area, Production & Yield Query Report"
Madhya Pradesh,Chhatarpur,2018,2018 - 2019,Whole Year,All Crops,2039.0,1647.0,0.81,"DES Area, Production & Yield Query Report"
Madhya Pradesh,Chhatarpur,2019,2019 - 2020,Whole Year,All Crops,1554.0,1677.0,1.08,"DES Area, Production & Yield Query Report"
Madhya Pradesh,Chhatarpur,2020,2020 - 2021,Whole Year,All Crops,1881.0,2521.0,1.34,"DES Area, Production & Yield Query Report"
Madhya Pradesh,Chhatarpur,2021,2021 - 2022,Whole Year,All Crops,1475.0,2040.0,1.38,"DES Area, Production & Yield Query Report"
Madhya Pradesh,Chhatarpur,2022,2022 - 2023,Whole Year,All Crops,1779.0,3576.0,2.01,"DES Area, Production & Yield Query Report"
Madhya Pradesh,Chhindwara,2013,2013 - 2014,Whole Year,All Crops,13808.0,28052.0,2.03,"DES Area, Production & Yield Query Report"
Madhya Pradesh,Chhindwara,2014,2014 - 2015,Whole Year,All Crops,20000.0,48000.0,2.4,"DES Area, Production & Yield Query Report"
Madhya Pradesh,Chhindwara,2015,2015 - 2016,Whole Year,All Crops,31000.0,58000.0,1.87,"DES Area, Production & Yield Query Report"
Madhya Pradesh,Chhindwara,2016,2016 - 2017,Whole Year,All Crops,35000.0,53330.0,1.52,"DES Area, Production & Yield Query Report"
Madhya Pradesh,Chhindwara,2017,2017 - 2018,Whole Year,All Crops,34010.0,42060.0,1.24,"DES Area, Production & Yield Query Report"
Madhya Pradesh,Chhindwara,2018,2018 - 2019,Whole Year,All Crops,14639.0,15620.0,1.07,"DES Area, Production & Yield Query Report"
Madhya Pradesh,Chhindwara,2019,2019 - 2020,Whole Year,All Crops,12158.0,19410.0,1.6,"DES Area, Production & Yield Query Report"
Madhya Pradesh,Chhindwara,2020,2020 - 2021,Whole Year,All Crops,15299.0,24433.0,1.6,"DES Area, Production & Yield Query Report"
Madhya Pradesh,Chhindwara,2021,2021 - 2022,Whole Year,All Crops,35631.0,69837.0,1.96,"DES Area, Production & Yield Query Report"
Madhya Pradesh,Chhindwara,2022,2022 - 2023,Whole Year,All Crops,35664.0,104852.0,2.94,"DES Area, Production & Yield Query Report"
Madhya Pradesh,Damoh,2013,2013 - 2014,Whole Year,All Crops,55634.0,62313.0,1.12,"DES Area, Production & Yield Query Report"
Madhya Pradesh,Damoh,2014,2014 - 2015,Whole Year,All Crops,66000.0,70670.0,1.07,"DES Area, Production & Yield Query Report"
Madhya Pradesh,Damoh,2015,2015 - 2016,Whole Year,All Crops,73000.0,86660.0,1.19,"DES Area, Production & Yield Query Report"
Madhya Pradesh,Damoh,2016,2016 - 2017,Whole Year,All Crops,80000.0,150000.0,1.88,"DES Area, Production & Yield Query Report"
Madhya Pradesh,Damoh,2017,2017 - 2018,Whole Year,All Crops,75730.0,126220.0,1.67,"DES Area, Production & Yield Query Report"
Madhya Pradesh,Damoh,2018,2018 - 2019,Whole Year,All Crops,76526.0,81774.0,1.07,"DES Area, Production & Yield Query Report"
Madhya Pradesh,Damoh,2019,2019 - 2020,Whole Year,All Crops,77713.0,103630.0,1.33,"DES Area, Production & Yield Query Report"
Madhya Pradesh,Damoh,2020,2020 - 2021,Whole Year,All Crops,87252.0,116350.0,1.33,"DES Area, Production & Yield Query Report"
Madhya Pradesh,Damoh,2021,2021 - 2022,Whole Year,All Crops,100977.0,160217.0,1.59,"DES Area, Production & Yield Query Report"
Madhya Pradesh,Damoh,2022,2022 - 2023,Whole Year,All Crops,91167.0,345067.0,3.78,"DES Area, Production & Yield Query Report"
Madhya Pradesh,Datia,2013,2013 - 2014,Whole Year,All Crops,12141.0,13898.0,1.14,"DES Area, Production & Yield Query Report"
Madhya Pradesh,Datia,2014,2014 - 2015,Whole Year,All Crops,30000.0,29330.0,0.98,"DES Area, Production & Yield Query Report"
Madhya Pradesh,Datia,2015,2015 - 2016,Whole Year,All Crops,14000.0,24000.0,1.71,"DES Area, Production & Yield Query Report"
Madhya Pradesh,Datia,2016,2016 - 2017,Whole Year,All Crops,17000.0,36660.0,2.16,"DES Area, Production & Yield Query Report"
Madhya Pradesh,Datia,2017,2017 - 2018,Whole Year,All Crops,16600.0,30180.0,1.82,"DES Area, Production & Yield Query Report"
Madhya Pradesh,Datia,2018,2018 - 2019,Whole Year,All Crops,44552.0,61147.0,1.37,"DES Area, Production & Yield Query Report"
Madhya Pradesh,Datia,2019,2019 - 2020,Whole Year,All Crops,65110.0,96967.0,1.49,"DES Area, Production & Yield Query Report"
Madhya Pradesh,Datia,2020,2020 - 2021,Whole Year,All Crops,74624.0,131338.0,1.76,"DES Area, Production & Yield Query Report"
Madhya Pradesh,Datia,2021,2021 - 2022,Whole Year,All Crops,79564.0,124119.0,1.56,"DES Area, Production & Yield Query Report"
Madhya Pradesh,Datia,2022,2022 - 2023,Whole Year,All Crops,86457.0,213549.0,2.47,"DES Area, Production & Yield Query Report"
Madhya Pradesh,Dewas,2013,2013 - 2014,Whole Year,All Crops,113.0,76.0,0.67,"DES Area, Production & Yield Query Report"
Madhya Pradesh,Dewas,2014,2014 - 2015,Whole Year,All Crops,1000.0,670.0,0.67,"DES Area, Production & Yield Query Report"
Madhya Pradesh,Dewas,2017,2017 - 2018,Whole Year,All Crops,100.0,73.0,0.73,"DES Area, Production & Yield Query Report"
Madhya Pradesh,Dewas,2018,2018 - 2019,Whole Year,All Crops,20.0,23.0,1.17,"DES Area, Production & Yield Query Report"
Madhya Pradesh,Dewas,2019,2019 - 2020,Whole Year,All Crops,3.0,4.0,1.33,"DES Area, Production & Yield Query Report"
Madhya Pradesh,Dewas,2020,2020 - 2021,Whole Year,All Crops,6.0,9.0,1.45,"DES Area, Production & Yield Query Report"
Madhya Pradesh,Dewas,2021,2021 - 2022,Whole Year,All Crops,106.0,151.0,1.43,"DES Area, Production & Yield Query Report"
Madhya Pradesh,Dewas,2022,2022 - 2023,Whole Year,All Crops,80.0,171.0,2.14,"DES Area, Production & Yield Query Report"
Madhya Pradesh,Dhar,2013,2013 - 2014,Whole Year,All Crops,664.0,500.0,0.75,"DES Area, Production & Yield Query Report"
Madhya Pradesh,Dhar,2014,2014 - 2015,Whole Year,All Crops,1000.0,670.0,0.67,"DES Area, Production & Yield Query Report"
Madhya Pradesh,Dhar,2015,2015 - 2016,Whole Year,All Crops,1000.0,528.0,0.53,"DES Area, Production & Yield Query Report"
Madhya Pradesh,Dhar,2017,2017 - 2018,Whole Year,All Crops,730.0,1053.0,1.44,"DES Area, Production & Yield Query Report"
Madhya Pradesh,Dhar,2018,2018 - 2019,Whole Year,All Crops,131.0,75.0,0.58,"DES Area, Production & Yield Query Report"
Madhya Pradesh,Dhar,2019,2019 - 2020,Whole Year,All Crops,2212.0,811.0,0.37,"DES Area, Production & Yield Query Report"
Madhya Pradesh,Dhar,2020,2020 - 2021,Whole Year,All Crops,2470.0,5299.0,2.15,"DES Area, Production & Yield Query Report"
Madhya Pradesh,Dhar,2021,2021 - 2022,Whole Year,All Crops,11.0,15.0,1.33,"DES Area, Production & Yield Query Report"
Madhya Pradesh,Dhar,2022,2022 - 2023,Whole Year,All Crops,16.0,29.0,1.81,"DES Area, Production & Yield Query Report"
Madhya Pradesh,Dindori,2013,2013 - 2014,Whole Year,All Crops,81182.0,124803.0,1.54,"DES Area, Production & Yield Query Report"
Madhya Pradesh,Dindori,2014,2014 - 2015,Whole Year,All Crops,80000.0,142000.0,1.78,"DES Area, Production & Yield Query Report"
Madhya Pradesh,Dindori,2015,2015 - 2016,Whole Year,All Crops,83000.0,107330.0,1.29,"DES Area, Production & Yield Query Report"
Madhya Pradesh,Dindori,2016,2016 - 2017,Whole Year,All Crops,84000.0,122660.0,1.46,"DES Area, Production & Yield Query Report"
Madhya Pradesh,Dindori,2017,2017 - 2018,Whole Year,All Crops,78800.0,123450.0,1.57,"DES Area, Production & Yield Query Report"
Madhya Pradesh,Dindori,2018,2018 - 2019,Whole Year,All Crops,101427.0,176705.0,1.74,"DES Area, Production & Yield Query Report"
Madhya Pradesh,Dindori,2019,2019 - 2020,Whole Year,All Crops,119720.0,208670.0,1.74,"DES Area, Production & Yield Query Report"
Madhya Pradesh,Dindori,2020,2020 - 2021,Whole Year,All Crops,136279.0,268015.0,1.97,"DES Area, Production & Yield Query Report"
Madhya Pradesh,Dindori,2021,2021 - 2022,Whole Year,All Crops,138847.0,204567.0,1.47,"DES Area, Production & Yield Query Report"
Madhya Pradesh,Dindori,2022,2022 - 2023,Whole Year,All Crops,159580.0,352672.0,2.21,"DES Area, Production & Yield Query Report"
Madhya Pradesh,Guna,2013,2013 - 2014,Whole Year,All Crops,512.0,826.0,1.61,"DES Area, Production & Yield Query Report"
Madhya Pradesh,Guna,2014,2014 - 2015,Whole Year,All Crops,1000.0,3330.0,3.33,"DES Area, Production & Yield Query Report"
Madhya Pradesh,Guna,2015,2015 - 2016,Whole Year,All Crops,2000.0,2660.0,1.33,"DES Area, Production & Yield Query Report"
Madhya Pradesh,Guna,2017,2017 - 2018,Whole Year,All Crops,1990.0,3320.0,1.67,"DES Area, Production & Yield Query Report"
Madhya Pradesh,Guna,2018,2018 - 2019,Whole Year,All Crops,1606.0,2347.0,1.46,"DES Area, Production & Yield Query Report"
Madhya Pradesh,Guna,2019,2019 - 2020,Whole Year,All Crops,3164.0,5455.0,1.72,"DES Area, Production & Yield Query Report"
Madhya Pradesh,Guna,2020,2020 - 2021,Whole Year,All Crops,2678.0,4617.0,1.72,"DES Area, Production & Yield Query Report"
Madhya Pradesh,Guna,2021,2021 - 2022,Whole Year,All Crops,4204.0,9804.0,2.33,"DES Area, Production & Yield Query Report"
Madhya Pradesh,Guna,2022,2022 - 2023,Whole Year,All Crops,8991.0,32008.0,3.56,"DES Area, Production & Yield Query Report"
Madhya Pradesh,Gwalior,2013,2013 - 2014,Whole Year,All Crops,57509.0,135088.0,2.35,"DES Area, Production & Yield Query Report"
Madhya Pradesh,Gwalior,2014,2014 - 2015,Whole Year,All Crops,49000.0,111330.0,2.27,"DES Area, Production & Yield Query Report"
Madhya Pradesh,Gwalior,2015,2015 - 2016,Whole Year,All Crops,53000.0,154000.0,2.91,"DES Area, Production & Yield Query Report"
Madhya Pradesh,Gwalior,2016,2016 - 2017,Whole Year,All Crops,58000.0,95330.0,1.64,"DES Area, Production & Yield Query Report"
Madhya Pradesh,Gwalior,2017,2017 - 2018,Whole Year,All Crops,9110.0,26290.0,2.89,"DES Area, Production & Yield Query Report"
Madhya Pradesh,Gwalior,2018,2018 - 2019,Whole Year,All Crops,62168.0,169531.0,2.73,"DES Area, Production & Yield Query Report"
Madhya Pradesh,Gwalior,2019,2019 - 2020,Whole Year,All Crops,90896.0,279805.0,3.08,"DES Area, Production & Yield Query Report"
Madhya Pradesh,Gwalior,2020,2020 - 2021,Whole Year,All Crops,106960.0,329266.0,3.08,"DES Area, Production & Yield Query Report"
Madhya Pradesh,Gwalior,2021,2021 - 2022,Whole Year,All Crops,103289.0,295407.0,2.86,"DES Area, Production & Yield Query Report"
Madhya Pradesh,Gwalior,2022,2022 - 2023,Whole Year,All Crops,108001.0,479848.0,4.44,"DES Area, Production & Yield Query Report"
Madhya Pradesh,Harda,2013,2013 - 2014,Whole Year,All Crops,859.0,1257.0,1.46,"DES Area, Production & Yield Query Report"
Madhya Pradesh,Harda,2014,2014 - 2015,Whole Year,All Crops,7000.0,12000.0,1.71,"DES Area, Production & Yield Query Report"
Madhya Pradesh,Harda,2015,2015 - 2016,Whole Year,All Crops,3000.0,4660.0,1.55,"DES Area, Production & Yield Query Report"
Madhya Pradesh,Harda,2017,2017 - 2018,Whole Year,All Crops,2800.0,2490.0,0.89,"DES Area, Production & Yield Query Report"
Madhya Pradesh,Harda,2018,2018 - 2019,Whole Year,All Crops,1915.0,1076.0,0.56,"DES Area, Production & Yield Query Report"
Madhya Pradesh,Harda,2019,2019 - 2020,Whole Year,All Crops,1253.0,1681.0,1.34,"DES Area, Production & Yield Query Report"
Madhya Pradesh,Harda,2020,2020 - 2021,Whole Year,All Crops,1266.0,1698.0,1.34,"DES Area, Production & Yield Query Report"
Madhya Pradesh,Harda,2021,2021 - 2022,Whole Year,All Crops,7289.0,16998.0,2.33,"DES Area, Production & Yield Query Report"
Madhya Pradesh,Harda,2022,2022 - 2023,Whole Year,All Crops,6620.0,23155.0,3.5,"DES Area, Production & Yield Query Report"
Madhya Pradesh,Hoshangabad,2013,2013 - 2014,Whole Year,All Crops,40939.0,64662.0,1.58,"DES Area, Production & Yield Query Report"
Madhya Pradesh,Hoshangabad,2014,2014 - 2015,Whole Year,All Crops,96000.0,178670.0,1.86,"DES Area, Production & Yield Query Report"
Madhya Pradesh,Hoshangabad,2015,2015 - 2016,Whole Year,All Crops,108000.0,314000.0,2.91,"DES Area, Production & Yield Query Report"
Madhya Pradesh,Hoshangabad,2016,2016 - 2017,Whole Year,All Crops,122000.0,280660.0,2.3,"DES Area, Production & Yield Query Report"
Madhya Pradesh,Hoshangabad,2017,2017 - 2018,Whole Year,All Crops,134000.0,310160.0,2.31,"DES Area, Production & Yield Query Report"
Madhya Pradesh,Hoshangabad,2018,2018 - 2019,Whole Year,All Crops,133280.0,335548.0,2.52,"DES Area, Production & Yield Query Report"
Madhya Pradesh,Hoshangabad,2019,2019 - 2020,Whole Year,All Crops,147040.0,428105.0,2.91,"DES Area, Production & Yield Query Report"
Madhya Pradesh,Hoshangabad,2020,2020 - 2021,Whole Year,All Crops,154781.0,450642.0,2.91,"DES Area, Production & Yield Query Report"
Madhya Pradesh,Hoshangabad,2021,2021 - 2022,Whole Year,All Crops,201287.0,590441.0,2.93,"DES Area, Production & Yield Query Report"
Madhya Pradesh,Hoshangabad,2022,2022 - 2023,Whole Year,All Crops,237086.0,1019470.0,4.3,"DES Area, Production & Yield Query Report"
Madhya Pradesh,Indore,2013,2013 - 2014,Whole Year,All Crops,5.0,2.0,0.4,"DES Area, Production & Yield Query Report"
Madhya Pradesh,Indore,2017,2017 - 2018,Whole Year,All Crops,450.0,1020.0,2.27,"DES Area, Production & Yield Query Report"
Madhya Pradesh,Indore,2018,2018 - 2019,Whole Year,All Crops,1.0,1.0,1.33,"DES Area, Production & Yield Query Report"
Madhya Pradesh,Indore,2019,2019 - 2020,Whole Year,All Crops,1.0,1.0,1.33,"DES Area, Production & Yield Query Report"
Madhya Pradesh,Indore,2020,2020 - 2021,Whole Year,All Crops,12.0,13.0,1.06,"DES Area, Production & Yield Query Report"
Madhya Pradesh,Indore,2021,2021 - 2022,Whole Year,All Crops,65.0,107.0,1.64,"DES Area, Production & Yield Query Report"
Madhya Pradesh,Indore,2022,2022 - 2023,Whole Year,All Crops,16.0,38.0,2.38,"DES Area, Production & Yield Query Report"
Madhya Pradesh,Jabalpur,2013,2013 - 2014,Whole Year,All Crops,81546.0,76621.0,0.94,"DES Area, Production & Yield Query Report"
Madhya Pradesh,Jabalpur,2014,2014 - 2015,Whole Year,All Crops,80000.0,86670.0,1.08,"DES Area, Production & Yield Query Report"
Madhya Pradesh,Jabalpur,2015,2015 - 2016,Whole Year,All Crops,94000.0,86660.0,0.92,"DES Area, Production & Yield Query Report"
Madhya Pradesh,Jabalpur,2016,2016 - 2017,Whole Year,All Crops,115000.0,322660.0,2.81,"DES Area, Production & Yield Query Report"
Madhya Pradesh,Jabalpur,2017,2017 - 2018,Whole Year,All Crops,109000.0,271620.0,2.49,"DES Area, Production & Yield Query Report"
Madhya Pradesh,Jabalpur,2018,2018 - 2019,Whole Year,All Crops,151818.0,210609.0,1.39,"DES Area, Production & Yield Query Report"
Madhya Pradesh,Jabalpur,2019,2019 - 2020,Whole Year,All Crops,165591.0,426947.0,2.58,"DES Area, Production & Yield Query Report"
Madhya Pradesh,Jabalpur,2020,2020 - 2021,Whole Year,All Crops,180140.0,464459.0,2.58,"DES Area, Production & Yield Query Report"
Madhya Pradesh,Jabalpur,2021,2021 - 2022,Whole Year,All Crops,186169.0,522267.0,2.81,"DES Area, Production & Yield Query Report"
Madhya Pradesh,Jabalpur,2022,2022 - 2023,Whole Year,All Crops,181663.0,673606.0,3.71,"DES Area, Production & Yield Query Report"
Madhya Pradesh,Jhabua,2013,2013 - 2014,Whole Year,All Crops,11867.0,19964.0,1.68,"DES Area, Production & Yield Query Report"
Madhya Pradesh,Jhabua,2014,2014 - 2015,Whole Year,All Crops,11000.0,6670.0,0.61,"DES Area, Production & Yield Query Report"
Madhya Pradesh,Jhabua,2015,2015 - 2016,Whole Year,All Crops,10000.0,6000.0,0.6,"DES Area, Production & Yield Query Report"
Madhya Pradesh,Jhabua,2016,2016 - 2017,Whole Year,All Crops,12000.0,14660.0,1.22,"DES Area, Production & Yield Query Report"
Madhya Pradesh,Jhabua,2017,2017 - 2018,Whole Year,All Crops,8370.0,11760.0,1.41,"DES Area, Production & Yield Query Report"
Madhya Pradesh,Jhabua,2018,2018 - 2019,Whole Year,All Crops,5568.0,3809.0,0.68,"DES Area, Production & Yield Query Report"
Madhya Pradesh,Jhabua,2019,2019 - 2020,Whole Year,All Crops,4997.0,5271.0,1.05,"DES Area, Production & Yield Query Report"
Madhya Pradesh,Jhabua,2020,2020 - 2021,Whole Year,All Crops,5400.0,5702.0,1.06,"DES Area, Production & Yield Query Report"
Madhya Pradesh,Jhabua,2021,2021 - 2022,Whole Year,All Crops,4289.0,4812.0,1.12,"DES Area, Production & Yield Query Report"
Madhya Pradesh,Jhabua,2022,2022 - 2023,Whole Year,All Crops,4024.0,7927.0,1.97,"DES Area, Production & Yield Query Report"
Madhya Pradesh,Katni,2013,2013 - 2014,Whole Year,All Crops,107140.0,287742.0,2.69,"DES Area, Production & Yield Query Report"
Madhya Pradesh,Katni,2014,2014 - 2015,Whole Year,All Crops,99000.0,141330.0,1.43,"DES Area, Production & Yield Query Report"
Madhya Pradesh,Katni,2015,2015 - 2016,Whole Year,All Crops,75000.0,110660.0,1.48,"DES Area, Production & Yield Query Report"
Madhya Pradesh,Katni,2016,2016 - 2017,Whole Year,All Crops,110000.0,330000.0,3.0,"DES Area, Production & Yield Query Report"
Madhya Pradesh,Katni,2017,2017 - 2018,Whole Year,All Crops,101200.0,254550.0,2.52,"DES Area, Production & Yield Query Report"
Madhya Pradesh,Katni,2018,2018 - 2019,Whole Year,All Crops,164148.0,385000.0,2.35,"DES Area, Production & Yield Query Report"
Madhya Pradesh,Katni,2019,2019 - 2020,Whole Year,All Crops,175034.0,526383.0,3.01,"DES Area, Production & Yield Query Report"
Madhya Pradesh,Katni,2020,2020 - 2021,Whole Year,All Crops,193961.0,583303.0,3.01,"DES Area, Production & Yield Query Report"
Madhya Pradesh,Katni,2021,2021 - 2022,Whole Year,All Crops,198166.0,514438.0,2.6,"DES Area, Production & Yield Query Report"
Madhya Pradesh,Katni,2022,2022 - 2023,Whole Year,All Crops,122956.0,484447.0,3.94,"DES Area, Production & Yield Query Report"
Madhya Pradesh,Khandwa,2013,2013 - 2014,Whole Year,All Crops,3964.0,3009.0,0.76,"DES Area, Production & Yield Query Report"
Madhya Pradesh,Khandwa,2014,2014 - 2015,Whole Year,All Crops,8000.0,10000.0,1.25,"DES Area, Production & Yield Query Report"
Madhya Pradesh,Khandwa,2015,2015 - 2016,Whole Year,All Crops,7000.0,3330.0,0.48,"DES Area, Production & Yield Query Report"
Madhya Pradesh,Khandwa,2016,2016 - 2017,Whole Year,All Crops,8000.0,7330.0,0.92,"DES Area, Production & Yield Query Report"
Madhya Pradesh,Khandwa,2017,2017 - 2018,Whole Year,All Crops,5490.0,3050.0,0.56,"DES Area, Production & Yield Query Report"
Madhya Pradesh,Khandwa,2018,2018 - 2019,Whole Year,All Crops,3453.0,3499.0,1.01,"DES Area, Production & Yield Query Report"
Madhya Pradesh,Khandwa,2019,2019 - 2020,Whole Year,All Crops,6073.0,2562.0,0.42,"DES Area, Production & Yield Query Report"
Madhya Pradesh,Khandwa,2020,2020 - 2021,Whole Year,All Crops,6042.0,8851.0,1.46,"DES Area, Production & Yield Query Report"
Madhya Pradesh,Khandwa,2021,2021 - 2022,Whole Year,All Crops,3436.0,4192.0,1.22,"DES Area, Production & Yield Query Report"
Madhya Pradesh,Khandwa,2022,2022 - 2023,Whole Year,All Crops,2035.0,3928.0,1.93,"DES Area, Production & Yield Query Report"
Madhya Pradesh,Khargone,2013,2013 - 2014,Whole Year,All Crops,1735.0,803.0,0.46,"DES Area, Production & Yield Query Report"
Madhya Pradesh,Khargone,2014,2014 - 2015,Whole Year,All Crops,1000.0,2000.0,2.0,"DES Area, Production & Yield Query Report"
Madhya Pradesh,Khargone,2015,2015 - 2016,Whole Year,All Crops,1000.0,382.0,0.38,"DES Area, Production & Yield Query Report"
Madhya Pradesh,Khargone,2017,2017 - 2018,Whole Year,All Crops,400.0,140.0,0.35,"DES Area, Production & Yield Query Report"
Madhya Pradesh,Khargone,2018,2018 - 2019,Whole Year,All Crops,215.0,230.0,1.07,"DES Area, Production & Yield Query Report"
Madhya Pradesh,Khargone,2019,2019 - 2020,Whole Year,All Crops,98.0,105.0,1.07,"DES Area, Production & Yield Query Report"
Madhya Pradesh,Khargone,2020,2020 - 2021,Whole Year,All Crops,71.0,76.0,1.07,"DES Area, Production & Yield Query Report"
Madhya Pradesh,Khargone,2021,2021 - 2022,Whole Year,All Crops,10.0,12.0,1.2,"DES Area, Production & Yield Query Report"
Madhya Pradesh,Khargone,2022,2022 - 2023,Whole Year,All Crops,40.0,73.0,1.83,"DES Area, Production & Yield Query Report"
Madhya Pradesh,Mandla,2013,2013 - 2014,Whole Year,All Crops,131499.0,117351.0,0.89,"DES Area, Production & Yield Query Report"
Madhya Pradesh,Mandla,2014,2014 - 2015,Whole Year,All Crops,129000.0,132000.0,1.02,"DES Area, Production & Yield Query Report"
Madhya Pradesh,Mandla,2015,2015 - 2016,Whole Year,All Crops,132000.0,266000.0,2.02,"DES Area, Production & Yield Query Report"
Madhya Pradesh,Mandla,2016,2016 - 2017,Whole Year,All Crops,143000.0,318000.0,2.22,"DES Area, Production & Yield Query Report"
Madhya Pradesh,Mandla,2017,2017 - 2018,Whole Year,All Crops,136300.0,566000.0,4.15,"DES Area, Production & Yield Query Report"
Madhya Pradesh,Mandla,2018,2018 - 2019,Whole Year,All Crops,148099.0,223697.0,1.51,"DES Area, Production & Yield Query Report"
Madhya Pradesh,Mandla,2019,2019 - 2020,Whole Year,All Crops,182611.0,352748.0,1.93,"DES Area, Production & Yield Query Report"
Madhya Pradesh,Mandla,2020,2020 - 2021,Whole Year,All Crops,187791.0,363063.0,1.93,"DES Area, Production & Yield Query Report"
Madhya Pradesh,Mandla,2021,2021 - 2022,Whole Year,All Crops,186955.0,377648.0,2.02,"DES Area, Production & Yield Query Report"
Madhya Pradesh,Mandla,2022,2022 - 2023,Whole Year,All Crops,194475.0,603845.0,3.11,"DES Area, Production & Yield Query Report"
Madhya Pradesh,Mandsaur,2017,2017 - 2018,Whole Year,All Crops,520.0,1120.0,2.15,"DES Area, Production & Yield Query Report"
Madhya Pradesh,Mandsaur,2018,2018 - 2019,Whole Year,All Crops,8.0,4.0,0.5,"DES Area, Production & Yield Query Report"
Madhya Pradesh,Mandsaur,2019,2019 - 2020,Whole Year,All Crops,3.0,1.0,0.44,"DES Area, Production & Yield Query Report"
Madhya Pradesh,Mandsaur,2020,2020 - 2021,Whole Year,All Crops,43.0,15.0,0.36,"DES Area, Production & Yield Query Report"
Madhya Pradesh,Mandsaur,2021,2021 - 2022,Whole Year,All Crops,13.0,16.0,1.23,"DES Area, Production & Yield Query Report"
Madhya Pradesh,Mandsaur,2022,2022 - 2023,Whole Year,All Crops,8.0,15.0,1.88,"DES Area, Production & Yield Query Report"
Madhya Pradesh,Morena,2013,2013 - 2014,Whole Year,All Crops,540.0,1052.0,1.95,"DES Area, Production & Yield Query Report"
Madhya Pradesh,Morena,2014,2014 - 2015,Whole Year,All Crops,1000.0,3330.0,3.33,"DES Area, Production & Yield Query Report"
Madhya Pradesh,Morena,2015,2015 - 2016,Whole Year,All Crops,1000.0,4000.0,4.0,"DES Area, Production & Yield Query Report"
Madhya Pradesh,Morena,2017,2017 - 2018,Whole Year,All Crops,1400.0,3400.0,2.43,"DES Area, Production & Yield Query Report"
Madhya Pradesh,Morena,2018,2018 - 2019,Whole Year,All Crops,5803.0,11639.0,2.01,"DES Area, Production & Yield Query Report"
Madhya Pradesh,Morena,2019,2019 - 2020,Whole Year,All Crops,8855.0,21688.0,2.45,"DES Area, Production & Yield Query Report"
Madhya Pradesh,Morena,2020,2020 - 2021,Whole Year,All Crops,8028.0,19663.0,2.45,"DES Area, Production & Yield Query Report"
Madhya Pradesh,Morena,2021,2021 - 2022,Whole Year,All Crops,4445.0,11972.0,2.69,"DES Area, Production & Yield Query Report"
Madhya Pradesh,Morena,2022,2022 - 2023,Whole Year,All Crops,4333.0,17505.0,4.04,"DES Area, Production & Yield Query Report"
Madhya Pradesh,Narsinghpur,2013,2013 - 2014,Whole Year,All Crops,18364.0,24989.0,1.36,"DES Area, Production & Yield Query Report"
Madhya Pradesh,Narsinghpur,2014,2014 - 2015,Whole Year,All Crops,18000.0,25330.0,1.41,"DES Area, Production & Yield Query Report"
Madhya Pradesh,Narsinghpur,2015,2015 - 2016,Whole Year,All Crops,34000.0,93330.0,2.75,"DES Area, Production & Yield Query Report"
Madhya Pradesh,Narsinghpur,2016,2016 - 2017,Whole Year,All Crops,55000.0,154660.0,2.81,"DES Area, Production & Yield Query Report"
Madhya Pradesh,Narsinghpur,2017,2017 - 2018,Whole Year,All Crops,39100.0,181300.0,4.64,"DES Area, Production & Yield Query Report"
Madhya Pradesh,Narsinghpur,2018,2018 - 2019,Whole Year,All Crops,55924.0,102012.0,1.82,"DES Area, Production & Yield Query Report"
Madhya Pradesh,Narsinghpur,2019,2019 - 2020,Whole Year,All Crops,62082.0,130195.0,2.1,"DES Area, Production & Yield Query Report"
Madhya Pradesh,Narsinghpur,2020,2020 - 2021,Whole Year,All Crops,71870.0,152014.0,2.12,"DES Area, Production & Yield Query Report"
Madhya Pradesh,Narsinghpur,2021,2021 - 2022,Whole Year,All Crops,82720.0,158933.0,1.92,"DES Area, Production & Yield Query Report"
Madhya Pradesh,Narsinghpur,2022,2022 - 2023,Whole Year,All Crops,87429.0,340011.0,3.89,"DES Area, Production & Yield Query Report"
Madhya Pradesh,Neemuch,2013,2013 - 2014,Whole Year,All Crops,38.0,14.0,0.37,"DES Area, Production & Yield Query Report"
Madhya Pradesh,Neemuch,2017,2017 - 2018,Whole Year,All Crops,280.0,640.0,2.29,"DES Area, Production & Yield Query Report"
Madhya Pradesh,Neemuch,2018,2018 - 2019,Whole Year,All Crops,263.0,78.0,0.3,"DES Area, Production & Yield Query Report"
Madhya Pradesh,Neemuch,2019,2019 - 2020,Whole Year,All Crops,385.0,182.0,0.47,"DES Area, Production & Yield Query Report"
Madhya Pradesh,Neemuch,2020,2020 - 2021,Whole Year,All Crops,917.0,826.0,0.9,"DES Area, Production & Yield Query Report"
Madhya Pradesh,Neemuch,2021,2021 - 2022,Whole Year,All Crops,165.0,211.0,1.28,"DES Area, Production & Yield Query Report"
Madhya Pradesh,Neemuch,2022,2022 - 2023,Whole Year,All Crops,164.0,213.0,1.3,"DES Area, Production & Yield Query Report"
Madhya Pradesh,Niwari,2020,2020 - 2021,Whole Year,All Crops,102.0,81.0,0.8,"DES Area, Production & Yield Query Report"
Madhya Pradesh,Niwari,2021,2021 - 2022,Whole Year,All Crops,128.0,145.0,1.14,"DES Area, Production & Yield Query Report"
Madhya Pradesh,Niwari,2022,2022 - 2023,Whole Year,All Crops,224.0,435.0,1.94,"DES Area, Production & Yield Query Report"
Madhya Pradesh,Panna,2013,2013 - 2014,Whole Year,All Crops,80645.0,91512.0,1.13,"DES Area, Production & Yield Query Report"
Madhya Pradesh,Panna,2014,2014 - 2015,Whole Year,All Crops,56000.0,76670.0,1.37,"DES Area, Production & Yield Query Report"
Madhya Pradesh,Panna,2015,2015 - 2016,Whole Year,All Crops,55000.0,17330.0,0.32,"DES Area, Production & Yield Query Report"
Madhya Pradesh,Panna,2016,2016 - 2017,Whole Year,All Crops,69000.0,179330.0,2.6,"DES Area, Production & Yield Query Report"
Madhya Pradesh,Panna,2017,2017 - 2018,Whole Year,All Crops,58400.0,140200.0,2.4,"DES Area, Production & Yield Query Report"
Madhya Pradesh,Panna,2018,2018 - 2019,Whole Year,All Crops,76286.0,84359.0,1.11,"DES Area, Production & Yield Query Report"
Madhya Pradesh,Panna,2019,2019 - 2020,Whole Year,All Crops,78261.0,141443.0,1.81,"DES Area, Production & Yield Query Report"
Madhya Pradesh,Panna,2020,2020 - 2021,Whole Year,All Crops,109304.0,212123.0,1.94,"DES Area, Production & Yield Query Report"
Madhya Pradesh,Panna,2021,2021 - 2022,Whole Year,All Crops,127863.0,245667.0,1.92,"DES Area, Production & Yield Query Report"
Madhya Pradesh,Panna,2022,2022 - 2023,Whole Year,All Crops,122244.0,384457.0,3.14,"DES Area, Production & Yield Query Report"
Madhya Pradesh,Raisen,2013,2013 - 2014,Whole Year,All Crops,62686.0,54136.0,0.86,"DES Area, Production & Yield Query Report"
Madhya Pradesh,Raisen,2014,2014 - 2015,Whole Year,All Crops,137000.0,342670.0,2.5,"DES Area, Production & Yield Query Report"
Madhya Pradesh,Raisen,2015,2015 - 2016,Whole Year,All Crops,99000.0,229330.0,2.32,"DES Area, Production & Yield Query Report"
Madhya Pradesh,Raisen,2016,2016 - 2017,Whole Year,All Crops,135000.0,304660.0,2.26,"DES Area, Production & Yield Query Report"
Madhya Pradesh,Raisen,2017,2017 - 2018,Whole Year,All Crops,112000.0,236840.0,2.11,"DES Area, Production & Yield Query Report"
Madhya Pradesh,Raisen,2018,2018 - 2019,Whole Year,All Crops,177125.0,418496.0,2.36,"DES Area, Production & Yield Query Report"
Madhya Pradesh,Raisen,2019,2019 - 2020,Whole Year,All Crops,197944.0,417285.0,2.11,"DES Area, Production & Yield Query Report"
Madhya Pradesh,Raisen,2020,2020 - 2021,Whole Year,All Crops,170384.0,370529.0,2.17,"DES Area, Production & Yield Query Report"
Madhya Pradesh,Raisen,2021,2021 - 2022,Whole Year,All Crops,246286.0,560712.0,2.28,"DES Area, Production & Yield Query Report"
Madhya Pradesh,Raisen,2022,2022 - 2023,Whole Year,All Crops,285453.0,1016498.0,3.56,"DES Area, Production & Yield Query Report"
Madhya Pradesh,Rajgarh,2013,2013 - 2014,Whole Year,All Crops,364.0,236.0,0.65,"DES Area, Production & Yield Query Report"
Madhya Pradesh,Rajgarh,2014,2014 - 2015,Whole Year,All Crops,1000.0,670.0,0.67,"DES Area, Production & Yield Query Report"
Madhya Pradesh,Rajgarh,2015,2015 - 2016,Whole Year,All Crops,1000.0,1330.0,1.33,"DES Area, Production & Yield Query Report"
Madhya Pradesh,Rajgarh,2016,2016 - 2017,Whole Year,All Crops,1000.0,2660.0,2.66,"DES Area, Production & Yield Query Report"
Madhya Pradesh,Rajgarh,2017,2017 - 2018,Whole Year,All Crops,1150.0,746.0,0.65,"DES Area, Production & Yield Query Report"
Madhya Pradesh,Rajgarh,2018,2018 - 2019,Whole Year,All Crops,21.0,25.0,1.21,"DES Area, Production & Yield Query Report"
Madhya Pradesh,Rajgarh,2019,2019 - 2020,Whole Year,All Crops,6.0,9.0,1.56,"DES Area, Production & Yield Query Report"
Madhya Pradesh,Rajgarh,2020,2020 - 2021,Whole Year,All Crops,13.0,26.0,2.0,"DES Area, Production & Yield Query Report"
Madhya Pradesh,Rajgarh,2021,2021 - 2022,Whole Year,All Crops,98.0,157.0,1.61,"DES Area, Production & Yield Query Report"
Madhya Pradesh,Rajgarh,2022,2022 - 2023,Whole Year,All Crops,259.0,598.0,2.31,"DES Area, Production & Yield Query Report"
Madhya Pradesh,Ratlam,2013,2013 - 2014,Whole Year,All Crops,1293.0,1546.0,1.2,"DES Area, Production & Yield Query Report"
Madhya Pradesh,Ratlam,2016,2016 - 2017,Whole Year,All Crops,1000.0,660.0,0.66,"DES Area, Production & Yield Query Report"
Madhya Pradesh,Ratlam,2018,2018 - 2019,Whole Year,All Crops,162.0,87.0,0.54,"DES Area, Production & Yield Query Report"
Madhya Pradesh,Ratlam,2019,2019 - 2020,Whole Year,All Crops,325.0,241.0,0.74,"DES Area, Production & Yield Query Report"
Madhya Pradesh,Ratlam,2020,2020 - 2021,Whole Year,All Crops,514.0,856.0,1.67,"DES Area, Production & Yield Query Report"
Madhya Pradesh,Ratlam,2021,2021 - 2022,Whole Year,All Crops,22.0,30.0,1.36,"DES Area, Production & Yield Query Report"
Madhya Pradesh,Ratlam,2022,2022 - 2023,Whole Year,All Crops,37.0,77.0,2.08,"DES Area, Production & Yield Query Report"
Madhya Pradesh,Rewa,2013,2013 - 2014,Whole Year,All Crops,119623.0,214112.0,1.79,"DES Area, Production & Yield Query Report"
Madhya Pradesh,Rewa,2014,2014 - 2015,Whole Year,All Crops,136000.0,246000.0,1.81,"DES Area, Production & Yield Query Report"
Madhya Pradesh,Rewa,2015,2015 - 2016,Whole Year,All Crops,121000.0,118660.0,0.98,"DES Area, Production & Yield Query Report"
Madhya Pradesh,Rewa,2016,2016 - 2017,Whole Year,All Crops,126000.0,352000.0,2.79,"DES Area, Production & Yield Query Report"
Madhya Pradesh,Rewa,2017,2017 - 2018,Whole Year,All Crops,121300.0,625900.0,5.16,"DES Area, Production & Yield Query Report"
Madhya Pradesh,Rewa,2018,2018 - 2019,Whole Year,All Crops,230346.0,443550.0,1.93,"DES Area, Production & Yield Query Report"
Madhya Pradesh,Rewa,2019,2019 - 2020,Whole Year,All Crops,251894.0,680355.0,2.7,"DES Area, Production & Yield Query Report"
Madhya Pradesh,Rewa,2020,2020 - 2021,Whole Year,All Crops,299099.0,807853.0,2.7,"DES Area, Production & Yield Query Report"
Madhya Pradesh,Rewa,2021,2021 - 2022,Whole Year,All Crops,323983.0,892249.0,2.75,"DES Area, Production & Yield Query Report"
Madhya Pradesh,Rewa,2022,2022 - 2023,Whole Year,All Crops,280363.0,1117807.0,3.99,"DES Area, Production & Yield Query Report"
Madhya Pradesh,Sagar,2013,2013 - 2014,Whole Year,All Crops,4776.0,2092.0,0.44,"DES Area, Production & Yield Query Report"
Madhya Pradesh,Sagar,2014,2014 - 2015,Whole Year,All Crops,5000.0,5330.0,1.07,"DES Area, Production & Yield Query Report"
Madhya Pradesh,Sagar,2015,2015 - 2016,Whole Year,All Crops,7000.0,2000.0,0.29,"DES Area, Production & Yield Query Report"
Madhya Pradesh,Sagar,2016,2016 - 2017,Whole Year,All Crops,6000.0,6000.0,1.0,"DES Area, Production & Yield Query Report"
Madhya Pradesh,Sagar,2017,2017 - 2018,Whole Year,All Crops,5060.0,5690.0,1.12,"DES Area, Production & Yield Query Report"
Madhya Pradesh,Sagar,2018,2018 - 2019,Whole Year,All Crops,7177.0,7644.0,1.07,"DES Area, Production & Yield Query Report"
Madhya Pradesh,Sagar,2019,2019 - 2020,Whole Year,All Crops,7185.0,10894.0,1.52,"DES Area, Production & Yield Query Report"
Madhya Pradesh,Sagar,2020,2020 - 2021,Whole Year,All Crops,12483.0,21721.0,1.74,"DES Area, Production & Yield Query Report"
Madhya Pradesh,Sagar,2021,2021 - 2022,Whole Year,All Crops,56313.0,98397.0,1.75,"DES Area, Production & Yield Query Report"
Madhya Pradesh,Sagar,2022,2022 - 2023,Whole Year,All Crops,54558.0,142669.0,2.61,"DES Area, Production & Yield Query Report"
Madhya Pradesh,Satna,2013,2013 - 2014,Whole Year,All Crops,82067.0,188564.0,2.3,"DES Area, Production & Yield Query Report"
Madhya Pradesh,Satna,2014,2014 - 2015,Whole Year,All Crops,104000.0,201330.0,1.94,"DES Area, Production & Yield Query Report"
Madhya Pradesh,Satna,2015,2015 - 2016,Whole Year,All Crops,104000.0,242000.0,2.33,"DES Area, Production & Yield Query Report"
Madhya Pradesh,Satna,2016,2016 - 2017,Whole Year,All Crops,120000.0,393330.0,3.28,"DES Area, Production & Yield Query Report"
Madhya Pradesh,Satna,2017,2017 - 2018,Whole Year,All Crops,132000.0,324800.0,2.46,"DES Area, Production & Yield Query Report"
Madhya Pradesh,Satna,2018,2018 - 2019,Whole Year,All Crops,174905.0,378045.0,2.16,"DES Area, Production & Yield Query Report"
Madhya Pradesh,Satna,2019,2019 - 2020,Whole Year,All Crops,181916.0,507877.0,2.79,"DES Area, Production & Yield Query Report"
Madhya Pradesh,Satna,2020,2020 - 2021,Whole Year,All Crops,239852.0,669625.0,2.79,"DES Area, Production & Yield Query Report"
Madhya Pradesh,Satna,2021,2021 - 2022,Whole Year,All Crops,261336.0,775122.0,2.97,"DES Area, Production & Yield Query Report"
Madhya Pradesh,Satna,2022,2022 - 2023,Whole Year,All Crops,265204.0,1102983.0,4.16,"DES Area, Production & Yield Query Report"
Madhya Pradesh,Sehore,2013,2013 - 2014,Whole Year,All Crops,19660.0,61240.0,3.11,"DES Area, Production & Yield Query Report"
Madhya Pradesh,Sehore,2014,2014 - 2015,Whole Year,All Crops,35000.0,119330.0,3.41,"DES Area, Production & Yield Query Report"
Madhya Pradesh,Sehore,2015,2015 - 2016,Whole Year,All Crops,24000.0,98660.0,4.11,"DES Area, Production & Yield Query Report"
Madhya Pradesh,Sehore,2017,2017 - 2018,Whole Year,All Crops,27500.0,66340.0,2.41,"DES Area, Production & Yield Query Report"
Madhya Pradesh,Sehore,2018,2018 - 2019,Whole Year,All Crops,32728.0,73079.0,2.23,"DES Area, Production & Yield Query Report"
Madhya Pradesh,Sehore,2019,2019 - 2020,Whole Year,All Crops,33420.0,146363.0,4.38,"DES Area, Production & Yield Query Report"
Madhya Pradesh,Sehore,2020,2020 - 2021,Whole Year,All Crops,33939.0,148636.0,4.38,"DES Area, Production & Yield Query Report"
Madhya Pradesh,Sehore,2021,2021 - 2022,Whole Year,All Crops,51420.0,133830.0,2.6,"DES Area, Production & Yield Query Report"
Madhya Pradesh,Sehore,2022,2022 - 2023,Whole Year,All Crops,54632.0,243659.0,4.46,"DES Area, Production & Yield Query Report"
Madhya Pradesh,Seoni,2013,2013 - 2014,Whole Year,All Crops,150237.0,440990.0,2.94,"DES Area, Production & Yield Query Report"
Madhya Pradesh,Seoni,2014,2014 - 2015,Whole Year,All Crops,139000.0,199330.0,1.43,"DES Area, Production & Yield Query Report"
Madhya Pradesh,Seoni,2015,2015 - 2016,Whole Year,All Crops,169000.0,242660.0,1.44,"DES Area, Production & Yield Query Report"
Madhya Pradesh,Seoni,2016,2016 - 2017,Whole Year,All Crops,182000.0,450000.0,2.47,"DES Area, Production & Yield Query Report"
Madhya Pradesh,Seoni,2017,2017 - 2018,Whole Year,All Crops,133130.0,319980.0,2.4,"DES Area, Production & Yield Query Report"
Madhya Pradesh,Seoni,2018,2018 - 2019,Whole Year,All Crops,167043.0,245366.0,1.47,"DES Area, Production & Yield Query Report"
Madhya Pradesh,Seoni,2019,2019 - 2020,Whole Year,All Crops,149015.0,278826.0,1.87,"DES Area, Production & Yield Query Report"
Madhya Pradesh,Seoni,2020,2020 - 2021,Whole Year,All Crops,185441.0,383351.0,2.07,"DES Area, Production & Yield Query Report"
Madhya Pradesh,Seoni,2021,2021 - 2022,Whole Year,All Crops,265243.0,591315.0,2.23,"DES Area, Production & Yield Query Report"
Madhya Pradesh,Seoni,2022,2022 - 2023,Whole Year,All Crops,240842.0,805376.0,3.34,"DES Area, Production & Yield Query Report"
Madhya Pradesh,Shahdol,2013,2013 - 2014,Whole Year,All Crops,111790.0,247023.0,2.21,"DES Area, Production & Yield Query Report"
Madhya Pradesh,Shahdol,2014,2014 - 2015,Whole Year,All Crops,113000.0,222000.0,1.96,"DES Area, Production & Yield Query Report"
Madhya Pradesh,Shahdol,2015,2015 - 2016,Whole Year,All Crops,98000.0,168000.0,1.71,"DES Area, Production & Yield Query Report"
Madhya Pradesh,Shahdol,2016,2016 - 2017,Whole Year,All Crops,116000.0,284000.0,2.45,"DES Area, Production & Yield Query Report"
Madhya Pradesh,Shahdol,2017,2017 - 2018,Whole Year,All Crops,98110.0,136770.0,1.39,"DES Area, Production & Yield Query Report"
Madhya Pradesh,Shahdol,2018,2018 - 2019,Whole Year,All Crops,141962.0,195965.0,1.38,"DES Area, Production & Yield Query Report"
Madhya Pradesh,Shahdol,2019,2019 - 2020,Whole Year,All Crops,153235.0,345164.0,2.25,"DES Area, Production & Yield Query Report"
Madhya Pradesh,Shahdol,2020,2020 - 2021,Whole Year,All Crops,167954.0,378319.0,2.25,"DES Area, Production & Yield Query Report"
Madhya Pradesh,Shahdol,2021,2021 - 2022,Whole Year,All Crops,178089.0,298595.0,1.68,"DES Area, Production & Yield Query Report"
Madhya Pradesh,Shahdol,2022,2022 - 2023,Whole Year,All Crops,178938.0,467923.0,2.62,"DES Area, Production & Yield Query Report"
Madhya Pradesh,Shajapur,2013,2013 - 2014,Whole Year,All Crops,44.0,17.0,0.39,"DES Area, Production & Yield Query Report"
Madhya Pradesh,Shajapur,2017,2017 - 2018,Whole Year,All Crops,50.0,40.0,0.8,"DES Area, Production & Yield Query Report"
Madhya Pradesh,Shajapur,2018,2018 - 2019,Whole Year,All Crops,4.0,2.0,0.5,"DES Area, Production & Yield Query Report"
Madhya Pradesh,Shajapur,2019,2019 - 2020,Whole Year,All Crops,1.0,1.0,1.33,"DES Area, Production & Yield Query Report"
Madhya Pradesh,Shajapur,2020,2020 - 2021,Whole Year,All Crops,1.0,1.0,1.33,"DES Area, Production & Yield Query Report"
Madhya Pradesh,Shajapur,2021,2021 - 2022,Whole Year,All Crops,44.0,53.0,1.21,"DES Area, Production & Yield Query Report"
Madhya Pradesh,Shajapur,2022,2022 - 2023,Whole Year,All Crops,57.0,111.0,1.95,"DES Area, Production & Yield Query Report"
Madhya Pradesh,Sheopur,2013,2013 - 2014,Whole Year,All Crops,15566.0,57589.0,3.7,"DES Area, Production & Yield Query Report"
Madhya Pradesh,Sheopur,2014,2014 - 2015,Whole Year,All Crops,19000.0,42670.0,2.25,"DES Area, Production & Yield Query Report"
Madhya Pradesh,Sheopur,2015,2015 - 2016,Whole Year,All Crops,19000.0,70000.0,3.68,"DES Area, Production & Yield Query Report"
Madhya Pradesh,Sheopur,2016,2016 - 2017,Whole Year,All Crops,19000.0,46660.0,2.46,"DES Area, Production & Yield Query Report"
Madhya Pradesh,Sheopur,2017,2017 - 2018,Whole Year,All Crops,20000.0,56700.0,2.84,"DES Area, Production & Yield Query Report"
Madhya Pradesh,Sheopur,2018,2018 - 2019,Whole Year,All Crops,43127.0,168612.0,3.91,"DES Area, Production & Yield Query Report"
Madhya Pradesh,Sheopur,2019,2019 - 2020,Whole Year,All Crops,56542.0,193183.0,3.42,"DES Area, Production & Yield Query Report"
Madhya Pradesh,Sheopur,2020,2020 - 2021,Whole Year,All Crops,67435.0,230399.0,3.42,"DES Area, Production & Yield Query Report"
Madhya Pradesh,Sheopur,2021,2021 - 2022,Whole Year,All Crops,55222.0,168317.0,3.05,"DES Area, Production & Yield Query Report"
Madhya Pradesh,Sheopur,2022,2022 - 2023,Whole Year,All Crops,65610.0,286847.0,4.37,"DES Area, Production & Yield Query Report"
Madhya Pradesh,Shivpuri,2013,2013 - 2014,Whole Year,All Crops,14634.0,17063.0,1.17,"DES Area, Production & Yield Query Report"
Madhya Pradesh,Shivpuri,2014,2014 - 2015,Whole Year,All Crops,14000.0,17330.0,1.24,"DES Area, Production & Yield Query Report"
Madhya Pradesh,Shivpuri,2015,2015 - 2016,Whole Year,All Crops,11000.0,27330.0,2.48,"DES Area, Production & Yield Query Report"
Madhya Pradesh,Shivpuri,2016,2016 - 2017,Whole Year,All Crops,14000.0,39330.0,2.81,"DES Area, Production & Yield Query Report"
Madhya Pradesh,Shivpuri,2017,2017 - 2018,Whole Year,All Crops,4400.0,10800.0,2.45,"DES Area, Production & Yield Query Report"
Madhya Pradesh,Shivpuri,2018,2018 - 2019,Whole Year,All Crops,37369.0,63123.0,1.69,"DES Area, Production & Yield Query Report"
Madhya Pradesh,Shivpuri,2019,2019 - 2020,Whole Year,All Crops,47936.0,127032.0,2.65,"DES Area, Production & Yield Query Report"
Madhya Pradesh,Shivpuri,2020,2020 - 2021,Whole Year,All Crops,53902.0,143398.0,2.66,"DES Area, Production & Yield Query Report"
Madhya Pradesh,Shivpuri,2021,2021 - 2022,Whole Year,All Crops,58607.0,102405.0,1.75,"DES Area, Production & Yield Query Report"
Madhya Pradesh,Shivpuri,2022,2022 - 2023,Whole Year,All Crops,60849.0,216257.0,3.55,"DES Area, Production & Yield Query Report"
Madhya Pradesh,Sidhi,2013,2013 - 2014,Whole Year,All Crops,68714.0,101863.0,1.48,"DES Area, Production & Yield Query Report"
Madhya Pradesh,Sidhi,2014,2014 - 2015,Whole Year,All Crops,56000.0,48000.0,0.86,"DES Area, Production & Yield Query Report"
Madhya Pradesh,Sidhi,2015,2015 - 2016,Whole Year,All Crops,70000.0,99330.0,1.42,"DES Area, Production & Yield Query Report"
Madhya Pradesh,Sidhi,2016,2016 - 2017,Whole Year,All Crops,70000.0,188000.0,2.69,"DES Area, Production & Yield Query Report"
Madhya Pradesh,Sidhi,2017,2017 - 2018,Whole Year,All Crops,68500.0,121880.0,1.78,"DES Area, Production & Yield Query Report"
Madhya Pradesh,Sidhi,2018,2018 - 2019,Whole Year,All Crops,90278.0,141312.0,1.57,"DES Area, Production & Yield Query Report"
Madhya Pradesh,Sidhi,2019,2019 - 2020,Whole Year,All Crops,91836.0,195469.0,2.13,"DES Area, Production & Yield Query Report"
Madhya Pradesh,Sidhi,2020,2020 - 2021,Whole Year,All Crops,113675.0,241952.0,2.13,"DES Area, Production & Yield Query Report"
Madhya Pradesh,Sidhi,2021,2021 - 2022,Whole Year,All Crops,112741.0,336043.0,2.98,"DES Area, Production & Yield Query Report"
Madhya Pradesh,Sidhi,2022,2022 - 2023,Whole Year,All Crops,110852.0,391862.0,3.54,"DES Area, Production & Yield Query Report"
Madhya Pradesh,Singrauli,2013,2013 - 2014,Whole Year,All Crops,47540.0,70835.0,1.49,"DES Area, Production & Yield Query Report"
Madhya Pradesh,Singrauli,2014,2014 - 2015,Whole Year,All Crops,44000.0,78000.0,1.77,"DES Area, Production & Yield Query Report"
Madhya Pradesh,Singrauli,2015,2015 - 2016,Whole Year,All Crops,48000.0,96000.0,2.0,"DES Area, Production & Yield Query Report"
Madhya Pradesh,Singrauli,2016,2016 - 2017,Whole Year,All Crops,48000.0,160000.0,3.33,"DES Area, Production & Yield Query Report"
Madhya Pradesh,Singrauli,2017,2017 - 2018,Whole Year,All Crops,45450.0,111620.0,2.46,"DES Area, Production & Yield Query Report"
Madhya Pradesh,Singrauli,2018,2018 - 2019,Whole Year,All Crops,72347.0,179475.0,2.48,"DES Area, Production & Yield Query Report"
Madhya Pradesh,Singrauli,2019,2019 - 2020,Whole Year,All Crops,85446.0,279352.0,3.27,"DES Area, Production & Yield Query Report"
Madhya Pradesh,Singrauli,2020,2020 - 2021,Whole Year,All Crops,96483.0,315436.0,3.27,"DES Area, Production & Yield Query Report"
Madhya Pradesh,Singrauli,2021,2021 - 2022,Whole Year,All Crops,98357.0,303990.0,3.09,"DES Area, Production & Yield Query Report"
Madhya Pradesh,Singrauli,2022,2022 - 2023,Whole Year,All Crops,90760.0,278633.0,3.07,"DES Area, Production & Yield Query Report"
Madhya Pradesh,Tikamgarh,2013,2013 - 2014,Whole Year,All Crops,11414.0,4009.0,0.35,"DES Area, Production & Yield Query Report"
Madhya Pradesh,Tikamgarh,2014,2014 - 2015,Whole Year,All Crops,13000.0,5330.0,0.41,"DES Area, Production & Yield Query Report"
Madhya Pradesh,Tikamgarh,2015,2015 - 2016,Whole Year,All Crops,6000.0,660.0,0.11,"DES Area, Production & Yield Query Report"
Madhya Pradesh,Tikamgarh,2016,2016 - 2017,Whole Year,All Crops,6000.0,6000.0,1.0,"DES Area, Production & Yield Query Report"
Madhya Pradesh,Tikamgarh,2017,2017 - 2018,Whole Year,All Crops,4560.0,1640.0,0.36,"DES Area, Production & Yield Query Report"
Madhya Pradesh,Tikamgarh,2018,2018 - 2019,Whole Year,All Crops,1443.0,848.0,0.59,"DES Area, Production & Yield Query Report"
Madhya Pradesh,Tikamgarh,2019,2019 - 2020,Whole Year,All Crops,1060.0,673.0,0.64,"DES Area, Production & Yield Query Report"
Madhya Pradesh,Tikamgarh,2020,2020 - 2021,Whole Year,All Crops,1192.0,953.0,0.8,"DES Area, Production & Yield Query Report"
Madhya Pradesh,Tikamgarh,2021,2021 - 2022,Whole Year,All Crops,914.0,997.0,1.09,"DES Area, Production & Yield Query Report"
Madhya Pradesh,Tikamgarh,2022,2022 - 2023,Whole Year,All Crops,806.0,1561.0,1.94,"DES Area, Production & Yield Query Report"
Madhya Pradesh,Ujjain,2017,2017 - 2018,Whole Year,All Crops,200.0,380.0,1.9,"DES Area, Production & Yield Query Report"
Madhya Pradesh,Ujjain,2018,2018 - 2019,Whole Year,All Crops,11.0,7.0,0.67,"DES Area, Production & Yield Query Report"
Madhya Pradesh,Ujjain,2019,2019 - 2020,Whole Year,All Crops,30.0,1.0,0.04,"DES Area, Production & Yield Query Report"
Madhya Pradesh,Ujjain,2020,2020 - 2021,Whole Year,All Crops,54.0,100.0,1.85,"DES Area, Production & Yield Query Report"
Madhya Pradesh,Ujjain,2021,2021 - 2022,Whole Year,All Crops,667.0,804.0,1.21,"DES Area, Production & Yield Query Report"
Madhya Pradesh,Ujjain,2022,2022 - 2023,Whole Year,All Crops,38.0,75.0,1.97,"DES Area, Production & Yield Query Report"
Madhya Pradesh,Umaria,2013,2013 - 2014,Whole Year,All Crops,40317.0,47310.0,1.17,"DES Area, Production & Yield Query Report"
Madhya Pradesh,Umaria,2014,2014 - 2015,Whole Year,All Crops,49000.0,82000.0,1.67,"DES Area, Production & Yield Query Report"
Madhya Pradesh,Umaria,2015,2015 - 2016,Whole Year,All Crops,39000.0,74000.0,1.9,"DES Area, Production & Yield Query Report"
Madhya Pradesh,Umaria,2016,2016 - 2017,Whole Year,All Crops,51000.0,92660.0,1.82,"DES Area, Production & Yield Query Report"
Madhya Pradesh,Umaria,2017,2017 - 2018,Whole Year,All Crops,35020.0,81690.0,2.33,"DES Area, Production & Yield Query Report"
Madhya Pradesh,Umaria,2018,2018 - 2019,Whole Year,All Crops,71937.0,152036.0,2.11,"DES Area, Production & Yield Query Report"
Madhya Pradesh,Umaria,2019,2019 - 2020,Whole Year,All Crops,72967.0,140585.0,1.93,"DES Area, Production & Yield Query Report"
Madhya Pradesh,Umaria,2020,2020 - 2021,Whole Year,All Crops,84483.0,171782.0,2.03,"DES Area, Production & Yield Query Report"
Madhya Pradesh,Umaria,2021,2021 - 2022,Whole Year,All Crops,87432.0,123279.0,1.41,"DES Area, Production & Yield Query Report"
Madhya Pradesh,Umaria,2022,2022 - 2023,Whole Year,All Crops,89196.0,188650.0,2.12,"DES Area, Production & Yield Query Report"
Madhya Pradesh,Vidisha,2013,2013 - 2014,Whole Year,All Crops,1500.0,836.0,0.56,"DES Area, Production & Yield Query Report"
Madhya Pradesh,Vidisha,2014,2014 - 2015,Whole Year,All Crops,4000.0,3330.0,0.83,"DES Area, Production & Yield Query Report"
Madhya Pradesh,Vidisha,2015,2015 - 2016,Whole Year,All Crops,3000.0,4000.0,1.33,"DES Area, Production & Yield Query Report"
Madhya Pradesh,Vidisha,2017,2017 - 2018,Whole Year,All Crops,10500.0,23800.0,2.27,"DES Area, Production & Yield Query Report"
Madhya Pradesh,Vidisha,2018,2018 - 2019,Whole Year,All Crops,19950.0,15385.0,0.77,"DES Area, Production & Yield Query Report"
Madhya Pradesh,Vidisha,2019,2019 - 2020,Whole Year,All Crops,22481.0,27983.0,1.24,"DES Area, Production & Yield Query Report"
Madhya Pradesh,Vidisha,2020,2020 - 2021,Whole Year,All Crops,20367.0,38154.0,1.87,"DES Area, Production & Yield Query Report"
Madhya Pradesh,Vidisha,2021,2021 - 2022,Whole Year,All Crops,57258.0,100775.0,1.76,"DES Area, Production & Yield Query Report"
Madhya Pradesh,Vidisha,2022,2022 - 2023,Whole Year,All Crops,62920.0,178693.0,2.84,"DES Area, Production & Yield Query Report"
Maharashtra,Ahilyanagar,2013,2013 - 2014,Whole Year,All Crops,7900.0,19000.0,2.41,"DES Area, Production & Yield Query Report"
Maharashtra,Ahilyanagar,2014,2014 - 2015,Whole Year,All Crops,8600.0,2200.0,0.26,"DES Area, Production & Yield Query Report"
Maharashtra,Ahilyanagar,2015,2015 - 2016,Whole Year,All Crops,14000.0,17200.0,1.23,"DES Area, Production & Yield Query Report"
Maharashtra,Ahilyanagar,2016,2016 - 2017,Whole Year,All Crops,15000.0,26200.0,1.75,"DES Area, Production & Yield Query Report"
Maharashtra,Ahilyanagar,2017,2017 - 2018,Whole Year,All Crops,16200.0,37300.0,2.3,"DES Area, Production & Yield Query Report"
Maharashtra,Ahilyanagar,2018,2018 - 2019,Whole Year,All Crops,16245.0,6711.0,0.41,"DES Area, Production & Yield Query Report"
Maharashtra,Ahilyanagar,2019,2019 - 2020,Whole Year,All Crops,17331.0,19469.0,1.12,"DES Area, Production & Yield Query Report"
Maharashtra,Ahilyanagar,2020,2020 - 2021,Whole Year,All Crops,17595.0,33172.0,1.89,"DES Area, Production & Yield Query Report"
Maharashtra,Ahilyanagar,2021,2021 - 2022,Whole Year,All Crops,19561.0,37038.0,1.89,"DES Area, Production & Yield Query Report"
Maharashtra,Ahilyanagar,2022,2022 - 2023,Whole Year,All Crops,20580.0,34228.0,1.66,"DES Area, Production & Yield Query Report"
Maharashtra,Akola,2021,2021 - 2022,Whole Year,All Crops,88.0,261.0,2.97,"DES Area, Production & Yield Query Report"
Maharashtra,Amravati,2013,2013 - 2014,Whole Year,All Crops,4700.0,800.0,0.17,"DES Area, Production & Yield Query Report"
Maharashtra,Amravati,2014,2014 - 2015,Whole Year,All Crops,5300.0,1600.0,0.3,"DES Area, Production & Yield Query Report"
Maharashtra,Amravati,2015,2015 - 2016,Whole Year,All Crops,5600.0,1200.0,0.21,"DES Area, Production & Yield Query Report"
Maharashtra,Amravati,2016,2016 - 2017,Whole Year,All Crops,6900.0,4600.0,0.67,"DES Area, Production & Yield Query Report"
Maharashtra,Amravati,2017,2017 - 2018,Whole Year,All Crops,8900.0,3000.0,0.34,"DES Area, Production & Yield Query Report"
Maharashtra,Amravati,2018,2018 - 2019,Whole Year,All Crops,7258.0,2942.0,0.41,"DES Area, Production & Yield Query Report"
Maharashtra,Amravati,2019,2019 - 2020,Whole Year,All Crops,6168.0,1186.0,0.19,"DES Area, Production & Yield Query Report"
Maharashtra,Amravati,2020,2020 - 2021,Whole Year,All Crops,6168.0,3644.0,0.59,"DES Area, Production & Yield Query Report"
Maharashtra,Amravati,2021,2021 - 2022,Whole Year,All Crops,6485.0,3273.0,0.5,"DES Area, Production & Yield Query Report"
Maharashtra,Amravati,2022,2022 - 2023,Whole Year,All Crops,6736.0,2626.0,0.39,"DES Area, Production & Yield Query Report"
Maharashtra,Beed,2013,2013 - 2014,Whole Year,All Crops,500.0,300.0,0.6,"DES Area, Production & Yield Query Report"
Maharashtra,Beed,2014,2014 - 2015,Whole Year,All Crops,400.0,100.0,0.25,"DES Area, Production & Yield Query Report"
Maharashtra,Beed,2015,2015 - 2016,Whole Year,All Crops,300.0,0.0,0.0,"DES Area, Production & Yield Query Report"
Maharashtra,Beed,2016,2016 - 2017,Whole Year,All Crops,100.0,70.0,0.7,"DES Area, Production & Yield Query Report"
Maharashtra,Beed,2017,2017 - 2018,Whole Year,All Crops,65.0,30.0,0.46,"DES Area, Production & Yield Query Report"
Maharashtra,Beed,2018,2018 - 2019,Whole Year,All Crops,29.0,9.0,0.31,"DES Area, Production & Yield Query Report"
Maharashtra,Beed,2019,2019 - 2020,Whole Year,All Crops,16.0,2.0,0.13,"DES Area, Production & Yield Query Report"
Maharashtra,Beed,2020,2020 - 2021,Whole Year,All Crops,17.0,53.0,3.05,"DES Area, Production & Yield Query Report"
Maharashtra,Bhandara,2013,2013 - 2014,Whole Year,All Crops,194600.0,324270.0,1.67,"DES Area, Production & Yield Query Report"
Maharashtra,Bhandara,2014,2014 - 2015,Whole Year,All Crops,196200.0,322800.0,1.65,"DES Area, Production & Yield Query Report"
Maharashtra,Bhandara,2015,2015 - 2016,Whole Year,All Crops,187900.0,283900.0,1.51,"DES Area, Production & Yield Query Report"
Maharashtra,Bhandara,2016,2016 - 2017,Whole Year,All Crops,182400.0,378400.0,2.07,"DES Area, Production & Yield Query Report"
Maharashtra,Bhandara,2017,2017 - 2018,Whole Year,All Crops,172881.0,219600.0,1.27,"DES Area, Production & Yield Query Report"
Maharashtra,Bhandara,2018,2018 - 2019,Whole Year,All Crops,175790.0,382237.0,2.17,"DES Area, Production & Yield Query Report"
Maharashtra,Bhandara,2019,2019 - 2020,Whole Year,All Crops,190564.0,323269.0,1.7,"DES Area, Production & Yield Query Report"
Maharashtra,Bhandara,2020,2020 - 2021,Whole Year,All Crops,190876.0,397825.0,2.08,"DES Area, Production & Yield Query Report"
Maharashtra,Bhandara,2021,2021 - 2022,Whole Year,All Crops,193511.0,405227.0,2.09,"DES Area, Production & Yield Query Report"
Maharashtra,Bhandara,2022,2022 - 2023,Whole Year,All Crops,239779.0,540389.0,2.25,"DES Area, Production & Yield Query Report"
Maharashtra,Buldhana,2016,2016 - 2017,Whole Year,All Crops,10.0,4.0,0.4,"DES Area, Production & Yield Query Report"
Maharashtra,Chandrapur,2013,2013 - 2014,Whole Year,All Crops,163400.0,218200.0,1.34,"DES Area, Production & Yield Query Report"
Maharashtra,Chandrapur,2014,2014 - 2015,Whole Year,All Crops,145800.0,113500.0,0.78,"DES Area, Production & Yield Query Report"
Maharashtra,Chandrapur,2015,2015 - 2016,Whole Year,All Crops,139700.0,117200.0,0.84,"DES Area, Production & Yield Query Report"
Maharashtra,Chandrapur,2016,2016 - 2017,Whole Year,All Crops,143100.0,245500.0,1.72,"DES Area, Production & Yield Query Report"
Maharashtra,Chandrapur,2017,2017 - 2018,Whole Year,All Crops,132588.0,99100.0,0.75,"DES Area, Production & Yield Query Report"
Maharashtra,Chandrapur,2018,2018 - 2019,Whole Year,All Crops,134971.0,236545.0,1.75,"DES Area, Production & Yield Query Report"
Maharashtra,Chandrapur,2019,2019 - 2020,Whole Year,All Crops,143806.0,206578.0,1.44,"DES Area, Production & Yield Query Report"
Maharashtra,Chandrapur,2020,2020 - 2021,Whole Year,All Crops,147973.0,205213.0,1.39,"DES Area, Production & Yield Query Report"
Maharashtra,Chandrapur,2021,2021 - 2022,Whole Year,All Crops,149405.0,260565.0,1.74,"DES Area, Production & Yield Query Report"
Maharashtra,Chandrapur,2022,2022 - 2023,Whole Year,All Crops,159559.0,270770.0,1.7,"DES Area, Production & Yield Query Report"
Maharashtra,Chhatrapati Sambhajinagar,2016,2016 - 2017,Whole Year,All Crops,6500.0,3100.0,0.48,"DES Area, Production & Yield Query Report"
Maharashtra,Chhatrapati Sambhajinagar,2019,2019 - 2020,Whole Year,All Crops,5.0,1.0,0.2,"DES Area, Production & Yield Query Report"
Maharashtra,Chhatrapati Sambhajinagar,2020,2020 - 2021,Whole Year,All Crops,0.0,1.0,3.04,"DES Area, Production & Yield Query Report"
Maharashtra,Dharashiv,2013,2013 - 2014,Whole Year,All Crops,13100.0,6400.0,0.49,"DES Area, Production & Yield Query Report"
Maharashtra,Dharashiv,2014,2014 - 2015,Whole Year,All Crops,13100.0,2500.0,0.19,"DES Area, Production & Yield Query Report"
Maharashtra,Dharashiv,2015,2015 - 2016,Whole Year,All Crops,6200.0,600.0,0.1,"DES Area, Production & Yield Query Report"
Maharashtra,Dharashiv,2016,2016 - 2017,Whole Year,All Crops,6300.0,1200.0,0.19,"DES Area, Production & Yield Query Report"
Maharashtra,Dharashiv,2017,2017 - 2018,Whole Year,All Crops,7500.0,2200.0,0.29,"DES Area, Production & Yield Query Report"
Maharashtra,Dharashiv,2019,2019 - 2020,Whole Year,All Crops,1221.0,139.0,0.11,"DES Area, Production & Yield Query Report"
Maharashtra,Dharashiv,2020,2020 - 2021,Whole Year,All Crops,1142.0,749.0,0.66,"DES Area, Production & Yield Query Report"
Maharashtra,Dharashiv,2021,2021 - 2022,Whole Year,All Crops,666.0,230.0,0.35,"DES Area, Production & Yield Query Report"
Maharashtra,Dharashiv,2022,2022 - 2023,Whole Year,All Crops,368.0,143.0,0.39,"DES Area, Production & Yield Query Report"
Maharashtra,Dhule,2013,2013 - 2014,Whole Year,All Crops,7700.0,9700.0,1.26,"DES Area, Production & Yield Query Report"
Maharashtra,Dhule,2014,2014 - 2015,Whole Year,All Crops,100.0,0.0,0.0,"DES Area, Production & Yield Query Report"
Maharashtra,Dhule,2015,2015 - 2016,Whole Year,All Crops,2300.0,2700.0,1.17,"DES Area, Production & Yield Query Report"
Maharashtra,Dhule,2016,2016 - 2017,Whole Year,All Crops,6400.0,10500.0,1.64,"DES Area, Production & Yield Query Report"
Maharashtra,Dhule,2017,2017 - 2018,Whole Year,All Crops,7000.0,14100.0,2.01,"DES Area, Production & Yield Query Report"
Maharashtra,Dhule,2018,2018 - 2019,Whole Year,All Crops,6870.0,9305.0,1.35,"DES Area, Production & Yield Query Report"
Maharashtra,Dhule,2019,2019 - 2020,Whole Year,All Crops,6838.0,9742.0,1.42,"DES Area, Production & Yield Query Report"
Maharashtra,Dhule,2020,2020 - 2021,Whole Year,All Crops,6830.0,8480.0,1.24,"DES Area, Production & Yield Query Report"
Maharashtra,Dhule,2021,2021 - 2022,Whole Year,All Crops,7008.0,8301.0,1.18,"DES Area, Production & Yield Query Report"
Maharashtra,Dhule,2022,2022 - 2023,Whole Year,All Crops,7276.0,12358.0,1.7,"DES Area, Production & Yield Query Report"
Maharashtra,Gadchiroli,2013,2013 - 2014,Whole Year,All Crops,156000.0,232000.0,1.49,"DES Area, Production & Yield Query Report"
Maharashtra,Gadchiroli,2014,2014 - 2015,Whole Year,All Crops,155700.0,206100.0,1.32,"DES Area, Production & Yield Query Report"
Maharashtra,Gadchiroli,2015,2015 - 2016,Whole Year,All Crops,152700.0,130700.0,0.86,"DES Area, Production & Yield Query Report"
Maharashtra,Gadchiroli,2016,2016 - 2017,Whole Year,All Crops,153400.0,285300.0,1.86,"DES Area, Production & Yield Query Report"
Maharashtra,Gadchiroli,2017,2017 - 2018,Whole Year,All Crops,151795.0,188200.0,1.24,"DES Area, Production & Yield Query Report"
Maharashtra,Gadchiroli,2018,2018 - 2019,Whole Year,All Crops,154159.0,277166.0,1.8,"DES Area, Production & Yield Query Report"
Maharashtra,Gadchiroli,2019,2019 - 2020,Whole Year,All Crops,180397.0,312257.0,1.73,"DES Area, Production & Yield Query Report"
Maharashtra,Gadchiroli,2020,2020 - 2021,Whole Year,All Crops,181364.0,298453.0,1.65,"DES Area, Production & Yield Query Report"
Maharashtra,Gadchiroli,2021,2021 - 2022,Whole Year,All Crops,190598.0,301331.0,1.58,"DES Area, Production & Yield Query Report"
Maharashtra,Gadchiroli,2022,2022 - 2023,Whole Year,All Crops,189410.0,345924.0,1.83,"DES Area, Production & Yield Query Report"
Maharashtra,Gondia,2013,2013 - 2014,Whole Year,All Crops,201500.0,325320.0,1.61,"DES Area, Production & Yield Query Report"
Maharashtra,Gondia,2014,2014 - 2015,Whole Year,All Crops,187600.0,376700.0,2.01,"DES Area, Production & Yield Query Report"
Maharashtra,Gondia,2015,2015 - 2016,Whole Year,All Crops,182500.0,289900.0,1.59,"DES Area, Production & Yield Query Report"
Maharashtra,Gondia,2016,2016 - 2017,Whole Year,All Crops,209300.0,510300.0,2.44,"DES Area, Production & Yield Query Report"
Maharashtra,Gondia,2017,2017 - 2018,Whole Year,All Crops,143011.0,229500.0,1.6,"DES Area, Production & Yield Query Report"
Maharashtra,Gondia,2018,2018 - 2019,Whole Year,All Crops,152046.0,390810.0,2.57,"DES Area, Production & Yield Query Report"
Maharashtra,Gondia,2019,2019 - 2020,Whole Year,All Crops,192827.0,409439.0,2.12,"DES Area, Production & Yield Query Report"
Maharashtra,Gondia,2020,2020 - 2021,Whole Year,All Crops,205621.0,472686.0,2.3,"DES Area, Production & Yield Query Report"
Maharashtra,Gondia,2021,2021 - 2022,Whole Year,All Crops,211393.0,501790.0,2.37,"DES Area, Production & Yield Query Report"
Maharashtra,Gondia,2022,2022 - 2023,Whole Year,All Crops,266172.0,727690.0,2.73,"DES Area, Production & Yield Query Report"
Maharashtra,Jalna,2019,2019 - 2020,Whole Year,All Crops,11.0,2.0,0.18,"DES Area, Production & Yield Query Report"
Maharashtra,Kolhapur,2013,2013 - 2014,Whole Year,All Crops,109600.0,341800.0,3.12,"DES Area, Production & Yield Query Report"
Maharashtra,Kolhapur,2014,2014 - 2015,Whole Year,All Crops,111800.0,338600.0,3.03,"DES Area, Production & Yield Query Report"
Maharashtra,Kolhapur,2015,2015 - 2016,Whole Year,All Crops,112400.0,276600.0,2.46,"DES Area, Production & Yield Query Report"
Maharashtra,Kolhapur,2016,2016 - 2017,Whole Year,All Crops,114200.0,397800.0,3.48,"DES Area, Production & Yield Query Report"
Maharashtra,Kolhapur,2017,2017 - 2018,Whole Year,All Crops,109456.0,334300.0,3.05,"DES Area, Production & Yield Query Report"
Maharashtra,Kolhapur,2018,2018 - 2019,Whole Year,All Crops,106902.0,328945.0,3.08,"DES Area, Production & Yield Query Report"
Maharashtra,Kolhapur,2019,2019 - 2020,Whole Year,All Crops,111796.0,272480.0,2.44,"DES Area, Production & Yield Query Report"
Maharashtra,Kolhapur,2020,2020 - 2021,Whole Year,All Crops,102260.0,342518.0,3.35,"DES Area, Production & Yield Query Report"
Maharashtra,Kolhapur,2021,2021 - 2022,Whole Year,All Crops,95606.0,320781.0,3.36,"DES Area, Production & Yield Query Report"
Maharashtra,Kolhapur,2022,2022 - 2023,Whole Year,All Crops,94730.0,291720.0,3.08,"DES Area, Production & Yield Query Report"
Maharashtra,Latur,2013,2013 - 2014,Whole Year,All Crops,7600.0,5100.0,0.67,"DES Area, Production & Yield Query Report"
Maharashtra,Latur,2014,2014 - 2015,Whole Year,All Crops,5800.0,1100.0,0.19,"DES Area, Production & Yield Query Report"
Maharashtra,Latur,2015,2015 - 2016,Whole Year,All Crops,3800.0,300.0,0.08,"DES Area, Production & Yield Query Report"
Maharashtra,Latur,2016,2016 - 2017,Whole Year,All Crops,3300.0,900.0,0.27,"DES Area, Production & Yield Query Report"
Maharashtra,Latur,2017,2017 - 2018,Whole Year,All Crops,2800.0,800.0,0.29,"DES Area, Production & Yield Query Report"
Maharashtra,Latur,2018,2018 - 2019,Whole Year,All Crops,1945.0,404.0,0.21,"DES Area, Production & Yield Query Report"
Maharashtra,Latur,2019,2019 - 2020,Whole Year,All Crops,879.0,71.0,0.08,"DES Area, Production & Yield Query Report"
Maharashtra,Latur,2020,2020 - 2021,Whole Year,All Crops,908.0,596.0,0.66,"DES Area, Production & Yield Query Report"
Maharashtra,Latur,2021,2021 - 2022,Whole Year,All Crops,611.0,210.0,0.34,"DES Area, Production & Yield Query Report"
Maharashtra,Latur,2022,2022 - 2023,Whole Year,All Crops,351.0,137.0,0.39,"DES Area, Production & Yield Query Report"
Maharashtra,Nagpur,2013,2013 - 2014,Whole Year,All Crops,77800.0,105200.0,1.35,"DES Area, Production & Yield Query Report"
Maharashtra,Nagpur,2014,2014 - 2015,Whole Year,All Crops,78800.0,95500.0,1.21,"DES Area, Production & Yield Query Report"
Maharashtra,Nagpur,2015,2015 - 2016,Whole Year,All Crops,88700.0,107300.0,1.21,"DES Area, Production & Yield Query Report"
Maharashtra,Nagpur,2016,2016 - 2017,Whole Year,All Crops,87700.0,170400.0,1.94,"DES Area, Production & Yield Query Report"
Maharashtra,Nagpur,2017,2017 - 2018,Whole Year,All Crops,97275.0,183600.0,1.89,"DES Area, Production & Yield Query Report"
Maharashtra,Nagpur,2018,2018 - 2019,Whole Year,All Crops,98210.0,203332.0,2.07,"DES Area, Production & Yield Query Report"
Maharashtra,Nagpur,2019,2019 - 2020,Whole Year,All Crops,99529.0,156070.0,1.57,"DES Area, Production & Yield Query Report"
Maharashtra,Nagpur,2020,2020 - 2021,Whole Year,All Crops,98096.0,213761.0,2.18,"DES Area, Production & Yield Query Report"
Maharashtra,Nagpur,2021,2021 - 2022,Whole Year,All Crops,98503.0,221619.0,2.25,"DES Area, Production & Yield Query Report"
Maharashtra,Nagpur,2022,2022 - 2023,Whole Year,All Crops,99778.0,200554.0,2.01,"DES Area, Production & Yield Query Report"
Maharashtra,Nanded,2013,2013 - 2014,Whole Year,All Crops,800.0,400.0,0.5,"DES Area, Production & Yield Query Report"
Maharashtra,Nanded,2014,2014 - 2015,Whole Year,All Crops,800.0,100.0,0.13,"DES Area, Production & Yield Query Report"
Maharashtra,Nanded,2015,2015 - 2016,Whole Year,All Crops,400.0,100.0,0.25,"DES Area, Production & Yield Query Report"
Maharashtra,Nanded,2016,2016 - 2017,Whole Year,All Crops,700.0,1300.0,1.86,"DES Area, Production & Yield Query Report"
Maharashtra,Nanded,2017,2017 - 2018,Whole Year,All Crops,808.0,1200.0,1.49,"DES Area, Production & Yield Query Report"
Maharashtra,Nanded,2018,2018 - 2019,Whole Year,All Crops,840.0,1175.0,1.4,"DES Area, Production & Yield Query Report"
Maharashtra,Nanded,2019,2019 - 2020,Whole Year,All Crops,861.0,1120.0,1.3,"DES Area, Production & Yield Query Report"
Maharashtra,Nanded,2020,2020 - 2021,Whole Year,All Crops,892.0,2500.0,2.8,"DES Area, Production & Yield Query Report"
Maharashtra,Nanded,2021,2021 - 2022,Whole Year,All Crops,915.0,2337.0,2.55,"DES Area, Production & Yield Query Report"
Maharashtra,Nanded,2022,2022 - 2023,Whole Year,All Crops,1294.0,3294.0,2.55,"DES Area, Production & Yield Query Report"
Maharashtra,Nandurbar,2013,2013 - 2014,Whole Year,All Crops,22500.0,20300.0,0.9,"DES Area, Production & Yield Query Report"
Maharashtra,Nandurbar,2014,2014 - 2015,Whole Year,All Crops,18200.0,9000.0,0.49,"DES Area, Production & Yield Query Report"
Maharashtra,Nandurbar,2015,2015 - 2016,Whole Year,All Crops,18900.0,17300.0,0.92,"DES Area, Production & Yield Query Report"
Maharashtra,Nandurbar,2016,2016 - 2017,Whole Year,All Crops,25300.0,29400.0,1.16,"DES Area, Production & Yield Query Report"
Maharashtra,Nandurbar,2017,2017 - 2018,Whole Year,All Crops,26600.0,30100.0,1.13,"DES Area, Production & Yield Query Report"
Maharashtra,Nandurbar,2018,2018 - 2019,Whole Year,All Crops,26116.0,22519.0,0.86,"DES Area, Production & Yield Query Report"
Maharashtra,Nandurbar,2019,2019 - 2020,Whole Year,All Crops,26962.0,43273.0,1.6,"DES Area, Production & Yield Query Report"
Maharashtra,Nandurbar,2020,2020 - 2021,Whole Year,All Crops,28232.0,49163.0,1.74,"DES Area, Production & Yield Query Report"
Maharashtra,Nandurbar,2021,2021 - 2022,Whole Year,All Crops,30054.0,36112.0,1.2,"DES Area, Production & Yield Query Report"
Maharashtra,Nandurbar,2022,2022 - 2023,Whole Year,All Crops,24060.0,45480.0,1.89,"DES Area, Production & Yield Query Report"
Maharashtra,Nashik,2013,2013 - 2014,Whole Year,All Crops,72600.0,93300.0,1.29,"DES Area, Production & Yield Query Report"
Maharashtra,Nashik,2014,2014 - 2015,Whole Year,All Crops,71200.0,86700.0,1.22,"DES Area, Production & Yield Query Report"
Maharashtra,Nashik,2015,2015 - 2016,Whole Year,All Crops,69600.0,101100.0,1.45,"DES Area, Production & Yield Query Report"
Maharashtra,Nashik,2016,2016 - 2017,Whole Year,All Crops,71900.0,145800.0,2.03,"DES Area, Production & Yield Query Report"
Maharashtra,Nashik,2017,2017 - 2018,Whole Year,All Crops,72500.0,153600.0,2.12,"DES Area, Production & Yield Query Report"
Maharashtra,Nashik,2018,2018 - 2019,Whole Year,All Crops,74046.0,126516.0,1.71,"DES Area, Production & Yield Query Report"
Maharashtra,Nashik,2019,2019 - 2020,Whole Year,All Crops,76288.0,90539.0,1.19,"DES Area, Production & Yield Query Report"
Maharashtra,Nashik,2020,2020 - 2021,Whole Year,All Crops,76544.0,148822.0,1.94,"DES Area, Production & Yield Query Report"
Maharashtra,Nashik,2021,2021 - 2022,Whole Year,All Crops,78135.0,134272.0,1.72,"DES Area, Production & Yield Query Report"
Maharashtra,Nashik,2022,2022 - 2023,Whole Year,All Crops,92330.0,230176.0,2.49,"DES Area, Production & Yield Query Report"
Maharashtra,Palghar,2014,2014 - 2015,Whole Year,All Crops,74800.0,188300.0,2.52,"DES Area, Production & Yield Query Report"
Maharashtra,Palghar,2015,2015 - 2016,Whole Year,All Crops,78500.0,181300.0,2.31,"DES Area, Production & Yield Query Report"
Maharashtra,Palghar,2016,2016 - 2017,Whole Year,All Crops,77600.0,225600.0,2.91,"DES Area, Production & Yield Query Report"
Maharashtra,Palghar,2017,2017 - 2018,Whole Year,All Crops,77930.0,145100.0,1.86,"DES Area, Production & Yield Query Report"
Maharashtra,Palghar,2018,2018 - 2019,Whole Year,All Crops,78039.0,138267.0,1.77,"DES Area, Production & Yield Query Report"
Maharashtra,Palghar,2019,2019 - 2020,Whole Year,All Crops,78039.0,140242.0,1.8,"DES Area, Production & Yield Query Report"
Maharashtra,Palghar,2020,2020 - 2021,Whole Year,All Crops,78039.0,147876.0,1.89,"DES Area, Production & Yield Query Report"
Maharashtra,Palghar,2021,2021 - 2022,Whole Year,All Crops,78042.0,166690.0,2.14,"DES Area, Production & Yield Query Report"
Maharashtra,Palghar,2022,2022 - 2023,Whole Year,All Crops,78926.0,190313.0,2.41,"DES Area, Production & Yield Query Report"
Maharashtra,Parbhani,2013,2013 - 2014,Whole Year,All Crops,700.0,300.0,0.43,"DES Area, Production & Yield Query Report"
Maharashtra,Parbhani,2016,2016 - 2017,Whole Year,All Crops,20.0,4.0,0.2,"DES Area, Production & Yield Query Report"
Maharashtra,Parbhani,2018,2018 - 2019,Whole Year,All Crops,10.0,2.0,0.2,"DES Area, Production & Yield Query Report"
Maharashtra,Parbhani,2019,2019 - 2020,Whole Year,All Crops,10.0,1.0,0.1,"DES Area, Production & Yield Query Report"
Maharashtra,Parbhani,2020,2020 - 2021,Whole Year,All Crops,10.0,7.0,0.66,"DES Area, Production & Yield Query Report"
Maharashtra,Pune,2013,2013 - 2014,Whole Year,All Crops,82100.0,153200.0,1.87,"DES Area, Production & Yield Query Report"
Maharashtra,Pune,2014,2014 - 2015,Whole Year,All Crops,82100.0,136100.0,1.66,"DES Area, Production & Yield Query Report"
Maharashtra,Pune,2015,2015 - 2016,Whole Year,All Crops,54600.0,107300.0,1.97,"DES Area, Production & Yield Query Report"
Maharashtra,Pune,2016,2016 - 2017,Whole Year,All Crops,53500.0,115400.0,2.16,"DES Area, Production & Yield Query Report"
Maharashtra,Pune,2017,2017 - 2018,Whole Year,All Crops,52000.0,124000.0,2.38,"DES Area, Production & Yield Query Report"
Maharashtra,Pune,2018,2018 - 2019,Whole Year,All Crops,57969.0,106233.0,1.83,"DES Area, Production & Yield Query Report"
Maharashtra,Pune,2019,2019 - 2020,Whole Year,All Crops,59509.0,107626.0,1.81,"DES Area, Production & Yield Query Report"
Maharashtra,Pune,2020,2020 - 2021,Whole Year,All Crops,61018.0,127825.0,2.09,"DES Area, Production & Yield Query Report"
Maharashtra,Pune,2021,2021 - 2022,Whole Year,All Crops,59773.0,166721.0,2.79,"DES Area, Production & Yield Query Report"
Maharashtra,Pune,2022,2022 - 2023,Whole Year,All Crops,59821.0,151844.0,2.54,"DES Area, Production & Yield Query Report"
Maharashtra,Raigad,2013,2013 - 2014,Whole Year,All Crops,127900.0,365900.0,2.86,"DES Area, Production & Yield Query Report"
Maharashtra,Raigad,2014,2014 - 2015,Whole Year,All Crops,125300.0,350800.0,2.8,"DES Area, Production & Yield Query Report"
Maharashtra,Raigad,2015,2015 - 2016,Whole Year,All Crops,115600.0,339900.0,2.94,"DES Area, Production & Yield Query Report"
Maharashtra,Raigad,2016,2016 - 2017,Whole Year,All Crops,113300.0,309100.0,2.73,"DES Area, Production & Yield Query Report"
Maharashtra,Raigad,2017,2017 - 2018,Whole Year,All Crops,114237.0,310800.0,2.72,"DES Area, Production & Yield Query Report"
Maharashtra,Raigad,2018,2018 - 2019,Whole Year,All Crops,114079.0,324055.0,2.84,"DES Area, Production & Yield Query Report"
Maharashtra,Raigad,2019,2019 - 2020,Whole Year,All Crops,98901.0,195427.0,1.98,"DES Area, Production & Yield Query Report"
Maharashtra,Raigad,2020,2020 - 2021,Whole Year,All Crops,98676.0,184483.0,1.87,"DES Area, Production & Yield Query Report"
Maharashtra,Raigad,2021,2021 - 2022,Whole Year,All Crops,99092.0,227505.0,2.3,"DES Area, Production & Yield Query Report"
Maharashtra,Raigad,2022,2022 - 2023,Whole Year,All Crops,96093.0,257788.0,2.68,"DES Area, Production & Yield Query Report"
Maharashtra,Ratnagiri,2013,2013 - 2014,Whole Year,All Crops,72100.0,213200.0,2.96,"DES Area, Production & Yield Query Report"
Maharashtra,Ratnagiri,2014,2014 - 2015,Whole Year,All Crops,72500.0,220500.0,3.04,"DES Area, Production & Yield Query Report"
Maharashtra,Ratnagiri,2015,2015 - 2016,Whole Year,All Crops,71000.0,174100.0,2.45,"DES Area, Production & Yield Query Report"
Maharashtra,Ratnagiri,2016,2016 - 2017,Whole Year,All Crops,75340.0,236400.0,3.14,"DES Area, Production & Yield Query Report"
Maharashtra,Ratnagiri,2017,2017 - 2018,Whole Year,All Crops,75229.0,224500.0,2.98,"DES Area, Production & Yield Query Report"
Maharashtra,Ratnagiri,2018,2018 - 2019,Whole Year,All Crops,76116.0,240960.0,3.17,"DES Area, Production & Yield Query Report"
Maharashtra,Ratnagiri,2019,2019 - 2020,Whole Year,All Crops,75411.0,238619.0,3.16,"DES Area, Production & Yield Query Report"
Maharashtra,Ratnagiri,2020,2020 - 2021,Whole Year,All Crops,75856.0,213639.0,2.82,"DES Area, Production & Yield Query Report"
Maharashtra,Ratnagiri,2021,2021 - 2022,Whole Year,All Crops,77237.0,221198.0,2.86,"DES Area, Production & Yield Query Report"
Maharashtra,Ratnagiri,2022,2022 - 2023,Whole Year,All Crops,69201.0,206478.0,2.98,"DES Area, Production & Yield Query Report"
Maharashtra,Sangli,2013,2013 - 2014,Whole Year,All Crops,14500.0,25500.0,1.76,"DES Area, Production & Yield Query Report"
Maharashtra,Sangli,2014,2014 - 2015,Whole Year,All Crops,15500.0,31400.0,2.03,"DES Area, Production & Yield Query Report"
Maharashtra,Sangli,2015,2015 - 2016,Whole Year,All Crops,22600.0,43400.0,1.92,"DES Area, Production & Yield Query Report"
Maharashtra,Sangli,2016,2016 - 2017,Whole Year,All Crops,16800.0,42900.0,2.55,"DES Area, Production & Yield Query Report"
Maharashtra,Sangli,2017,2017 - 2018,Whole Year,All Crops,17000.0,39300.0,2.31,"DES Area, Production & Yield Query Report"
Maharashtra,Sangli,2018,2018 - 2019,Whole Year,All Crops,15423.0,40619.0,2.63,"DES Area, Production & Yield Query Report"
Maharashtra,Sangli,2019,2019 - 2020,Whole Year,All Crops,15472.0,19618.0,1.27,"DES Area, Production & Yield Query Report"
Maharashtra,Sangli,2020,2020 - 2021,Whole Year,All Crops,15512.0,43546.0,2.81,"DES Area, Production & Yield Query Report"
Maharashtra,Sangli,2021,2021 - 2022,Whole Year,All Crops,14931.0,37000.0,2.48,"DES Area, Production & Yield Query Report"
Maharashtra,Sangli,2022,2022 - 2023,Whole Year,All Crops,14705.0,38938.0,2.65,"DES Area, Production & Yield Query Report"
Maharashtra,Satara,2013,2013 - 2014,Whole Year,All Crops,50400.0,75600.0,1.5,"DES Area, Production & Yield Query Report"
Maharashtra,Satara,2014,2014 - 2015,Whole Year,All Crops,52900.0,94700.0,1.79,"DES Area, Production & Yield Query Report"
Maharashtra,Satara,2015,2015 - 2016,Whole Year,All Crops,52700.0,79700.0,1.51,"DES Area, Production & Yield Query Report"
Maharashtra,Satara,2016,2016 - 2017,Whole Year,All Crops,47000.0,82100.0,1.75,"DES Area, Production & Yield Query Report"
Maharashtra,Satara,2017,2017 - 2018,Whole Year,All Crops,45800.0,83000.0,1.81,"DES Area, Production & Yield Query Report"
Maharashtra,Satara,2018,2018 - 2019,Whole Year,All Crops,47026.0,109002.0,2.32,"DES Area, Production & Yield Query Report"
Maharashtra,Satara,2019,2019 - 2020,Whole Year,All Crops,49635.0,71367.0,1.44,"DES Area, Production & Yield Query Report"
Maharashtra,Satara,2020,2020 - 2021,Whole Year,All Crops,46954.0,108949.0,2.32,"DES Area, Production & Yield Query Report"
Maharashtra,Satara,2021,2021 - 2022,Whole Year,All Crops,45099.0,88919.0,1.97,"DES Area, Production & Yield Query Report"
Maharashtra,Satara,2022,2022 - 2023,Whole Year,All Crops,47711.0,93201.0,1.95,"DES Area, Production & Yield Query Report"
Maharashtra,Sindhudurg,2013,2013 - 2014,Whole Year,All Crops,76800.0,238400.0,3.1,"DES Area, Production & Yield Query Report"
Maharashtra,Sindhudurg,2014,2014 - 2015,Whole Year,All Crops,70000.0,227800.0,3.25,"DES Area, Production & Yield Query Report"
Maharashtra,Sindhudurg,2015,2015 - 2016,Whole Year,All Crops,67200.0,196100.0,2.92,"DES Area, Production & Yield Query Report"
Maharashtra,Sindhudurg,2016,2016 - 2017,Whole Year,All Crops,64000.0,208900.0,3.26,"DES Area, Production & Yield Query Report"
Maharashtra,Sindhudurg,2017,2017 - 2018,Whole Year,All Crops,64020.0,206200.0,3.22,"DES Area, Production & Yield Query Report"
Maharashtra,Sindhudurg,2018,2018 - 2019,Whole Year,All Crops,64050.0,188393.0,2.94,"DES Area, Production & Yield Query Report"
Maharashtra,Sindhudurg,2019,2019 - 2020,Whole Year,All Crops,64051.0,160096.0,2.5,"DES Area, Production & Yield Query Report"
Maharashtra,Sindhudurg,2020,2020 - 2021,Whole Year,All Crops,63614.0,177994.0,2.8,"DES Area, Production & Yield Query Report"
Maharashtra,Sindhudurg,2021,2021 - 2022,Whole Year,All Crops,63614.0,164787.0,2.59,"DES Area, Production & Yield Query Report"
Maharashtra,Sindhudurg,2022,2022 - 2023,Whole Year,All Crops,63614.0,172374.0,2.71,"DES Area, Production & Yield Query Report"
Maharashtra,Solapur,2013,2013 - 2014,Whole Year,All Crops,400.0,100.0,0.25,"DES Area, Production & Yield Query Report"
Maharashtra,Solapur,2014,2014 - 2015,Whole Year,All Crops,400.0,100.0,0.25,"DES Area, Production & Yield Query Report"
Maharashtra,Solapur,2015,2015 - 2016,Whole Year,All Crops,200.0,0.0,0.0,"DES Area, Production & Yield Query Report"
Maharashtra,Solapur,2016,2016 - 2017,Whole Year,All Crops,200.0,43.0,0.22,"DES Area, Production & Yield Query Report"
Maharashtra,Solapur,2017,2017 - 2018,Whole Year,All Crops,600.0,70.0,0.12,"DES Area, Production & Yield Query Report"
Maharashtra,Solapur,2018,2018 - 2019,Whole Year,All Crops,1924.0,173.0,0.09,"DES Area, Production & Yield Query Report"
Maharashtra,Solapur,2019,2019 - 2020,Whole Year,All Crops,1189.0,187.0,0.16,"DES Area, Production & Yield Query Report"
Maharashtra,Solapur,2020,2020 - 2021,Whole Year,All Crops,1487.0,2803.0,1.89,"DES Area, Production & Yield Query Report"
Maharashtra,Solapur,2021,2021 - 2022,Whole Year,All Crops,59.0,42.0,0.71,"DES Area, Production & Yield Query Report"
Maharashtra,Solapur,2022,2022 - 2023,Whole Year,All Crops,9.0,35.0,3.95,"DES Area, Production & Yield Query Report"
Maharashtra,Thane,2013,2013 - 2014,Whole Year,All Crops,139600.0,334000.0,2.39,"DES Area, Production & Yield Query Report"
Maharashtra,Thane,2014,2014 - 2015,Whole Year,All Crops,58000.0,140400.0,2.42,"DES Area, Production & Yield Query Report"
Maharashtra,Thane,2015,2015 - 2016,Whole Year,All Crops,55400.0,125200.0,2.26,"DES Area, Production & Yield Query Report"
Maharashtra,Thane,2016,2016 - 2017,Whole Year,All Crops,55100.0,149700.0,2.72,"DES Area, Production & Yield Query Report"
Maharashtra,Thane,2017,2017 - 2018,Whole Year,All Crops,54748.0,101200.0,1.85,"DES Area, Production & Yield Query Report"
Maharashtra,Thane,2018,2018 - 2019,Whole Year,All Crops,54923.0,139478.0,2.54,"DES Area, Production & Yield Query Report"
Maharashtra,Thane,2019,2019 - 2020,Whole Year,All Crops,55273.0,118613.0,2.15,"DES Area, Production & Yield Query Report"
Maharashtra,Thane,2020,2020 - 2021,Whole Year,All Crops,54865.0,106473.0,1.94,"DES Area, Production & Yield Query Report"
Maharashtra,Thane,2021,2021 - 2022,Whole Year,All Crops,54945.0,129251.0,2.35,"DES Area, Production & Yield Query Report"
Maharashtra,Thane,2022,2022 - 2023,Whole Year,All Crops,54944.0,146982.0,2.68,"DES Area, Production & Yield Query Report"
Manipur,Bishnupur,2013,2013 - 2014,Whole Year,All Crops,28710.0,106450.0,3.71,"DES Area, Production & Yield Query Report"
Manipur,Bishnupur,2014,2014 - 2015,Whole Year,All Crops,29860.0,82350.0,2.76,"DES Area, Production & Yield Query Report"
Manipur,Bishnupur,2015,2015 - 2016,Whole Year,All Crops,33330.0,87250.0,2.62,"DES Area, Production & Yield Query Report"
Manipur,Bishnupur,2016,2016 - 2017,Whole Year,All Crops,33360.0,111920.0,3.35,"DES Area, Production & Yield Query Report"
Manipur,Bishnupur,2017,2017 - 2018,Whole Year,All Crops,31480.0,113470.0,3.6,"DES Area, Production & Yield Query Report"
Manipur,Bishnupur,2018,2018 - 2019,Whole Year,All Crops,29860.0,113400.0,3.8,"DES Area, Production & Yield Query Report"
Manipur,Bishnupur,2019,2019 - 2020,Whole Year,All Crops,20159.0,53440.0,2.65,"DES Area, Production & Yield Query Report"
Manipur,Bishnupur,2020,2020 - 2021,Whole Year,All Crops,20813.0,77210.0,3.71,"DES Area, Production & Yield Query Report"
Manipur,Bishnupur,2021,2021 - 2022,Whole Year,All Crops,23810.0,67880.0,2.85,"DES Area, Production & Yield Query Report"
Manipur,Bishnupur,2022,2022 - 2023,Whole Year,All Crops,23000.0,31880.0,1.39,"DES Area, Production & Yield Query Report"
Manipur,Chandel,2013,2013 - 2014,Whole Year,All Crops,10030.0,12480.0,1.24,"DES Area, Production & Yield Query Report"
Manipur,Chandel,2014,2014 - 2015,Whole Year,All Crops,10030.0,16020.0,1.6,"DES Area, Production & Yield Query Report"
Manipur,Chandel,2015,2015 - 2016,Whole Year,All Crops,10030.0,12300.0,1.23,"DES Area, Production & Yield Query Report"
Manipur,Chandel,2016,2016 - 2017,Whole Year,All Crops,10030.0,15250.0,1.52,"DES Area, Production & Yield Query Report"
Manipur,Chandel,2017,2017 - 2018,Whole Year,All Crops,10010.0,11570.0,1.16,"DES Area, Production & Yield Query Report"
Manipur,Chandel,2018,2018 - 2019,Whole Year,All Crops,10030.0,11750.0,1.17,"DES Area, Production & Yield Query Report"
Manipur,Chandel,2019,2019 - 2020,Whole Year,All Crops,9482.0,16544.0,1.74,"DES Area, Production & Yield Query Report"
Manipur,Chandel,2020,2020 - 2021,Whole Year,All Crops,11251.0,34984.0,3.11,"DES Area, Production & Yield Query Report"
Manipur,Chandel,2021,2021 - 2022,Whole Year,All Crops,10030.0,11200.0,1.12,"DES Area, Production & Yield Query Report"
Manipur,Chandel,2022,2022 - 2023,Whole Year,All Crops,10030.0,10790.0,1.08,"DES Area, Production & Yield Query Report"
Manipur,Churachandpur,2013,2013 - 2014,Whole Year,All Crops,29120.0,33000.0,1.13,"DES Area, Production & Yield Query Report"
Manipur,Churachandpur,2014,2014 - 2015,Whole Year,All Crops,29120.0,46880.0,1.61,"DES Area, Production & Yield Query Report"
Manipur,Churachandpur,2015,2015 - 2016,Whole Year,All Crops,29120.0,33140.0,1.14,"DES Area, Production & Yield Query Report"
Manipur,Churachandpur,2016,2016 - 2017,Whole Year,All Crops,29120.0,44610.0,1.53,"DES Area, Production & Yield Query Report"
Manipur,Churachandpur,2017,2017 - 2018,Whole Year,All Crops,29040.0,31070.0,1.07,"DES Area, Production & Yield Query Report"
Manipur,Churachandpur,2018,2018 - 2019,Whole Year,All Crops,29120.0,34000.0,1.17,"DES Area, Production & Yield Query Report"
Manipur,Churachandpur,2019,2019 - 2020,Whole Year,All Crops,21410.0,37898.0,1.77,"DES Area, Production & Yield Query Report"
Manipur,Churachandpur,2020,2020 - 2021,Whole Year,All Crops,21413.0,42285.0,1.97,"DES Area, Production & Yield Query Report"
Manipur,Churachandpur,2021,2021 - 2022,Whole Year,All Crops,29120.0,32430.0,1.11,"DES Area, Production & Yield Query Report"
Manipur,Churachandpur,2022,2022 - 2023,Whole Year,All Crops,26260.0,21170.0,0.81,"DES Area, Production & Yield Query Report"
Manipur,Imphal east,2013,2013 - 2014,Whole Year,All Crops,36040.0,129750.0,3.6,"DES Area, Production & Yield Query Report"
Manipur,Imphal east,2014,2014 - 2015,Whole Year,All Crops,36040.0,87000.0,2.41,"DES Area, Production & Yield Query Report"
Manipur,Imphal east,2015,2015 - 2016,Whole Year,All Crops,36650.0,108090.0,2.95,"DES Area, Production & Yield Query Report"
Manipur,Imphal east,2016,2016 - 2017,Whole Year,All Crops,41640.0,117590.0,2.82,"DES Area, Production & Yield Query Report"
Manipur,Imphal east,2017,2017 - 2018,Whole Year,All Crops,40690.0,134700.0,3.31,"DES Area, Production & Yield Query Report"
Manipur,Imphal east,2018,2018 - 2019,Whole Year,All Crops,39590.0,125370.0,3.17,"DES Area, Production & Yield Query Report"
Manipur,Imphal east,2019,2019 - 2020,Whole Year,All Crops,25369.0,52798.0,2.08,"DES Area, Production & Yield Query Report"
Manipur,Imphal east,2020,2020 - 2021,Whole Year,All Crops,23997.0,60950.0,2.54,"DES Area, Production & Yield Query Report"
Manipur,Imphal east,2021,2021 - 2022,Whole Year,All Crops,33460.0,88750.0,2.65,"DES Area, Production & Yield Query Report"
Manipur,Imphal east,2022,2022 - 2023,Whole Year,All Crops,28750.0,41380.0,1.44,"DES Area, Production & Yield Query Report"
Manipur,Imphal west,2013,2013 - 2014,Whole Year,All Crops,38480.0,134600.0,3.5,"DES Area, Production & Yield Query Report"
Manipur,Imphal west,2014,2014 - 2015,Whole Year,All Crops,38980.0,106470.0,2.73,"DES Area, Production & Yield Query Report"
Manipur,Imphal west,2015,2015 - 2016,Whole Year,All Crops,43450.0,111270.0,2.56,"DES Area, Production & Yield Query Report"
Manipur,Imphal west,2016,2016 - 2017,Whole Year,All Crops,45380.0,157000.0,3.46,"DES Area, Production & Yield Query Report"
Manipur,Imphal west,2017,2017 - 2018,Whole Year,All Crops,43740.0,144350.0,3.3,"DES Area, Production & Yield Query Report"
Manipur,Imphal west,2018,2018 - 2019,Whole Year,All Crops,42580.0,135800.0,3.19,"DES Area, Production & Yield Query Report"
Manipur,Imphal west,2019,2019 - 2020,Whole Year,All Crops,22968.0,56346.0,2.45,"DES Area, Production & Yield Query Report"
Manipur,Imphal west,2020,2020 - 2021,Whole Year,All Crops,23356.0,69795.0,2.99,"DES Area, Production & Yield Query Report"
Manipur,Imphal west,2021,2021 - 2022,Whole Year,All Crops,29820.0,67960.0,2.28,"DES Area, Production & Yield Query Report"
Manipur,Imphal west,2022,2022 - 2023,Whole Year,All Crops,24540.0,25130.0,1.02,"DES Area, Production & Yield Query Report"
Manipur,Senapati,2013,2013 - 2014,Whole Year,All Crops,12100.0,19200.0,1.59,"DES Area, Production & Yield Query Report"
Manipur,Senapati,2014,2014 - 2015,Whole Year,All Crops,12100.0,19420.0,1.6,"DES Area, Production & Yield Query Report"
Manipur,Senapati,2015,2015 - 2016,Whole Year,All Crops,12100.0,14440.0,1.19,"DES Area, Production & Yield Query Report"
Manipur,Senapati,2016,2016 - 2017,Whole Year,All Crops,12100.0,18270.0,1.51,"DES Area, Production & Yield Query Report"
Manipur,Senapati,2017,2017 - 2018,Whole Year,All Crops,12100.0,15250.0,1.26,"DES Area, Production & Yield Query Report"
Manipur,Senapati,2018,2018 - 2019,Whole Year,All Crops,12100.0,17200.0,1.42,"DES Area, Production & Yield Query Report"
Manipur,Senapati,2019,2019 - 2020,Whole Year,All Crops,24455.0,10517.0,0.43,"DES Area, Production & Yield Query Report"
Manipur,Senapati,2020,2020 - 2021,Whole Year,All Crops,26701.0,77541.0,2.9,"DES Area, Production & Yield Query Report"
Manipur,Senapati,2021,2021 - 2022,Whole Year,All Crops,12100.0,13830.0,1.14,"DES Area, Production & Yield Query Report"
Manipur,Senapati,2022,2022 - 2023,Whole Year,All Crops,12100.0,13830.0,1.14,"DES Area, Production & Yield Query Report"
Manipur,Tamenglong,2013,2013 - 2014,Whole Year,All Crops,27450.0,32580.0,1.19,"DES Area, Production & Yield Query Report"
Manipur,Tamenglong,2014,2014 - 2015,Whole Year,All Crops,27450.0,41970.0,1.53,"DES Area, Production & Yield Query Report"
Manipur,Tamenglong,2015,2015 - 2016,Whole Year,All Crops,27450.0,34370.0,1.25,"DES Area, Production & Yield Query Report"
Manipur,Tamenglong,2016,2016 - 2017,Whole Year,All Crops,27450.0,41410.0,1.51,"DES Area, Production & Yield Query Report"
Manipur,Tamenglong,2017,2017 - 2018,Whole Year,All Crops,27440.0,29500.0,1.08,"DES Area, Production & Yield Query Report"
Manipur,Tamenglong,2018,2018 - 2019,Whole Year,All Crops,27450.0,30430.0,1.11,"DES Area, Production & Yield Query Report"
Manipur,Tamenglong,2019,2019 - 2020,Whole Year,All Crops,18497.0,22403.0,1.21,"DES Area, Production & Yield Query Report"
Manipur,Tamenglong,2020,2020 - 2021,Whole Year,All Crops,19873.0,28439.0,1.43,"DES Area, Production & Yield Query Report"
Manipur,Tamenglong,2021,2021 - 2022,Whole Year,All Crops,27450.0,27440.0,1.0,"DES Area, Production & Yield Query Report"
Manipur,Tamenglong,2022,2022 - 2023,Whole Year,All Crops,27450.0,23900.0,0.87,"DES Area, Production & Yield Query Report"
Manipur,Thoubal,2013,2013 - 2014,Whole Year,All Crops,30750.0,114230.0,3.71,"DES Area, Production & Yield Query Report"
Manipur,Thoubal,2014,2014 - 2015,Whole Year,All Crops,30680.0,85320.0,2.78,"DES Area, Production & Yield Query Report"
Manipur,Thoubal,2015,2015 - 2016,Whole Year,All Crops,34750.0,95080.0,2.74,"DES Area, Production & Yield Query Report"
Manipur,Thoubal,2016,2016 - 2017,Whole Year,All Crops,34800.0,123690.0,3.55,"DES Area, Production & Yield Query Report"
Manipur,Thoubal,2017,2017 - 2018,Whole Year,All Crops,32100.0,115320.0,3.59,"DES Area, Production & Yield Query Report"
Manipur,Thoubal,2018,2018 - 2019,Whole Year,All Crops,32650.0,120700.0,3.7,"DES Area, Production & Yield Query Report"
Manipur,Thoubal,2019,2019 - 2020,Whole Year,All Crops,25159.0,63833.0,2.54,"DES Area, Production & Yield Query Report"
Manipur,Thoubal,2020,2020 - 2021,Whole Year,All Crops,24551.0,81848.0,3.33,"DES Area, Production & Yield Query Report"
Manipur,Thoubal,2021,2021 - 2022,Whole Year,All Crops,24120.0,57540.0,2.39,"DES Area, Production & Yield Query Report"
Manipur,Thoubal,2022,2022 - 2023,Whole Year,All Crops,24130.0,55440.0,2.3,"DES Area, Production & Yield Query Report"
Manipur,Ukhrul,2013,2013 - 2014,Whole Year,All Crops,10120.0,15380.0,1.52,"DES Area, Production & Yield Query Report"
Manipur,Ukhrul,2014,2014 - 2015,Whole Year,All Crops,10120.0,16550.0,1.64,"DES Area, Production & Yield Query Report"
Manipur,Ukhrul,2015,2015 - 2016,Whole Year,All Crops,10120.0,12200.0,1.21,"DES Area, Production & Yield Query Report"
Manipur,Ukhrul,2016,2016 - 2017,Whole Year,All Crops,10120.0,15860.0,1.57,"DES Area, Production & Yield Query Report"
Manipur,Ukhrul,2017,2017 - 2018,Whole Year,All Crops,10110.0,12590.0,1.25,"DES Area, Production & Yield Query Report"
Manipur,Ukhrul,2018,2018 - 2019,Whole Year,All Crops,10120.0,13780.0,1.36,"DES Area, Production & Yield Query Report"
Manipur,Ukhrul,2019,2019 - 2020,Whole Year,All Crops,8122.0,17101.0,2.11,"DES Area, Production & Yield Query Report"
Manipur,Ukhrul,2020,2020 - 2021,Whole Year,All Crops,6541.0,17624.0,2.69,"DES Area, Production & Yield Query Report"
Manipur,Ukhrul,2021,2021 - 2022,Whole Year,All Crops,10120.0,11220.0,1.11,"DES Area, Production & Yield Query Report"
Manipur,Ukhrul,2022,2022 - 2023,Whole Year,All Crops,10120.0,9300.0,0.92,"DES Area, Production & Yield Query Report"
Meghalaya,East garo hills,2013,2013 - 2014,Whole Year,All Crops,9021.0,19179.0,2.13,"DES Area, Production & Yield Query Report"
Meghalaya,East garo hills,2014,2014 - 2015,Whole Year,All Crops,9032.0,20479.0,2.27,"DES Area, Production & Yield Query Report"
Meghalaya,East garo hills,2015,2015 - 2016,Whole Year,All Crops,9043.0,20760.0,2.3,"DES Area, Production & Yield Query Report"
Meghalaya,East garo hills,2016,2016 - 2017,Whole Year,All Crops,9165.0,21141.0,2.31,"DES Area, Production & Yield Query Report"
Meghalaya,East garo hills,2017,2017 - 2018,Whole Year,All Crops,9159.0,21142.0,2.31,"DES Area, Production & Yield Query Report"
Meghalaya,East garo hills,2018,2018 - 2019,Whole Year,All Crops,9124.0,20949.0,2.3,"DES Area, Production & Yield Query Report"
Meghalaya,East garo hills,2019,2019 - 2020,Whole Year,All Crops,9137.0,21020.0,2.3,"DES Area, Production & Yield Query Report"
Meghalaya,East garo hills,2020,2020 - 2021,Whole Year,All Crops,8663.0,19837.0,2.29,"DES Area, Production & Yield Query Report"
Meghalaya,East garo hills,2021,2021 - 2022,Whole Year,All Crops,8620.0,19793.0,2.3,"DES Area, Production & Yield Query Report"
Meghalaya,East garo hills,2022,2022 - 2023,Whole Year,All Crops,6646.0,13034.0,1.96,"DES Area, Production & Yield Query Report"
Meghalaya,East jaintia hills,2013,2013 - 2014,Whole Year,All Crops,8009.0,15854.0,1.98,"DES Area, Production & Yield Query Report"
Meghalaya,East jaintia hills,2014,2014 - 2015,Whole Year,All Crops,4389.0,9050.0,2.06,"DES Area, Production & Yield Query Report"
Meghalaya,East jaintia hills,2015,2015 - 2016,Whole Year,All Crops,4398.0,9185.0,2.09,"DES Area, Production & Yield Query Report"
Meghalaya,East jaintia hills,2016,2016 - 2017,Whole Year,All Crops,4409.0,9230.0,2.09,"DES Area, Production & Yield Query Report"
Meghalaya,East jaintia hills,2017,2017 - 2018,Whole Year,All Crops,4411.0,9243.0,2.1,"DES Area, Production & Yield Query Report"
Meghalaya,East jaintia hills,2018,2018 - 2019,Whole Year,All Crops,4412.0,9250.0,2.1,"DES Area, Production & Yield Query Report"
Meghalaya,East jaintia hills,2019,2019 - 2020,Whole Year,All Crops,4411.0,9248.0,2.1,"DES Area, Production & Yield Query Report"
Meghalaya,East jaintia hills,2020,2020 - 2021,Whole Year,All Crops,4412.0,9263.0,2.1,"DES Area, Production & Yield Query Report"
Meghalaya,East jaintia hills,2021,2021 - 2022,Whole Year,All Crops,4387.0,9205.0,2.1,"DES Area, Production & Yield Query Report"
Meghalaya,East jaintia hills,2022,2022 - 2023,Whole Year,All Crops,4385.0,9626.0,2.2,"DES Area, Production & Yield Query Report"
Meghalaya,East khasi hills,2013,2013 - 2014,Whole Year,All Crops,5834.0,12592.0,2.16,"DES Area, Production & Yield Query Report"
Meghalaya,East khasi hills,2014,2014 - 2015,Whole Year,All Crops,5843.0,13491.0,2.31,"DES Area, Production & Yield Query Report"
Meghalaya,East khasi hills,2015,2015 - 2016,Whole Year,All Crops,5853.0,13761.0,2.35,"DES Area, Production & Yield Query Report"
Meghalaya,East khasi hills,2016,2016 - 2017,Whole Year,All Crops,5875.0,13775.0,2.34,"DES Area, Production & Yield Query Report"
Meghalaya,East khasi hills,2017,2017 - 2018,Whole Year,All Crops,5869.0,13759.0,2.34,"DES Area, Production & Yield Query Report"
Meghalaya,East khasi hills,2018,2018 - 2019,Whole Year,All Crops,5870.0,13764.0,2.34,"DES Area, Production & Yield Query Report"
Meghalaya,East khasi hills,2019,2019 - 2020,Whole Year,All Crops,5869.0,13660.0,2.33,"DES Area, Production & Yield Query Report"
Meghalaya,East khasi hills,2020,2020 - 2021,Whole Year,All Crops,5870.0,13674.0,2.33,"DES Area, Production & Yield Query Report"
Meghalaya,East khasi hills,2021,2021 - 2022,Whole Year,All Crops,5459.0,12580.0,2.3,"DES Area, Production & Yield Query Report"
Meghalaya,East khasi hills,2022,2022 - 2023,Whole Year,All Crops,8662.0,16862.0,1.95,"DES Area, Production & Yield Query Report"
Meghalaya,North garo hills,2013,2013 - 2014,Whole Year,All Crops,83.0,120.0,1.45,"DES Area, Production & Yield Query Report"
Meghalaya,North garo hills,2014,2014 - 2015,Whole Year,All Crops,8764.0,20003.0,2.28,"DES Area, Production & Yield Query Report"
Meghalaya,North garo hills,2015,2015 - 2016,Whole Year,All Crops,8773.0,20433.0,2.33,"DES Area, Production & Yield Query Report"
Meghalaya,North garo hills,2016,2016 - 2017,Whole Year,All Crops,8889.0,20734.0,2.33,"DES Area, Production & Yield Query Report"
Meghalaya,North garo hills,2017,2017 - 2018,Whole Year,All Crops,8884.0,20726.0,2.33,"DES Area, Production & Yield Query Report"
Meghalaya,North garo hills,2018,2018 - 2019,Whole Year,All Crops,8839.0,20530.0,2.32,"DES Area, Production & Yield Query Report"
Meghalaya,North garo hills,2019,2019 - 2020,Whole Year,All Crops,8853.0,20614.0,2.33,"DES Area, Production & Yield Query Report"
Meghalaya,North garo hills,2020,2020 - 2021,Whole Year,All Crops,8347.0,19382.0,2.32,"DES Area, Production & Yield Query Report"
Meghalaya,North garo hills,2021,2021 - 2022,Whole Year,All Crops,8290.0,19266.0,2.32,"DES Area, Production & Yield Query Report"
Meghalaya,North garo hills,2022,2022 - 2023,Whole Year,All Crops,8001.0,17358.0,2.17,"DES Area, Production & Yield Query Report"
Meghalaya,Ri bhoi,2013,2013 - 2014,Whole Year,All Crops,9607.0,29791.0,3.1,"DES Area, Production & Yield Query Report"
Meghalaya,Ri bhoi,2014,2014 - 2015,Whole Year,All Crops,9619.0,31995.0,3.33,"DES Area, Production & Yield Query Report"
Meghalaya,Ri bhoi,2015,2015 - 2016,Whole Year,All Crops,9633.0,32300.0,3.35,"DES Area, Production & Yield Query Report"
Meghalaya,Ri bhoi,2016,2016 - 2017,Whole Year,All Crops,9667.0,32471.0,3.36,"DES Area, Production & Yield Query Report"
Meghalaya,Ri bhoi,2017,2017 - 2018,Whole Year,All Crops,9670.0,32432.0,3.35,"DES Area, Production & Yield Query Report"
Meghalaya,Ri bhoi,2018,2018 - 2019,Whole Year,All Crops,9671.0,32443.0,3.35,"DES Area, Production & Yield Query Report"
Meghalaya,Ri bhoi,2019,2019 - 2020,Whole Year,All Crops,9669.0,32435.0,3.35,"DES Area, Production & Yield Query Report"
Meghalaya,Ri bhoi,2020,2020 - 2021,Whole Year,All Crops,9671.0,32455.0,3.36,"DES Area, Production & Yield Query Report"
Meghalaya,Ri bhoi,2021,2021 - 2022,Whole Year,All Crops,9322.0,31546.0,3.38,"DES Area, Production & Yield Query Report"
Meghalaya,Ri bhoi,2022,2022 - 2023,Whole Year,All Crops,10688.0,36140.0,3.38,"DES Area, Production & Yield Query Report"
Meghalaya,South garo hills,2013,2013 - 2014,Whole Year,All Crops,8511.0,17422.0,2.05,"DES Area, Production & Yield Query Report"
Meghalaya,South garo hills,2014,2014 - 2015,Whole Year,All Crops,8526.0,18717.0,2.2,"DES Area, Production & Yield Query Report"
Meghalaya,South garo hills,2015,2015 - 2016,Whole Year,All Crops,8540.0,19099.0,2.24,"DES Area, Production & Yield Query Report"
Meghalaya,South garo hills,2016,2016 - 2017,Whole Year,All Crops,8594.0,19271.0,2.24,"DES Area, Production & Yield Query Report"
Meghalaya,South garo hills,2017,2017 - 2018,Whole Year,All Crops,8587.0,19270.0,2.24,"DES Area, Production & Yield Query Report"
Meghalaya,South garo hills,2018,2018 - 2019,Whole Year,All Crops,8542.0,19052.0,2.23,"DES Area, Production & Yield Query Report"
Meghalaya,South garo hills,2019,2019 - 2020,Whole Year,All Crops,8557.0,19137.0,2.24,"DES Area, Production & Yield Query Report"
Meghalaya,South garo hills,2020,2020 - 2021,Whole Year,All Crops,7821.0,17545.0,2.24,"DES Area, Production & Yield Query Report"
Meghalaya,South garo hills,2021,2021 - 2022,Whole Year,All Crops,7537.0,17114.0,2.27,"DES Area, Production & Yield Query Report"
Meghalaya,South garo hills,2022,2022 - 2023,Whole Year,All Crops,6360.0,12857.0,2.02,"DES Area, Production & Yield Query Report"
Meghalaya,South west garo hills,2013,2013 - 2014,Whole Year,All Crops,4879.0,22168.0,4.54,"DES Area, Production & Yield Query Report"
Meghalaya,South west garo hills,2014,2014 - 2015,Whole Year,All Crops,17718.0,57108.0,3.22,"DES Area, Production & Yield Query Report"
Meghalaya,South west garo hills,2015,2015 - 2016,Whole Year,All Crops,17727.0,56863.0,3.21,"DES Area, Production & Yield Query Report"
Meghalaya,South west garo hills,2016,2016 - 2017,Whole Year,All Crops,17771.0,57183.0,3.22,"DES Area, Production & Yield Query Report"
Meghalaya,South west garo hills,2017,2017 - 2018,Whole Year,All Crops,17769.0,57212.0,3.22,"DES Area, Production & Yield Query Report"
Meghalaya,South west garo hills,2018,2018 - 2019,Whole Year,All Crops,17724.0,56798.0,3.2,"DES Area, Production & Yield Query Report"
Meghalaya,South west garo hills,2019,2019 - 2020,Whole Year,All Crops,17739.0,56962.0,3.21,"DES Area, Production & Yield Query Report"
Meghalaya,South west garo hills,2020,2020 - 2021,Whole Year,All Crops,17199.0,55812.0,3.25,"DES Area, Production & Yield Query Report"
Meghalaya,South west garo hills,2021,2021 - 2022,Whole Year,All Crops,10948.0,31688.0,2.89,"DES Area, Production & Yield Query Report"
Meghalaya,South west garo hills,2022,2022 - 2023,Whole Year,All Crops,11878.0,32807.0,2.76,"DES Area, Production & Yield Query Report"
Meghalaya,South west khasi hills,2013,2013 - 2014,Whole Year,All Crops,34.0,84.0,2.47,"DES Area, Production & Yield Query Report"
Meghalaya,South west khasi hills,2014,2014 - 2015,Whole Year,All Crops,1819.0,3332.0,1.83,"DES Area, Production & Yield Query Report"
Meghalaya,South west khasi hills,2015,2015 - 2016,Whole Year,All Crops,1826.0,3431.0,1.88,"DES Area, Production & Yield Query Report"
Meghalaya,South west khasi hills,2016,2016 - 2017,Whole Year,All Crops,1834.0,3449.0,1.88,"DES Area, Production & Yield Query Report"
Meghalaya,South west khasi hills,2017,2017 - 2018,Whole Year,All Crops,1832.0,3449.0,1.88,"DES Area, Production & Yield Query Report"
Meghalaya,South west khasi hills,2018,2018 - 2019,Whole Year,All Crops,1833.0,3453.0,1.88,"DES Area, Production & Yield Query Report"
Meghalaya,South west khasi hills,2019,2019 - 2020,Whole Year,All Crops,1832.0,3450.0,1.88,"DES Area, Production & Yield Query Report"
Meghalaya,South west khasi hills,2020,2020 - 2021,Whole Year,All Crops,1833.0,3463.0,1.89,"DES Area, Production & Yield Query Report"
Meghalaya,South west khasi hills,2021,2021 - 2022,Whole Year,All Crops,1790.0,3346.0,1.87,"DES Area, Production & Yield Query Report"
Meghalaya,South west khasi hills,2022,2022 - 2023,Whole Year,All Crops,1585.0,2965.0,1.87,"DES Area, Production & Yield Query Report"
Meghalaya,West garo hills,2013,2013 - 2014,Whole Year,All Crops,30362.0,91035.0,3.0,"DES Area, Production & Yield Query Report"
Meghalaya,West garo hills,2014,2014 - 2015,Whole Year,All Crops,30510.0,95779.0,3.14,"DES Area, Production & Yield Query Report"
Meghalaya,West garo hills,2015,2015 - 2016,Whole Year,All Crops,30529.0,96499.0,3.16,"DES Area, Production & Yield Query Report"
Meghalaya,West garo hills,2016,2016 - 2017,Whole Year,All Crops,30809.0,98375.0,3.19,"DES Area, Production & Yield Query Report"
Meghalaya,West garo hills,2017,2017 - 2018,Whole Year,All Crops,30804.0,98395.0,3.19,"DES Area, Production & Yield Query Report"
Meghalaya,West garo hills,2018,2018 - 2019,Whole Year,All Crops,30759.0,97794.0,3.18,"DES Area, Production & Yield Query Report"
Meghalaya,West garo hills,2019,2019 - 2020,Whole Year,All Crops,30774.0,98019.0,3.19,"DES Area, Production & Yield Query Report"
Meghalaya,West garo hills,2020,2020 - 2021,Whole Year,All Crops,29623.0,95463.0,3.22,"DES Area, Production & Yield Query Report"
Meghalaya,West garo hills,2021,2021 - 2022,Whole Year,All Crops,24403.0,60851.0,2.49,"DES Area, Production & Yield Query Report"
Meghalaya,West garo hills,2022,2022 - 2023,Whole Year,All Crops,20416.0,49454.0,2.42,"DES Area, Production & Yield Query Report"
Meghalaya,West jaintia hills,2013,2013 - 2014,Whole Year,All Crops,77.0,166.0,2.16,"DES Area, Production & Yield Query Report"
Meghalaya,West jaintia hills,2014,2014 - 2015,Whole Year,All Crops,8076.0,17315.0,2.14,"DES Area, Production & Yield Query Report"
Meghalaya,West jaintia hills,2015,2015 - 2016,Whole Year,All Crops,8097.0,17606.0,2.17,"DES Area, Production & Yield Query Report"
Meghalaya,West jaintia hills,2016,2016 - 2017,Whole Year,All Crops,8114.0,17693.0,2.18,"DES Area, Production & Yield Query Report"
Meghalaya,West jaintia hills,2017,2017 - 2018,Whole Year,All Crops,8111.0,17700.0,2.18,"DES Area, Production & Yield Query Report"
Meghalaya,West jaintia hills,2018,2018 - 2019,Whole Year,All Crops,8112.0,17709.0,2.18,"DES Area, Production & Yield Query Report"
Meghalaya,West jaintia hills,2019,2019 - 2020,Whole Year,All Crops,8111.0,17706.0,2.18,"DES Area, Production & Yield Query Report"
Meghalaya,West jaintia hills,2020,2020 - 2021,Whole Year,All Crops,8112.0,17720.0,2.18,"DES Area, Production & Yield Query Report"
Meghalaya,West jaintia hills,2021,2021 - 2022,Whole Year,All Crops,8054.0,17587.0,2.18,"DES Area, Production & Yield Query Report"
Meghalaya,West jaintia hills,2022,2022 - 2023,Whole Year,All Crops,8054.0,15198.0,1.89,"DES Area, Production & Yield Query Report"
Meghalaya,West khasi hills,2013,2013 - 2014,Whole Year,All Crops,6020.0,10290.0,1.71,"DES Area, Production & Yield Query Report"
Meghalaya,West khasi hills,2014,2014 - 2015,Whole Year,All Crops,6027.0,10969.0,1.82,"DES Area, Production & Yield Query Report"
Meghalaya,West khasi hills,2015,2015 - 2016,Whole Year,All Crops,6036.0,11139.0,1.85,"DES Area, Production & Yield Query Report"
Meghalaya,West khasi hills,2016,2016 - 2017,Whole Year,All Crops,6051.0,11196.0,1.85,"DES Area, Production & Yield Query Report"
Meghalaya,West khasi hills,2017,2017 - 2018,Whole Year,All Crops,6045.0,11220.0,1.86,"DES Area, Production & Yield Query Report"
Meghalaya,West khasi hills,2018,2018 - 2019,Whole Year,All Crops,6046.0,11228.0,1.86,"DES Area, Production & Yield Query Report"
Meghalaya,West khasi hills,2019,2019 - 2020,Whole Year,All Crops,6045.0,11225.0,1.86,"DES Area, Production & Yield Query Report"
Meghalaya,West khasi hills,2020,2020 - 2021,Whole Year,All Crops,6046.0,11235.0,1.86,"DES Area, Production & Yield Query Report"
Meghalaya,West khasi hills,2021,2021 - 2022,Whole Year,All Crops,6023.0,11191.0,1.86,"DES Area, Production & Yield Query Report"
Meghalaya,West khasi hills,2022,2022 - 2023,Whole Year,All Crops,8622.0,16004.0,1.86,"DES Area, Production & Yield Query Report"
Mizoram,Aizawl,2013,2013 - 2014,Whole Year,All Crops,3744.0,5270.0,1.41,"DES Area, Production & Yield Query Report"
Mizoram,Aizawl,2014,2014 - 2015,Whole Year,All Crops,3919.0,6310.0,1.61,"DES Area, Production & Yield Query Report"
Mizoram,Aizawl,2015,2015 - 2016,Whole Year,All Crops,3944.0,6396.0,1.62,"DES Area, Production & Yield Query Report"
Mizoram,Aizawl,2016,2016 - 2017,Whole Year,All Crops,3949.0,6416.0,1.62,"DES Area, Production & Yield Query Report"
Mizoram,Aizawl,2017,2017 - 2018,Whole Year,All Crops,3858.0,6074.0,1.57,"DES Area, Production & Yield Query Report"
Mizoram,Aizawl,2018,2018 - 2019,Whole Year,All Crops,3892.0,6304.0,1.62,"DES Area, Production & Yield Query Report"
Mizoram,Aizawl,2019,2019 - 2020,Whole Year,All Crops,3892.0,5676.0,1.46,"DES Area, Production & Yield Query Report"
Mizoram,Aizawl,2020,2020 - 2021,Whole Year,All Crops,2867.0,4121.0,1.44,"DES Area, Production & Yield Query Report"
Mizoram,Aizawl,2021,2021 - 2022,Whole Year,All Crops,2749.0,3953.0,1.44,"DES Area, Production & Yield Query Report"
Mizoram,Aizawl,2022,2022 - 2023,Whole Year,All Crops,2615.0,3477.0,1.33,"DES Area, Production & Yield Query Report"
Mizoram,Champhai,2013,2013 - 2014,Whole Year,All Crops,9986.0,15780.0,1.58,"DES Area, Production & Yield Query Report"
Mizoram,Champhai,2014,2014 - 2015,Whole Year,All Crops,8781.0,13737.0,1.56,"DES Area, Production & Yield Query Report"
Mizoram,Champhai,2015,2015 - 2016,Whole Year,All Crops,8808.0,14910.0,1.69,"DES Area, Production & Yield Query Report"
Mizoram,Champhai,2016,2016 - 2017,Whole Year,All Crops,9017.0,14383.0,1.6,"DES Area, Production & Yield Query Report"
Mizoram,Champhai,2017,2017 - 2018,Whole Year,All Crops,8890.0,14832.0,1.67,"DES Area, Production & Yield Query Report"
Mizoram,Champhai,2018,2018 - 2019,Whole Year,All Crops,8800.0,15009.0,1.71,"DES Area, Production & Yield Query Report"
Mizoram,Champhai,2019,2019 - 2020,Whole Year,All Crops,8470.0,15424.0,1.82,"DES Area, Production & Yield Query Report"
Mizoram,Champhai,2020,2020 - 2021,Whole Year,All Crops,6092.0,12611.0,2.07,"DES Area, Production & Yield Query Report"
Mizoram,Champhai,2021,2021 - 2022,Whole Year,All Crops,5526.0,11380.0,2.06,"DES Area, Production & Yield Query Report"
Mizoram,Champhai,2022,2022 - 2023,Whole Year,All Crops,5913.0,11395.0,1.93,"DES Area, Production & Yield Query Report"
Mizoram,Hnahthial,2020,2020 - 2021,Whole Year,All Crops,850.0,1067.0,1.26,"DES Area, Production & Yield Query Report"
Mizoram,Hnahthial,2021,2021 - 2022,Whole Year,All Crops,722.0,927.0,1.28,"DES Area, Production & Yield Query Report"
Mizoram,Hnahthial,2022,2022 - 2023,Whole Year,All Crops,852.0,1090.0,1.28,"DES Area, Production & Yield Query Report"
Mizoram,Khawzawl,2020,2020 - 2021,Whole Year,All Crops,1649.0,2310.0,1.4,"DES Area, Production & Yield Query Report"
Mizoram,Khawzawl,2021,2021 - 2022,Whole Year,All Crops,1650.0,2595.0,1.57,"DES Area, Production & Yield Query Report"
Mizoram,Khawzawl,2022,2022 - 2023,Whole Year,All Crops,1150.0,1765.0,1.53,"DES Area, Production & Yield Query Report"
Mizoram,Kolasib,2013,2013 - 2014,Whole Year,All Crops,6076.0,10160.0,1.67,"DES Area, Production & Yield Query Report"
Mizoram,Kolasib,2014,2014 - 2015,Whole Year,All Crops,5871.0,10865.0,1.85,"DES Area, Production & Yield Query Report"
Mizoram,Kolasib,2015,2015 - 2016,Whole Year,All Crops,5780.0,10966.0,1.9,"DES Area, Production & Yield Query Report"
Mizoram,Kolasib,2016,2016 - 2017,Whole Year,All Crops,5718.0,10961.0,1.92,"DES Area, Production & Yield Query Report"
Mizoram,Kolasib,2017,2017 - 2018,Whole Year,All Crops,5668.0,10954.0,1.93,"DES Area, Production & Yield Query Report"
Mizoram,Kolasib,2018,2018 - 2019,Whole Year,All Crops,5649.0,11248.0,1.99,"DES Area, Production & Yield Query Report"
Mizoram,Kolasib,2019,2019 - 2020,Whole Year,All Crops,5610.0,11350.0,2.02,"DES Area, Production & Yield Query Report"
Mizoram,Kolasib,2020,2020 - 2021,Whole Year,All Crops,5414.0,12042.0,2.22,"DES Area, Production & Yield Query Report"
Mizoram,Kolasib,2021,2021 - 2022,Whole Year,All Crops,5362.0,11965.0,2.23,"DES Area, Production & Yield Query Report"
Mizoram,Kolasib,2022,2022 - 2023,Whole Year,All Crops,5223.0,11579.0,2.22,"DES Area, Production & Yield Query Report"
Mizoram,Lawngtlai,2013,2013 - 2014,Whole Year,All Crops,6207.0,8936.0,1.44,"DES Area, Production & Yield Query Report"
Mizoram,Lawngtlai,2014,2014 - 2015,Whole Year,All Crops,5887.0,10307.0,1.75,"DES Area, Production & Yield Query Report"
Mizoram,Lawngtlai,2015,2015 - 2016,Whole Year,All Crops,5815.0,9672.0,1.66,"DES Area, Production & Yield Query Report"
Mizoram,Lawngtlai,2016,2016 - 2017,Whole Year,All Crops,5735.0,9485.0,1.65,"DES Area, Production & Yield Query Report"
Mizoram,Lawngtlai,2017,2017 - 2018,Whole Year,All Crops,5474.0,9057.0,1.65,"DES Area, Production & Yield Query Report"
Mizoram,Lawngtlai,2018,2018 - 2019,Whole Year,All Crops,5210.0,8539.0,1.64,"DES Area, Production & Yield Query Report"
Mizoram,Lawngtlai,2019,2019 - 2020,Whole Year,All Crops,5404.0,8910.0,1.65,"DES Area, Production & Yield Query Report"
Mizoram,Lawngtlai,2020,2020 - 2021,Whole Year,All Crops,5411.0,8924.0,1.65,"DES Area, Production & Yield Query Report"
Mizoram,Lawngtlai,2021,2021 - 2022,Whole Year,All Crops,5259.0,8676.0,1.65,"DES Area, Production & Yield Query Report"
Mizoram,Lawngtlai,2022,2022 - 2023,Whole Year,All Crops,5085.0,8794.0,1.73,"DES Area, Production & Yield Query Report"
Mizoram,Lunglei,2013,2013 - 2014,Whole Year,All Crops,4335.0,6156.0,1.42,"DES Area, Production & Yield Query Report"
Mizoram,Lunglei,2014,2014 - 2015,Whole Year,All Crops,4168.0,6347.0,1.52,"DES Area, Production & Yield Query Report"
Mizoram,Lunglei,2015,2015 - 2016,Whole Year,All Crops,4185.0,5935.0,1.42,"DES Area, Production & Yield Query Report"
Mizoram,Lunglei,2016,2016 - 2017,Whole Year,All Crops,3915.0,6339.0,1.62,"DES Area, Production & Yield Query Report"
Mizoram,Lunglei,2017,2017 - 2018,Whole Year,All Crops,3390.0,4937.0,1.46,"DES Area, Production & Yield Query Report"
Mizoram,Lunglei,2018,2018 - 2019,Whole Year,All Crops,3681.0,5512.0,1.5,"DES Area, Production & Yield Query Report"
Mizoram,Lunglei,2019,2019 - 2020,Whole Year,All Crops,3618.0,5505.0,1.52,"DES Area, Production & Yield Query Report"
Mizoram,Lunglei,2020,2020 - 2021,Whole Year,All Crops,2846.0,4613.0,1.62,"DES Area, Production & Yield Query Report"
Mizoram,Lunglei,2021,2021 - 2022,Whole Year,All Crops,2210.0,3204.0,1.45,"DES Area, Production & Yield Query Report"
Mizoram,Lunglei,2022,2022 - 2023,Whole Year,All Crops,2187.0,3190.0,1.46,"DES Area, Production & Yield Query Report"
Mizoram,Mamit,2013,2013 - 2014,Whole Year,All Crops,3138.0,4059.0,1.29,"DES Area, Production & Yield Query Report"
Mizoram,Mamit,2014,2014 - 2015,Whole Year,All Crops,3158.0,4397.0,1.39,"DES Area, Production & Yield Query Report"
Mizoram,Mamit,2015,2015 - 2016,Whole Year,All Crops,3308.0,4860.0,1.47,"DES Area, Production & Yield Query Report"
Mizoram,Mamit,2016,2016 - 2017,Whole Year,All Crops,3222.0,4826.0,1.5,"DES Area, Production & Yield Query Report"
Mizoram,Mamit,2017,2017 - 2018,Whole Year,All Crops,3150.0,3874.0,1.23,"DES Area, Production & Yield Query Report"
Mizoram,Mamit,2018,2018 - 2019,Whole Year,All Crops,2969.0,3939.0,1.33,"DES Area, Production & Yield Query Report"
Mizoram,Mamit,2019,2019 - 2020,Whole Year,All Crops,2878.0,3787.0,1.32,"DES Area, Production & Yield Query Report"
Mizoram,Mamit,2020,2020 - 2021,Whole Year,All Crops,2398.0,2972.0,1.24,"DES Area, Production & Yield Query Report"
Mizoram,Mamit,2021,2021 - 2022,Whole Year,All Crops,3692.0,5056.0,1.37,"DES Area, Production & Yield Query Report"
Mizoram,Mamit,2022,2022 - 2023,Whole Year,All Crops,3667.0,4970.0,1.36,"DES Area, Production & Yield Query Report"
Mizoram,Saiha,2013,2013 - 2014,Whole Year,All Crops,1163.0,1703.0,1.46,"DES Area, Production & Yield Query Report"
Mizoram,Saiha,2014,2014 - 2015,Whole Year,All Crops,1062.0,1596.0,1.5,"DES Area, Production & Yield Query Report"
Mizoram,Saiha,2015,2015 - 2016,Whole Year,All Crops,1105.0,1756.0,1.59,"DES Area, Production & Yield Query Report"
Mizoram,Saiha,2016,2016 - 2017,Whole Year,All Crops,1109.0,1759.0,1.59,"DES Area, Production & Yield Query Report"
Mizoram,Saiha,2017,2017 - 2018,Whole Year,All Crops,1488.0,2475.0,1.66,"DES Area, Production & Yield Query Report"
Mizoram,Saiha,2018,2018 - 2019,Whole Year,All Crops,1113.0,1834.0,1.65,"DES Area, Production & Yield Query Report"
Mizoram,Saiha,2019,2019 - 2020,Whole Year,All Crops,1101.0,1736.0,1.58,"DES Area, Production & Yield Query Report"
Mizoram,Saiha,2020,2020 - 2021,Whole Year,All Crops,1210.0,1892.0,1.56,"DES Area, Production & Yield Query Report"
Mizoram,Saiha,2021,2021 - 2022,Whole Year,All Crops,1197.0,1872.0,1.56,"DES Area, Production & Yield Query Report"
Mizoram,Saiha,2022,2022 - 2023,Whole Year,All Crops,1205.0,1876.0,1.56,"DES Area, Production & Yield Query Report"
Mizoram,Saitual,2020,2020 - 2021,Whole Year,All Crops,2263.0,3768.0,1.67,"DES Area, Production & Yield Query Report"
Mizoram,Saitual,2021,2021 - 2022,Whole Year,All Crops,2298.0,3470.0,1.51,"DES Area, Production & Yield Query Report"
Mizoram,Saitual,2022,2022 - 2023,Whole Year,All Crops,1932.0,2918.0,1.51,"DES Area, Production & Yield Query Report"
Mizoram,Serchhip,2013,2013 - 2014,Whole Year,All Crops,4154.0,6930.0,1.67,"DES Area, Production & Yield Query Report"
Mizoram,Serchhip,2014,2014 - 2015,Whole Year,All Crops,4084.0,7120.0,1.74,"DES Area, Production & Yield Query Report"
Mizoram,Serchhip,2015,2015 - 2016,Whole Year,All Crops,4208.0,7594.0,1.8,"DES Area, Production & Yield Query Report"
Mizoram,Serchhip,2016,2016 - 2017,Whole Year,All Crops,4193.0,7347.0,1.75,"DES Area, Production & Yield Query Report"
Mizoram,Serchhip,2017,2017 - 2018,Whole Year,All Crops,4196.0,7403.0,1.76,"DES Area, Production & Yield Query Report"
Mizoram,Serchhip,2018,2018 - 2019,Whole Year,All Crops,4236.0,7625.0,1.8,"DES Area, Production & Yield Query Report"
Mizoram,Serchhip,2019,2019 - 2020,Whole Year,All Crops,4237.0,7851.0,1.85,"DES Area, Production & Yield Query Report"
Mizoram,Serchhip,2020,2020 - 2021,Whole Year,All Crops,4246.0,7862.0,1.85,"DES Area, Production & Yield Query Report"
Mizoram,Serchhip,2021,2021 - 2022,Whole Year,All Crops,4242.0,7783.0,1.83,"DES Area, Production & Yield Query Report"
Mizoram,Serchhip,2022,2022 - 2023,Whole Year,All Crops,4242.0,7782.0,1.83,"DES Area, Production & Yield Query Report"
Nagaland,Chumoukedima,2022,2022 - 2023,Whole Year,All Crops,19975.0,57184.0,2.86,"DES Area, Production & Yield Query Report"
Nagaland,Dimapur,2013,2013 - 2014,Whole Year,All Crops,47120.0,116800.0,2.48,"DES Area, Production & Yield Query Report"
Nagaland,Dimapur,2014,2014 - 2015,Whole Year,All Crops,47680.0,121990.0,2.56,"DES Area, Production & Yield Query Report"
Nagaland,Dimapur,2015,2015 - 2016,Whole Year,All Crops,48430.0,125360.0,2.59,"DES Area, Production & Yield Query Report"
Nagaland,Dimapur,2016,2016 - 2017,Whole Year,All Crops,48890.0,129590.0,2.65,"DES Area, Production & Yield Query Report"
Nagaland,Dimapur,2017,2017 - 2018,Whole Year,All Crops,49450.0,132900.0,2.69,"DES Area, Production & Yield Query Report"
Nagaland,Dimapur,2018,2018 - 2019,Whole Year,All Crops,49470.0,133860.0,2.71,"DES Area, Production & Yield Query Report"
Nagaland,Dimapur,2019,2019 - 2020,Whole Year,All Crops,50350.0,137216.0,2.73,"DES Area, Production & Yield Query Report"
Nagaland,Dimapur,2020,2020 - 2021,Whole Year,All Crops,50990.0,139260.0,2.73,"DES Area, Production & Yield Query Report"
Nagaland,Dimapur,2021,2021 - 2022,Whole Year,All Crops,20921.0,46040.0,2.2,"DES Area, Production & Yield Query Report"
Nagaland,Dimapur,2022,2022 - 2023,Whole Year,All Crops,6136.0,18771.0,3.06,"DES Area, Production & Yield Query Report"
Nagaland,Kiphire,2013,2013 - 2014,Whole Year,All Crops,10090.0,19880.0,1.97,"DES Area, Production & Yield Query Report"
Nagaland,Kiphire,2014,2014 - 2015,Whole Year,All Crops,10340.0,21130.0,2.04,"DES Area, Production & Yield Query Report"
Nagaland,Kiphire,2015,2015 - 2016,Whole Year,All Crops,10870.0,23080.0,2.12,"DES Area, Production & Yield Query Report"
Nagaland,Kiphire,2016,2016 - 2017,Whole Year,All Crops,11560.0,25540.0,2.21,"DES Area, Production & Yield Query Report"
Nagaland,Kiphire,2017,2017 - 2018,Whole Year,All Crops,12000.0,26880.0,2.24,"DES Area, Production & Yield Query Report"
Nagaland,Kiphire,2018,2018 - 2019,Whole Year,All Crops,12090.0,27270.0,2.26,"DES Area, Production & Yield Query Report"
Nagaland,Kiphire,2019,2019 - 2020,Whole Year,All Crops,12150.0,27537.0,2.27,"DES Area, Production & Yield Query Report"
Nagaland,Kiphire,2020,2020 - 2021,Whole Year,All Crops,12210.0,27693.0,2.27,"DES Area, Production & Yield Query Report"
Nagaland,Kiphire,2021,2021 - 2022,Whole Year,All Crops,6803.0,9816.0,1.44,"DES Area, Production & Yield Query Report"
Nagaland,Kiphire,2022,2022 - 2023,Whole Year,All Crops,11092.0,26068.0,2.35,"DES Area, Production & Yield Query Report"
Nagaland,Kohima,2013,2013 - 2014,Whole Year,All Crops,14370.0,34020.0,2.37,"DES Area, Production & Yield Query Report"
Nagaland,Kohima,2014,2014 - 2015,Whole Year,All Crops,14860.0,35980.0,2.42,"DES Area, Production & Yield Query Report"
Nagaland,Kohima,2015,2015 - 2016,Whole Year,All Crops,15350.0,37950.0,2.47,"DES Area, Production & Yield Query Report"
Nagaland,Kohima,2016,2016 - 2017,Whole Year,All Crops,15760.0,39920.0,2.53,"DES Area, Production & Yield Query Report"
Nagaland,Kohima,2017,2017 - 2018,Whole Year,All Crops,16210.0,41600.0,2.57,"DES Area, Production & Yield Query Report"
Nagaland,Kohima,2018,2018 - 2019,Whole Year,All Crops,16420.0,42540.0,2.59,"DES Area, Production & Yield Query Report"
Nagaland,Kohima,2019,2019 - 2020,Whole Year,All Crops,16650.0,43443.0,2.61,"DES Area, Production & Yield Query Report"
Nagaland,Kohima,2020,2020 - 2021,Whole Year,All Crops,16810.0,43965.0,2.62,"DES Area, Production & Yield Query Report"
Nagaland,Kohima,2021,2021 - 2022,Whole Year,All Crops,11730.0,23312.0,1.99,"DES Area, Production & Yield Query Report"
Nagaland,Kohima,2022,2022 - 2023,Whole Year,All Crops,12135.0,35421.0,2.92,"DES Area, Production & Yield Query Report"
Nagaland,Longleng,2013,2013 - 2014,Whole Year,All Crops,6780.0,13390.0,1.97,"DES Area, Production & Yield Query Report"
Nagaland,Longleng,2014,2014 - 2015,Whole Year,All Crops,7270.0,14980.0,2.06,"DES Area, Production & Yield Query Report"
Nagaland,Longleng,2015,2015 - 2016,Whole Year,All Crops,7810.0,16750.0,2.14,"DES Area, Production & Yield Query Report"
Nagaland,Longleng,2016,2016 - 2017,Whole Year,All Crops,8110.0,18000.0,2.22,"DES Area, Production & Yield Query Report"
Nagaland,Longleng,2017,2017 - 2018,Whole Year,All Crops,8570.0,19380.0,2.26,"DES Area, Production & Yield Query Report"
Nagaland,Longleng,2018,2018 - 2019,Whole Year,All Crops,8710.0,19860.0,2.28,"DES Area, Production & Yield Query Report"
Nagaland,Longleng,2019,2019 - 2020,Whole Year,All Crops,8770.0,20077.0,2.29,"DES Area, Production & Yield Query Report"
Nagaland,Longleng,2020,2020 - 2021,Whole Year,All Crops,8810.0,20211.0,2.29,"DES Area, Production & Yield Query Report"
Nagaland,Longleng,2021,2021 - 2022,Whole Year,All Crops,5200.0,9155.0,1.76,"DES Area, Production & Yield Query Report"
Nagaland,Longleng,2022,2022 - 2023,Whole Year,All Crops,8361.0,19832.0,2.37,"DES Area, Production & Yield Query Report"
Nagaland,Mokokchung,2013,2013 - 2014,Whole Year,All Crops,15150.0,32880.0,2.17,"DES Area, Production & Yield Query Report"
Nagaland,Mokokchung,2014,2014 - 2015,Whole Year,All Crops,15520.0,34500.0,2.22,"DES Area, Production & Yield Query Report"
Nagaland,Mokokchung,2015,2015 - 2016,Whole Year,All Crops,15890.0,36160.0,2.28,"DES Area, Production & Yield Query Report"
Nagaland,Mokokchung,2016,2016 - 2017,Whole Year,All Crops,16230.0,37920.0,2.34,"DES Area, Production & Yield Query Report"
Nagaland,Mokokchung,2017,2017 - 2018,Whole Year,All Crops,16670.0,39440.0,2.37,"DES Area, Production & Yield Query Report"
Nagaland,Mokokchung,2018,2018 - 2019,Whole Year,All Crops,16860.0,40250.0,2.39,"DES Area, Production & Yield Query Report"
Nagaland,Mokokchung,2019,2019 - 2020,Whole Year,All Crops,17000.0,40834.0,2.4,"DES Area, Production & Yield Query Report"
Nagaland,Mokokchung,2020,2020 - 2021,Whole Year,All Crops,17110.0,41180.0,2.41,"DES Area, Production & Yield Query Report"
Nagaland,Mokokchung,2021,2021 - 2022,Whole Year,All Crops,10767.0,19023.0,1.77,"DES Area, Production & Yield Query Report"
Nagaland,Mokokchung,2022,2022 - 2023,Whole Year,All Crops,17847.0,43878.0,2.46,"DES Area, Production & Yield Query Report"
Nagaland,Mon,2013,2013 - 2014,Whole Year,All Crops,20720.0,43000.0,2.08,"DES Area, Production & Yield Query Report"
Nagaland,Mon,2014,2014 - 2015,Whole Year,All Crops,21120.0,44530.0,2.11,"DES Area, Production & Yield Query Report"
Nagaland,Mon,2015,2015 - 2016,Whole Year,All Crops,21710.0,46880.0,2.16,"DES Area, Production & Yield Query Report"
Nagaland,Mon,2016,2016 - 2017,Whole Year,All Crops,22170.0,49170.0,2.22,"DES Area, Production & Yield Query Report"
Nagaland,Mon,2017,2017 - 2018,Whole Year,All Crops,22740.0,51090.0,2.25,"DES Area, Production & Yield Query Report"
Nagaland,Mon,2018,2018 - 2019,Whole Year,All Crops,23050.0,52050.0,2.26,"DES Area, Production & Yield Query Report"
Nagaland,Mon,2019,2019 - 2020,Whole Year,All Crops,23190.0,52622.0,2.27,"DES Area, Production & Yield Query Report"
Nagaland,Mon,2020,2020 - 2021,Whole Year,All Crops,23300.0,53012.0,2.28,"DES Area, Production & Yield Query Report"
Nagaland,Mon,2021,2021 - 2022,Whole Year,All Crops,15650.0,25978.0,1.66,"DES Area, Production & Yield Query Report"
Nagaland,Mon,2022,2022 - 2023,Whole Year,All Crops,23102.0,52847.0,2.29,"DES Area, Production & Yield Query Report"
Nagaland,Noklak,2021,2021 - 2022,Whole Year,All Crops,3920.0,6562.0,1.67,"DES Area, Production & Yield Query Report"
Nagaland,Noklak,2022,2022 - 2023,Whole Year,All Crops,5722.0,13184.0,2.3,"DES Area, Production & Yield Query Report"
Nagaland,Nuiland,2022,2022 - 2023,Whole Year,All Crops,18637.0,56766.0,3.05,"DES Area, Production & Yield Query Report"
Nagaland,Peren,2013,2013 - 2014,Whole Year,All Crops,15560.0,35790.0,2.3,"DES Area, Production & Yield Query Report"
Nagaland,Peren,2014,2014 - 2015,Whole Year,All Crops,16120.0,38370.0,2.38,"DES Area, Production & Yield Query Report"
Nagaland,Peren,2015,2015 - 2016,Whole Year,All Crops,16780.0,40850.0,2.43,"DES Area, Production & Yield Query Report"
Nagaland,Peren,2016,2016 - 2017,Whole Year,All Crops,17420.0,43750.0,2.51,"DES Area, Production & Yield Query Report"
Nagaland,Peren,2017,2017 - 2018,Whole Year,All Crops,18000.0,45770.0,2.54,"DES Area, Production & Yield Query Report"
Nagaland,Peren,2018,2018 - 2019,Whole Year,All Crops,18250.0,46700.0,2.56,"DES Area, Production & Yield Query Report"
Nagaland,Peren,2019,2019 - 2020,Whole Year,All Crops,18510.0,47674.0,2.58,"DES Area, Production & Yield Query Report"
Nagaland,Peren,2020,2020 - 2021,Whole Year,All Crops,18690.0,48277.0,2.58,"DES Area, Production & Yield Query Report"
Nagaland,Peren,2021,2021 - 2022,Whole Year,All Crops,7920.0,15496.0,1.96,"DES Area, Production & Yield Query Report"
Nagaland,Peren,2022,2022 - 2023,Whole Year,All Crops,15504.0,43754.0,2.82,"DES Area, Production & Yield Query Report"
Nagaland,Phek,2013,2013 - 2014,Whole Year,All Crops,14640.0,37090.0,2.53,"DES Area, Production & Yield Query Report"
Nagaland,Phek,2014,2014 - 2015,Whole Year,All Crops,15190.0,39730.0,2.62,"DES Area, Production & Yield Query Report"
Nagaland,Phek,2015,2015 - 2016,Whole Year,All Crops,15730.0,41710.0,2.65,"DES Area, Production & Yield Query Report"
Nagaland,Phek,2016,2016 - 2017,Whole Year,All Crops,16230.0,44050.0,2.71,"DES Area, Production & Yield Query Report"
Nagaland,Phek,2017,2017 - 2018,Whole Year,All Crops,16740.0,45790.0,2.74,"DES Area, Production & Yield Query Report"
Nagaland,Phek,2018,2018 - 2019,Whole Year,All Crops,17050.0,47510.0,2.79,"DES Area, Production & Yield Query Report"
Nagaland,Phek,2019,2019 - 2020,Whole Year,All Crops,17360.0,48766.0,2.81,"DES Area, Production & Yield Query Report"
Nagaland,Phek,2020,2020 - 2021,Whole Year,All Crops,17590.0,49484.0,2.81,"DES Area, Production & Yield Query Report"
Nagaland,Phek,2021,2021 - 2022,Whole Year,All Crops,9754.0,21763.0,2.23,"DES Area, Production & Yield Query Report"
Nagaland,Phek,2022,2022 - 2023,Whole Year,All Crops,17555.0,52262.0,2.98,"DES Area, Production & Yield Query Report"
Nagaland,Shamator,2022,2022 - 2023,Whole Year,All Crops,5241.0,12620.0,2.41,"DES Area, Production & Yield Query Report"
Nagaland,Tseminyu,2022,2022 - 2023,Whole Year,All Crops,5137.0,11567.0,2.25,"DES Area, Production & Yield Query Report"
Nagaland,Tuensang,2013,2013 - 2014,Whole Year,All Crops,14530.0,30840.0,2.12,"DES Area, Production & Yield Query Report"
Nagaland,Tuensang,2014,2014 - 2015,Whole Year,All Crops,15810.0,34630.0,2.19,"DES Area, Production & Yield Query Report"
Nagaland,Tuensang,2015,2015 - 2016,Whole Year,All Crops,16190.0,36410.0,2.25,"DES Area, Production & Yield Query Report"
Nagaland,Tuensang,2016,2016 - 2017,Whole Year,All Crops,16720.0,38710.0,2.32,"DES Area, Production & Yield Query Report"
Nagaland,Tuensang,2017,2017 - 2018,Whole Year,All Crops,17170.0,40220.0,2.34,"DES Area, Production & Yield Query Report"
Nagaland,Tuensang,2018,2018 - 2019,Whole Year,All Crops,17400.0,41110.0,2.36,"DES Area, Production & Yield Query Report"
Nagaland,Tuensang,2019,2019 - 2020,Whole Year,All Crops,17530.0,41676.0,2.38,"DES Area, Production & Yield Query Report"
Nagaland,Tuensang,2020,2020 - 2021,Whole Year,All Crops,17630.0,42008.0,2.38,"DES Area, Production & Yield Query Report"
Nagaland,Tuensang,2021,2021 - 2022,Whole Year,All Crops,10060.0,17130.0,1.7,"DES Area, Production & Yield Query Report"
Nagaland,Tuensang,2022,2022 - 2023,Whole Year,All Crops,9734.0,23475.0,2.41,"DES Area, Production & Yield Query Report"
Nagaland,Wokha,2013,2013 - 2014,Whole Year,All Crops,17720.0,39090.0,2.21,"DES Area, Production & Yield Query Report"
Nagaland,Wokha,2014,2014 - 2015,Whole Year,All Crops,18180.0,41140.0,2.26,"DES Area, Production & Yield Query Report"
Nagaland,Wokha,2015,2015 - 2016,Whole Year,All Crops,8340.0,22810.0,2.74,"DES Area, Production & Yield Query Report"
Nagaland,Wokha,2016,2016 - 2017,Whole Year,All Crops,19330.0,46010.0,2.38,"DES Area, Production & Yield Query Report"
Nagaland,Wokha,2017,2017 - 2018,Whole Year,All Crops,19770.0,47640.0,2.41,"DES Area, Production & Yield Query Report"
Nagaland,Wokha,2018,2018 - 2019,Whole Year,All Crops,20280.0,49340.0,2.43,"DES Area, Production & Yield Query Report"
Nagaland,Wokha,2019,2019 - 2020,Whole Year,All Crops,20470.0,50147.0,2.45,"DES Area, Production & Yield Query Report"
Nagaland,Wokha,2020,2020 - 2021,Whole Year,All Crops,20620.0,50629.0,2.46,"DES Area, Production & Yield Query Report"
Nagaland,Wokha,2021,2021 - 2022,Whole Year,All Crops,10064.0,15682.0,1.56,"DES Area, Production & Yield Query Report"
Nagaland,Wokha,2022,2022 - 2023,Whole Year,All Crops,20018.0,51080.0,2.55,"DES Area, Production & Yield Query Report"
Nagaland,Zunheboto,2013,2013 - 2014,Whole Year,All Crops,12800.0,26860.0,2.1,"DES Area, Production & Yield Query Report"
Nagaland,Zunheboto,2014,2014 - 2015,Whole Year,All Crops,13150.0,27210.0,2.07,"DES Area, Production & Yield Query Report"
Nagaland,Zunheboto,2015,2015 - 2016,Whole Year,All Crops,4210.0,11500.0,2.73,"DES Area, Production & Yield Query Report"
Nagaland,Zunheboto,2016,2016 - 2017,Whole Year,All Crops,14240.0,32400.0,2.28,"DES Area, Production & Yield Query Report"
Nagaland,Zunheboto,2017,2017 - 2018,Whole Year,All Crops,14680.0,33730.0,2.3,"DES Area, Production & Yield Query Report"
Nagaland,Zunheboto,2018,2018 - 2019,Whole Year,All Crops,14870.0,34550.0,2.32,"DES Area, Production & Yield Query Report"
Nagaland,Zunheboto,2019,2019 - 2020,Whole Year,All Crops,14970.0,34978.0,2.34,"DES Area, Production & Yield Query Report"
Nagaland,Zunheboto,2020,2020 - 2021,Whole Year,All Crops,15050.0,35231.0,2.34,"DES Area, Production & Yield Query Report"
Nagaland,Zunheboto,2021,2021 - 2022,Whole Year,All Crops,9540.0,16189.0,1.7,"DES Area, Production & Yield Query Report"
Nagaland,Zunheboto,2022,2022 - 2023,Whole Year,All Crops,14934.0,35960.0,2.41,"DES Area, Production & Yield Query Report"
Odisha,Anugul,2013,2013 - 2014,Whole Year,All Crops,78000.0,150000.0,1.92,"DES Area, Production & Yield Query Report"
Odisha,Anugul,2014,2014 - 2015,Whole Year,All Crops,91000.0,225000.0,2.47,"DES Area, Production & Yield Query Report"
Odisha,Anugul,2015,2015 - 2016,Whole Year,All Crops,79000.0,63000.0,0.8,"DES Area, Production & Yield Query Report"
Odisha,Anugul,2016,2016 - 2017,Whole Year,All Crops,78840.0,184450.0,2.34,"DES Area, Production & Yield Query Report"
Odisha,Anugul,2017,2017 - 2018,Whole Year,All Crops,91670.0,124510.0,1.36,"DES Area, Production & Yield Query Report"
Odisha,Anugul,2018,2018 - 2019,Whole Year,All Crops,68410.0,182430.0,2.67,"DES Area, Production & Yield Query Report"
Odisha,Anugul,2019,2019 - 2020,Whole Year,All Crops,62060.0,192900.0,3.11,"DES Area, Production & Yield Query Report"
Odisha,Anugul,2020,2020 - 2021,Whole Year,All Crops,61460.0,194330.0,3.16,"DES Area, Production & Yield Query Report"
Odisha,Anugul,2021,2021 - 2022,Whole Year,All Crops,68248.0,154793.0,2.27,"DES Area, Production & Yield Query Report"
Odisha,Anugul,2022,2022 - 2023,Whole Year,All Crops,119000.0,401600.0,3.37,"DES Area, Production & Yield Query Report"
Odisha,Balangir,2013,2013 - 2014,Whole Year,All Crops,204000.0,651000.0,3.19,"DES Area, Production & Yield Query Report"
Odisha,Balangir,2014,2014 - 2015,Whole Year,All Crops,206000.0,641000.0,3.11,"DES Area, Production & Yield Query Report"
Odisha,Balangir,2015,2015 - 2016,Whole Year,All Crops,192000.0,181000.0,0.94,"DES Area, Production & Yield Query Report"
Odisha,Balangir,2016,2016 - 2017,Whole Year,All Crops,197640.0,436540.0,2.21,"DES Area, Production & Yield Query Report"
Odisha,Balangir,2017,2017 - 2018,Whole Year,All Crops,156580.0,123930.0,0.79,"DES Area, Production & Yield Query Report"
Odisha,Balangir,2018,2018 - 2019,Whole Year,All Crops,153080.0,216510.0,1.41,"DES Area, Production & Yield Query Report"
Odisha,Balangir,2019,2019 - 2020,Whole Year,All Crops,174440.0,382840.0,2.19,"DES Area, Production & Yield Query Report"
Odisha,Balangir,2020,2020 - 2021,Whole Year,All Crops,163130.0,372940.0,2.29,"DES Area, Production & Yield Query Report"
Odisha,Balangir,2021,2021 - 2022,Whole Year,All Crops,184397.0,263618.0,1.43,"DES Area, Production & Yield Query Report"
Odisha,Balangir,2022,2022 - 2023,Whole Year,All Crops,183100.0,393930.0,2.15,"DES Area, Production & Yield Query Report"
Odisha,Baleshwar,2013,2013 - 2014,Whole Year,All Crops,226000.0,282000.0,1.25,"DES Area, Production & Yield Query Report"
Odisha,Baleshwar,2014,2014 - 2015,Whole Year,All Crops,219000.0,501000.0,2.29,"DES Area, Production & Yield Query Report"
Odisha,Baleshwar,2015,2015 - 2016,Whole Year,All Crops,221000.0,376000.0,1.7,"DES Area, Production & Yield Query Report"
Odisha,Baleshwar,2016,2016 - 2017,Whole Year,All Crops,221830.0,617890.0,2.79,"DES Area, Production & Yield Query Report"
Odisha,Baleshwar,2017,2017 - 2018,Whole Year,All Crops,211890.0,493580.0,2.33,"DES Area, Production & Yield Query Report"
Odisha,Baleshwar,2018,2018 - 2019,Whole Year,All Crops,221620.0,587640.0,2.65,"DES Area, Production & Yield Query Report"
Odisha,Baleshwar,2019,2019 - 2020,Whole Year,All Crops,206100.0,515880.0,2.5,"DES Area, Production & Yield Query Report"
Odisha,Baleshwar,2020,2020 - 2021,Whole Year,All Crops,222700.0,695180.0,3.12,"DES Area, Production & Yield Query Report"
Odisha,Baleshwar,2021,2021 - 2022,Whole Year,All Crops,225543.0,598808.0,2.65,"DES Area, Production & Yield Query Report"
Odisha,Baleshwar,2022,2022 - 2023,Whole Year,All Crops,220140.0,686260.0,3.12,"DES Area, Production & Yield Query Report"
Odisha,Bargarh,2013,2013 - 2014,Whole Year,All Crops,325000.0,741000.0,2.28,"DES Area, Production & Yield Query Report"
Odisha,Bargarh,2014,2014 - 2015,Whole Year,All Crops,307000.0,898000.0,2.93,"DES Area, Production & Yield Query Report"
Odisha,Bargarh,2015,2015 - 2016,Whole Year,All Crops,307000.0,592000.0,1.93,"DES Area, Production & Yield Query Report"
Odisha,Bargarh,2016,2016 - 2017,Whole Year,All Crops,278980.0,679940.0,2.44,"DES Area, Production & Yield Query Report"
Odisha,Bargarh,2017,2017 - 2018,Whole Year,All Crops,297360.0,311920.0,1.05,"DES Area, Production & Yield Query Report"
Odisha,Bargarh,2018,2018 - 2019,Whole Year,All Crops,304810.0,599360.0,1.97,"DES Area, Production & Yield Query Report"
Odisha,Bargarh,2019,2019 - 2020,Whole Year,All Crops,299210.0,582000.0,1.95,"DES Area, Production & Yield Query Report"
Odisha,Bargarh,2020,2020 - 2021,Whole Year,All Crops,324690.0,1047460.0,3.23,"DES Area, Production & Yield Query Report"
Odisha,Bargarh,2021,2021 - 2022,Whole Year,All Crops,315696.0,817696.0,2.59,"DES Area, Production & Yield Query Report"
Odisha,Bargarh,2022,2022 - 2023,Whole Year,All Crops,325960.0,1311280.0,4.02,"DES Area, Production & Yield Query Report"
Odisha,Bhadrak,2013,2013 - 2014,Whole Year,All Crops,168000.0,247000.0,1.47,"DES Area, Production & Yield Query Report"
Odisha,Bhadrak,2014,2014 - 2015,Whole Year,All Crops,164000.0,233000.0,1.42,"DES Area, Production & Yield Query Report"
Odisha,Bhadrak,2015,2015 - 2016,Whole Year,All Crops,162000.0,407000.0,2.51,"DES Area, Production & Yield Query Report"
Odisha,Bhadrak,2016,2016 - 2017,Whole Year,All Crops,155950.0,483760.0,3.1,"DES Area, Production & Yield Query Report"
Odisha,Bhadrak,2017,2017 - 2018,Whole Year,All Crops,158260.0,307400.0,1.94,"DES Area, Production & Yield Query Report"
Odisha,Bhadrak,2018,2018 - 2019,Whole Year,All Crops,151110.0,274240.0,1.81,"DES Area, Production & Yield Query Report"
Odisha,Bhadrak,2019,2019 - 2020,Whole Year,All Crops,155360.0,277850.0,1.79,"DES Area, Production & Yield Query Report"
Odisha,Bhadrak,2020,2020 - 2021,Whole Year,All Crops,151702.0,334024.0,2.2,"DES Area, Production & Yield Query Report"
Odisha,Bhadrak,2021,2021 - 2022,Whole Year,All Crops,159332.0,396667.0,2.49,"DES Area, Production & Yield Query Report"
Odisha,Bhadrak,2022,2022 - 2023,Whole Year,All Crops,141060.0,404430.0,2.87,"DES Area, Production & Yield Query Report"
Odisha,Boudh,2013,2013 - 2014,Whole Year,All Crops,68000.0,122000.0,1.79,"DES Area, Production & Yield Query Report"
Odisha,Boudh,2014,2014 - 2015,Whole Year,All Crops,59000.0,137000.0,2.32,"DES Area, Production & Yield Query Report"
Odisha,Boudh,2015,2015 - 2016,Whole Year,All Crops,61000.0,57000.0,0.93,"DES Area, Production & Yield Query Report"
Odisha,Boudh,2016,2016 - 2017,Whole Year,All Crops,56630.0,175510.0,3.1,"DES Area, Production & Yield Query Report"
Odisha,Boudh,2017,2017 - 2018,Whole Year,All Crops,58920.0,108650.0,1.84,"DES Area, Production & Yield Query Report"
Odisha,Boudh,2018,2018 - 2019,Whole Year,All Crops,64120.0,180540.0,2.82,"DES Area, Production & Yield Query Report"
Odisha,Boudh,2019,2019 - 2020,Whole Year,All Crops,63040.0,173310.0,2.75,"DES Area, Production & Yield Query Report"
Odisha,Boudh,2020,2020 - 2021,Whole Year,All Crops,67940.0,239400.0,3.52,"DES Area, Production & Yield Query Report"
Odisha,Boudh,2021,2021 - 2022,Whole Year,All Crops,71528.0,224070.0,3.13,"DES Area, Production & Yield Query Report"
Odisha,Boudh,2022,2022 - 2023,Whole Year,All Crops,70750.0,236360.0,3.34,"DES Area, Production & Yield Query Report"
Odisha,Cuttack,2013,2013 - 2014,Whole Year,All Crops,121000.0,177000.0,1.46,"DES Area, Production & Yield Query Report"
Odisha,Cuttack,2014,2014 - 2015,Whole Year,All Crops,122000.0,306000.0,2.51,"DES Area, Production & Yield Query Report"
Odisha,Cuttack,2015,2015 - 2016,Whole Year,All Crops,121000.0,244000.0,2.02,"DES Area, Production & Yield Query Report"
Odisha,Cuttack,2016,2016 - 2017,Whole Year,All Crops,119480.0,396650.0,3.32,"DES Area, Production & Yield Query Report"
Odisha,Cuttack,2017,2017 - 2018,Whole Year,All Crops,109010.0,239710.0,2.2,"DES Area, Production & Yield Query Report"
Odisha,Cuttack,2018,2018 - 2019,Whole Year,All Crops,97850.0,263340.0,2.69,"DES Area, Production & Yield Query Report"
Odisha,Cuttack,2019,2019 - 2020,Whole Year,All Crops,119010.0,393480.0,3.31,"DES Area, Production & Yield Query Report"
Odisha,Cuttack,2020,2020 - 2021,Whole Year,All Crops,104500.0,304120.0,2.91,"DES Area, Production & Yield Query Report"
Odisha,Cuttack,2021,2021 - 2022,Whole Year,All Crops,111822.0,293656.0,2.63,"DES Area, Production & Yield Query Report"
Odisha,Cuttack,2022,2022 - 2023,Whole Year,All Crops,113420.0,328240.0,2.89,"DES Area, Production & Yield Query Report"
Odisha,Deogarh,2013,2013 - 2014,Whole Year,All Crops,52000.0,125000.0,2.4,"DES Area, Production & Yield Query Report"
Odisha,Deogarh,2014,2014 - 2015,Whole Year,All Crops,49000.0,148000.0,3.02,"DES Area, Production & Yield Query Report"
Odisha,Deogarh,2015,2015 - 2016,Whole Year,All Crops,47000.0,47000.0,1.0,"DES Area, Production & Yield Query Report"
Odisha,Deogarh,2016,2016 - 2017,Whole Year,All Crops,41760.0,64880.0,1.55,"DES Area, Production & Yield Query Report"
Odisha,Deogarh,2017,2017 - 2018,Whole Year,All Crops,46810.0,85780.0,1.83,"DES Area, Production & Yield Query Report"
Odisha,Deogarh,2018,2018 - 2019,Whole Year,All Crops,55570.0,94770.0,1.71,"DES Area, Production & Yield Query Report"
Odisha,Deogarh,2019,2019 - 2020,Whole Year,All Crops,48930.0,89420.0,1.83,"DES Area, Production & Yield Query Report"
Odisha,Deogarh,2020,2020 - 2021,Whole Year,All Crops,47200.0,111940.0,2.37,"DES Area, Production & Yield Query Report"
Odisha,Deogarh,2021,2021 - 2022,Whole Year,All Crops,43439.0,80598.0,1.86,"DES Area, Production & Yield Query Report"
Odisha,Deogarh,2022,2022 - 2023,Whole Year,All Crops,40150.0,103900.0,2.59,"DES Area, Production & Yield Query Report"
Odisha,Dhenkanal,2013,2013 - 2014,Whole Year,All Crops,93000.0,248000.0,2.67,"DES Area, Production & Yield Query Report"
Odisha,Dhenkanal,2014,2014 - 2015,Whole Year,All Crops,98000.0,324000.0,3.31,"DES Area, Production & Yield Query Report"
Odisha,Dhenkanal,2015,2015 - 2016,Whole Year,All Crops,86000.0,137000.0,1.59,"DES Area, Production & Yield Query Report"
Odisha,Dhenkanal,2016,2016 - 2017,Whole Year,All Crops,75370.0,215300.0,2.86,"DES Area, Production & Yield Query Report"
Odisha,Dhenkanal,2017,2017 - 2018,Whole Year,All Crops,62640.0,86800.0,1.39,"DES Area, Production & Yield Query Report"
Odisha,Dhenkanal,2018,2018 - 2019,Whole Year,All Crops,89940.0,281390.0,3.13,"DES Area, Production & Yield Query Report"
Odisha,Dhenkanal,2019,2019 - 2020,Whole Year,All Crops,80970.0,223180.0,2.76,"DES Area, Production & Yield Query Report"
Odisha,Dhenkanal,2020,2020 - 2021,Whole Year,All Crops,84250.0,252630.0,3.0,"DES Area, Production & Yield Query Report"
Odisha,Dhenkanal,2021,2021 - 2022,Whole Year,All Crops,71437.0,210384.0,2.95,"DES Area, Production & Yield Query Report"
Odisha,Dhenkanal,2022,2022 - 2023,Whole Year,All Crops,86470.0,292830.0,3.39,"DES Area, Production & Yield Query Report"
Odisha,Gajapati,2013,2013 - 2014,Whole Year,All Crops,38000.0,34000.0,0.89,"DES Area, Production & Yield Query Report"
Odisha,Gajapati,2014,2014 - 2015,Whole Year,All Crops,37000.0,55000.0,1.49,"DES Area, Production & Yield Query Report"
Odisha,Gajapati,2015,2015 - 2016,Whole Year,All Crops,37000.0,36000.0,0.97,"DES Area, Production & Yield Query Report"
Odisha,Gajapati,2016,2016 - 2017,Whole Year,All Crops,42230.0,104920.0,2.48,"DES Area, Production & Yield Query Report"
Odisha,Gajapati,2017,2017 - 2018,Whole Year,All Crops,38370.0,80150.0,2.09,"DES Area, Production & Yield Query Report"
Odisha,Gajapati,2018,2018 - 2019,Whole Year,All Crops,40860.0,48020.0,1.18,"DES Area, Production & Yield Query Report"
Odisha,Gajapati,2019,2019 - 2020,Whole Year,All Crops,31040.0,78120.0,2.52,"DES Area, Production & Yield Query Report"
Odisha,Gajapati,2020,2020 - 2021,Whole Year,All Crops,33240.0,82540.0,2.48,"DES Area, Production & Yield Query Report"
Odisha,Gajapati,2021,2021 - 2022,Whole Year,All Crops,37907.0,85600.0,2.26,"DES Area, Production & Yield Query Report"
Odisha,Gajapati,2022,2022 - 2023,Whole Year,All Crops,32090.0,82600.0,2.57,"DES Area, Production & Yield Query Report"
Odisha,Ganjam,2013,2013 - 2014,Whole Year,All Crops,252000.0,92000.0,0.37,"DES Area, Production & Yield Query Report"
Odisha,Ganjam,2014,2014 - 2015,Whole Year,All Crops,265000.0,717000.0,2.71,"DES Area, Production & Yield Query Report"
Odisha,Ganjam,2015,2015 - 2016,Whole Year,All Crops,242000.0,465000.0,1.92,"DES Area, Production & Yield Query Report"
Odisha,Ganjam,2016,2016 - 2017,Whole Year,All Crops,243690.0,694830.0,2.85,"DES Area, Production & Yield Query Report"
Odisha,Ganjam,2017,2017 - 2018,Whole Year,All Crops,204870.0,322690.0,1.58,"DES Area, Production & Yield Query Report"
Odisha,Ganjam,2018,2018 - 2019,Whole Year,All Crops,249290.0,436680.0,1.75,"DES Area, Production & Yield Query Report"
Odisha,Ganjam,2019,2019 - 2020,Whole Year,All Crops,281470.0,726240.0,2.58,"DES Area, Production & Yield Query Report"
Odisha,Ganjam,2020,2020 - 2021,Whole Year,All Crops,274910.0,786240.0,2.86,"DES Area, Production & Yield Query Report"
Odisha,Ganjam,2021,2021 - 2022,Whole Year,All Crops,257267.0,544047.0,2.11,"DES Area, Production & Yield Query Report"
Odisha,Ganjam,2022,2022 - 2023,Whole Year,All Crops,293560.0,898000.0,3.06,"DES Area, Production & Yield Query Report"
Odisha,Jagatsinghapur,2013,2013 - 2014,Whole Year,All Crops,81000.0,162000.0,2.0,"DES Area, Production & Yield Query Report"
Odisha,Jagatsinghapur,2014,2014 - 2015,Whole Year,All Crops,85000.0,185000.0,2.18,"DES Area, Production & Yield Query Report"
Odisha,Jagatsinghapur,2015,2015 - 2016,Whole Year,All Crops,80000.0,204000.0,2.55,"DES Area, Production & Yield Query Report"
Odisha,Jagatsinghapur,2016,2016 - 2017,Whole Year,All Crops,87870.0,261970.0,2.98,"DES Area, Production & Yield Query Report"
Odisha,Jagatsinghapur,2017,2017 - 2018,Whole Year,All Crops,78980.0,153090.0,1.94,"DES Area, Production & Yield Query Report"
Odisha,Jagatsinghapur,2018,2018 - 2019,Whole Year,All Crops,79690.0,172690.0,2.17,"DES Area, Production & Yield Query Report"
Odisha,Jagatsinghapur,2019,2019 - 2020,Whole Year,All Crops,82220.0,172880.0,2.1,"DES Area, Production & Yield Query Report"
Odisha,Jagatsinghapur,2020,2020 - 2021,Whole Year,All Crops,83490.0,203970.0,2.44,"DES Area, Production & Yield Query Report"
Odisha,Jagatsinghapur,2021,2021 - 2022,Whole Year,All Crops,88788.0,150860.0,1.7,"DES Area, Production & Yield Query Report"
Odisha,Jagatsinghapur,2022,2022 - 2023,Whole Year,All Crops,76900.0,219060.0,2.85,"DES Area, Production & Yield Query Report"
Odisha,Jajapur,2013,2013 - 2014,Whole Year,All Crops,126000.0,134000.0,1.06,"DES Area, Production & Yield Query Report"
Odisha,Jajapur,2014,2014 - 2015,Whole Year,All Crops,129000.0,239000.0,1.85,"DES Area, Production & Yield Query Report"
Odisha,Jajapur,2015,2015 - 2016,Whole Year,All Crops,110000.0,136000.0,1.24,"DES Area, Production & Yield Query Report"
Odisha,Jajapur,2016,2016 - 2017,Whole Year,All Crops,105270.0,271470.0,2.58,"DES Area, Production & Yield Query Report"
Odisha,Jajapur,2017,2017 - 2018,Whole Year,All Crops,107330.0,147690.0,1.38,"DES Area, Production & Yield Query Report"
Odisha,Jajapur,2018,2018 - 2019,Whole Year,All Crops,116900.0,204050.0,1.75,"DES Area, Production & Yield Query Report"
Odisha,Jajapur,2019,2019 - 2020,Whole Year,All Crops,133890.0,235400.0,1.76,"DES Area, Production & Yield Query Report"
Odisha,Jajapur,2020,2020 - 2021,Whole Year,All Crops,129750.0,234710.0,1.81,"DES Area, Production & Yield Query Report"
Odisha,Jajapur,2021,2021 - 2022,Whole Year,All Crops,100346.0,168701.0,1.68,"DES Area, Production & Yield Query Report"
Odisha,Jajapur,2022,2022 - 2023,Whole Year,All Crops,113770.0,270190.0,2.37,"DES Area, Production & Yield Query Report"
Odisha,Jharsuguda,2013,2013 - 2014,Whole Year,All Crops,40000.0,51000.0,1.28,"DES Area, Production & Yield Query Report"
Odisha,Jharsuguda,2014,2014 - 2015,Whole Year,All Crops,69000.0,98000.0,1.42,"DES Area, Production & Yield Query Report"
Odisha,Jharsuguda,2015,2015 - 2016,Whole Year,All Crops,46000.0,43000.0,0.93,"DES Area, Production & Yield Query Report"
Odisha,Jharsuguda,2016,2016 - 2017,Whole Year,All Crops,47240.0,98400.0,2.08,"DES Area, Production & Yield Query Report"
Odisha,Jharsuguda,2017,2017 - 2018,Whole Year,All Crops,48210.0,76920.0,1.6,"DES Area, Production & Yield Query Report"
Odisha,Jharsuguda,2018,2018 - 2019,Whole Year,All Crops,41470.0,14890.0,0.36,"DES Area, Production & Yield Query Report"
Odisha,Jharsuguda,2019,2019 - 2020,Whole Year,All Crops,52430.0,174580.0,3.33,"DES Area, Production & Yield Query Report"
Odisha,Jharsuguda,2020,2020 - 2021,Whole Year,All Crops,47210.0,127000.0,2.69,"DES Area, Production & Yield Query Report"
Odisha,Jharsuguda,2021,2021 - 2022,Whole Year,All Crops,47230.0,30980.0,0.66,"DES Area, Production & Yield Query Report"
Odisha,Jharsuguda,2022,2022 - 2023,Whole Year,All Crops,47080.0,74190.0,1.58,"DES Area, Production & Yield Query Report"
Odisha,Kalahandi,2013,2013 - 2014,Whole Year,All Crops,249000.0,620000.0,2.49,"DES Area, Production & Yield Query Report"
Odisha,Kalahandi,2014,2014 - 2015,Whole Year,All Crops,237000.0,551000.0,2.32,"DES Area, Production & Yield Query Report"
Odisha,Kalahandi,2015,2015 - 2016,Whole Year,All Crops,199000.0,222000.0,1.12,"DES Area, Production & Yield Query Report"
Odisha,Kalahandi,2016,2016 - 2017,Whole Year,All Crops,220800.0,525560.0,2.38,"DES Area, Production & Yield Query Report"
Odisha,Kalahandi,2017,2017 - 2018,Whole Year,All Crops,199520.0,429140.0,2.15,"DES Area, Production & Yield Query Report"
Odisha,Kalahandi,2018,2018 - 2019,Whole Year,All Crops,211750.0,460640.0,2.18,"DES Area, Production & Yield Query Report"
Odisha,Kalahandi,2019,2019 - 2020,Whole Year,All Crops,212420.0,641450.0,3.02,"DES Area, Production & Yield Query Report"
Odisha,Kalahandi,2020,2020 - 2021,Whole Year,All Crops,250590.0,695480.0,2.78,"DES Area, Production & Yield Query Report"
Odisha,Kalahandi,2021,2021 - 2022,Whole Year,All Crops,222072.0,516707.0,2.33,"DES Area, Production & Yield Query Report"
Odisha,Kalahandi,2022,2022 - 2023,Whole Year,All Crops,243450.0,741540.0,3.05,"DES Area, Production & Yield Query Report"
Odisha,Kandhamal,2013,2013 - 2014,Whole Year,All Crops,46000.0,71000.0,1.54,"DES Area, Production & Yield Query Report"
Odisha,Kandhamal,2014,2014 - 2015,Whole Year,All Crops,46000.0,85000.0,1.85,"DES Area, Production & Yield Query Report"
Odisha,Kandhamal,2015,2015 - 2016,Whole Year,All Crops,30000.0,26000.0,0.87,"DES Area, Production & Yield Query Report"
Odisha,Kandhamal,2016,2016 - 2017,Whole Year,All Crops,40770.0,73100.0,1.79,"DES Area, Production & Yield Query Report"
Odisha,Kandhamal,2017,2017 - 2018,Whole Year,All Crops,30120.0,47010.0,1.56,"DES Area, Production & Yield Query Report"
Odisha,Kandhamal,2018,2018 - 2019,Whole Year,All Crops,38220.0,74910.0,1.96,"DES Area, Production & Yield Query Report"
Odisha,Kandhamal,2019,2019 - 2020,Whole Year,All Crops,39750.0,72590.0,1.83,"DES Area, Production & Yield Query Report"
Odisha,Kandhamal,2020,2020 - 2021,Whole Year,All Crops,46310.0,96750.0,2.09,"DES Area, Production & Yield Query Report"
Odisha,Kandhamal,2021,2021 - 2022,Whole Year,All Crops,34579.0,61192.0,1.77,"DES Area, Production & Yield Query Report"
Odisha,Kandhamal,2022,2022 - 2023,Whole Year,All Crops,42520.0,97360.0,2.29,"DES Area, Production & Yield Query Report"
Odisha,Kendrapara,2013,2013 - 2014,Whole Year,All Crops,135000.0,157000.0,1.16,"DES Area, Production & Yield Query Report"
Odisha,Kendrapara,2014,2014 - 2015,Whole Year,All Crops,126000.0,180000.0,1.43,"DES Area, Production & Yield Query Report"
Odisha,Kendrapara,2015,2015 - 2016,Whole Year,All Crops,120000.0,221000.0,1.84,"DES Area, Production & Yield Query Report"
Odisha,Kendrapara,2016,2016 - 2017,Whole Year,All Crops,124780.0,324180.0,2.6,"DES Area, Production & Yield Query Report"
Odisha,Kendrapara,2017,2017 - 2018,Whole Year,All Crops,121880.0,168160.0,1.38,"DES Area, Production & Yield Query Report"
Odisha,Kendrapara,2018,2018 - 2019,Whole Year,All Crops,124840.0,180320.0,1.44,"DES Area, Production & Yield Query Report"
Odisha,Kendrapara,2019,2019 - 2020,Whole Year,All Crops,127800.0,273220.0,2.14,"DES Area, Production & Yield Query Report"
Odisha,Kendrapara,2020,2020 - 2021,Whole Year,All Crops,130020.0,236650.0,1.82,"DES Area, Production & Yield Query Report"
Odisha,Kendrapara,2021,2021 - 2022,Whole Year,All Crops,122999.0,197620.0,1.61,"DES Area, Production & Yield Query Report"
Odisha,Kendrapara,2022,2022 - 2023,Whole Year,All Crops,121110.0,275840.0,2.28,"DES Area, Production & Yield Query Report"
Odisha,Kendujhar,2013,2013 - 2014,Whole Year,All Crops,176000.0,273000.0,1.55,"DES Area, Production & Yield Query Report"
Odisha,Kendujhar,2014,2014 - 2015,Whole Year,All Crops,176000.0,413000.0,2.35,"DES Area, Production & Yield Query Report"
Odisha,Kendujhar,2015,2015 - 2016,Whole Year,All Crops,183000.0,207000.0,1.13,"DES Area, Production & Yield Query Report"
Odisha,Kendujhar,2016,2016 - 2017,Whole Year,All Crops,192840.0,422250.0,2.19,"DES Area, Production & Yield Query Report"
Odisha,Kendujhar,2017,2017 - 2018,Whole Year,All Crops,188360.0,395050.0,2.1,"DES Area, Production & Yield Query Report"
Odisha,Kendujhar,2018,2018 - 2019,Whole Year,All Crops,160690.0,367340.0,2.29,"DES Area, Production & Yield Query Report"
Odisha,Kendujhar,2019,2019 - 2020,Whole Year,All Crops,177790.0,524550.0,2.95,"DES Area, Production & Yield Query Report"
Odisha,Kendujhar,2020,2020 - 2021,Whole Year,All Crops,170770.0,509860.0,2.99,"DES Area, Production & Yield Query Report"
Odisha,Kendujhar,2021,2021 - 2022,Whole Year,All Crops,150995.0,456302.0,3.02,"DES Area, Production & Yield Query Report"
Odisha,Kendujhar,2022,2022 - 2023,Whole Year,All Crops,175150.0,611090.0,3.49,"DES Area, Production & Yield Query Report"
Odisha,Khordha,2013,2013 - 2014,Whole Year,All Crops,98000.0,80000.0,0.82,"DES Area, Production & Yield Query Report"
Odisha,Khordha,2014,2014 - 2015,Whole Year,All Crops,102000.0,223000.0,2.19,"DES Area, Production & Yield Query Report"
Odisha,Khordha,2015,2015 - 2016,Whole Year,All Crops,99000.0,142000.0,1.43,"DES Area, Production & Yield Query Report"
Odisha,Khordha,2016,2016 - 2017,Whole Year,All Crops,95070.0,250180.0,2.63,"DES Area, Production & Yield Query Report"
Odisha,Khordha,2017,2017 - 2018,Whole Year,All Crops,84020.0,136320.0,1.62,"DES Area, Production & Yield Query Report"
Odisha,Khordha,2018,2018 - 2019,Whole Year,All Crops,88160.0,191770.0,2.18,"DES Area, Production & Yield Query Report"
Odisha,Khordha,2019,2019 - 2020,Whole Year,All Crops,89060.0,232450.0,2.61,"DES Area, Production & Yield Query Report"
Odisha,Khordha,2020,2020 - 2021,Whole Year,All Crops,88280.0,218890.0,2.48,"DES Area, Production & Yield Query Report"
Odisha,Khordha,2021,2021 - 2022,Whole Year,All Crops,86665.0,193910.0,2.24,"DES Area, Production & Yield Query Report"
Odisha,Khordha,2022,2022 - 2023,Whole Year,All Crops,82090.0,243590.0,2.97,"DES Area, Production & Yield Query Report"
Odisha,Koraput,2013,2013 - 2014,Whole Year,All Crops,133000.0,355000.0,2.67,"DES Area, Production & Yield Query Report"
Odisha,Koraput,2014,2014 - 2015,Whole Year,All Crops,135000.0,275000.0,2.04,"DES Area, Production & Yield Query Report"
Odisha,Koraput,2015,2015 - 2016,Whole Year,All Crops,122000.0,240000.0,1.97,"DES Area, Production & Yield Query Report"
Odisha,Koraput,2016,2016 - 2017,Whole Year,All Crops,124990.0,316210.0,2.53,"DES Area, Production & Yield Query Report"
Odisha,Koraput,2017,2017 - 2018,Whole Year,All Crops,124120.0,287720.0,2.32,"DES Area, Production & Yield Query Report"
Odisha,Koraput,2018,2018 - 2019,Whole Year,All Crops,132300.0,347850.0,2.63,"DES Area, Production & Yield Query Report"
Odisha,Koraput,2019,2019 - 2020,Whole Year,All Crops,125630.0,361960.0,2.88,"DES Area, Production & Yield Query Report"
Odisha,Koraput,2020,2020 - 2021,Whole Year,All Crops,130920.0,378780.0,2.89,"DES Area, Production & Yield Query Report"
Odisha,Koraput,2021,2021 - 2022,Whole Year,All Crops,131745.0,381161.0,2.89,"DES Area, Production & Yield Query Report"
Odisha,Koraput,2022,2022 - 2023,Whole Year,All Crops,132500.0,419990.0,3.17,"DES Area, Production & Yield Query Report"
Odisha,Malkangiri,2013,2013 - 2014,Whole Year,All Crops,99000.0,174000.0,1.76,"DES Area, Production & Yield Query Report"
Odisha,Malkangiri,2014,2014 - 2015,Whole Year,All Crops,103000.0,178000.0,1.73,"DES Area, Production & Yield Query Report"
Odisha,Malkangiri,2015,2015 - 2016,Whole Year,All Crops,99000.0,136000.0,1.37,"DES Area, Production & Yield Query Report"
Odisha,Malkangiri,2016,2016 - 2017,Whole Year,All Crops,95840.0,186520.0,1.95,"DES Area, Production & Yield Query Report"
Odisha,Malkangiri,2017,2017 - 2018,Whole Year,All Crops,99580.0,175290.0,1.76,"DES Area, Production & Yield Query Report"
Odisha,Malkangiri,2018,2018 - 2019,Whole Year,All Crops,92750.0,174980.0,1.89,"DES Area, Production & Yield Query Report"
Odisha,Malkangiri,2019,2019 - 2020,Whole Year,All Crops,104240.0,231940.0,2.23,"DES Area, Production & Yield Query Report"
Odisha,Malkangiri,2020,2020 - 2021,Whole Year,All Crops,93350.0,228130.0,2.44,"DES Area, Production & Yield Query Report"
Odisha,Malkangiri,2021,2021 - 2022,Whole Year,All Crops,115897.0,285796.0,2.47,"DES Area, Production & Yield Query Report"
Odisha,Malkangiri,2022,2022 - 2023,Whole Year,All Crops,130590.0,353600.0,2.71,"DES Area, Production & Yield Query Report"
Odisha,Mayurbhanj,2013,2013 - 2014,Whole Year,All Crops,305000.0,424000.0,1.39,"DES Area, Production & Yield Query Report"
Odisha,Mayurbhanj,2014,2014 - 2015,Whole Year,All Crops,316000.0,687000.0,2.17,"DES Area, Production & Yield Query Report"
Odisha,Mayurbhanj,2015,2015 - 2016,Whole Year,All Crops,318000.0,313000.0,0.98,"DES Area, Production & Yield Query Report"
Odisha,Mayurbhanj,2016,2016 - 2017,Whole Year,All Crops,306670.0,723120.0,2.36,"DES Area, Production & Yield Query Report"
Odisha,Mayurbhanj,2017,2017 - 2018,Whole Year,All Crops,324090.0,655640.0,2.02,"DES Area, Production & Yield Query Report"
Odisha,Mayurbhanj,2018,2018 - 2019,Whole Year,All Crops,336700.0,680590.0,2.02,"DES Area, Production & Yield Query Report"
Odisha,Mayurbhanj,2019,2019 - 2020,Whole Year,All Crops,321840.0,714560.0,2.22,"DES Area, Production & Yield Query Report"
Odisha,Mayurbhanj,2020,2020 - 2021,Whole Year,All Crops,327340.0,896910.0,2.74,"DES Area, Production & Yield Query Report"
Odisha,Mayurbhanj,2021,2021 - 2022,Whole Year,All Crops,320669.0,839133.0,2.62,"DES Area, Production & Yield Query Report"
Odisha,Mayurbhanj,2022,2022 - 2023,Whole Year,All Crops,319230.0,872620.0,2.73,"DES Area, Production & Yield Query Report"
Odisha,Nabarangpur,2013,2013 - 2014,Whole Year,All Crops,147000.0,421000.0,2.86,"DES Area, Production & Yield Query Report"
Odisha,Nabarangpur,2014,2014 - 2015,Whole Year,All Crops,147000.0,342000.0,2.33,"DES Area, Production & Yield Query Report"
Odisha,Nabarangpur,2015,2015 - 2016,Whole Year,All Crops,138000.0,173000.0,1.25,"DES Area, Production & Yield Query Report"
Odisha,Nabarangpur,2016,2016 - 2017,Whole Year,All Crops,147430.0,391720.0,2.66,"DES Area, Production & Yield Query Report"
Odisha,Nabarangpur,2017,2017 - 2018,Whole Year,All Crops,124870.0,307660.0,2.46,"DES Area, Production & Yield Query Report"
Odisha,Nabarangpur,2018,2018 - 2019,Whole Year,All Crops,128980.0,156960.0,1.22,"DES Area, Production & Yield Query Report"
Odisha,Nabarangpur,2019,2019 - 2020,Whole Year,All Crops,124430.0,395170.0,3.18,"DES Area, Production & Yield Query Report"
Odisha,Nabarangpur,2020,2020 - 2021,Whole Year,All Crops,135720.0,397670.0,2.93,"DES Area, Production & Yield Query Report"
Odisha,Nabarangpur,2021,2021 - 2022,Whole Year,All Crops,135012.0,376316.0,2.79,"DES Area, Production & Yield Query Report"
Odisha,Nabarangpur,2022,2022 - 2023,Whole Year,All Crops,133770.0,435230.0,3.25,"DES Area, Production & Yield Query Report"
Odisha,Nayagarh,2013,2013 - 2014,Whole Year,All Crops,102000.0,86000.0,0.84,"DES Area, Production & Yield Query Report"
Odisha,Nayagarh,2014,2014 - 2015,Whole Year,All Crops,92000.0,192000.0,2.09,"DES Area, Production & Yield Query Report"
Odisha,Nayagarh,2015,2015 - 2016,Whole Year,All Crops,91000.0,77000.0,0.85,"DES Area, Production & Yield Query Report"
Odisha,Nayagarh,2016,2016 - 2017,Whole Year,All Crops,91690.0,209550.0,2.29,"DES Area, Production & Yield Query Report"
Odisha,Nayagarh,2017,2017 - 2018,Whole Year,All Crops,90620.0,125110.0,1.38,"DES Area, Production & Yield Query Report"
Odisha,Nayagarh,2018,2018 - 2019,Whole Year,All Crops,87470.0,209540.0,2.4,"DES Area, Production & Yield Query Report"
Odisha,Nayagarh,2019,2019 - 2020,Whole Year,All Crops,86330.0,224570.0,2.6,"DES Area, Production & Yield Query Report"
Odisha,Nayagarh,2020,2020 - 2021,Whole Year,All Crops,90660.0,213950.0,2.36,"DES Area, Production & Yield Query Report"
Odisha,Nayagarh,2021,2021 - 2022,Whole Year,All Crops,88473.0,180318.0,2.04,"DES Area, Production & Yield Query Report"
Odisha,Nayagarh,2022,2022 - 2023,Whole Year,All Crops,91990.0,253080.0,2.75,"DES Area, Production & Yield Query Report"
Odisha,Nuapada,2013,2013 - 2014,Whole Year,All Crops,105000.0,210000.0,2.0,"DES Area, Production & Yield Query Report"
Odisha,Nuapada,2014,2014 - 2015,Whole Year,All Crops,92000.0,195000.0,2.12,"DES Area, Production & Yield Query Report"
Odisha,Nuapada,2015,2015 - 2016,Whole Year,All Crops,93000.0,79000.0,0.85,"DES Area, Production & Yield Query Report"
Odisha,Nuapada,2016,2016 - 2017,Whole Year,All Crops,97590.0,142250.0,1.46,"DES Area, Production & Yield Query Report"
Odisha,Nuapada,2017,2017 - 2018,Whole Year,All Crops,89240.0,60420.0,0.68,"DES Area, Production & Yield Query Report"
Odisha,Nuapada,2018,2018 - 2019,Whole Year,All Crops,92010.0,139300.0,1.51,"DES Area, Production & Yield Query Report"
Odisha,Nuapada,2019,2019 - 2020,Whole Year,All Crops,93960.0,208980.0,2.22,"DES Area, Production & Yield Query Report"
Odisha,Nuapada,2020,2020 - 2021,Whole Year,All Crops,94090.0,235650.0,2.5,"DES Area, Production & Yield Query Report"
Odisha,Nuapada,2021,2021 - 2022,Whole Year,All Crops,97937.0,215085.0,2.2,"DES Area, Production & Yield Query Report"
Odisha,Nuapada,2022,2022 - 2023,Whole Year,All Crops,106860.0,268460.0,2.51,"DES Area, Production & Yield Query Report"
Odisha,Puri,2013,2013 - 2014,Whole Year,All Crops,135000.0,199000.0,1.47,"DES Area, Production & Yield Query Report"
Odisha,Puri,2014,2014 - 2015,Whole Year,All Crops,131000.0,277000.0,2.11,"DES Area, Production & Yield Query Report"
Odisha,Puri,2015,2015 - 2016,Whole Year,All Crops,132000.0,275000.0,2.08,"DES Area, Production & Yield Query Report"
Odisha,Puri,2016,2016 - 2017,Whole Year,All Crops,107740.0,293090.0,2.72,"DES Area, Production & Yield Query Report"
Odisha,Puri,2017,2017 - 2018,Whole Year,All Crops,101700.0,171660.0,1.69,"DES Area, Production & Yield Query Report"
Odisha,Puri,2018,2018 - 2019,Whole Year,All Crops,120150.0,275520.0,2.29,"DES Area, Production & Yield Query Report"
Odisha,Puri,2019,2019 - 2020,Whole Year,All Crops,117650.0,289400.0,2.46,"DES Area, Production & Yield Query Report"
Odisha,Puri,2020,2020 - 2021,Whole Year,All Crops,139530.0,344970.0,2.47,"DES Area, Production & Yield Query Report"
Odisha,Puri,2021,2021 - 2022,Whole Year,All Crops,135129.0,232504.0,1.72,"DES Area, Production & Yield Query Report"
Odisha,Puri,2022,2022 - 2023,Whole Year,All Crops,121590.0,296240.0,2.44,"DES Area, Production & Yield Query Report"
Odisha,Rayagada,2013,2013 - 2014,Whole Year,All Crops,68000.0,169000.0,2.49,"DES Area, Production & Yield Query Report"
Odisha,Rayagada,2014,2014 - 2015,Whole Year,All Crops,65000.0,183000.0,2.82,"DES Area, Production & Yield Query Report"
Odisha,Rayagada,2015,2015 - 2016,Whole Year,All Crops,52000.0,61000.0,1.17,"DES Area, Production & Yield Query Report"
Odisha,Rayagada,2016,2016 - 2017,Whole Year,All Crops,61390.0,144100.0,2.35,"DES Area, Production & Yield Query Report"
Odisha,Rayagada,2017,2017 - 2018,Whole Year,All Crops,52910.0,127450.0,2.41,"DES Area, Production & Yield Query Report"
Odisha,Rayagada,2018,2018 - 2019,Whole Year,All Crops,50270.0,128220.0,2.55,"DES Area, Production & Yield Query Report"
Odisha,Rayagada,2019,2019 - 2020,Whole Year,All Crops,57050.0,187730.0,3.29,"DES Area, Production & Yield Query Report"
Odisha,Rayagada,2020,2020 - 2021,Whole Year,All Crops,51820.0,148990.0,2.88,"DES Area, Production & Yield Query Report"
Odisha,Rayagada,2021,2021 - 2022,Whole Year,All Crops,61132.0,185906.0,3.04,"DES Area, Production & Yield Query Report"
Odisha,Rayagada,2022,2022 - 2023,Whole Year,All Crops,49050.0,158010.0,3.22,"DES Area, Production & Yield Query Report"
Odisha,Sambalpur,2013,2013 - 2014,Whole Year,All Crops,162000.0,323000.0,1.99,"DES Area, Production & Yield Query Report"
Odisha,Sambalpur,2014,2014 - 2015,Whole Year,All Crops,174000.0,423000.0,2.43,"DES Area, Production & Yield Query Report"
Odisha,Sambalpur,2015,2015 - 2016,Whole Year,All Crops,148000.0,155000.0,1.05,"DES Area, Production & Yield Query Report"
Odisha,Sambalpur,2016,2016 - 2017,Whole Year,All Crops,160060.0,306930.0,1.92,"DES Area, Production & Yield Query Report"
Odisha,Sambalpur,2017,2017 - 2018,Whole Year,All Crops,137380.0,151450.0,1.1,"DES Area, Production & Yield Query Report"
Odisha,Sambalpur,2018,2018 - 2019,Whole Year,All Crops,135340.0,146080.0,1.08,"DES Area, Production & Yield Query Report"
Odisha,Sambalpur,2019,2019 - 2020,Whole Year,All Crops,128010.0,334880.0,2.62,"DES Area, Production & Yield Query Report"
Odisha,Sambalpur,2020,2020 - 2021,Whole Year,All Crops,136670.0,414590.0,3.03,"DES Area, Production & Yield Query Report"
Odisha,Sambalpur,2021,2021 - 2022,Whole Year,All Crops,137089.0,326887.0,2.38,"DES Area, Production & Yield Query Report"
Odisha,Sambalpur,2022,2022 - 2023,Whole Year,All Crops,125810.0,343610.0,2.73,"DES Area, Production & Yield Query Report"
Odisha,Sonepur,2013,2013 - 2014,Whole Year,All Crops,137000.0,420000.0,3.07,"DES Area, Production & Yield Query Report"
Odisha,Sonepur,2014,2014 - 2015,Whole Year,All Crops,128000.0,432000.0,3.38,"DES Area, Production & Yield Query Report"
Odisha,Sonepur,2015,2015 - 2016,Whole Year,All Crops,132000.0,331000.0,2.51,"DES Area, Production & Yield Query Report"
Odisha,Sonepur,2016,2016 - 2017,Whole Year,All Crops,134600.0,446680.0,3.32,"DES Area, Production & Yield Query Report"
Odisha,Sonepur,2017,2017 - 2018,Whole Year,All Crops,128120.0,300500.0,2.35,"DES Area, Production & Yield Query Report"
Odisha,Sonepur,2018,2018 - 2019,Whole Year,All Crops,140810.0,425350.0,3.02,"DES Area, Production & Yield Query Report"
Odisha,Sonepur,2019,2019 - 2020,Whole Year,All Crops,151680.0,508580.0,3.35,"DES Area, Production & Yield Query Report"
Odisha,Sonepur,2020,2020 - 2021,Whole Year,All Crops,152520.0,544870.0,3.57,"DES Area, Production & Yield Query Report"
Odisha,Sonepur,2021,2021 - 2022,Whole Year,All Crops,131905.0,453264.0,3.44,"DES Area, Production & Yield Query Report"
Odisha,Sonepur,2022,2022 - 2023,Whole Year,All Crops,149330.0,555480.0,3.72,"DES Area, Production & Yield Query Report"
Odisha,Sundargarh,2013,2013 - 2014,Whole Year,All Crops,211000.0,412000.0,1.95,"DES Area, Production & Yield Query Report"
Odisha,Sundargarh,2014,2014 - 2015,Whole Year,All Crops,196000.0,497000.0,2.54,"DES Area, Production & Yield Query Report"
Odisha,Sundargarh,2015,2015 - 2016,Whole Year,All Crops,195000.0,228000.0,1.17,"DES Area, Production & Yield Query Report"
Odisha,Sundargarh,2016,2016 - 2017,Whole Year,All Crops,207740.0,352360.0,1.7,"DES Area, Production & Yield Query Report"
Odisha,Sundargarh,2017,2017 - 2018,Whole Year,All Crops,198960.0,349970.0,1.76,"DES Area, Production & Yield Query Report"
Odisha,Sundargarh,2018,2018 - 2019,Whole Year,All Crops,184260.0,217790.0,1.18,"DES Area, Production & Yield Query Report"
Odisha,Sundargarh,2019,2019 - 2020,Whole Year,All Crops,192900.0,334940.0,1.74,"DES Area, Production & Yield Query Report"
Odisha,Sundargarh,2020,2020 - 2021,Whole Year,All Crops,194730.0,450510.0,2.31,"DES Area, Production & Yield Query Report"
Odisha,Sundargarh,2021,2021 - 2022,Whole Year,All Crops,192466.0,368519.0,1.91,"DES Area, Production & Yield Query Report"
Odisha,Sundargarh,2022,2022 - 2023,Whole Year,All Crops,175680.0,303940.0,1.73,"DES Area, Production & Yield Query Report"
Puducherry,Karaikal,2013,2013 - 2014,Whole Year,All Crops,4361.0,10929.0,2.51,"DES Area, Production & Yield Query Report"
Puducherry,Karaikal,2014,2014 - 2015,Whole Year,All Crops,4765.0,10826.0,2.27,"DES Area, Production & Yield Query Report"
Puducherry,Karaikal,2015,2015 - 2016,Whole Year,All Crops,4447.0,7682.0,1.73,"DES Area, Production & Yield Query Report"
Puducherry,Karaikal,2016,2016 - 2017,Whole Year,All Crops,4225.0,5064.0,1.2,"DES Area, Production & Yield Query Report"
Puducherry,Karaikal,2017,2017 - 2018,Whole Year,All Crops,4192.0,8807.0,2.1,"DES Area, Production & Yield Query Report"
Puducherry,Karaikal,2018,2018 - 2019,Whole Year,All Crops,4605.0,12308.0,2.67,"DES Area, Production & Yield Query Report"
Puducherry,Karaikal,2019,2019 - 2020,Whole Year,All Crops,4690.0,11295.0,2.41,"DES Area, Production & Yield Query Report"
Puducherry,Karaikal,2020,2020 - 2021,Whole Year,All Crops,4995.0,8582.0,1.72,"DES Area, Production & Yield Query Report"
Puducherry,Karaikal,2021,2021 - 2022,Whole Year,All Crops,5295.0,12168.0,2.3,"DES Area, Production & Yield Query Report"
Puducherry,Karaikal,2022,2022 - 2023,Whole Year,All Crops,5215.0,12646.0,2.42,"DES Area, Production & Yield Query Report"
Puducherry,Pondicherry,2013,2013 - 2014,Whole Year,All Crops,10938.0,36951.0,3.38,"DES Area, Production & Yield Query Report"
Puducherry,Pondicherry,2014,2014 - 2015,Whole Year,All Crops,11430.0,40075.0,3.51,"DES Area, Production & Yield Query Report"
Puducherry,Pondicherry,2015,2015 - 2016,Whole Year,All Crops,11305.0,35437.0,3.13,"DES Area, Production & Yield Query Report"
Puducherry,Pondicherry,2016,2016 - 2017,Whole Year,All Crops,11520.0,45138.0,3.92,"DES Area, Production & Yield Query Report"
Puducherry,Pondicherry,2017,2017 - 2018,Whole Year,All Crops,12711.0,45343.0,3.57,"DES Area, Production & Yield Query Report"
Puducherry,Pondicherry,2018,2018 - 2019,Whole Year,All Crops,12841.0,49141.0,3.83,"DES Area, Production & Yield Query Report"
Puducherry,Pondicherry,2019,2019 - 2020,Whole Year,All Crops,13124.0,46086.0,3.51,"DES Area, Production & Yield Query Report"
Puducherry,Pondicherry,2020,2020 - 2021,Whole Year,All Crops,12835.0,40651.0,3.17,"DES Area, Production & Yield Query Report"
Puducherry,Pondicherry,2021,2021 - 2022,Whole Year,All Crops,13243.0,43090.0,3.25,"DES Area, Production & Yield Query Report"
Puducherry,Pondicherry,2022,2022 - 2023,Whole Year,All Crops,14232.0,47030.0,3.3,"DES Area, Production & Yield Query Report"
Puducherry,Yanam,2013,2013 - 2014,Whole Year,All Crops,523.0,1912.0,3.66,"DES Area, Production & Yield Query Report"
Puducherry,Yanam,2014,2014 - 2015,Whole Year,All Crops,459.0,1816.0,3.96,"DES Area, Production & Yield Query Report"
Puducherry,Yanam,2015,2015 - 2016,Whole Year,All Crops,511.0,767.0,1.5,"DES Area, Production & Yield Query Report"
Puducherry,Yanam,2016,2016 - 2017,Whole Year,All Crops,460.0,1962.0,4.27,"DES Area, Production & Yield Query Report"
Puducherry,Yanam,2017,2017 - 2018,Whole Year,All Crops,468.0,1837.0,3.93,"DES Area, Production & Yield Query Report"
Puducherry,Yanam,2018,2018 - 2019,Whole Year,All Crops,415.0,1894.0,4.56,"DES Area, Production & Yield Query Report"
Puducherry,Yanam,2019,2019 - 2020,Whole Year,All Crops,424.0,1964.0,4.63,"DES Area, Production & Yield Query Report"
Puducherry,Yanam,2020,2020 - 2021,Whole Year,All Crops,376.0,916.0,2.44,"DES Area, Production & Yield Query Report"
Puducherry,Yanam,2021,2021 - 2022,Whole Year,All Crops,358.0,994.0,2.78,"DES Area, Production & Yield Query Report"
Puducherry,Yanam,2022,2022 - 2023,Whole Year,All Crops,321.0,839.0,2.61,"DES Area, Production & Yield Query Report"
Punjab,Amritsar,2013,2013 - 2014,Whole Year,All Crops,182000.0,518000.0,2.85,"DES Area, Production & Yield Query Report"
Punjab,Amritsar,2014,2014 - 2015,Whole Year,All Crops,182000.0,505000.0,2.77,"DES Area, Production & Yield Query Report"
Punjab,Amritsar,2015,2015 - 2016,Whole Year,All Crops,181000.0,513000.0,2.83,"DES Area, Production & Yield Query Report"
Punjab,Amritsar,2016,2016 - 2017,Whole Year,All Crops,180000.0,574000.0,3.19,"DES Area, Production & Yield Query Report"
Punjab,Amritsar,2017,2017 - 2018,Whole Year,All Crops,180000.0,677000.0,3.76,"DES Area, Production & Yield Query Report"
Punjab,Amritsar,2018,2018 - 2019,Whole Year,All Crops,180000.0,537000.0,2.98,"DES Area, Production & Yield Query Report"
Punjab,Amritsar,2019,2019 - 2020,Whole Year,All Crops,181000.0,598000.0,3.3,"DES Area, Production & Yield Query Report"
Punjab,Amritsar,2020,2020 - 2021,Whole Year,All Crops,184700.0,617000.0,3.34,"DES Area, Production & Yield Query Report"
Punjab,Amritsar,2021,2021 - 2022,Whole Year,All Crops,183000.0,659000.0,3.6,"DES Area, Production & Yield Query Report"
Punjab,Amritsar,2022,2022 - 2023,Whole Year,All Crops,181000.0,644000.0,3.56,"DES Area, Production & Yield Query Report"
Punjab,Barnala,2013,2013 - 2014,Whole Year,All Crops,107000.0,500000.0,4.67,"DES Area, Production & Yield Query Report"
Punjab,Barnala,2014,2014 - 2015,Whole Year,All Crops,108000.0,507000.0,4.69,"DES Area, Production & Yield Query Report"
Punjab,Barnala,2015,2015 - 2016,Whole Year,All Crops,110000.0,511000.0,4.65,"DES Area, Production & Yield Query Report"
Punjab,Barnala,2016,2016 - 2017,Whole Year,All Crops,112000.0,516000.0,4.61,"DES Area, Production & Yield Query Report"
Punjab,Barnala,2017,2017 - 2018,Whole Year,All Crops,113000.0,565000.0,5.0,"DES Area, Production & Yield Query Report"
Punjab,Barnala,2018,2018 - 2019,Whole Year,All Crops,114000.0,567000.0,4.97,"DES Area, Production & Yield Query Report"
Punjab,Barnala,2019,2019 - 2020,Whole Year,All Crops,114000.0,525000.0,4.61,"DES Area, Production & Yield Query Report"
Punjab,Barnala,2020,2020 - 2021,Whole Year,All Crops,115300.0,602000.0,5.22,"DES Area, Production & Yield Query Report"
Punjab,Barnala,2021,2021 - 2022,Whole Year,All Crops,116100.0,551000.0,4.75,"DES Area, Production & Yield Query Report"
Punjab,Barnala,2022,2022 - 2023,Whole Year,All Crops,114500.0,601000.0,5.25,"DES Area, Production & Yield Query Report"
Punjab,Bathinda,2013,2013 - 2014,Whole Year,All Crops,111000.0,501000.0,4.51,"DES Area, Production & Yield Query Report"
Punjab,Bathinda,2014,2014 - 2015,Whole Year,All Crops,119000.0,529000.0,4.45,"DES Area, Production & Yield Query Report"
Punjab,Bathinda,2015,2015 - 2016,Whole Year,All Crops,137000.0,620000.0,4.53,"DES Area, Production & Yield Query Report"
Punjab,Bathinda,2016,2016 - 2017,Whole Year,All Crops,152000.0,689000.0,4.53,"DES Area, Production & Yield Query Report"
Punjab,Bathinda,2017,2017 - 2018,Whole Year,All Crops,160000.0,747000.0,4.67,"DES Area, Production & Yield Query Report"
Punjab,Bathinda,2018,2018 - 2019,Whole Year,All Crops,167000.0,762000.0,4.56,"DES Area, Production & Yield Query Report"
Punjab,Bathinda,2019,2019 - 2020,Whole Year,All Crops,179000.0,764000.0,4.27,"DES Area, Production & Yield Query Report"
Punjab,Bathinda,2020,2020 - 2021,Whole Year,All Crops,177200.0,822000.0,4.64,"DES Area, Production & Yield Query Report"
Punjab,Bathinda,2021,2021 - 2022,Whole Year,All Crops,180400.0,829000.0,4.6,"DES Area, Production & Yield Query Report"
Punjab,Bathinda,2022,2022 - 2023,Whole Year,All Crops,189800.0,901000.0,4.75,"DES Area, Production & Yield Query Report"
Punjab,Faridkot,2013,2013 - 2014,Whole Year,All Crops,104000.0,443000.0,4.26,"DES Area, Production & Yield Query Report"
Punjab,Faridkot,2014,2014 - 2015,Whole Year,All Crops,106000.0,421000.0,3.97,"DES Area, Production & Yield Query Report"
Punjab,Faridkot,2015,2015 - 2016,Whole Year,All Crops,110000.0,439000.0,3.99,"DES Area, Production & Yield Query Report"
Punjab,Faridkot,2016,2016 - 2017,Whole Year,All Crops,115000.0,468000.0,4.07,"DES Area, Production & Yield Query Report"
Punjab,Faridkot,2017,2017 - 2018,Whole Year,All Crops,115000.0,511000.0,4.44,"DES Area, Production & Yield Query Report"
Punjab,Faridkot,2018,2018 - 2019,Whole Year,All Crops,116000.0,477000.0,4.11,"DES Area, Production & Yield Query Report"
Punjab,Faridkot,2019,2019 - 2020,Whole Year,All Crops,116000.0,436000.0,3.76,"DES Area, Production & Yield Query Report"
Punjab,Faridkot,2020,2020 - 2021,Whole Year,All Crops,116200.0,477000.0,4.1,"DES Area, Production & Yield Query Report"
Punjab,Faridkot,2021,2021 - 2022,Whole Year,All Crops,115700.0,503000.0,4.35,"DES Area, Production & Yield Query Report"
Punjab,Faridkot,2022,2022 - 2023,Whole Year,All Crops,115900.0,519000.0,4.48,"DES Area, Production & Yield Query Report"
Punjab,Fatehgarh sahib,2013,2013 - 2014,Whole Year,All Crops,86000.0,351000.0,4.08,"DES Area, Production & Yield Query Report"
Punjab,Fatehgarh sahib,2014,2014 - 2015,Whole Year,All Crops,86000.0,374000.0,4.35,"DES Area, Production & Yield Query Report"
Punjab,Fatehgarh sahib,2015,2015 - 2016,Whole Year,All Crops,86000.0,384000.0,4.47,"DES Area, Production & Yield Query Report"
Punjab,Fatehgarh sahib,2016,2016 - 2017,Whole Year,All Crops,86000.0,405000.0,4.71,"DES Area, Production & Yield Query Report"
Punjab,Fatehgarh sahib,2017,2017 - 2018,Whole Year,All Crops,86000.0,395000.0,4.59,"DES Area, Production & Yield Query Report"
Punjab,Fatehgarh sahib,2018,2018 - 2019,Whole Year,All Crops,86000.0,347000.0,4.03,"DES Area, Production & Yield Query Report"
Punjab,Fatehgarh sahib,2019,2019 - 2020,Whole Year,All Crops,86000.0,366000.0,4.26,"DES Area, Production & Yield Query Report"
Punjab,Fatehgarh sahib,2020,2020 - 2021,Whole Year,All Crops,87100.0,414000.0,4.75,"DES Area, Production & Yield Query Report"
Punjab,Fatehgarh sahib,2021,2021 - 2022,Whole Year,All Crops,87300.0,412000.0,4.72,"DES Area, Production & Yield Query Report"
Punjab,Fatehgarh sahib,2022,2022 - 2023,Whole Year,All Crops,87400.0,352000.0,4.03,"DES Area, Production & Yield Query Report"
Punjab,Fazilka,2013,2013 - 2014,Whole Year,All Crops,92000.0,293000.0,3.18,"DES Area, Production & Yield Query Report"
Punjab,Fazilka,2014,2014 - 2015,Whole Year,All Crops,97000.0,297000.0,3.06,"DES Area, Production & Yield Query Report"
Punjab,Fazilka,2015,2015 - 2016,Whole Year,All Crops,104000.0,298000.0,2.87,"DES Area, Production & Yield Query Report"
Punjab,Fazilka,2016,2016 - 2017,Whole Year,All Crops,111000.0,391000.0,3.52,"DES Area, Production & Yield Query Report"
Punjab,Fazilka,2017,2017 - 2018,Whole Year,All Crops,109000.0,355000.0,3.26,"DES Area, Production & Yield Query Report"
Punjab,Fazilka,2018,2018 - 2019,Whole Year,All Crops,114000.0,376000.0,3.3,"DES Area, Production & Yield Query Report"
Punjab,Fazilka,2019,2019 - 2020,Whole Year,All Crops,191000.0,775000.0,4.06,"DES Area, Production & Yield Query Report"
Punjab,Fazilka,2020,2020 - 2021,Whole Year,All Crops,116100.0,380000.0,3.27,"DES Area, Production & Yield Query Report"
Punjab,Fazilka,2021,2021 - 2022,Whole Year,All Crops,113100.0,355000.0,3.14,"DES Area, Production & Yield Query Report"
Punjab,Fazilka,2022,2022 - 2023,Whole Year,All Crops,108200.0,379000.0,3.5,"DES Area, Production & Yield Query Report"
Punjab,Firozepur,2013,2013 - 2014,Whole Year,All Crops,183000.0,766000.0,4.19,"DES Area, Production & Yield Query Report"
Punjab,Firozepur,2014,2014 - 2015,Whole Year,All Crops,189000.0,733000.0,3.88,"DES Area, Production & Yield Query Report"
Punjab,Firozepur,2015,2015 - 2016,Whole Year,All Crops,187000.0,729000.0,3.9,"DES Area, Production & Yield Query Report"
Punjab,Firozepur,2016,2016 - 2017,Whole Year,All Crops,187000.0,791000.0,4.23,"DES Area, Production & Yield Query Report"
Punjab,Firozepur,2017,2017 - 2018,Whole Year,All Crops,185000.0,842000.0,4.55,"DES Area, Production & Yield Query Report"
Punjab,Firozepur,2018,2018 - 2019,Whole Year,All Crops,186000.0,829000.0,4.46,"DES Area, Production & Yield Query Report"
Punjab,Firozepur,2019,2019 - 2020,Whole Year,All Crops,114000.0,307000.0,2.69,"DES Area, Production & Yield Query Report"
Punjab,Firozepur,2020,2020 - 2021,Whole Year,All Crops,188600.0,823000.0,4.36,"DES Area, Production & Yield Query Report"
Punjab,Firozepur,2021,2021 - 2022,Whole Year,All Crops,187800.0,827000.0,4.4,"DES Area, Production & Yield Query Report"
Punjab,Firozepur,2022,2022 - 2023,Whole Year,All Crops,187300.0,897000.0,4.79,"DES Area, Production & Yield Query Report"
Punjab,Gurdaspur,2013,2013 - 2014,Whole Year,All Crops,173000.0,507000.0,2.93,"DES Area, Production & Yield Query Report"
Punjab,Gurdaspur,2014,2014 - 2015,Whole Year,All Crops,173000.0,452000.0,2.61,"DES Area, Production & Yield Query Report"
Punjab,Gurdaspur,2015,2015 - 2016,Whole Year,All Crops,175000.0,500000.0,2.86,"DES Area, Production & Yield Query Report"
Punjab,Gurdaspur,2016,2016 - 2017,Whole Year,All Crops,175000.0,557000.0,3.18,"DES Area, Production & Yield Query Report"
Punjab,Gurdaspur,2017,2017 - 2018,Whole Year,All Crops,176000.0,643000.0,3.65,"DES Area, Production & Yield Query Report"
Punjab,Gurdaspur,2018,2018 - 2019,Whole Year,All Crops,172000.0,632000.0,3.67,"DES Area, Production & Yield Query Report"
Punjab,Gurdaspur,2019,2019 - 2020,Whole Year,All Crops,174000.0,637000.0,3.66,"DES Area, Production & Yield Query Report"
Punjab,Gurdaspur,2020,2020 - 2021,Whole Year,All Crops,174700.0,680000.0,3.89,"DES Area, Production & Yield Query Report"
Punjab,Gurdaspur,2021,2021 - 2022,Whole Year,All Crops,174600.0,671000.0,3.84,"DES Area, Production & Yield Query Report"
Punjab,Gurdaspur,2022,2022 - 2023,Whole Year,All Crops,173200.0,631000.0,3.64,"DES Area, Production & Yield Query Report"
Punjab,Hoshiarpur,2013,2013 - 2014,Whole Year,All Crops,70000.0,252000.0,3.6,"DES Area, Production & Yield Query Report"
Punjab,Hoshiarpur,2014,2014 - 2015,Whole Year,All Crops,71000.0,244000.0,3.44,"DES Area, Production & Yield Query Report"
Punjab,Hoshiarpur,2015,2015 - 2016,Whole Year,All Crops,72000.0,255000.0,3.54,"DES Area, Production & Yield Query Report"
Punjab,Hoshiarpur,2016,2016 - 2017,Whole Year,All Crops,74000.0,287000.0,3.88,"DES Area, Production & Yield Query Report"
Punjab,Hoshiarpur,2017,2017 - 2018,Whole Year,All Crops,75000.0,292000.0,3.89,"DES Area, Production & Yield Query Report"
Punjab,Hoshiarpur,2018,2018 - 2019,Whole Year,All Crops,75000.0,279000.0,3.72,"DES Area, Production & Yield Query Report"
Punjab,Hoshiarpur,2019,2019 - 2020,Whole Year,All Crops,78000.0,312000.0,4.0,"DES Area, Production & Yield Query Report"
Punjab,Hoshiarpur,2020,2020 - 2021,Whole Year,All Crops,79400.0,330000.0,4.16,"DES Area, Production & Yield Query Report"
Punjab,Hoshiarpur,2021,2021 - 2022,Whole Year,All Crops,76700.0,291000.0,3.79,"DES Area, Production & Yield Query Report"
Punjab,Hoshiarpur,2022,2022 - 2023,Whole Year,All Crops,81000.0,255000.0,3.15,"DES Area, Production & Yield Query Report"
Punjab,Jalandhar,2013,2013 - 2014,Whole Year,All Crops,167000.0,596000.0,3.57,"DES Area, Production & Yield Query Report"
Punjab,Jalandhar,2014,2014 - 2015,Whole Year,All Crops,167000.0,616000.0,3.69,"DES Area, Production & Yield Query Report"
Punjab,Jalandhar,2015,2015 - 2016,Whole Year,All Crops,168000.0,653000.0,3.89,"DES Area, Production & Yield Query Report"
Punjab,Jalandhar,2016,2016 - 2017,Whole Year,All Crops,170000.0,699000.0,4.11,"DES Area, Production & Yield Query Report"
Punjab,Jalandhar,2017,2017 - 2018,Whole Year,All Crops,171000.0,715000.0,4.18,"DES Area, Production & Yield Query Report"
Punjab,Jalandhar,2018,2018 - 2019,Whole Year,All Crops,173000.0,719000.0,4.16,"DES Area, Production & Yield Query Report"
Punjab,Jalandhar,2019,2019 - 2020,Whole Year,All Crops,175000.0,713000.0,4.07,"DES Area, Production & Yield Query Report"
Punjab,Jalandhar,2020,2020 - 2021,Whole Year,All Crops,175100.0,797000.0,4.55,"DES Area, Production & Yield Query Report"
Punjab,Jalandhar,2021,2021 - 2022,Whole Year,All Crops,174700.0,747000.0,4.28,"DES Area, Production & Yield Query Report"
Punjab,Jalandhar,2022,2022 - 2023,Whole Year,All Crops,175600.0,733000.0,4.17,"DES Area, Production & Yield Query Report"
Punjab,Kapurthala,2013,2013 - 2014,Whole Year,All Crops,117000.0,451000.0,3.85,"DES Area, Production & Yield Query Report"
Punjab,Kapurthala,2014,2014 - 2015,Whole Year,All Crops,117000.0,439000.0,3.75,"DES Area, Production & Yield Query Report"
Punjab,Kapurthala,2015,2015 - 2016,Whole Year,All Crops,118000.0,474000.0,4.02,"DES Area, Production & Yield Query Report"
Punjab,Kapurthala,2016,2016 - 2017,Whole Year,All Crops,118000.0,483000.0,4.09,"DES Area, Production & Yield Query Report"
Punjab,Kapurthala,2017,2017 - 2018,Whole Year,All Crops,118000.0,513000.0,4.35,"DES Area, Production & Yield Query Report"
Punjab,Kapurthala,2018,2018 - 2019,Whole Year,All Crops,118000.0,512000.0,4.34,"DES Area, Production & Yield Query Report"
Punjab,Kapurthala,2019,2019 - 2020,Whole Year,All Crops,120000.0,496000.0,4.13,"DES Area, Production & Yield Query Report"
Punjab,Kapurthala,2020,2020 - 2021,Whole Year,All Crops,117700.0,511000.0,4.34,"DES Area, Production & Yield Query Report"
Punjab,Kapurthala,2021,2021 - 2022,Whole Year,All Crops,119200.0,503000.0,4.22,"DES Area, Production & Yield Query Report"
Punjab,Kapurthala,2022,2022 - 2023,Whole Year,All Crops,119100.0,509000.0,4.27,"DES Area, Production & Yield Query Report"
Punjab,Ludhiana,2013,2013 - 2014,Whole Year,All Crops,257000.0,1137000.0,4.42,"DES Area, Production & Yield Query Report"
Punjab,Ludhiana,2014,2014 - 2015,Whole Year,All Crops,257000.0,1119000.0,4.35,"DES Area, Production & Yield Query Report"
Punjab,Ludhiana,2015,2015 - 2016,Whole Year,All Crops,257000.0,1181000.0,4.6,"DES Area, Production & Yield Query Report"
Punjab,Ludhiana,2016,2016 - 2017,Whole Year,All Crops,259000.0,1247000.0,4.81,"DES Area, Production & Yield Query Report"
Punjab,Ludhiana,2017,2017 - 2018,Whole Year,All Crops,258000.0,1224000.0,4.74,"DES Area, Production & Yield Query Report"
Punjab,Ludhiana,2018,2018 - 2019,Whole Year,All Crops,259000.0,1153000.0,4.45,"DES Area, Production & Yield Query Report"
Punjab,Ludhiana,2019,2019 - 2020,Whole Year,All Crops,259000.0,1211000.0,4.68,"DES Area, Production & Yield Query Report"
Punjab,Ludhiana,2020,2020 - 2021,Whole Year,All Crops,258600.0,1264000.0,4.89,"DES Area, Production & Yield Query Report"
Punjab,Ludhiana,2021,2021 - 2022,Whole Year,All Crops,258700.0,1246000.0,4.82,"DES Area, Production & Yield Query Report"
Punjab,Ludhiana,2022,2022 - 2023,Whole Year,All Crops,258800.0,1236000.0,4.78,"DES Area, Production & Yield Query Report"
Punjab,Malerkotla,2021,2021 - 2022,Whole Year,All Crops,53100.0,279000.0,5.25,"DES Area, Production & Yield Query Report"
Punjab,Malerkotla,2022,2022 - 2023,Whole Year,All Crops,52900.0,277000.0,5.24,"DES Area, Production & Yield Query Report"
Punjab,Mansa,2013,2013 - 2014,Whole Year,All Crops,81000.0,334000.0,4.12,"DES Area, Production & Yield Query Report"
Punjab,Mansa,2014,2014 - 2015,Whole Year,All Crops,82000.0,296000.0,3.61,"DES Area, Production & Yield Query Report"
Punjab,Mansa,2015,2015 - 2016,Whole Year,All Crops,93000.0,363000.0,3.9,"DES Area, Production & Yield Query Report"
Punjab,Mansa,2016,2016 - 2017,Whole Year,All Crops,103000.0,442000.0,4.29,"DES Area, Production & Yield Query Report"
Punjab,Mansa,2017,2017 - 2018,Whole Year,All Crops,107000.0,499000.0,4.66,"DES Area, Production & Yield Query Report"
Punjab,Mansa,2018,2018 - 2019,Whole Year,All Crops,116000.0,514000.0,4.43,"DES Area, Production & Yield Query Report"
Punjab,Mansa,2019,2019 - 2020,Whole Year,All Crops,119000.0,489000.0,4.11,"DES Area, Production & Yield Query Report"
Punjab,Mansa,2020,2020 - 2021,Whole Year,All Crops,121400.0,578000.0,4.76,"DES Area, Production & Yield Query Report"
Punjab,Mansa,2021,2021 - 2022,Whole Year,All Crops,122700.0,561000.0,4.57,"DES Area, Production & Yield Query Report"
Punjab,Mansa,2022,2022 - 2023,Whole Year,All Crops,126300.0,593000.0,4.7,"DES Area, Production & Yield Query Report"
Punjab,Moga,2013,2013 - 2014,Whole Year,All Crops,176000.0,815000.0,4.63,"DES Area, Production & Yield Query Report"
Punjab,Moga,2014,2014 - 2015,Whole Year,All Crops,177000.0,815000.0,4.6,"DES Area, Production & Yield Query Report"
Punjab,Moga,2015,2015 - 2016,Whole Year,All Crops,183000.0,871000.0,4.76,"DES Area, Production & Yield Query Report"
Punjab,Moga,2016,2016 - 2017,Whole Year,All Crops,178000.0,816000.0,4.58,"DES Area, Production & Yield Query Report"
Punjab,Moga,2017,2017 - 2018,Whole Year,All Crops,181000.0,869000.0,4.8,"DES Area, Production & Yield Query Report"
Punjab,Moga,2018,2018 - 2019,Whole Year,All Crops,181000.0,817000.0,4.51,"DES Area, Production & Yield Query Report"
Punjab,Moga,2019,2019 - 2020,Whole Year,All Crops,181000.0,826000.0,4.56,"DES Area, Production & Yield Query Report"
Punjab,Moga,2020,2020 - 2021,Whole Year,All Crops,182900.0,892000.0,4.88,"DES Area, Production & Yield Query Report"
Punjab,Moga,2021,2021 - 2022,Whole Year,All Crops,181700.0,861000.0,4.74,"DES Area, Production & Yield Query Report"
Punjab,Moga,2022,2022 - 2023,Whole Year,All Crops,183200.0,927000.0,5.06,"DES Area, Production & Yield Query Report"
Punjab,Muktsar,2013,2013 - 2014,Whole Year,All Crops,115000.0,457000.0,3.97,"DES Area, Production & Yield Query Report"
Punjab,Muktsar,2014,2014 - 2015,Whole Year,All Crops,135000.0,514000.0,3.81,"DES Area, Production & Yield Query Report"
Punjab,Muktsar,2015,2015 - 2016,Whole Year,All Crops,158000.0,667000.0,4.22,"DES Area, Production & Yield Query Report"
Punjab,Muktsar,2016,2016 - 2017,Whole Year,All Crops,173000.0,699000.0,4.04,"DES Area, Production & Yield Query Report"
Punjab,Muktsar,2017,2017 - 2018,Whole Year,All Crops,173000.0,687000.0,3.97,"DES Area, Production & Yield Query Report"
Punjab,Muktsar,2018,2018 - 2019,Whole Year,All Crops,179000.0,728000.0,4.07,"DES Area, Production & Yield Query Report"
Punjab,Muktsar,2019,2019 - 2020,Whole Year,All Crops,190000.0,637000.0,3.35,"DES Area, Production & Yield Query Report"
Punjab,Muktsar,2020,2020 - 2021,Whole Year,All Crops,185400.0,809000.0,4.36,"DES Area, Production & Yield Query Report"
Punjab,Muktsar,2021,2021 - 2022,Whole Year,All Crops,183400.0,766000.0,4.18,"DES Area, Production & Yield Query Report"
Punjab,Muktsar,2022,2022 - 2023,Whole Year,All Crops,183000.0,754000.0,4.12,"DES Area, Production & Yield Query Report"
Punjab,Nawanshahr,2013,2013 - 2014,Whole Year,All Crops,56000.0,202000.0,3.61,"DES Area, Production & Yield Query Report"
Punjab,Nawanshahr,2014,2014 - 2015,Whole Year,All Crops,57000.0,226000.0,3.96,"DES Area, Production & Yield Query Report"
Punjab,Nawanshahr,2015,2015 - 2016,Whole Year,All Crops,59000.0,252000.0,4.27,"DES Area, Production & Yield Query Report"
Punjab,Nawanshahr,2016,2016 - 2017,Whole Year,All Crops,60000.0,260000.0,4.33,"DES Area, Production & Yield Query Report"
Punjab,Nawanshahr,2017,2017 - 2018,Whole Year,All Crops,60000.0,282000.0,4.7,"DES Area, Production & Yield Query Report"
Punjab,Nawanshahr,2018,2018 - 2019,Whole Year,All Crops,60000.0,237000.0,3.95,"DES Area, Production & Yield Query Report"
Punjab,Nawanshahr,2019,2019 - 2020,Whole Year,All Crops,60000.0,251000.0,4.18,"DES Area, Production & Yield Query Report"
Punjab,Nawanshahr,2020,2020 - 2021,Whole Year,All Crops,61900.0,270000.0,4.36,"DES Area, Production & Yield Query Report"
Punjab,Nawanshahr,2021,2021 - 2022,Whole Year,All Crops,60900.0,275000.0,4.52,"DES Area, Production & Yield Query Report"
Punjab,Nawanshahr,2022,2022 - 2023,Whole Year,All Crops,63000.0,224000.0,3.56,"DES Area, Production & Yield Query Report"
Punjab,Pathankot,2013,2013 - 2014,Whole Year,All Crops,29000.0,78000.0,2.69,"DES Area, Production & Yield Query Report"
Punjab,Pathankot,2014,2014 - 2015,Whole Year,All Crops,29000.0,72000.0,2.48,"DES Area, Production & Yield Query Report"
Punjab,Pathankot,2015,2015 - 2016,Whole Year,All Crops,28000.0,88000.0,3.14,"DES Area, Production & Yield Query Report"
Punjab,Pathankot,2016,2016 - 2017,Whole Year,All Crops,28000.0,77000.0,2.75,"DES Area, Production & Yield Query Report"
Punjab,Pathankot,2017,2017 - 2018,Whole Year,All Crops,28000.0,86000.0,3.07,"DES Area, Production & Yield Query Report"
Punjab,Pathankot,2018,2018 - 2019,Whole Year,All Crops,28000.0,91000.0,3.25,"DES Area, Production & Yield Query Report"
Punjab,Pathankot,2019,2019 - 2020,Whole Year,All Crops,28000.0,86000.0,3.07,"DES Area, Production & Yield Query Report"
Punjab,Pathankot,2020,2020 - 2021,Whole Year,All Crops,28600.0,105000.0,3.67,"DES Area, Production & Yield Query Report"
Punjab,Pathankot,2021,2021 - 2022,Whole Year,All Crops,27600.0,97000.0,3.51,"DES Area, Production & Yield Query Report"
Punjab,Pathankot,2022,2022 - 2023,Whole Year,All Crops,30100.0,82000.0,2.72,"DES Area, Production & Yield Query Report"
Punjab,Patiala,2013,2013 - 2014,Whole Year,All Crops,231000.0,959000.0,4.15,"DES Area, Production & Yield Query Report"
Punjab,Patiala,2014,2014 - 2015,Whole Year,All Crops,230000.0,904000.0,3.93,"DES Area, Production & Yield Query Report"
Punjab,Patiala,2015,2015 - 2016,Whole Year,All Crops,230000.0,910000.0,3.96,"DES Area, Production & Yield Query Report"
Punjab,Patiala,2016,2016 - 2017,Whole Year,All Crops,232000.0,984000.0,4.24,"DES Area, Production & Yield Query Report"
Punjab,Patiala,2017,2017 - 2018,Whole Year,All Crops,233000.0,1001000.0,4.3,"DES Area, Production & Yield Query Report"
Punjab,Patiala,2018,2018 - 2019,Whole Year,All Crops,234000.0,920000.0,3.93,"DES Area, Production & Yield Query Report"
Punjab,Patiala,2019,2019 - 2020,Whole Year,All Crops,235000.0,928000.0,3.95,"DES Area, Production & Yield Query Report"
Punjab,Patiala,2020,2020 - 2021,Whole Year,All Crops,234300.0,1048000.0,4.47,"DES Area, Production & Yield Query Report"
Punjab,Patiala,2021,2021 - 2022,Whole Year,All Crops,233700.0,1008000.0,4.31,"DES Area, Production & Yield Query Report"
Punjab,Patiala,2022,2022 - 2023,Whole Year,All Crops,233600.0,966000.0,4.14,"DES Area, Production & Yield Query Report"
Punjab,Rupnagar,2013,2013 - 2014,Whole Year,All Crops,37000.0,128000.0,3.46,"DES Area, Production & Yield Query Report"
Punjab,Rupnagar,2014,2014 - 2015,Whole Year,All Crops,36000.0,129000.0,3.58,"DES Area, Production & Yield Query Report"
Punjab,Rupnagar,2015,2015 - 2016,Whole Year,All Crops,36000.0,161000.0,4.47,"DES Area, Production & Yield Query Report"
Punjab,Rupnagar,2016,2016 - 2017,Whole Year,All Crops,38000.0,172000.0,4.53,"DES Area, Production & Yield Query Report"
Punjab,Rupnagar,2017,2017 - 2018,Whole Year,All Crops,40000.0,170000.0,4.25,"DES Area, Production & Yield Query Report"
Punjab,Rupnagar,2018,2018 - 2019,Whole Year,All Crops,41000.0,142000.0,3.46,"DES Area, Production & Yield Query Report"
Punjab,Rupnagar,2019,2019 - 2020,Whole Year,All Crops,40000.0,144000.0,3.6,"DES Area, Production & Yield Query Report"
Punjab,Rupnagar,2020,2020 - 2021,Whole Year,All Crops,40300.0,180000.0,4.47,"DES Area, Production & Yield Query Report"
Punjab,Rupnagar,2021,2021 - 2022,Whole Year,All Crops,40100.0,169000.0,4.21,"DES Area, Production & Yield Query Report"
Punjab,Rupnagar,2022,2022 - 2023,Whole Year,All Crops,40800.0,149000.0,3.65,"DES Area, Production & Yield Query Report"
Punjab,S.a.s nagar,2013,2013 - 2014,Whole Year,All Crops,27000.0,95000.0,3.52,"DES Area, Production & Yield Query Report"
Punjab,S.a.s nagar,2014,2014 - 2015,Whole Year,All Crops,29000.0,94000.0,3.24,"DES Area, Production & Yield Query Report"
Punjab,S.a.s nagar,2015,2015 - 2016,Whole Year,All Crops,31000.0,116000.0,3.74,"DES Area, Production & Yield Query Report"
Punjab,S.a.s nagar,2016,2016 - 2017,Whole Year,All Crops,31000.0,112000.0,3.61,"DES Area, Production & Yield Query Report"
Punjab,S.a.s nagar,2017,2017 - 2018,Whole Year,All Crops,31000.0,108000.0,3.48,"DES Area, Production & Yield Query Report"
Punjab,S.a.s nagar,2018,2018 - 2019,Whole Year,All Crops,31000.0,102000.0,3.29,"DES Area, Production & Yield Query Report"
Punjab,S.a.s nagar,2019,2019 - 2020,Whole Year,All Crops,29000.0,105000.0,3.62,"DES Area, Production & Yield Query Report"
Punjab,S.a.s nagar,2020,2020 - 2021,Whole Year,All Crops,27700.0,101000.0,3.65,"DES Area, Production & Yield Query Report"
Punjab,S.a.s nagar,2021,2021 - 2022,Whole Year,All Crops,32200.0,113000.0,3.51,"DES Area, Production & Yield Query Report"
Punjab,S.a.s nagar,2022,2022 - 2023,Whole Year,All Crops,42000.0,127000.0,3.02,"DES Area, Production & Yield Query Report"
Punjab,Sangrur,2013,2013 - 2014,Whole Year,All Crops,273000.0,1290000.0,4.73,"DES Area, Production & Yield Query Report"
Punjab,Sangrur,2014,2014 - 2015,Whole Year,All Crops,271000.0,1281000.0,4.73,"DES Area, Production & Yield Query Report"
Punjab,Sangrur,2015,2015 - 2016,Whole Year,All Crops,274000.0,1334000.0,4.87,"DES Area, Production & Yield Query Report"
Punjab,Sangrur,2016,2016 - 2017,Whole Year,All Crops,278000.0,1355000.0,4.87,"DES Area, Production & Yield Query Report"
Punjab,Sangrur,2017,2017 - 2018,Whole Year,All Crops,284000.0,1442000.0,5.08,"DES Area, Production & Yield Query Report"
Punjab,Sangrur,2018,2018 - 2019,Whole Year,All Crops,287000.0,1353000.0,4.71,"DES Area, Production & Yield Query Report"
Punjab,Sangrur,2019,2019 - 2020,Whole Year,All Crops,289000.0,1362000.0,4.71,"DES Area, Production & Yield Query Report"
Punjab,Sangrur,2020,2020 - 2021,Whole Year,All Crops,290800.0,1531000.0,5.26,"DES Area, Production & Yield Query Report"
Punjab,Sangrur,2021,2021 - 2022,Whole Year,All Crops,238700.0,1195000.0,5.01,"DES Area, Production & Yield Query Report"
Punjab,Sangrur,2022,2022 - 2023,Whole Year,All Crops,238700.0,1231000.0,5.16,"DES Area, Production & Yield Query Report"
Punjab,Tarn taran,2013,2013 - 2014,Whole Year,All Crops,177000.0,594000.0,3.36,"DES Area, Production & Yield Query Report"
Punjab,Tarn taran,2014,2014 - 2015,Whole Year,All Crops,176000.0,540000.0,3.07,"DES Area, Production & Yield Query Report"
Punjab,Tarn taran,2015,2015 - 2016,Whole Year,All Crops,178000.0,504000.0,2.83,"DES Area, Production & Yield Query Report"
Punjab,Tarn taran,2016,2016 - 2017,Whole Year,All Crops,186000.0,614000.0,3.3,"DES Area, Production & Yield Query Report"
Punjab,Tarn taran,2017,2017 - 2018,Whole Year,All Crops,182000.0,759000.0,4.17,"DES Area, Production & Yield Query Report"
Punjab,Tarn taran,2018,2018 - 2019,Whole Year,All Crops,186000.0,728000.0,3.91,"DES Area, Production & Yield Query Report"
Punjab,Tarn taran,2019,2019 - 2020,Whole Year,All Crops,184000.0,707000.0,3.84,"DES Area, Production & Yield Query Report"
Punjab,Tarn taran,2020,2020 - 2021,Whole Year,All Crops,185100.0,761000.0,4.11,"DES Area, Production & Yield Query Report"
Punjab,Tarn taran,2021,2021 - 2022,Whole Year,All Crops,182000.0,724000.0,3.98,"DES Area, Production & Yield Query Report"
Punjab,Tarn taran,2022,2022 - 2023,Whole Year,All Crops,182400.0,764000.0,4.19,"DES Area, Production & Yield Query Report"
Rajasthan,Ajmer,2013,2013 - 2014,Whole Year,All Crops,5.0,11.0,2.2,"DES Area, Production & Yield Query Report"
Rajasthan,Ajmer,2014,2014 - 2015,Whole Year,All Crops,9.0,20.0,2.22,"DES Area, Production & Yield Query Report"
Rajasthan,Ajmer,2015,2015 - 2016,Whole Year,All Crops,2.0,4.0,2.0,"DES Area, Production & Yield Query Report"
Rajasthan,Ajmer,2016,2016 - 2017,Whole Year,All Crops,7.0,16.0,2.29,"DES Area, Production & Yield Query Report"
Rajasthan,Ajmer,2017,2017 - 2018,Whole Year,All Crops,9.0,21.0,2.33,"DES Area, Production & Yield Query Report"
Rajasthan,Ajmer,2018,2018 - 2019,Whole Year,All Crops,6.0,14.0,2.33,"DES Area, Production & Yield Query Report"
Rajasthan,Ajmer,2019,2019 - 2020,Whole Year,All Crops,3.0,7.0,2.33,"DES Area, Production & Yield Query Report"
Rajasthan,Ajmer,2021,2021 - 2022,Whole Year,All Crops,4.0,10.0,2.5,"DES Area, Production & Yield Query Report"
Rajasthan,Alwar,2013,2013 - 2014,Whole Year,All Crops,402.0,863.0,2.15,"DES Area, Production & Yield Query Report"
Rajasthan,Alwar,2014,2014 - 2015,Whole Year,All Crops,350.0,765.0,2.19,"DES Area, Production & Yield Query Report"
Rajasthan,Alwar,2015,2015 - 2016,Whole Year,All Crops,286.0,578.0,2.02,"DES Area, Production & Yield Query Report"
Rajasthan,Alwar,2016,2016 - 2017,Whole Year,All Crops,266.0,609.0,2.29,"DES Area, Production & Yield Query Report"
Rajasthan,Alwar,2017,2017 - 2018,Whole Year,All Crops,237.0,561.0,2.37,"DES Area, Production & Yield Query Report"
Rajasthan,Alwar,2018,2018 - 2019,Whole Year,All Crops,61.0,140.0,2.3,"DES Area, Production & Yield Query Report"
Rajasthan,Alwar,2019,2019 - 2020,Whole Year,All Crops,89.0,195.0,2.19,"DES Area, Production & Yield Query Report"
Rajasthan,Alwar,2020,2020 - 2021,Whole Year,All Crops,62.0,170.0,2.74,"DES Area, Production & Yield Query Report"
Rajasthan,Alwar,2021,2021 - 2022,Whole Year,All Crops,44.0,107.0,2.43,"DES Area, Production & Yield Query Report"
Rajasthan,Alwar,2022,2022 - 2023,Whole Year,All Crops,7.0,17.0,2.43,"DES Area, Production & Yield Query Report"
Rajasthan,Banswara,2013,2013 - 2014,Whole Year,All Crops,29900.0,28952.0,0.97,"DES Area, Production & Yield Query Report"
Rajasthan,Banswara,2014,2014 - 2015,Whole Year,All Crops,27683.0,17631.0,0.64,"DES Area, Production & Yield Query Report"
Rajasthan,Banswara,2015,2015 - 2016,Whole Year,All Crops,27258.0,13767.0,0.51,"DES Area, Production & Yield Query Report"
Rajasthan,Banswara,2016,2016 - 2017,Whole Year,All Crops,29244.0,30531.0,1.04,"DES Area, Production & Yield Query Report"
Rajasthan,Banswara,2017,2017 - 2018,Whole Year,All Crops,28592.0,28868.0,1.01,"DES Area, Production & Yield Query Report"
Rajasthan,Banswara,2018,2018 - 2019,Whole Year,All Crops,27953.0,22518.0,0.81,"DES Area, Production & Yield Query Report"
Rajasthan,Banswara,2019,2019 - 2020,Whole Year,All Crops,28276.0,21185.0,0.75,"DES Area, Production & Yield Query Report"
Rajasthan,Banswara,2020,2020 - 2021,Whole Year,All Crops,27751.0,27594.0,0.99,"DES Area, Production & Yield Query Report"
Rajasthan,Banswara,2021,2021 - 2022,Whole Year,All Crops,26549.0,27937.0,1.05,"DES Area, Production & Yield Query Report"
Rajasthan,Banswara,2022,2022 - 2023,Whole Year,All Crops,28043.0,31724.0,1.13,"DES Area, Production & Yield Query Report"
Rajasthan,Baran,2013,2013 - 2014,Whole Year,All Crops,6023.0,16329.0,2.71,"DES Area, Production & Yield Query Report"
Rajasthan,Baran,2014,2014 - 2015,Whole Year,All Crops,14664.0,51391.0,3.5,"DES Area, Production & Yield Query Report"
Rajasthan,Baran,2015,2015 - 2016,Whole Year,All Crops,15666.0,39515.0,2.52,"DES Area, Production & Yield Query Report"
Rajasthan,Baran,2016,2016 - 2017,Whole Year,All Crops,18482.0,51546.0,2.79,"DES Area, Production & Yield Query Report"
Rajasthan,Baran,2017,2017 - 2018,Whole Year,All Crops,17214.0,45457.0,2.64,"DES Area, Production & Yield Query Report"
Rajasthan,Baran,2018,2018 - 2019,Whole Year,All Crops,17842.0,48651.0,2.73,"DES Area, Production & Yield Query Report"
Rajasthan,Baran,2019,2019 - 2020,Whole Year,All Crops,20785.0,45936.0,2.21,"DES Area, Production & Yield Query Report"
Rajasthan,Baran,2020,2020 - 2021,Whole Year,All Crops,21723.0,53245.0,2.45,"DES Area, Production & Yield Query Report"
Rajasthan,Baran,2021,2021 - 2022,Whole Year,All Crops,14535.0,32797.0,2.26,"DES Area, Production & Yield Query Report"
Rajasthan,Baran,2022,2022 - 2023,Whole Year,All Crops,22691.0,64355.0,2.84,"DES Area, Production & Yield Query Report"
Rajasthan,Bharatpur,2013,2013 - 2014,Whole Year,All Crops,1737.0,3396.0,1.96,"DES Area, Production & Yield Query Report"
Rajasthan,Bharatpur,2014,2014 - 2015,Whole Year,All Crops,2136.0,4687.0,2.19,"DES Area, Production & Yield Query Report"
Rajasthan,Bharatpur,2015,2015 - 2016,Whole Year,All Crops,2208.0,5161.0,2.34,"DES Area, Production & Yield Query Report"
Rajasthan,Bharatpur,2016,2016 - 2017,Whole Year,All Crops,1288.0,2939.0,2.28,"DES Area, Production & Yield Query Report"
Rajasthan,Bharatpur,2017,2017 - 2018,Whole Year,All Crops,981.0,2107.0,2.15,"DES Area, Production & Yield Query Report"
Rajasthan,Bharatpur,2018,2018 - 2019,Whole Year,All Crops,1136.0,2794.0,2.46,"DES Area, Production & Yield Query Report"
Rajasthan,Bharatpur,2019,2019 - 2020,Whole Year,All Crops,809.0,2234.0,2.76,"DES Area, Production & Yield Query Report"
Rajasthan,Bharatpur,2020,2020 - 2021,Whole Year,All Crops,1123.0,3267.0,2.91,"DES Area, Production & Yield Query Report"
Rajasthan,Bharatpur,2021,2021 - 2022,Whole Year,All Crops,1191.0,3307.0,2.78,"DES Area, Production & Yield Query Report"
Rajasthan,Bharatpur,2022,2022 - 2023,Whole Year,All Crops,2468.0,4936.0,2.0,"DES Area, Production & Yield Query Report"
Rajasthan,Bhilwara,2013,2013 - 2014,Whole Year,All Crops,292.0,627.0,2.15,"DES Area, Production & Yield Query Report"
Rajasthan,Bhilwara,2014,2014 - 2015,Whole Year,All Crops,512.0,1119.0,2.19,"DES Area, Production & Yield Query Report"
Rajasthan,Bhilwara,2015,2015 - 2016,Whole Year,All Crops,566.0,1144.0,2.02,"DES Area, Production & Yield Query Report"
Rajasthan,Bhilwara,2016,2016 - 2017,Whole Year,All Crops,515.0,1179.0,2.29,"DES Area, Production & Yield Query Report"
Rajasthan,Bhilwara,2017,2017 - 2018,Whole Year,All Crops,576.0,1363.0,2.37,"DES Area, Production & Yield Query Report"
Rajasthan,Bhilwara,2018,2018 - 2019,Whole Year,All Crops,524.0,1200.0,2.29,"DES Area, Production & Yield Query Report"
Rajasthan,Bhilwara,2019,2019 - 2020,Whole Year,All Crops,471.0,1031.0,2.19,"DES Area, Production & Yield Query Report"
Rajasthan,Bhilwara,2020,2020 - 2021,Whole Year,All Crops,697.0,1909.0,2.74,"DES Area, Production & Yield Query Report"
Rajasthan,Bhilwara,2021,2021 - 2022,Whole Year,All Crops,628.0,1530.0,2.44,"DES Area, Production & Yield Query Report"
Rajasthan,Bhilwara,2022,2022 - 2023,Whole Year,All Crops,1016.0,2504.0,2.46,"DES Area, Production & Yield Query Report"
Rajasthan,Bikaner,2013,2013 - 2014,Whole Year,All Crops,20.0,43.0,2.15,"DES Area, Production & Yield Query Report"
Rajasthan,Bikaner,2014,2014 - 2015,Whole Year,All Crops,35.0,77.0,2.2,"DES Area, Production & Yield Query Report"
Rajasthan,Bikaner,2015,2015 - 2016,Whole Year,All Crops,15.0,30.0,2.0,"DES Area, Production & Yield Query Report"
Rajasthan,Bikaner,2016,2016 - 2017,Whole Year,All Crops,8.0,18.0,2.25,"DES Area, Production & Yield Query Report"
Rajasthan,Bundi,2013,2013 - 2014,Whole Year,All Crops,29465.0,71946.0,2.44,"DES Area, Production & Yield Query Report"
Rajasthan,Bundi,2014,2014 - 2015,Whole Year,All Crops,34548.0,76728.0,2.22,"DES Area, Production & Yield Query Report"
Rajasthan,Bundi,2015,2015 - 2016,Whole Year,All Crops,39856.0,88816.0,2.23,"DES Area, Production & Yield Query Report"
Rajasthan,Bundi,2016,2016 - 2017,Whole Year,All Crops,44345.0,118522.0,2.67,"DES Area, Production & Yield Query Report"
Rajasthan,Bundi,2017,2017 - 2018,Whole Year,All Crops,47006.0,133100.0,2.83,"DES Area, Production & Yield Query Report"
Rajasthan,Bundi,2018,2018 - 2019,Whole Year,All Crops,50218.0,125013.0,2.49,"DES Area, Production & Yield Query Report"
Rajasthan,Bundi,2019,2019 - 2020,Whole Year,All Crops,57825.0,155524.0,2.69,"DES Area, Production & Yield Query Report"
Rajasthan,Bundi,2020,2020 - 2021,Whole Year,All Crops,63218.0,189407.0,3.0,"DES Area, Production & Yield Query Report"
Rajasthan,Bundi,2021,2021 - 2022,Whole Year,All Crops,55581.0,148499.0,2.67,"DES Area, Production & Yield Query Report"
Rajasthan,Bundi,2022,2022 - 2023,Whole Year,All Crops,75801.0,214443.0,2.83,"DES Area, Production & Yield Query Report"
Rajasthan,Chittorgarh,2013,2013 - 2014,Whole Year,All Crops,315.0,676.0,2.15,"DES Area, Production & Yield Query Report"
Rajasthan,Chittorgarh,2014,2014 - 2015,Whole Year,All Crops,508.0,1110.0,2.19,"DES Area, Production & Yield Query Report"
Rajasthan,Chittorgarh,2015,2015 - 2016,Whole Year,All Crops,975.0,1972.0,2.02,"DES Area, Production & Yield Query Report"
Rajasthan,Chittorgarh,2016,2016 - 2017,Whole Year,All Crops,857.0,1173.0,1.37,"DES Area, Production & Yield Query Report"
Rajasthan,Chittorgarh,2017,2017 - 2018,Whole Year,All Crops,1076.0,2476.0,2.3,"DES Area, Production & Yield Query Report"
Rajasthan,Chittorgarh,2018,2018 - 2019,Whole Year,All Crops,1215.0,1986.0,1.63,"DES Area, Production & Yield Query Report"
Rajasthan,Chittorgarh,2019,2019 - 2020,Whole Year,All Crops,1177.0,874.0,0.74,"DES Area, Production & Yield Query Report"
Rajasthan,Chittorgarh,2020,2020 - 2021,Whole Year,All Crops,1381.0,2975.0,2.15,"DES Area, Production & Yield Query Report"
Rajasthan,Chittorgarh,2021,2021 - 2022,Whole Year,All Crops,943.0,2171.0,2.3,"DES Area, Production & Yield Query Report"
Rajasthan,Chittorgarh,2022,2022 - 2023,Whole Year,All Crops,1032.0,2428.0,2.35,"DES Area, Production & Yield Query Report"
Rajasthan,Dholpur,2013,2013 - 2014,Whole Year,All Crops,619.0,1329.0,2.15,"DES Area, Production & Yield Query Report"
Rajasthan,Dholpur,2014,2014 - 2015,Whole Year,All Crops,504.0,1102.0,2.19,"DES Area, Production & Yield Query Report"
Rajasthan,Dholpur,2015,2015 - 2016,Whole Year,All Crops,403.0,815.0,2.02,"DES Area, Production & Yield Query Report"
Rajasthan,Dholpur,2016,2016 - 2017,Whole Year,All Crops,489.0,1119.0,2.29,"DES Area, Production & Yield Query Report"
Rajasthan,Dholpur,2017,2017 - 2018,Whole Year,All Crops,382.0,904.0,2.37,"DES Area, Production & Yield Query Report"
Rajasthan,Dholpur,2018,2018 - 2019,Whole Year,All Crops,652.0,1494.0,2.29,"DES Area, Production & Yield Query Report"
Rajasthan,Dholpur,2019,2019 - 2020,Whole Year,All Crops,532.0,1165.0,2.19,"DES Area, Production & Yield Query Report"
Rajasthan,Dholpur,2020,2020 - 2021,Whole Year,All Crops,322.0,882.0,2.74,"DES Area, Production & Yield Query Report"
Rajasthan,Dholpur,2021,2021 - 2022,Whole Year,All Crops,470.0,1145.0,2.44,"DES Area, Production & Yield Query Report"
Rajasthan,Dholpur,2022,2022 - 2023,Whole Year,All Crops,421.0,1038.0,2.47,"DES Area, Production & Yield Query Report"
Rajasthan,Dungarpur,2013,2013 - 2014,Whole Year,All Crops,22892.0,25094.0,1.1,"DES Area, Production & Yield Query Report"
Rajasthan,Dungarpur,2014,2014 - 2015,Whole Year,All Crops,16333.0,11383.0,0.7,"DES Area, Production & Yield Query Report"
Rajasthan,Dungarpur,2015,2015 - 2016,Whole Year,All Crops,16356.0,11022.0,0.67,"DES Area, Production & Yield Query Report"
Rajasthan,Dungarpur,2016,2016 - 2017,Whole Year,All Crops,17681.0,22429.0,1.27,"DES Area, Production & Yield Query Report"
Rajasthan,Dungarpur,2017,2017 - 2018,Whole Year,All Crops,17167.0,19733.0,1.15,"DES Area, Production & Yield Query Report"
Rajasthan,Dungarpur,2018,2018 - 2019,Whole Year,All Crops,14577.0,13894.0,0.95,"DES Area, Production & Yield Query Report"
Rajasthan,Dungarpur,2019,2019 - 2020,Whole Year,All Crops,16820.0,17853.0,1.06,"DES Area, Production & Yield Query Report"
Rajasthan,Dungarpur,2020,2020 - 2021,Whole Year,All Crops,17065.0,20401.0,1.2,"DES Area, Production & Yield Query Report"
Rajasthan,Dungarpur,2021,2021 - 2022,Whole Year,All Crops,14966.0,15461.0,1.03,"DES Area, Production & Yield Query Report"
Rajasthan,Dungarpur,2022,2022 - 2023,Whole Year,All Crops,17492.0,19141.0,1.09,"DES Area, Production & Yield Query Report"
Rajasthan,Ganganagar,2013,2013 - 2014,Whole Year,All Crops,8419.0,22585.0,2.68,"DES Area, Production & Yield Query Report"
Rajasthan,Ganganagar,2014,2014 - 2015,Whole Year,All Crops,10679.0,34962.0,3.27,"DES Area, Production & Yield Query Report"
Rajasthan,Ganganagar,2015,2015 - 2016,Whole Year,All Crops,12913.0,40372.0,3.13,"DES Area, Production & Yield Query Report"
Rajasthan,Ganganagar,2016,2016 - 2017,Whole Year,All Crops,13773.0,39130.0,2.84,"DES Area, Production & Yield Query Report"
Rajasthan,Ganganagar,2017,2017 - 2018,Whole Year,All Crops,10537.0,29074.0,2.76,"DES Area, Production & Yield Query Report"
Rajasthan,Ganganagar,2018,2018 - 2019,Whole Year,All Crops,10452.0,31654.0,3.03,"DES Area, Production & Yield Query Report"
Rajasthan,Ganganagar,2019,2019 - 2020,Whole Year,All Crops,10934.0,30396.0,2.78,"DES Area, Production & Yield Query Report"
Rajasthan,Ganganagar,2020,2020 - 2021,Whole Year,All Crops,10904.0,39068.0,3.58,"DES Area, Production & Yield Query Report"
Rajasthan,Ganganagar,2021,2021 - 2022,Whole Year,All Crops,8252.0,22983.0,2.79,"DES Area, Production & Yield Query Report"
Rajasthan,Ganganagar,2022,2022 - 2023,Whole Year,All Crops,5343.0,16258.0,3.04,"DES Area, Production & Yield Query Report"
Rajasthan,Hanumangarh,2013,2013 - 2014,Whole Year,All Crops,23859.0,100100.0,4.2,"DES Area, Production & Yield Query Report"
Rajasthan,Hanumangarh,2014,2014 - 2015,Whole Year,All Crops,28741.0,104159.0,3.62,"DES Area, Production & Yield Query Report"
Rajasthan,Hanumangarh,2015,2015 - 2016,Whole Year,All Crops,32986.0,92693.0,2.81,"DES Area, Production & Yield Query Report"
Rajasthan,Hanumangarh,2016,2016 - 2017,Whole Year,All Crops,34450.0,101135.0,2.94,"DES Area, Production & Yield Query Report"
Rajasthan,Hanumangarh,2017,2017 - 2018,Whole Year,All Crops,31647.0,98212.0,3.1,"DES Area, Production & Yield Query Report"
Rajasthan,Hanumangarh,2018,2018 - 2019,Whole Year,All Crops,33485.0,105225.0,3.14,"DES Area, Production & Yield Query Report"
Rajasthan,Hanumangarh,2019,2019 - 2020,Whole Year,All Crops,34695.0,86395.0,2.49,"DES Area, Production & Yield Query Report"
Rajasthan,Hanumangarh,2020,2020 - 2021,Whole Year,All Crops,34846.0,125806.0,3.61,"DES Area, Production & Yield Query Report"
Rajasthan,Hanumangarh,2021,2021 - 2022,Whole Year,All Crops,34451.0,122149.0,3.55,"DES Area, Production & Yield Query Report"
Rajasthan,Hanumangarh,2022,2022 - 2023,Whole Year,All Crops,31533.0,106224.0,3.37,"DES Area, Production & Yield Query Report"
Rajasthan,Jhalawar,2013,2013 - 2014,Whole Year,All Crops,2058.0,4419.0,2.15,"DES Area, Production & Yield Query Report"
Rajasthan,Jhalawar,2014,2014 - 2015,Whole Year,All Crops,3229.0,7058.0,2.19,"DES Area, Production & Yield Query Report"
Rajasthan,Jhalawar,2015,2015 - 2016,Whole Year,All Crops,3257.0,6586.0,2.02,"DES Area, Production & Yield Query Report"
Rajasthan,Jhalawar,2016,2016 - 2017,Whole Year,All Crops,4424.0,8046.0,1.82,"DES Area, Production & Yield Query Report"
Rajasthan,Jhalawar,2017,2017 - 2018,Whole Year,All Crops,4445.0,12823.0,2.88,"DES Area, Production & Yield Query Report"
Rajasthan,Jhalawar,2018,2018 - 2019,Whole Year,All Crops,4825.0,10681.0,2.21,"DES Area, Production & Yield Query Report"
Rajasthan,Jhalawar,2019,2019 - 2020,Whole Year,All Crops,5125.0,7576.0,1.48,"DES Area, Production & Yield Query Report"
Rajasthan,Jhalawar,2020,2020 - 2021,Whole Year,All Crops,6161.0,17305.0,2.81,"DES Area, Production & Yield Query Report"
Rajasthan,Jhalawar,2021,2021 - 2022,Whole Year,All Crops,5289.0,12246.0,2.32,"DES Area, Production & Yield Query Report"
Rajasthan,Jhalawar,2022,2022 - 2023,Whole Year,All Crops,6893.0,14745.0,2.14,"DES Area, Production & Yield Query Report"
Rajasthan,Karauli,2013,2013 - 2014,Whole Year,All Crops,1904.0,2589.0,1.36,"DES Area, Production & Yield Query Report"
Rajasthan,Karauli,2014,2014 - 2015,Whole Year,All Crops,1783.0,2066.0,1.16,"DES Area, Production & Yield Query Report"
Rajasthan,Karauli,2015,2015 - 2016,Whole Year,All Crops,1803.0,2434.0,1.35,"DES Area, Production & Yield Query Report"
Rajasthan,Karauli,2016,2016 - 2017,Whole Year,All Crops,1867.0,2887.0,1.55,"DES Area, Production & Yield Query Report"
Rajasthan,Karauli,2017,2017 - 2018,Whole Year,All Crops,1489.0,1942.0,1.3,"DES Area, Production & Yield Query Report"
Rajasthan,Karauli,2018,2018 - 2019,Whole Year,All Crops,1725.0,2909.0,1.69,"DES Area, Production & Yield Query Report"
Rajasthan,Karauli,2019,2019 - 2020,Whole Year,All Crops,1710.0,2709.0,1.58,"DES Area, Production & Yield Query Report"
Rajasthan,Karauli,2020,2020 - 2021,Whole Year,All Crops,1653.0,2419.0,1.46,"DES Area, Production & Yield Query Report"
Rajasthan,Karauli,2021,2021 - 2022,Whole Year,All Crops,2261.0,4890.0,2.16,"DES Area, Production & Yield Query Report"
Rajasthan,Karauli,2022,2022 - 2023,Whole Year,All Crops,1765.0,2536.0,1.44,"DES Area, Production & Yield Query Report"
Rajasthan,Kota,2013,2013 - 2014,Whole Year,All Crops,11159.0,24515.0,2.2,"DES Area, Production & Yield Query Report"
Rajasthan,Kota,2014,2014 - 2015,Whole Year,All Crops,18948.0,42312.0,2.23,"DES Area, Production & Yield Query Report"
Rajasthan,Kota,2015,2015 - 2016,Whole Year,All Crops,20468.0,54157.0,2.65,"DES Area, Production & Yield Query Report"
Rajasthan,Kota,2016,2016 - 2017,Whole Year,All Crops,22707.0,60340.0,2.66,"DES Area, Production & Yield Query Report"
Rajasthan,Kota,2017,2017 - 2018,Whole Year,All Crops,21834.0,63161.0,2.89,"DES Area, Production & Yield Query Report"
Rajasthan,Kota,2018,2018 - 2019,Whole Year,All Crops,26139.0,74124.0,2.84,"DES Area, Production & Yield Query Report"
Rajasthan,Kota,2019,2019 - 2020,Whole Year,All Crops,32613.0,94703.0,2.9,"DES Area, Production & Yield Query Report"
Rajasthan,Kota,2020,2020 - 2021,Whole Year,All Crops,35979.0,132890.0,3.69,"DES Area, Production & Yield Query Report"
Rajasthan,Kota,2021,2021 - 2022,Whole Year,All Crops,24215.0,72019.0,2.97,"DES Area, Production & Yield Query Report"
Rajasthan,Kota,2022,2022 - 2023,Whole Year,All Crops,31268.0,88322.0,2.82,"DES Area, Production & Yield Query Report"
Rajasthan,Nagaur,2020,2020 - 2021,Whole Year,All Crops,1.0,3.0,3.0,"DES Area, Production & Yield Query Report"
Rajasthan,Pratapgarh,2013,2013 - 2014,Whole Year,All Crops,1127.0,2420.0,2.15,"DES Area, Production & Yield Query Report"
Rajasthan,Pratapgarh,2014,2014 - 2015,Whole Year,All Crops,1109.0,2424.0,2.19,"DES Area, Production & Yield Query Report"
Rajasthan,Pratapgarh,2015,2015 - 2016,Whole Year,All Crops,854.0,1727.0,2.02,"DES Area, Production & Yield Query Report"
Rajasthan,Pratapgarh,2016,2016 - 2017,Whole Year,All Crops,823.0,1884.0,2.29,"DES Area, Production & Yield Query Report"
Rajasthan,Pratapgarh,2017,2017 - 2018,Whole Year,All Crops,829.0,1961.0,2.37,"DES Area, Production & Yield Query Report"
Rajasthan,Pratapgarh,2018,2018 - 2019,Whole Year,All Crops,804.0,1842.0,2.29,"DES Area, Production & Yield Query Report"
Rajasthan,Pratapgarh,2019,2019 - 2020,Whole Year,All Crops,775.0,1697.0,2.19,"DES Area, Production & Yield Query Report"
Rajasthan,Pratapgarh,2020,2020 - 2021,Whole Year,All Crops,676.0,1852.0,2.74,"DES Area, Production & Yield Query Report"
Rajasthan,Pratapgarh,2021,2021 - 2022,Whole Year,All Crops,419.0,1020.0,2.43,"DES Area, Production & Yield Query Report"
Rajasthan,Pratapgarh,2022,2022 - 2023,Whole Year,All Crops,263.0,648.0,2.46,"DES Area, Production & Yield Query Report"
Rajasthan,Rajsamand,2013,2013 - 2014,Whole Year,All Crops,30.0,65.0,2.17,"DES Area, Production & Yield Query Report"
Rajasthan,Rajsamand,2014,2014 - 2015,Whole Year,All Crops,28.0,61.0,2.18,"DES Area, Production & Yield Query Report"
Rajasthan,Rajsamand,2015,2015 - 2016,Whole Year,All Crops,21.0,42.0,2.0,"DES Area, Production & Yield Query Report"
Rajasthan,Rajsamand,2016,2016 - 2017,Whole Year,All Crops,29.0,66.0,2.28,"DES Area, Production & Yield Query Report"
Rajasthan,Rajsamand,2017,2017 - 2018,Whole Year,All Crops,31.0,73.0,2.35,"DES Area, Production & Yield Query Report"
Rajasthan,Rajsamand,2018,2018 - 2019,Whole Year,All Crops,25.0,57.0,2.28,"DES Area, Production & Yield Query Report"
Rajasthan,Rajsamand,2019,2019 - 2020,Whole Year,All Crops,26.0,57.0,2.19,"DES Area, Production & Yield Query Report"
Rajasthan,Rajsamand,2020,2020 - 2021,Whole Year,All Crops,18.0,49.0,2.72,"DES Area, Production & Yield Query Report"
Rajasthan,Rajsamand,2021,2021 - 2022,Whole Year,All Crops,8.0,19.0,2.38,"DES Area, Production & Yield Query Report"
Rajasthan,Rajsamand,2022,2022 - 2023,Whole Year,All Crops,4.0,10.0,2.5,"DES Area, Production & Yield Query Report"
Rajasthan,Sawai madhopur,2013,2013 - 2014,Whole Year,All Crops,470.0,1009.0,2.15,"DES Area, Production & Yield Query Report"
Rajasthan,Sawai madhopur,2014,2014 - 2015,Whole Year,All Crops,1092.0,2387.0,2.19,"DES Area, Production & Yield Query Report"
Rajasthan,Sawai madhopur,2015,2015 - 2016,Whole Year,All Crops,2106.0,4258.0,2.02,"DES Area, Production & Yield Query Report"
Rajasthan,Sawai madhopur,2016,2016 - 2017,Whole Year,All Crops,1632.0,3618.0,2.22,"DES Area, Production & Yield Query Report"
Rajasthan,Sawai madhopur,2017,2017 - 2018,Whole Year,All Crops,1385.0,3154.0,2.28,"DES Area, Production & Yield Query Report"
Rajasthan,Sawai madhopur,2018,2018 - 2019,Whole Year,All Crops,1531.0,4342.0,2.84,"DES Area, Production & Yield Query Report"
Rajasthan,Sawai madhopur,2019,2019 - 2020,Whole Year,All Crops,2168.0,6296.0,2.9,"DES Area, Production & Yield Query Report"
Rajasthan,Sawai madhopur,2020,2020 - 2021,Whole Year,All Crops,2915.0,9249.0,3.17,"DES Area, Production & Yield Query Report"
Rajasthan,Sawai madhopur,2021,2021 - 2022,Whole Year,All Crops,2829.0,6118.0,2.16,"DES Area, Production & Yield Query Report"
Rajasthan,Sawai madhopur,2022,2022 - 2023,Whole Year,All Crops,4551.0,5516.0,1.21,"DES Area, Production & Yield Query Report"
Rajasthan,Sirohi,2015,2015 - 2016,Whole Year,All Crops,5.0,10.0,2.0,"DES Area, Production & Yield Query Report"
Rajasthan,Sirohi,2016,2016 - 2017,Whole Year,All Crops,2.0,5.0,2.5,"DES Area, Production & Yield Query Report"
Rajasthan,Tonk,2014,2014 - 2015,Whole Year,All Crops,6.0,13.0,2.17,"DES Area, Production & Yield Query Report"
Rajasthan,Tonk,2015,2015 - 2016,Whole Year,All Crops,5.0,10.0,2.0,"DES Area, Production & Yield Query Report"
Rajasthan,Tonk,2016,2016 - 2017,Whole Year,All Crops,1.0,2.0,2.0,"DES Area, Production & Yield Query Report"
Rajasthan,Tonk,2017,2017 - 2018,Whole Year,All Crops,2.0,5.0,2.5,"DES Area, Production & Yield Query Report"
Rajasthan,Tonk,2018,2018 - 2019,Whole Year,All Crops,2.0,4.0,2.0,"DES Area, Production & Yield Query Report"
Rajasthan,Tonk,2020,2020 - 2021,Whole Year,All Crops,2.0,5.0,2.5,"DES Area, Production & Yield Query Report"
Rajasthan,Tonk,2022,2022 - 2023,Whole Year,All Crops,5.0,12.0,2.4,"DES Area, Production & Yield Query Report"
Rajasthan,Udaipur,2013,2013 - 2014,Whole Year,All Crops,4881.0,5596.0,1.15,"DES Area, Production & Yield Query Report"
Rajasthan,Udaipur,2014,2014 - 2015,Whole Year,All Crops,4855.0,5221.0,1.08,"DES Area, Production & Yield Query Report"
Rajasthan,Udaipur,2015,2015 - 2016,Whole Year,All Crops,4868.0,4667.0,0.96,"DES Area, Production & Yield Query Report"
Rajasthan,Udaipur,2016,2016 - 2017,Whole Year,All Crops,4864.0,5488.0,1.13,"DES Area, Production & Yield Query Report"
Rajasthan,Udaipur,2017,2017 - 2018,Whole Year,All Crops,5202.0,5937.0,1.14,"DES Area, Production & Yield Query Report"
Rajasthan,Udaipur,2018,2018 - 2019,Whole Year,All Crops,4641.0,4629.0,1.0,"DES Area, Production & Yield Query Report"
Rajasthan,Udaipur,2019,2019 - 2020,Whole Year,All Crops,4692.0,4721.0,1.01,"DES Area, Production & Yield Query Report"
Rajasthan,Udaipur,2020,2020 - 2021,Whole Year,All Crops,4975.0,5536.0,1.11,"DES Area, Production & Yield Query Report"
Rajasthan,Udaipur,2021,2021 - 2022,Whole Year,All Crops,3824.0,4099.0,1.07,"DES Area, Production & Yield Query Report"
Rajasthan,Udaipur,2022,2022 - 2023,Whole Year,All Crops,3717.0,2600.0,0.7,"DES Area, Production & Yield Query Report"
Sikkim,Gangtok,2013,2013 - 2014,Whole Year,All Crops,4910.0,8840.0,1.8,"DES Area, Production & Yield Query Report"
Sikkim,Gangtok,2014,2014 - 2015,Whole Year,All Crops,4870.0,8790.0,1.8,"DES Area, Production & Yield Query Report"
Sikkim,Gangtok,2015,2015 - 2016,Whole Year,All Crops,4813.0,8751.0,1.82,"DES Area, Production & Yield Query Report"
Sikkim,Gangtok,2016,2016 - 2017,Whole Year,All Crops,4810.0,8797.0,1.83,"DES Area, Production & Yield Query Report"
Sikkim,Gangtok,2017,2017 - 2018,Whole Year,All Crops,4809.0,8866.0,1.84,"DES Area, Production & Yield Query Report"
Sikkim,Gangtok,2018,2018 - 2019,Whole Year,All Crops,4554.0,8413.0,1.85,"DES Area, Production & Yield Query Report"
Sikkim,Gangtok,2019,2019 - 2020,Whole Year,All Crops,4553.0,8450.0,1.86,"DES Area, Production & Yield Query Report"
Sikkim,Gangtok,2020,2020 - 2021,Whole Year,All Crops,4540.0,8426.0,1.86,"DES Area, Production & Yield Query Report"
Sikkim,Gangtok,2021,2021 - 2022,Whole Year,All Crops,4448.0,8262.0,1.86,"DES Area, Production & Yield Query Report"
Sikkim,Gangtok,2022,2022 - 2023,Whole Year,All Crops,2104.0,3890.0,1.85,"DES Area, Production & Yield Query Report"
Sikkim,Geyzing,2013,2013 - 2014,Whole Year,All Crops,3160.0,6000.0,1.9,"DES Area, Production & Yield Query Report"
Sikkim,Geyzing,2014,2014 - 2015,Whole Year,All Crops,3130.0,5950.0,1.9,"DES Area, Production & Yield Query Report"
Sikkim,Geyzing,2015,2015 - 2016,Whole Year,All Crops,3016.0,5851.0,1.94,"DES Area, Production & Yield Query Report"
Sikkim,Geyzing,2016,2016 - 2017,Whole Year,All Crops,2871.0,5600.0,1.95,"DES Area, Production & Yield Query Report"
Sikkim,Geyzing,2017,2017 - 2018,Whole Year,All Crops,1969.0,3852.0,1.96,"DES Area, Production & Yield Query Report"
Sikkim,Geyzing,2018,2018 - 2019,Whole Year,All Crops,1974.0,3866.0,1.96,"DES Area, Production & Yield Query Report"
Sikkim,Geyzing,2019,2019 - 2020,Whole Year,All Crops,1549.0,3034.0,1.96,"DES Area, Production & Yield Query Report"
Sikkim,Geyzing,2020,2020 - 2021,Whole Year,All Crops,1494.0,2940.0,1.97,"DES Area, Production & Yield Query Report"
Sikkim,Geyzing,2021,2021 - 2022,Whole Year,All Crops,1486.0,2925.0,1.97,"DES Area, Production & Yield Query Report"
Sikkim,Geyzing,2022,2022 - 2023,Whole Year,All Crops,869.0,1716.0,1.97,"DES Area, Production & Yield Query Report"
Sikkim,Mangan,2013,2013 - 2014,Whole Year,All Crops,988.0,1410.0,1.43,"DES Area, Production & Yield Query Report"
Sikkim,Mangan,2014,2014 - 2015,Whole Year,All Crops,990.0,1420.0,1.43,"DES Area, Production & Yield Query Report"
Sikkim,Mangan,2015,2015 - 2016,Whole Year,All Crops,920.0,1347.0,1.46,"DES Area, Production & Yield Query Report"
Sikkim,Mangan,2016,2016 - 2017,Whole Year,All Crops,920.0,1371.0,1.49,"DES Area, Production & Yield Query Report"
Sikkim,Mangan,2017,2017 - 2018,Whole Year,All Crops,923.0,1384.0,1.5,"DES Area, Production & Yield Query Report"
Sikkim,Mangan,2018,2018 - 2019,Whole Year,All Crops,988.0,1482.0,1.5,"DES Area, Production & Yield Query Report"
Sikkim,Mangan,2019,2019 - 2020,Whole Year,All Crops,923.0,1388.0,1.5,"DES Area, Production & Yield Query Report"
Sikkim,Mangan,2020,2020 - 2021,Whole Year,All Crops,923.0,1393.0,1.51,"DES Area, Production & Yield Query Report"
Sikkim,Mangan,2021,2021 - 2022,Whole Year,All Crops,924.0,1389.0,1.5,"DES Area, Production & Yield Query Report"
Sikkim,Mangan,2022,2022 - 2023,Whole Year,All Crops,923.0,1395.0,1.51,"DES Area, Production & Yield Query Report"
Sikkim,Namchi,2013,2013 - 2014,Whole Year,All Crops,2100.0,4010.0,1.91,"DES Area, Production & Yield Query Report"
Sikkim,Namchi,2014,2014 - 2015,Whole Year,All Crops,2050.0,3910.0,1.91,"DES Area, Production & Yield Query Report"
Sikkim,Namchi,2015,2015 - 2016,Whole Year,All Crops,1920.0,3738.0,1.95,"DES Area, Production & Yield Query Report"
Sikkim,Namchi,2016,2016 - 2017,Whole Year,All Crops,1880.0,3685.0,1.96,"DES Area, Production & Yield Query Report"
Sikkim,Namchi,2017,2017 - 2018,Whole Year,All Crops,1800.0,3534.0,1.96,"DES Area, Production & Yield Query Report"
Sikkim,Namchi,2018,2018 - 2019,Whole Year,All Crops,1740.0,3421.0,1.97,"DES Area, Production & Yield Query Report"
Sikkim,Namchi,2019,2019 - 2020,Whole Year,All Crops,1660.0,3265.0,1.97,"DES Area, Production & Yield Query Report"
Sikkim,Namchi,2020,2020 - 2021,Whole Year,All Crops,1745.0,3432.0,1.97,"DES Area, Production & Yield Query Report"
Sikkim,Namchi,2021,2021 - 2022,Whole Year,All Crops,1649.0,3245.0,1.97,"DES Area, Production & Yield Query Report"
Sikkim,Namchi,2022,2022 - 2023,Whole Year,All Crops,1544.0,3078.0,1.99,"DES Area, Production & Yield Query Report"
Sikkim,Pakyong,2022,2022 - 2023,Whole Year,All Crops,2120.0,3969.0,1.87,"DES Area, Production & Yield Query Report"
Sikkim,Soreng,2022,2022 - 2023,Whole Year,All Crops,630.0,1242.0,1.97,"DES Area, Production & Yield Query Report"
Tamil Nadu,Ariyalur,2013,2013 - 2014,Whole Year,All Crops,24437.0,131658.0,5.39,"DES Area, Production & Yield Query Report"
Tamil Nadu,Ariyalur,2014,2014 - 2015,Whole Year,All Crops,23108.0,116239.0,5.03,"DES Area, Production & Yield Query Report"
Tamil Nadu,Ariyalur,2015,2015 - 2016,Whole Year,All Crops,24408.0,124179.0,5.09,"DES Area, Production & Yield Query Report"
Tamil Nadu,Ariyalur,2016,2016 - 2017,Whole Year,All Crops,15398.0,44524.0,2.89,"DES Area, Production & Yield Query Report"
Tamil Nadu,Ariyalur,2017,2017 - 2018,Whole Year,All Crops,22664.0,99223.0,4.38,"DES Area, Production & Yield Query Report"
Tamil Nadu,Ariyalur,2018,2018 - 2019,Whole Year,All Crops,22792.0,89455.0,3.92,"DES Area, Production & Yield Query Report"
Tamil Nadu,Ariyalur,2019,2019 - 2020,Whole Year,All Crops,23224.0,89656.0,3.86,"DES Area, Production & Yield Query Report"
Tamil Nadu,Ariyalur,2020,2020 - 2021,Whole Year,All Crops,24011.0,74323.0,3.1,"DES Area, Production & Yield Query Report"
Tamil Nadu,Ariyalur,2021,2021 - 2022,Whole Year,All Crops,26160.0,108249.0,4.14,"DES Area, Production & Yield Query Report"
Tamil Nadu,Ariyalur,2022,2022 - 2023,Whole Year,All Crops,26181.0,104212.0,3.98,"DES Area, Production & Yield Query Report"
Tamil Nadu,Chengalpattu,2020,2020 - 2021,Whole Year,All Crops,53119.0,203690.0,3.83,"DES Area, Production & Yield Query Report"
Tamil Nadu,Chengalpattu,2021,2021 - 2022,Whole Year,All Crops,55003.0,234794.0,4.27,"DES Area, Production & Yield Query Report"
Tamil Nadu,Chengalpattu,2022,2022 - 2023,Whole Year,All Crops,57326.0,241435.0,4.21,"DES Area, Production & Yield Query Report"
Tamil Nadu,Chennai,2020,2020 - 2021,Whole Year,All Crops,108.0,0.0,0.0,"DES Area, Production & Yield Query Report"
Tamil Nadu,Chennai,2022,2022 - 2023,Whole Year,All Crops,121.0,356.0,2.94,"DES Area, Production & Yield Query Report"
Tamil Nadu,Coimbatore,2013,2013 - 2014,Whole Year,All Crops,2158.0,10139.0,4.7,"DES Area, Production & Yield Query Report"
Tamil Nadu,Coimbatore,2014,2014 - 2015,Whole Year,All Crops,2166.0,9969.0,4.6,"DES Area, Production & Yield Query Report"
Tamil Nadu,Coimbatore,2015,2015 - 2016,Whole Year,All Crops,2034.0,7942.0,3.9,"DES Area, Production & Yield Query Report"
Tamil Nadu,Coimbatore,2016,2016 - 2017,Whole Year,All Crops,872.0,3518.0,4.03,"DES Area, Production & Yield Query Report"
Tamil Nadu,Coimbatore,2017,2017 - 2018,Whole Year,All Crops,680.0,2326.0,3.42,"DES Area, Production & Yield Query Report"
Tamil Nadu,Coimbatore,2018,2018 - 2019,Whole Year,All Crops,1599.0,5875.0,3.67,"DES Area, Production & Yield Query Report"
Tamil Nadu,Coimbatore,2019,2019 - 2020,Whole Year,All Crops,861.0,3219.0,3.74,"DES Area, Production & Yield Query Report"
Tamil Nadu,Coimbatore,2020,2020 - 2021,Whole Year,All Crops,999.0,3299.0,3.3,"DES Area, Production & Yield Query Report"
Tamil Nadu,Coimbatore,2021,2021 - 2022,Whole Year,All Crops,1308.0,4887.0,3.74,"DES Area, Production & Yield Query Report"
Tamil Nadu,Coimbatore,2022,2022 - 2023,Whole Year,All Crops,1169.0,4606.0,3.94,"DES Area, Production & Yield Query Report"
Tamil Nadu,Cuddalore,2013,2013 - 2014,Whole Year,All Crops,127485.0,565960.0,4.44,"DES Area, Production & Yield Query Report"
Tamil Nadu,Cuddalore,2014,2014 - 2015,Whole Year,All Crops,134677.0,641958.0,4.77,"DES Area, Production & Yield Query Report"
Tamil Nadu,Cuddalore,2015,2015 - 2016,Whole Year,All Crops,139987.0,507130.0,3.62,"DES Area, Production & Yield Query Report"
Tamil Nadu,Cuddalore,2016,2016 - 2017,Whole Year,All Crops,131906.0,459908.0,3.49,"DES Area, Production & Yield Query Report"
Tamil Nadu,Cuddalore,2017,2017 - 2018,Whole Year,All Crops,131222.0,564541.0,4.3,"DES Area, Production & Yield Query Report"
Tamil Nadu,Cuddalore,2018,2018 - 2019,Whole Year,All Crops,133360.0,499562.0,3.75,"DES Area, Production & Yield Query Report"
Tamil Nadu,Cuddalore,2019,2019 - 2020,Whole Year,All Crops,132151.0,495309.0,3.75,"DES Area, Production & Yield Query Report"
Tamil Nadu,Cuddalore,2020,2020 - 2021,Whole Year,All Crops,136834.0,441804.0,3.23,"DES Area, Production & Yield Query Report"
Tamil Nadu,Cuddalore,2021,2021 - 2022,Whole Year,All Crops,142741.0,493838.0,3.46,"DES Area, Production & Yield Query Report"
Tamil Nadu,Cuddalore,2022,2022 - 2023,Whole Year,All Crops,138837.0,501580.0,3.61,"DES Area, Production & Yield Query Report"
Tamil Nadu,Dharmapuri,2013,2013 - 2014,Whole Year,All Crops,26689.0,132535.0,4.97,"DES Area, Production & Yield Query Report"
Tamil Nadu,Dharmapuri,2014,2014 - 2015,Whole Year,All Crops,18303.0,95163.0,5.2,"DES Area, Production & Yield Query Report"
Tamil Nadu,Dharmapuri,2015,2015 - 2016,Whole Year,All Crops,33349.0,149426.0,4.48,"DES Area, Production & Yield Query Report"
Tamil Nadu,Dharmapuri,2016,2016 - 2017,Whole Year,All Crops,11432.0,42883.0,3.75,"DES Area, Production & Yield Query Report"
Tamil Nadu,Dharmapuri,2017,2017 - 2018,Whole Year,All Crops,22233.0,107211.0,4.82,"DES Area, Production & Yield Query Report"
Tamil Nadu,Dharmapuri,2018,2018 - 2019,Whole Year,All Crops,3889.0,17025.0,4.38,"DES Area, Production & Yield Query Report"
Tamil Nadu,Dharmapuri,2019,2019 - 2020,Whole Year,All Crops,15812.0,67791.0,4.29,"DES Area, Production & Yield Query Report"
Tamil Nadu,Dharmapuri,2020,2020 - 2021,Whole Year,All Crops,20970.0,95200.0,4.54,"DES Area, Production & Yield Query Report"
Tamil Nadu,Dharmapuri,2021,2021 - 2022,Whole Year,All Crops,26024.0,116479.0,4.48,"DES Area, Production & Yield Query Report"
Tamil Nadu,Dharmapuri,2022,2022 - 2023,Whole Year,All Crops,27923.0,119738.0,4.29,"DES Area, Production & Yield Query Report"
Tamil Nadu,Dindigul,2013,2013 - 2014,Whole Year,All Crops,4234.0,25758.0,6.08,"DES Area, Production & Yield Query Report"
Tamil Nadu,Dindigul,2014,2014 - 2015,Whole Year,All Crops,12071.0,70676.0,5.86,"DES Area, Production & Yield Query Report"
Tamil Nadu,Dindigul,2015,2015 - 2016,Whole Year,All Crops,14989.0,71945.0,4.8,"DES Area, Production & Yield Query Report"
Tamil Nadu,Dindigul,2016,2016 - 2017,Whole Year,All Crops,1522.0,4506.0,2.96,"DES Area, Production & Yield Query Report"
Tamil Nadu,Dindigul,2017,2017 - 2018,Whole Year,All Crops,8802.0,49455.0,5.62,"DES Area, Production & Yield Query Report"
Tamil Nadu,Dindigul,2018,2018 - 2019,Whole Year,All Crops,9221.0,35848.0,3.89,"DES Area, Production & Yield Query Report"
Tamil Nadu,Dindigul,2019,2019 - 2020,Whole Year,All Crops,8140.0,36936.0,4.54,"DES Area, Production & Yield Query Report"
Tamil Nadu,Dindigul,2020,2020 - 2021,Whole Year,All Crops,9526.0,36423.0,3.82,"DES Area, Production & Yield Query Report"
Tamil Nadu,Dindigul,2021,2021 - 2022,Whole Year,All Crops,12750.0,54128.0,4.25,"DES Area, Production & Yield Query Report"
Tamil Nadu,Dindigul,2022,2022 - 2023,Whole Year,All Crops,13547.0,57541.0,4.25,"DES Area, Production & Yield Query Report"
Tamil Nadu,Erode,2013,2013 - 2014,Whole Year,All Crops,30889.0,163021.0,5.28,"DES Area, Production & Yield Query Report"
Tamil Nadu,Erode,2014,2014 - 2015,Whole Year,All Crops,37192.0,176997.0,4.76,"DES Area, Production & Yield Query Report"
Tamil Nadu,Erode,2015,2015 - 2016,Whole Year,All Crops,34339.0,146570.0,4.27,"DES Area, Production & Yield Query Report"
Tamil Nadu,Erode,2016,2016 - 2017,Whole Year,All Crops,695.0,1568.0,2.26,"DES Area, Production & Yield Query Report"
Tamil Nadu,Erode,2017,2017 - 2018,Whole Year,All Crops,10768.0,54457.0,5.06,"DES Area, Production & Yield Query Report"
Tamil Nadu,Erode,2018,2018 - 2019,Whole Year,All Crops,35561.0,176560.0,4.96,"DES Area, Production & Yield Query Report"
Tamil Nadu,Erode,2019,2019 - 2020,Whole Year,All Crops,34567.0,157592.0,4.56,"DES Area, Production & Yield Query Report"
Tamil Nadu,Erode,2020,2020 - 2021,Whole Year,All Crops,29150.0,142904.0,4.9,"DES Area, Production & Yield Query Report"
Tamil Nadu,Erode,2021,2021 - 2022,Whole Year,All Crops,30451.0,122551.0,4.02,"DES Area, Production & Yield Query Report"
Tamil Nadu,Erode,2022,2022 - 2023,Whole Year,All Crops,31062.0,131717.0,4.24,"DES Area, Production & Yield Query Report"
Tamil Nadu,Kallakurichi,2020,2020 - 2021,Whole Year,All Crops,61615.0,235832.0,3.83,"DES Area, Production & Yield Query Report"
Tamil Nadu,Kallakurichi,2021,2021 - 2022,Whole Year,All Crops,64327.0,249876.0,3.88,"DES Area, Production & Yield Query Report"
Tamil Nadu,Kallakurichi,2022,2022 - 2023,Whole Year,All Crops,60020.0,234359.0,3.9,"DES Area, Production & Yield Query Report"
Tamil Nadu,Kanchipuram,2013,2013 - 2014,Whole Year,All Crops,85564.0,391837.0,4.58,"DES Area, Production & Yield Query Report"
Tamil Nadu,Kanchipuram,2014,2014 - 2015,Whole Year,All Crops,61881.0,289904.0,4.68,"DES Area, Production & Yield Query Report"
Tamil Nadu,Kanchipuram,2015,2015 - 2016,Whole Year,All Crops,97738.0,415302.0,4.25,"DES Area, Production & Yield Query Report"
Tamil Nadu,Kanchipuram,2016,2016 - 2017,Whole Year,All Crops,72617.0,288044.0,3.97,"DES Area, Production & Yield Query Report"
Tamil Nadu,Kanchipuram,2017,2017 - 2018,Whole Year,All Crops,90614.0,394576.0,4.35,"DES Area, Production & Yield Query Report"
Tamil Nadu,Kanchipuram,2018,2018 - 2019,Whole Year,All Crops,70375.0,328157.0,4.66,"DES Area, Production & Yield Query Report"
Tamil Nadu,Kanchipuram,2019,2019 - 2020,Whole Year,All Crops,87329.0,433336.0,4.96,"DES Area, Production & Yield Query Report"
Tamil Nadu,Kanchipuram,2020,2020 - 2021,Whole Year,All Crops,47739.0,185427.0,3.88,"DES Area, Production & Yield Query Report"
Tamil Nadu,Kanchipuram,2021,2021 - 2022,Whole Year,All Crops,50993.0,188834.0,3.7,"DES Area, Production & Yield Query Report"
Tamil Nadu,Kanchipuram,2022,2022 - 2023,Whole Year,All Crops,51950.0,193683.0,3.73,"DES Area, Production & Yield Query Report"
Tamil Nadu,Kanniyakumari,2013,2013 - 2014,Whole Year,All Crops,13619.0,66703.0,4.9,"DES Area, Production & Yield Query Report"
Tamil Nadu,Kanniyakumari,2014,2014 - 2015,Whole Year,All Crops,13176.0,66943.0,5.08,"DES Area, Production & Yield Query Report"
Tamil Nadu,Kanniyakumari,2015,2015 - 2016,Whole Year,All Crops,12957.0,55789.0,4.31,"DES Area, Production & Yield Query Report"
Tamil Nadu,Kanniyakumari,2016,2016 - 2017,Whole Year,All Crops,12156.0,48670.0,4.0,"DES Area, Production & Yield Query Report"
Tamil Nadu,Kanniyakumari,2017,2017 - 2018,Whole Year,All Crops,9628.0,33034.0,3.43,"DES Area, Production & Yield Query Report"
Tamil Nadu,Kanniyakumari,2018,2018 - 2019,Whole Year,All Crops,11955.0,47569.0,3.98,"DES Area, Production & Yield Query Report"
Tamil Nadu,Kanniyakumari,2019,2019 - 2020,Whole Year,All Crops,10970.0,43804.0,3.99,"DES Area, Production & Yield Query Report"
Tamil Nadu,Kanniyakumari,2020,2020 - 2021,Whole Year,All Crops,11577.0,48752.0,4.21,"DES Area, Production & Yield Query Report"
Tamil Nadu,Kanniyakumari,2021,2021 - 2022,Whole Year,All Crops,11461.0,42836.0,3.74,"DES Area, Production & Yield Query Report"
Tamil Nadu,Kanniyakumari,2022,2022 - 2023,Whole Year,All Crops,11170.0,41503.0,3.72,"DES Area, Production & Yield Query Report"
Tamil Nadu,Karur,2013,2013 - 2014,Whole Year,All Crops,12565.0,69898.0,5.56,"DES Area, Production & Yield Query Report"
Tamil Nadu,Karur,2014,2014 - 2015,Whole Year,All Crops,13445.0,68608.0,5.1,"DES Area, Production & Yield Query Report"
Tamil Nadu,Karur,2015,2015 - 2016,Whole Year,All Crops,13276.0,52886.0,3.98,"DES Area, Production & Yield Query Report"
Tamil Nadu,Karur,2016,2016 - 2017,Whole Year,All Crops,3672.0,10792.0,2.94,"DES Area, Production & Yield Query Report"
Tamil Nadu,Karur,2017,2017 - 2018,Whole Year,All Crops,11193.0,42358.0,3.78,"DES Area, Production & Yield Query Report"
Tamil Nadu,Karur,2018,2018 - 2019,Whole Year,All Crops,11392.0,39560.0,3.47,"DES Area, Production & Yield Query Report"
Tamil Nadu,Karur,2019,2019 - 2020,Whole Year,All Crops,11130.0,38997.0,3.5,"DES Area, Production & Yield Query Report"
Tamil Nadu,Karur,2020,2020 - 2021,Whole Year,All Crops,13009.0,36747.0,2.82,"DES Area, Production & Yield Query Report"
Tamil Nadu,Karur,2021,2021 - 2022,Whole Year,All Crops,14959.0,45764.0,3.06,"DES Area, Production & Yield Query Report"
Tamil Nadu,Karur,2022,2022 - 2023,Whole Year,All Crops,14848.0,57681.0,3.88,"DES Area, Production & Yield Query Report"
Tamil Nadu,Krishnagiri,2013,2013 - 2014,Whole Year,All Crops,29704.0,143404.0,4.83,"DES Area, Production & Yield Query Report"
Tamil Nadu,Krishnagiri,2014,2014 - 2015,Whole Year,All Crops,19264.0,94094.0,4.88,"DES Area, Production & Yield Query Report"
Tamil Nadu,Krishnagiri,2015,2015 - 2016,Whole Year,All Crops,22805.0,102306.0,4.49,"DES Area, Production & Yield Query Report"
Tamil Nadu,Krishnagiri,2016,2016 - 2017,Whole Year,All Crops,15987.0,69583.0,4.35,"DES Area, Production & Yield Query Report"
Tamil Nadu,Krishnagiri,2017,2017 - 2018,Whole Year,All Crops,24885.0,118038.0,4.74,"DES Area, Production & Yield Query Report"
Tamil Nadu,Krishnagiri,2018,2018 - 2019,Whole Year,All Crops,22961.0,112614.0,4.9,"DES Area, Production & Yield Query Report"
Tamil Nadu,Krishnagiri,2019,2019 - 2020,Whole Year,All Crops,23568.0,110688.0,4.7,"DES Area, Production & Yield Query Report"
Tamil Nadu,Krishnagiri,2020,2020 - 2021,Whole Year,All Crops,25333.0,121393.0,4.79,"DES Area, Production & Yield Query Report"
Tamil Nadu,Krishnagiri,2021,2021 - 2022,Whole Year,All Crops,28403.0,118901.0,4.19,"DES Area, Production & Yield Query Report"
Tamil Nadu,Krishnagiri,2022,2022 - 2023,Whole Year,All Crops,30484.0,133006.0,4.36,"DES Area, Production & Yield Query Report"
Tamil Nadu,Madurai,2013,2013 - 2014,Whole Year,All Crops,35268.0,163965.0,4.65,"DES Area, Production & Yield Query Report"
Tamil Nadu,Madurai,2014,2014 - 2015,Whole Year,All Crops,47717.0,197498.0,4.14,"DES Area, Production & Yield Query Report"
Tamil Nadu,Madurai,2015,2015 - 2016,Whole Year,All Crops,55983.0,203670.0,3.64,"DES Area, Production & Yield Query Report"
Tamil Nadu,Madurai,2016,2016 - 2017,Whole Year,All Crops,10407.0,34120.0,3.28,"DES Area, Production & Yield Query Report"
Tamil Nadu,Madurai,2017,2017 - 2018,Whole Year,All Crops,20928.0,84577.0,4.04,"DES Area, Production & Yield Query Report"
Tamil Nadu,Madurai,2018,2018 - 2019,Whole Year,All Crops,48461.0,200892.0,4.15,"DES Area, Production & Yield Query Report"
Tamil Nadu,Madurai,2019,2019 - 2020,Whole Year,All Crops,40468.0,165916.0,4.1,"DES Area, Production & Yield Query Report"
Tamil Nadu,Madurai,2020,2020 - 2021,Whole Year,All Crops,44602.0,179050.0,4.01,"DES Area, Production & Yield Query Report"
Tamil Nadu,Madurai,2021,2021 - 2022,Whole Year,All Crops,59473.0,221627.0,3.73,"DES Area, Production & Yield Query Report"
Tamil Nadu,Madurai,2022,2022 - 2023,Whole Year,All Crops,58486.0,229021.0,3.92,"DES Area, Production & Yield Query Report"
Tamil Nadu,Mayiladuthurai,2020,2020 - 2021,Whole Year,All Crops,105922.0,340557.0,3.22,"DES Area, Production & Yield Query Report"
Tamil Nadu,Mayiladuthurai,2021,2021 - 2022,Whole Year,All Crops,107803.0,375553.0,3.48,"DES Area, Production & Yield Query Report"
Tamil Nadu,Mayiladuthurai,2022,2022 - 2023,Whole Year,All Crops,106538.0,343053.0,3.22,"DES Area, Production & Yield Query Report"
Tamil Nadu,Nagapattinam,2013,2013 - 2014,Whole Year,All Crops,154750.0,605329.0,3.91,"DES Area, Production & Yield Query Report"
Tamil Nadu,Nagapattinam,2014,2014 - 2015,Whole Year,All Crops,159499.0,579962.0,3.64,"DES Area, Production & Yield Query Report"
Tamil Nadu,Nagapattinam,2015,2015 - 2016,Whole Year,All Crops,163794.0,338260.0,2.07,"DES Area, Production & Yield Query Report"
Tamil Nadu,Nagapattinam,2016,2016 - 2017,Whole Year,All Crops,166312.0,263320.0,1.58,"DES Area, Production & Yield Query Report"
Tamil Nadu,Nagapattinam,2017,2017 - 2018,Whole Year,All Crops,163888.0,447448.0,2.73,"DES Area, Production & Yield Query Report"
Tamil Nadu,Nagapattinam,2018,2018 - 2019,Whole Year,All Crops,168240.0,568135.0,3.38,"DES Area, Production & Yield Query Report"
Tamil Nadu,Nagapattinam,2019,2019 - 2020,Whole Year,All Crops,169222.0,558609.0,3.3,"DES Area, Production & Yield Query Report"
Tamil Nadu,Nagapattinam,2020,2020 - 2021,Whole Year,All Crops,73573.0,139248.0,1.89,"DES Area, Production & Yield Query Report"
Tamil Nadu,Nagapattinam,2021,2021 - 2022,Whole Year,All Crops,78205.0,234300.0,3.0,"DES Area, Production & Yield Query Report"
Tamil Nadu,Nagapattinam,2022,2022 - 2023,Whole Year,All Crops,84041.0,271882.0,3.24,"DES Area, Production & Yield Query Report"
Tamil Nadu,Namakkal,2013,2013 - 2014,Whole Year,All Crops,9180.0,50983.0,5.55,"DES Area, Production & Yield Query Report"
Tamil Nadu,Namakkal,2014,2014 - 2015,Whole Year,All Crops,10416.0,53325.0,5.12,"DES Area, Production & Yield Query Report"
Tamil Nadu,Namakkal,2015,2015 - 2016,Whole Year,All Crops,11983.0,60391.0,5.04,"DES Area, Production & Yield Query Report"
Tamil Nadu,Namakkal,2016,2016 - 2017,Whole Year,All Crops,2188.0,7133.0,3.26,"DES Area, Production & Yield Query Report"
Tamil Nadu,Namakkal,2017,2017 - 2018,Whole Year,All Crops,7311.0,40441.0,5.53,"DES Area, Production & Yield Query Report"
Tamil Nadu,Namakkal,2018,2018 - 2019,Whole Year,All Crops,7635.0,28747.0,3.77,"DES Area, Production & Yield Query Report"
Tamil Nadu,Namakkal,2019,2019 - 2020,Whole Year,All Crops,10553.0,47734.0,4.52,"DES Area, Production & Yield Query Report"
Tamil Nadu,Namakkal,2020,2020 - 2021,Whole Year,All Crops,10281.0,38122.0,3.71,"DES Area, Production & Yield Query Report"
Tamil Nadu,Namakkal,2021,2021 - 2022,Whole Year,All Crops,10753.0,51901.0,4.83,"DES Area, Production & Yield Query Report"
Tamil Nadu,Namakkal,2022,2022 - 2023,Whole Year,All Crops,10444.0,53652.0,5.14,"DES Area, Production & Yield Query Report"
Tamil Nadu,Perambalur,2013,2013 - 2014,Whole Year,All Crops,7175.0,36163.0,5.04,"DES Area, Production & Yield Query Report"
Tamil Nadu,Perambalur,2014,2014 - 2015,Whole Year,All Crops,8994.0,43431.0,4.83,"DES Area, Production & Yield Query Report"
Tamil Nadu,Perambalur,2015,2015 - 2016,Whole Year,All Crops,14089.0,64208.0,4.56,"DES Area, Production & Yield Query Report"
Tamil Nadu,Perambalur,2016,2016 - 2017,Whole Year,All Crops,3319.0,9439.0,2.84,"DES Area, Production & Yield Query Report"
Tamil Nadu,Perambalur,2017,2017 - 2018,Whole Year,All Crops,9233.0,45023.0,4.88,"DES Area, Production & Yield Query Report"
Tamil Nadu,Perambalur,2018,2018 - 2019,Whole Year,All Crops,2613.0,10880.0,4.16,"DES Area, Production & Yield Query Report"
Tamil Nadu,Perambalur,2019,2019 - 2020,Whole Year,All Crops,6162.0,26988.0,4.38,"DES Area, Production & Yield Query Report"
Tamil Nadu,Perambalur,2020,2020 - 2021,Whole Year,All Crops,7120.0,25505.0,3.58,"DES Area, Production & Yield Query Report"
Tamil Nadu,Perambalur,2021,2021 - 2022,Whole Year,All Crops,8925.0,35888.0,4.02,"DES Area, Production & Yield Query Report"
Tamil Nadu,Perambalur,2022,2022 - 2023,Whole Year,All Crops,7522.0,30178.0,4.01,"DES Area, Production & Yield Query Report"
Tamil Nadu,Pudukkottai,2013,2013 - 2014,Whole Year,All Crops,72652.0,119895.0,1.65,"DES Area, Production & Yield Query Report"
Tamil Nadu,Pudukkottai,2014,2014 - 2015,Whole Year,All Crops,67238.0,279126.0,4.15,"DES Area, Production & Yield Query Report"
Tamil Nadu,Pudukkottai,2015,2015 - 2016,Whole Year,All Crops,73625.0,258976.0,3.52,"DES Area, Production & Yield Query Report"
Tamil Nadu,Pudukkottai,2016,2016 - 2017,Whole Year,All Crops,69142.0,73659.0,1.07,"DES Area, Production & Yield Query Report"
Tamil Nadu,Pudukkottai,2017,2017 - 2018,Whole Year,All Crops,85681.0,171646.0,2.0,"DES Area, Production & Yield Query Report"
Tamil Nadu,Pudukkottai,2018,2018 - 2019,Whole Year,All Crops,74925.0,196828.0,2.63,"DES Area, Production & Yield Query Report"
Tamil Nadu,Pudukkottai,2019,2019 - 2020,Whole Year,All Crops,87809.0,273188.0,3.11,"DES Area, Production & Yield Query Report"
Tamil Nadu,Pudukkottai,2020,2020 - 2021,Whole Year,All Crops,91941.0,209252.0,2.28,"DES Area, Production & Yield Query Report"
Tamil Nadu,Pudukkottai,2021,2021 - 2022,Whole Year,All Crops,109299.0,324016.0,2.96,"DES Area, Production & Yield Query Report"
Tamil Nadu,Pudukkottai,2022,2022 - 2023,Whole Year,All Crops,101039.0,354955.0,3.51,"DES Area, Production & Yield Query Report"
Tamil Nadu,Ramanathapuram,2013,2013 - 2014,Whole Year,All Crops,114981.0,33928.0,0.3,"DES Area, Production & Yield Query Report"
Tamil Nadu,Ramanathapuram,2014,2014 - 2015,Whole Year,All Crops,116867.0,423162.0,3.62,"DES Area, Production & Yield Query Report"
Tamil Nadu,Ramanathapuram,2015,2015 - 2016,Whole Year,All Crops,116582.0,303463.0,2.6,"DES Area, Production & Yield Query Report"
Tamil Nadu,Ramanathapuram,2016,2016 - 2017,Whole Year,All Crops,121849.0,244.0,0.0,"DES Area, Production & Yield Query Report"
Tamil Nadu,Ramanathapuram,2017,2017 - 2018,Whole Year,All Crops,126643.0,35967.0,0.28,"DES Area, Production & Yield Query Report"
Tamil Nadu,Ramanathapuram,2018,2018 - 2019,Whole Year,All Crops,125617.0,55397.0,0.44,"DES Area, Production & Yield Query Report"
Tamil Nadu,Ramanathapuram,2019,2019 - 2020,Whole Year,All Crops,127288.0,321481.0,2.53,"DES Area, Production & Yield Query Report"
Tamil Nadu,Ramanathapuram,2020,2020 - 2021,Whole Year,All Crops,133847.0,349191.0,2.61,"DES Area, Production & Yield Query Report"
Tamil Nadu,Ramanathapuram,2021,2021 - 2022,Whole Year,All Crops,136340.0,316868.0,2.32,"DES Area, Production & Yield Query Report"
Tamil Nadu,Ramanathapuram,2022,2022 - 2023,Whole Year,All Crops,134571.0,117722.0,0.87,"DES Area, Production & Yield Query Report"
Tamil Nadu,Ranipet,2020,2020 - 2021,Whole Year,All Crops,37472.0,167675.0,4.47,"DES Area, Production & Yield Query Report"
Tamil Nadu,Ranipet,2021,2021 - 2022,Whole Year,All Crops,44465.0,174873.0,3.93,"DES Area, Production & Yield Query Report"
Tamil Nadu,Ranipet,2022,2022 - 2023,Whole Year,All Crops,43603.0,179239.0,4.11,"DES Area, Production & Yield Query Report"
Tamil Nadu,Salem,2013,2013 - 2014,Whole Year,All Crops,20148.0,97052.0,4.82,"DES Area, Production & Yield Query Report"
Tamil Nadu,Salem,2014,2014 - 2015,Whole Year,All Crops,19343.0,102748.0,5.31,"DES Area, Production & Yield Query Report"
Tamil Nadu,Salem,2015,2015 - 2016,Whole Year,All Crops,24714.0,122541.0,4.96,"DES Area, Production & Yield Query Report"
Tamil Nadu,Salem,2016,2016 - 2017,Whole Year,All Crops,5024.0,18415.0,3.67,"DES Area, Production & Yield Query Report"
Tamil Nadu,Salem,2017,2017 - 2018,Whole Year,All Crops,18683.0,94735.0,5.07,"DES Area, Production & Yield Query Report"
Tamil Nadu,Salem,2018,2018 - 2019,Whole Year,All Crops,9753.0,37371.0,3.83,"DES Area, Production & Yield Query Report"
Tamil Nadu,Salem,2019,2019 - 2020,Whole Year,All Crops,19590.0,84593.0,4.32,"DES Area, Production & Yield Query Report"
Tamil Nadu,Salem,2020,2020 - 2021,Whole Year,All Crops,29008.0,118618.0,4.09,"DES Area, Production & Yield Query Report"
Tamil Nadu,Salem,2021,2021 - 2022,Whole Year,All Crops,25728.0,119917.0,4.66,"DES Area, Production & Yield Query Report"
Tamil Nadu,Salem,2022,2022 - 2023,Whole Year,All Crops,24299.0,99983.0,4.11,"DES Area, Production & Yield Query Report"
Tamil Nadu,Sivaganga,2013,2013 - 2014,Whole Year,All Crops,65447.0,46084.0,0.7,"DES Area, Production & Yield Query Report"
Tamil Nadu,Sivaganga,2014,2014 - 2015,Whole Year,All Crops,65087.0,224876.0,3.46,"DES Area, Production & Yield Query Report"
Tamil Nadu,Sivaganga,2015,2015 - 2016,Whole Year,All Crops,67207.0,189480.0,2.82,"DES Area, Production & Yield Query Report"
Tamil Nadu,Sivaganga,2016,2016 - 2017,Whole Year,All Crops,65207.0,42855.0,0.66,"DES Area, Production & Yield Query Report"
Tamil Nadu,Sivaganga,2017,2017 - 2018,Whole Year,All Crops,72150.0,64516.0,0.89,"DES Area, Production & Yield Query Report"
Tamil Nadu,Sivaganga,2018,2018 - 2019,Whole Year,All Crops,63492.0,41283.0,0.65,"DES Area, Production & Yield Query Report"
Tamil Nadu,Sivaganga,2019,2019 - 2020,Whole Year,All Crops,70371.0,188316.0,2.68,"DES Area, Production & Yield Query Report"
Tamil Nadu,Sivaganga,2020,2020 - 2021,Whole Year,All Crops,77917.0,195530.0,2.51,"DES Area, Production & Yield Query Report"
Tamil Nadu,Sivaganga,2021,2021 - 2022,Whole Year,All Crops,84041.0,227249.0,2.7,"DES Area, Production & Yield Query Report"
Tamil Nadu,Sivaganga,2022,2022 - 2023,Whole Year,All Crops,82386.0,213835.0,2.6,"DES Area, Production & Yield Query Report"
Tamil Nadu,Thanjavur,2013,2013 - 2014,Whole Year,All Crops,167289.0,831483.0,4.97,"DES Area, Production & Yield Query Report"
Tamil Nadu,Thanjavur,2014,2014 - 2015,Whole Year,All Crops,177756.0,696193.0,3.92,"DES Area, Production & Yield Query Report"
Tamil Nadu,Thanjavur,2015,2015 - 2016,Whole Year,All Crops,177426.0,636999.0,3.59,"DES Area, Production & Yield Query Report"
Tamil Nadu,Thanjavur,2016,2016 - 2017,Whole Year,All Crops,147193.0,410117.0,2.79,"DES Area, Production & Yield Query Report"
Tamil Nadu,Thanjavur,2017,2017 - 2018,Whole Year,All Crops,170697.0,668508.0,3.92,"DES Area, Production & Yield Query Report"
Tamil Nadu,Thanjavur,2018,2018 - 2019,Whole Year,All Crops,185585.0,683424.0,3.68,"DES Area, Production & Yield Query Report"
Tamil Nadu,Thanjavur,2019,2019 - 2020,Whole Year,All Crops,192231.0,715112.0,3.72,"DES Area, Production & Yield Query Report"
Tamil Nadu,Thanjavur,2020,2020 - 2021,Whole Year,All Crops,213796.0,604439.0,2.83,"DES Area, Production & Yield Query Report"
Tamil Nadu,Thanjavur,2021,2021 - 2022,Whole Year,All Crops,218722.0,874130.0,4.0,"DES Area, Production & Yield Query Report"
Tamil Nadu,Thanjavur,2022,2022 - 2023,Whole Year,All Crops,225837.0,837607.0,3.71,"DES Area, Production & Yield Query Report"
Tamil Nadu,The nilgiris,2013,2013 - 2014,Whole Year,All Crops,328.0,1420.0,4.33,"DES Area, Production & Yield Query Report"
Tamil Nadu,The nilgiris,2014,2014 - 2015,Whole Year,All Crops,32.0,150.0,4.69,"DES Area, Production & Yield Query Report"
Tamil Nadu,The nilgiris,2015,2015 - 2016,Whole Year,All Crops,318.0,1418.0,4.46,"DES Area, Production & Yield Query Report"
Tamil Nadu,The nilgiris,2016,2016 - 2017,Whole Year,All Crops,243.0,1043.0,4.29,"DES Area, Production & Yield Query Report"
Tamil Nadu,The nilgiris,2017,2017 - 2018,Whole Year,All Crops,239.0,921.0,3.85,"DES Area, Production & Yield Query Report"
Tamil Nadu,The nilgiris,2018,2018 - 2019,Whole Year,All Crops,207.0,888.0,4.29,"DES Area, Production & Yield Query Report"
Tamil Nadu,The nilgiris,2019,2019 - 2020,Whole Year,All Crops,170.0,698.0,4.11,"DES Area, Production & Yield Query Report"
Tamil Nadu,The nilgiris,2020,2020 - 2021,Whole Year,All Crops,180.0,782.0,4.34,"DES Area, Production & Yield Query Report"
Tamil Nadu,The nilgiris,2021,2021 - 2022,Whole Year,All Crops,159.0,649.0,4.08,"DES Area, Production & Yield Query Report"
Tamil Nadu,The nilgiris,2022,2022 - 2023,Whole Year,All Crops,91.0,349.0,3.84,"DES Area, Production & Yield Query Report"
Tamil Nadu,Theni,2013,2013 - 2014,Whole Year,All Crops,12499.0,50813.0,4.07,"DES Area, Production & Yield Query Report"
Tamil Nadu,Theni,2014,2014 - 2015,Whole Year,All Crops,13842.0,71903.0,5.19,"DES Area, Production & Yield Query Report"
Tamil Nadu,Theni,2015,2015 - 2016,Whole Year,All Crops,14631.0,79374.0,5.43,"DES Area, Production & Yield Query Report"
Tamil Nadu,Theni,2016,2016 - 2017,Whole Year,All Crops,6210.0,37442.0,6.03,"DES Area, Production & Yield Query Report"
Tamil Nadu,Theni,2017,2017 - 2018,Whole Year,All Crops,7055.0,37257.0,5.28,"DES Area, Production & Yield Query Report"
Tamil Nadu,Theni,2018,2018 - 2019,Whole Year,All Crops,13501.0,70142.0,5.2,"DES Area, Production & Yield Query Report"
Tamil Nadu,Theni,2019,2019 - 2020,Whole Year,All Crops,8930.0,36668.0,4.11,"DES Area, Production & Yield Query Report"
Tamil Nadu,Theni,2020,2020 - 2021,Whole Year,All Crops,10277.0,43742.0,4.26,"DES Area, Production & Yield Query Report"
Tamil Nadu,Theni,2021,2021 - 2022,Whole Year,All Crops,13302.0,52394.0,3.94,"DES Area, Production & Yield Query Report"
Tamil Nadu,Theni,2022,2022 - 2023,Whole Year,All Crops,13048.0,48555.0,3.72,"DES Area, Production & Yield Query Report"
Tamil Nadu,Thenkasi,2020,2020 - 2021,Whole Year,All Crops,35151.0,136406.0,3.88,"DES Area, Production & Yield Query Report"
Tamil Nadu,Thenkasi,2021,2021 - 2022,Whole Year,All Crops,46519.0,170948.0,3.67,"DES Area, Production & Yield Query Report"
Tamil Nadu,Thenkasi,2022,2022 - 2023,Whole Year,All Crops,35760.0,133878.0,3.74,"DES Area, Production & Yield Query Report"
Tamil Nadu,Thiruvallur,2013,2013 - 2014,Whole Year,All Crops,95827.0,451522.0,4.71,"DES Area, Production & Yield Query Report"
Tamil Nadu,Thiruvallur,2014,2014 - 2015,Whole Year,All Crops,96348.0,426203.0,4.42,"DES Area, Production & Yield Query Report"
Tamil Nadu,Thiruvallur,2015,2015 - 2016,Whole Year,All Crops,101396.0,333203.0,3.29,"DES Area, Production & Yield Query Report"
Tamil Nadu,Thiruvallur,2016,2016 - 2017,Whole Year,All Crops,96967.0,297131.0,3.06,"DES Area, Production & Yield Query Report"
Tamil Nadu,Thiruvallur,2017,2017 - 2018,Whole Year,All Crops,102609.0,412852.0,4.02,"DES Area, Production & Yield Query Report"
Tamil Nadu,Thiruvallur,2018,2018 - 2019,Whole Year,All Crops,88873.0,380878.0,4.29,"DES Area, Production & Yield Query Report"
Tamil Nadu,Thiruvallur,2019,2019 - 2020,Whole Year,All Crops,96609.0,419727.0,4.34,"DES Area, Production & Yield Query Report"
Tamil Nadu,Thiruvallur,2020,2020 - 2021,Whole Year,All Crops,101111.0,405659.0,4.01,"DES Area, Production & Yield Query Report"
Tamil Nadu,Thiruvallur,2021,2021 - 2022,Whole Year,All Crops,103712.0,350212.0,3.38,"DES Area, Production & Yield Query Report"
Tamil Nadu,Thiruvallur,2022,2022 - 2023,Whole Year,All Crops,101607.0,384279.0,3.78,"DES Area, Production & Yield Query Report"
Tamil Nadu,Thiruvarur,2013,2013 - 2014,Whole Year,All Crops,174366.0,820538.0,4.71,"DES Area, Production & Yield Query Report"
Tamil Nadu,Thiruvarur,2014,2014 - 2015,Whole Year,All Crops,192615.0,852925.0,4.43,"DES Area, Production & Yield Query Report"
Tamil Nadu,Thiruvarur,2015,2015 - 2016,Whole Year,All Crops,194743.0,666958.0,3.42,"DES Area, Production & Yield Query Report"
Tamil Nadu,Thiruvarur,2016,2016 - 2017,Whole Year,All Crops,186958.0,332913.0,1.78,"DES Area, Production & Yield Query Report"
Tamil Nadu,Thiruvarur,2017,2017 - 2018,Whole Year,All Crops,180999.0,699921.0,3.87,"DES Area, Production & Yield Query Report"
Tamil Nadu,Thiruvarur,2018,2018 - 2019,Whole Year,All Crops,188709.0,656436.0,3.48,"DES Area, Production & Yield Query Report"
Tamil Nadu,Thiruvarur,2019,2019 - 2020,Whole Year,All Crops,180900.0,659279.0,3.64,"DES Area, Production & Yield Query Report"
Tamil Nadu,Thiruvarur,2020,2020 - 2021,Whole Year,All Crops,194859.0,549771.0,2.82,"DES Area, Production & Yield Query Report"
Tamil Nadu,Thiruvarur,2021,2021 - 2022,Whole Year,All Crops,205795.0,753071.0,3.66,"DES Area, Production & Yield Query Report"
Tamil Nadu,Thiruvarur,2022,2022 - 2023,Whole Year,All Crops,218109.0,737493.0,3.38,"DES Area, Production & Yield Query Report"
Tamil Nadu,Thoothukudi,2013,2013 - 2014,Whole Year,All Crops,11730.0,55451.0,4.73,"DES Area, Production & Yield Query Report"
Tamil Nadu,Thoothukudi,2014,2014 - 2015,Whole Year,All Crops,16281.0,84111.0,5.17,"DES Area, Production & Yield Query Report"
Tamil Nadu,Thoothukudi,2015,2015 - 2016,Whole Year,All Crops,18556.0,74558.0,4.02,"DES Area, Production & Yield Query Report"
Tamil Nadu,Thoothukudi,2016,2016 - 2017,Whole Year,All Crops,4808.0,15683.0,3.26,"DES Area, Production & Yield Query Report"
Tamil Nadu,Thoothukudi,2017,2017 - 2018,Whole Year,All Crops,13686.0,60950.0,4.45,"DES Area, Production & Yield Query Report"
Tamil Nadu,Thoothukudi,2018,2018 - 2019,Whole Year,All Crops,14209.0,56652.0,3.99,"DES Area, Production & Yield Query Report"
Tamil Nadu,Thoothukudi,2019,2019 - 2020,Whole Year,All Crops,15519.0,57507.0,3.71,"DES Area, Production & Yield Query Report"
Tamil Nadu,Thoothukudi,2020,2020 - 2021,Whole Year,All Crops,16452.0,60172.0,3.66,"DES Area, Production & Yield Query Report"
Tamil Nadu,Thoothukudi,2021,2021 - 2022,Whole Year,All Crops,19616.0,73521.0,3.75,"DES Area, Production & Yield Query Report"
Tamil Nadu,Thoothukudi,2022,2022 - 2023,Whole Year,All Crops,12833.0,53193.0,4.15,"DES Area, Production & Yield Query Report"
Tamil Nadu,Tiruchirappalli,2013,2013 - 2014,Whole Year,All Crops,48050.0,226632.0,4.72,"DES Area, Production & Yield Query Report"
Tamil Nadu,Tiruchirappalli,2014,2014 - 2015,Whole Year,All Crops,51272.0,240199.0,4.68,"DES Area, Production & Yield Query Report"
Tamil Nadu,Tiruchirappalli,2015,2015 - 2016,Whole Year,All Crops,58571.0,244213.0,4.17,"DES Area, Production & Yield Query Report"
Tamil Nadu,Tiruchirappalli,2016,2016 - 2017,Whole Year,All Crops,27068.0,76591.0,2.83,"DES Area, Production & Yield Query Report"
Tamil Nadu,Tiruchirappalli,2017,2017 - 2018,Whole Year,All Crops,46623.0,238334.0,5.11,"DES Area, Production & Yield Query Report"
Tamil Nadu,Tiruchirappalli,2018,2018 - 2019,Whole Year,All Crops,44261.0,233713.0,5.28,"DES Area, Production & Yield Query Report"
Tamil Nadu,Tiruchirappalli,2019,2019 - 2020,Whole Year,All Crops,49623.0,210142.0,4.23,"DES Area, Production & Yield Query Report"
Tamil Nadu,Tiruchirappalli,2020,2020 - 2021,Whole Year,All Crops,54276.0,199733.0,3.68,"DES Area, Production & Yield Query Report"
Tamil Nadu,Tiruchirappalli,2021,2021 - 2022,Whole Year,All Crops,65100.0,239198.0,3.67,"DES Area, Production & Yield Query Report"
Tamil Nadu,Tiruchirappalli,2022,2022 - 2023,Whole Year,All Crops,68229.0,254475.0,3.73,"DES Area, Production & Yield Query Report"
Tamil Nadu,Tirunelveli,2013,2013 - 2014,Whole Year,All Crops,62281.0,362994.0,5.83,"DES Area, Production & Yield Query Report"
Tamil Nadu,Tirunelveli,2014,2014 - 2015,Whole Year,All Crops,84824.0,433217.0,5.11,"DES Area, Production & Yield Query Report"
Tamil Nadu,Tirunelveli,2015,2015 - 2016,Whole Year,All Crops,98506.0,488445.0,4.96,"DES Area, Production & Yield Query Report"
Tamil Nadu,Tirunelveli,2016,2016 - 2017,Whole Year,All Crops,29881.0,105193.0,3.52,"DES Area, Production & Yield Query Report"
Tamil Nadu,Tirunelveli,2017,2017 - 2018,Whole Year,All Crops,63312.0,294206.0,4.65,"DES Area, Production & Yield Query Report"
Tamil Nadu,Tirunelveli,2018,2018 - 2019,Whole Year,All Crops,82983.0,362006.0,4.36,"DES Area, Production & Yield Query Report"
Tamil Nadu,Tirunelveli,2019,2019 - 2020,Whole Year,All Crops,79209.0,315368.0,3.98,"DES Area, Production & Yield Query Report"
Tamil Nadu,Tirunelveli,2020,2020 - 2021,Whole Year,All Crops,39776.0,176962.0,4.45,"DES Area, Production & Yield Query Report"
Tamil Nadu,Tirunelveli,2021,2021 - 2022,Whole Year,All Crops,52720.0,217504.0,4.13,"DES Area, Production & Yield Query Report"
Tamil Nadu,Tirunelveli,2022,2022 - 2023,Whole Year,All Crops,34390.0,142984.0,4.16,"DES Area, Production & Yield Query Report"
Tamil Nadu,Tirupathur,2020,2020 - 2021,Whole Year,All Crops,6161.0,20785.0,3.37,"DES Area, Production & Yield Query Report"
Tamil Nadu,Tirupathur,2021,2021 - 2022,Whole Year,All Crops,10515.0,38610.0,3.67,"DES Area, Production & Yield Query Report"
Tamil Nadu,Tirupathur,2022,2022 - 2023,Whole Year,All Crops,9723.0,42420.0,4.36,"DES Area, Production & Yield Query Report"
Tamil Nadu,Tiruppur,2013,2013 - 2014,Whole Year,All Crops,7511.0,43377.0,5.78,"DES Area, Production & Yield Query Report"
Tamil Nadu,Tiruppur,2014,2014 - 2015,Whole Year,All Crops,10776.0,61916.0,5.75,"DES Area, Production & Yield Query Report"
Tamil Nadu,Tiruppur,2015,2015 - 2016,Whole Year,All Crops,10645.0,48167.0,4.52,"DES Area, Production & Yield Query Report"
Tamil Nadu,Tiruppur,2016,2016 - 2017,Whole Year,All Crops,1703.0,6422.0,3.77,"DES Area, Production & Yield Query Report"
Tamil Nadu,Tiruppur,2017,2017 - 2018,Whole Year,All Crops,7617.0,42754.0,5.61,"DES Area, Production & Yield Query Report"
Tamil Nadu,Tiruppur,2018,2018 - 2019,Whole Year,All Crops,10407.0,52001.0,5.0,"DES Area, Production & Yield Query Report"
Tamil Nadu,Tiruppur,2019,2019 - 2020,Whole Year,All Crops,9849.0,47760.0,4.85,"DES Area, Production & Yield Query Report"
Tamil Nadu,Tiruppur,2020,2020 - 2021,Whole Year,All Crops,10544.0,45559.0,4.32,"DES Area, Production & Yield Query Report"
Tamil Nadu,Tiruppur,2021,2021 - 2022,Whole Year,All Crops,11578.0,49890.0,4.31,"DES Area, Production & Yield Query Report"
Tamil Nadu,Tiruppur,2022,2022 - 2023,Whole Year,All Crops,10402.0,45462.0,4.37,"DES Area, Production & Yield Query Report"
Tamil Nadu,Tiruvannamalai,2013,2013 - 2014,Whole Year,All Crops,82625.0,359403.0,4.35,"DES Area, Production & Yield Query Report"
Tamil Nadu,Tiruvannamalai,2014,2014 - 2015,Whole Year,All Crops,93130.0,439225.0,4.72,"DES Area, Production & Yield Query Report"
Tamil Nadu,Tiruvannamalai,2015,2015 - 2016,Whole Year,All Crops,138880.0,550738.0,3.97,"DES Area, Production & Yield Query Report"
Tamil Nadu,Tiruvannamalai,2016,2016 - 2017,Whole Year,All Crops,78149.0,291303.0,3.73,"DES Area, Production & Yield Query Report"
Tamil Nadu,Tiruvannamalai,2017,2017 - 2018,Whole Year,All Crops,161709.0,704247.0,4.36,"DES Area, Production & Yield Query Report"
Tamil Nadu,Tiruvannamalai,2018,2018 - 2019,Whole Year,All Crops,97047.0,390790.0,4.03,"DES Area, Production & Yield Query Report"
Tamil Nadu,Tiruvannamalai,2019,2019 - 2020,Whole Year,All Crops,161679.0,689469.0,4.26,"DES Area, Production & Yield Query Report"
Tamil Nadu,Tiruvannamalai,2020,2020 - 2021,Whole Year,All Crops,170608.0,714278.0,4.19,"DES Area, Production & Yield Query Report"
Tamil Nadu,Tiruvannamalai,2021,2021 - 2022,Whole Year,All Crops,184422.0,675536.0,3.66,"DES Area, Production & Yield Query Report"
Tamil Nadu,Tiruvannamalai,2022,2022 - 2023,Whole Year,All Crops,170693.0,646058.0,3.78,"DES Area, Production & Yield Query Report"
Tamil Nadu,Vellore,2013,2013 - 2014,Whole Year,All Crops,39366.0,192496.0,4.89,"DES Area, Production & Yield Query Report"
Tamil Nadu,Vellore,2014,2014 - 2015,Whole Year,All Crops,36583.0,194725.0,5.32,"DES Area, Production & Yield Query Report"
Tamil Nadu,Vellore,2015,2015 - 2016,Whole Year,All Crops,51771.0,202224.0,3.91,"DES Area, Production & Yield Query Report"
Tamil Nadu,Vellore,2016,2016 - 2017,Whole Year,All Crops,44570.0,187013.0,4.2,"DES Area, Production & Yield Query Report"
Tamil Nadu,Vellore,2017,2017 - 2018,Whole Year,All Crops,54938.0,255173.0,4.64,"DES Area, Production & Yield Query Report"
Tamil Nadu,Vellore,2018,2018 - 2019,Whole Year,All Crops,40637.0,186726.0,4.59,"DES Area, Production & Yield Query Report"
Tamil Nadu,Vellore,2019,2019 - 2020,Whole Year,All Crops,45569.0,204614.0,4.49,"DES Area, Production & Yield Query Report"
Tamil Nadu,Vellore,2020,2020 - 2021,Whole Year,All Crops,8221.0,35798.0,4.35,"DES Area, Production & Yield Query Report"
Tamil Nadu,Vellore,2021,2021 - 2022,Whole Year,All Crops,9677.0,37319.0,3.86,"DES Area, Production & Yield Query Report"
Tamil Nadu,Vellore,2022,2022 - 2023,Whole Year,All Crops,9758.0,36653.0,3.76,"DES Area, Production & Yield Query Report"
Tamil Nadu,Villupuram,2013,2013 - 2014,Whole Year,All Crops,170443.0,796608.0,4.67,"DES Area, Production & Yield Query Report"
Tamil Nadu,Villupuram,2014,2014 - 2015,Whole Year,All Crops,171478.0,832585.0,4.86,"DES Area, Production & Yield Query Report"
Tamil Nadu,Villupuram,2015,2015 - 2016,Whole Year,All Crops,182303.0,773313.0,4.24,"DES Area, Production & Yield Query Report"
Tamil Nadu,Villupuram,2016,2016 - 2017,Whole Year,All Crops,95560.0,354198.0,3.71,"DES Area, Production & Yield Query Report"
Tamil Nadu,Villupuram,2017,2017 - 2018,Whole Year,All Crops,163632.0,703285.0,4.3,"DES Area, Production & Yield Query Report"
Tamil Nadu,Villupuram,2018,2018 - 2019,Whole Year,All Crops,110521.0,496173.0,4.49,"DES Area, Production & Yield Query Report"
Tamil Nadu,Villupuram,2019,2019 - 2020,Whole Year,All Crops,163293.0,681883.0,4.18,"DES Area, Production & Yield Query Report"
Tamil Nadu,Villupuram,2020,2020 - 2021,Whole Year,All Crops,101654.0,403390.0,3.97,"DES Area, Production & Yield Query Report"
Tamil Nadu,Villupuram,2021,2021 - 2022,Whole Year,All Crops,116855.0,422769.0,3.62,"DES Area, Production & Yield Query Report"
Tamil Nadu,Villupuram,2022,2022 - 2023,Whole Year,All Crops,102577.0,384233.0,3.75,"DES Area, Production & Yield Query Report"
Tamil Nadu,Virudhunagar,2013,2013 - 2014,Whole Year,All Crops,16470.0,68146.0,4.14,"DES Area, Production & Yield Query Report"
Tamil Nadu,Virudhunagar,2014,2014 - 2015,Whole Year,All Crops,19610.0,81406.0,4.15,"DES Area, Production & Yield Query Report"
Tamil Nadu,Virudhunagar,2015,2015 - 2016,Whole Year,All Crops,28607.0,100607.0,3.52,"DES Area, Production & Yield Query Report"
Tamil Nadu,Virudhunagar,2016,2016 - 2017,Whole Year,All Crops,13826.0,15883.0,1.15,"DES Area, Production & Yield Query Report"
Tamil Nadu,Virudhunagar,2017,2017 - 2018,Whole Year,All Crops,18543.0,70470.0,3.8,"DES Area, Production & Yield Query Report"
Tamil Nadu,Virudhunagar,2018,2018 - 2019,Whole Year,All Crops,20238.0,69963.0,3.46,"DES Area, Production & Yield Query Report"
Tamil Nadu,Virudhunagar,2019,2019 - 2020,Whole Year,All Crops,24492.0,82781.0,3.38,"DES Area, Production & Yield Query Report"
Tamil Nadu,Virudhunagar,2020,2020 - 2021,Whole Year,All Crops,27500.0,95707.0,3.48,"DES Area, Production & Yield Query Report"
Tamil Nadu,Virudhunagar,2021,2021 - 2022,Whole Year,All Crops,28965.0,87293.0,3.01,"DES Area, Production & Yield Query Report"
Tamil Nadu,Virudhunagar,2022,2022 - 2023,Whole Year,All Crops,28274.0,93991.0,3.32,"DES Area, Production & Yield Query Report"
Telangana,Adilabad,2013,2013 - 2014,Whole Year,All Crops,90693.0,248911.0,2.74,"DES Area, Production & Yield Query Report"
Telangana,Adilabad,2014,2014 - 2015,Whole Year,All Crops,50080.0,126126.0,2.52,"DES Area, Production & Yield Query Report"
Telangana,Adilabad,2015,2015 - 2016,Whole Year,All Crops,57504.0,151596.0,2.64,"DES Area, Production & Yield Query Report"
Telangana,Adilabad,2016,2016 - 2017,Whole Year,All Crops,1259.0,3284.0,2.61,"DES Area, Production & Yield Query Report"
Telangana,Adilabad,2017,2017 - 2018,Whole Year,All Crops,571.0,1388.0,2.43,"DES Area, Production & Yield Query Report"
Telangana,Adilabad,2018,2018 - 2019,Whole Year,All Crops,427.0,1365.0,3.2,"DES Area, Production & Yield Query Report"
Telangana,Adilabad,2019,2019 - 2020,Whole Year,All Crops,705.0,2579.0,3.66,"DES Area, Production & Yield Query Report"
Telangana,Adilabad,2020,2020 - 2021,Whole Year,All Crops,1056.0,3275.0,3.1,"DES Area, Production & Yield Query Report"
Telangana,Adilabad,2021,2021 - 2022,Whole Year,All Crops,832.0,2750.0,3.31,"DES Area, Production & Yield Query Report"
Telangana,Adilabad,2022,2022 - 2023,Whole Year,All Crops,868.0,3026.0,3.49,"DES Area, Production & Yield Query Report"
Telangana,Bhadradri,2016,2016 - 2017,Whole Year,All Crops,53393.0,191763.0,3.59,"DES Area, Production & Yield Query Report"
Telangana,Bhadradri,2017,2017 - 2018,Whole Year,All Crops,54230.0,172384.0,3.18,"DES Area, Production & Yield Query Report"
Telangana,Bhadradri,2018,2018 - 2019,Whole Year,All Crops,53657.0,181780.0,3.39,"DES Area, Production & Yield Query Report"
Telangana,Bhadradri,2019,2019 - 2020,Whole Year,All Crops,80683.0,287393.0,3.56,"DES Area, Production & Yield Query Report"
Telangana,Bhadradri,2020,2020 - 2021,Whole Year,All Crops,91310.0,244223.0,2.67,"DES Area, Production & Yield Query Report"
Telangana,Bhadradri,2021,2021 - 2022,Whole Year,All Crops,79283.0,252297.0,3.18,"DES Area, Production & Yield Query Report"
Telangana,Bhadradri,2022,2022 - 2023,Whole Year,All Crops,91745.0,320957.0,3.5,"DES Area, Production & Yield Query Report"
Telangana,Jagitial,2016,2016 - 2017,Whole Year,All Crops,98851.0,371769.0,3.76,"DES Area, Production & Yield Query Report"
Telangana,Jagitial,2017,2017 - 2018,Whole Year,All Crops,92537.0,289827.0,3.13,"DES Area, Production & Yield Query Report"
Telangana,Jagitial,2018,2018 - 2019,Whole Year,All Crops,106654.0,430737.0,4.04,"DES Area, Production & Yield Query Report"
Telangana,Jagitial,2019,2019 - 2020,Whole Year,All Crops,195037.0,803763.0,4.12,"DES Area, Production & Yield Query Report"
Telangana,Jagitial,2020,2020 - 2021,Whole Year,All Crops,234554.0,878952.0,3.75,"DES Area, Production & Yield Query Report"
Telangana,Jagitial,2021,2021 - 2022,Whole Year,All Crops,193257.0,703785.0,3.64,"DES Area, Production & Yield Query Report"
Telangana,Jagitial,2022,2022 - 2023,Whole Year,All Crops,243124.0,878525.0,3.61,"DES Area, Production & Yield Query Report"
Telangana,Jangoan,2016,2016 - 2017,Whole Year,All Crops,54340.0,192618.0,3.54,"DES Area, Production & Yield Query Report"
Telangana,Jangoan,2017,2017 - 2018,Whole Year,All Crops,51361.0,154535.0,3.01,"DES Area, Production & Yield Query Report"
Telangana,Jangoan,2018,2018 - 2019,Whole Year,All Crops,41455.0,122852.0,2.96,"DES Area, Production & Yield Query Report"
Telangana,Jangoan,2019,2019 - 2020,Whole Year,All Crops,77444.0,263921.0,3.41,"DES Area, Production & Yield Query Report"
Telangana,Jangoan,2020,2020 - 2021,Whole Year,All Crops,125093.0,414326.0,3.31,"DES Area, Production & Yield Query Report"
Telangana,Jangoan,2021,2021 - 2022,Whole Year,All Crops,134438.0,430136.0,3.2,"DES Area, Production & Yield Query Report"
Telangana,Jangoan,2022,2022 - 2023,Whole Year,All Crops,164366.0,419278.0,2.55,"DES Area, Production & Yield Query Report"
Telangana,Jayashankar,2016,2016 - 2017,Whole Year,All Crops,87268.0,301662.0,3.46,"DES Area, Production & Yield Query Report"
Telangana,Jayashankar,2017,2017 - 2018,Whole Year,All Crops,84876.0,235377.0,2.77,"DES Area, Production & Yield Query Report"
Telangana,Jayashankar,2018,2018 - 2019,Whole Year,All Crops,38412.0,136401.0,3.55,"DES Area, Production & Yield Query Report"
Telangana,Jayashankar,2019,2019 - 2020,Whole Year,All Crops,59208.0,199838.0,3.38,"DES Area, Production & Yield Query Report"
Telangana,Jayashankar,2020,2020 - 2021,Whole Year,All Crops,72992.0,233950.0,3.21,"DES Area, Production & Yield Query Report"
Telangana,Jayashankar,2021,2021 - 2022,Whole Year,All Crops,63081.0,184387.0,2.92,"DES Area, Production & Yield Query Report"
Telangana,Jayashankar,2022,2022 - 2023,Whole Year,All Crops,78505.0,249920.0,3.18,"DES Area, Production & Yield Query Report"
Telangana,Jogulamba,2016,2016 - 2017,Whole Year,All Crops,22039.0,56412.0,2.56,"DES Area, Production & Yield Query Report"
Telangana,Jogulamba,2017,2017 - 2018,Whole Year,All Crops,26050.0,61542.0,2.36,"DES Area, Production & Yield Query Report"
Telangana,Jogulamba,2018,2018 - 2019,Whole Year,All Crops,27404.0,71878.0,2.62,"DES Area, Production & Yield Query Report"
Telangana,Jogulamba,2019,2019 - 2020,Whole Year,All Crops,45414.0,144349.0,3.18,"DES Area, Production & Yield Query Report"
Telangana,Jogulamba,2020,2020 - 2021,Whole Year,All Crops,56305.0,166986.0,2.97,"DES Area, Production & Yield Query Report"
Telangana,Jogulamba,2021,2021 - 2022,Whole Year,All Crops,52824.0,140535.0,2.66,"DES Area, Production & Yield Query Report"
Telangana,Jogulamba,2022,2022 - 2023,Whole Year,All Crops,63949.0,211069.0,3.3,"DES Area, Production & Yield Query Report"
Telangana,Kamareddy,2016,2016 - 2017,Whole Year,All Crops,79950.0,311934.0,3.9,"DES Area, Production & Yield Query Report"
Telangana,Kamareddy,2017,2017 - 2018,Whole Year,All Crops,93931.0,315188.0,3.36,"DES Area, Production & Yield Query Report"
Telangana,Kamareddy,2018,2018 - 2019,Whole Year,All Crops,78114.0,320509.0,4.1,"DES Area, Production & Yield Query Report"
Telangana,Kamareddy,2019,2019 - 2020,Whole Year,All Crops,159195.0,691237.0,4.34,"DES Area, Production & Yield Query Report"
Telangana,Kamareddy,2020,2020 - 2021,Whole Year,All Crops,199643.0,760974.0,3.81,"DES Area, Production & Yield Query Report"
Telangana,Kamareddy,2021,2021 - 2022,Whole Year,All Crops,176072.0,701671.0,3.99,"DES Area, Production & Yield Query Report"
Telangana,Kamareddy,2022,2022 - 2023,Whole Year,All Crops,227016.0,896100.0,3.95,"DES Area, Production & Yield Query Report"
Telangana,Karimnagar,2013,2013 - 2014,Whole Year,All Crops,417912.0,1500835.0,3.59,"DES Area, Production & Yield Query Report"
Telangana,Karimnagar,2014,2014 - 2015,Whole Year,All Crops,278433.0,990963.0,3.56,"DES Area, Production & Yield Query Report"
Telangana,Karimnagar,2015,2015 - 2016,Whole Year,All Crops,170398.0,553962.0,3.25,"DES Area, Production & Yield Query Report"
Telangana,Karimnagar,2016,2016 - 2017,Whole Year,All Crops,94981.0,387493.0,4.08,"DES Area, Production & Yield Query Report"
Telangana,Karimnagar,2017,2017 - 2018,Whole Year,All Crops,101888.0,368408.0,3.62,"DES Area, Production & Yield Query Report"
Telangana,Karimnagar,2018,2018 - 2019,Whole Year,All Crops,103319.0,386471.0,3.74,"DES Area, Production & Yield Query Report"
Telangana,Karimnagar,2019,2019 - 2020,Whole Year,All Crops,169127.0,618010.0,3.65,"DES Area, Production & Yield Query Report"
Telangana,Karimnagar,2020,2020 - 2021,Whole Year,All Crops,209420.0,771310.0,3.68,"DES Area, Production & Yield Query Report"
Telangana,Karimnagar,2021,2021 - 2022,Whole Year,All Crops,196430.0,666618.0,3.39,"DES Area, Production & Yield Query Report"
Telangana,Karimnagar,2022,2022 - 2023,Whole Year,All Crops,220070.0,705789.0,3.21,"DES Area, Production & Yield Query Report"
Telangana,Khammam,2013,2013 - 2014,Whole Year,All Crops,191784.0,575284.0,3.0,"DES Area, Production & Yield Query Report"
Telangana,Khammam,2014,2014 - 2015,Whole Year,All Crops,145708.0,456179.0,3.13,"DES Area, Production & Yield Query Report"
Telangana,Khammam,2015,2015 - 2016,Whole Year,All Crops,121722.0,369342.0,3.03,"DES Area, Production & Yield Query Report"
Telangana,Khammam,2016,2016 - 2017,Whole Year,All Crops,68734.0,260449.0,3.79,"DES Area, Production & Yield Query Report"
Telangana,Khammam,2017,2017 - 2018,Whole Year,All Crops,107336.0,346363.0,3.23,"DES Area, Production & Yield Query Report"
Telangana,Khammam,2018,2018 - 2019,Whole Year,All Crops,114280.0,394874.0,3.46,"DES Area, Production & Yield Query Report"
Telangana,Khammam,2019,2019 - 2020,Whole Year,All Crops,174289.0,654074.0,3.75,"DES Area, Production & Yield Query Report"
Telangana,Khammam,2020,2020 - 2021,Whole Year,All Crops,204583.0,675523.0,3.3,"DES Area, Production & Yield Query Report"
Telangana,Khammam,2021,2021 - 2022,Whole Year,All Crops,156779.0,460767.0,2.94,"DES Area, Production & Yield Query Report"
Telangana,Khammam,2022,2022 - 2023,Whole Year,All Crops,204301.0,710948.0,3.48,"DES Area, Production & Yield Query Report"
Telangana,Komaram bheem asifabad,2016,2016 - 2017,Whole Year,All Crops,14816.0,39916.0,2.69,"DES Area, Production & Yield Query Report"
Telangana,Komaram bheem asifabad,2017,2017 - 2018,Whole Year,All Crops,9574.0,19229.0,2.01,"DES Area, Production & Yield Query Report"
Telangana,Komaram bheem asifabad,2018,2018 - 2019,Whole Year,All Crops,14511.0,31043.0,2.14,"DES Area, Production & Yield Query Report"
Telangana,Komaram bheem asifabad,2019,2019 - 2020,Whole Year,All Crops,29227.0,82850.0,2.83,"DES Area, Production & Yield Query Report"
Telangana,Komaram bheem asifabad,2020,2020 - 2021,Whole Year,All Crops,28960.0,85370.0,2.95,"DES Area, Production & Yield Query Report"
Telangana,Komaram bheem asifabad,2021,2021 - 2022,Whole Year,All Crops,24134.0,60012.0,2.49,"DES Area, Production & Yield Query Report"
Telangana,Komaram bheem asifabad,2022,2022 - 2023,Whole Year,All Crops,31107.0,88043.0,2.83,"DES Area, Production & Yield Query Report"
Telangana,Mahabubabad,2016,2016 - 2017,Whole Year,All Crops,47781.0,159521.0,3.34,"DES Area, Production & Yield Query Report"
Telangana,Mahabubabad,2017,2017 - 2018,Whole Year,All Crops,53002.0,140624.0,2.65,"DES Area, Production & Yield Query Report"
Telangana,Mahabubabad,2018,2018 - 2019,Whole Year,All Crops,53725.0,173208.0,3.22,"DES Area, Production & Yield Query Report"
Telangana,Mahabubabad,2019,2019 - 2020,Whole Year,All Crops,92890.0,312710.0,3.37,"DES Area, Production & Yield Query Report"
Telangana,Mahabubabad,2020,2020 - 2021,Whole Year,All Crops,127819.0,403170.0,3.15,"DES Area, Production & Yield Query Report"
Telangana,Mahabubabad,2021,2021 - 2022,Whole Year,All Crops,122790.0,357141.0,2.91,"DES Area, Production & Yield Query Report"
Telangana,Mahabubabad,2022,2022 - 2023,Whole Year,All Crops,144217.0,460664.0,3.19,"DES Area, Production & Yield Query Report"
Telangana,Mahbubnagar,2013,2013 - 2014,Whole Year,All Crops,168630.0,478700.0,2.84,"DES Area, Production & Yield Query Report"
Telangana,Mahbubnagar,2014,2014 - 2015,Whole Year,All Crops,160770.0,418097.0,2.6,"DES Area, Production & Yield Query Report"
Telangana,Mahbubnagar,2015,2015 - 2016,Whole Year,All Crops,96278.0,215022.0,2.23,"DES Area, Production & Yield Query Report"
Telangana,Mahbubnagar,2016,2016 - 2017,Whole Year,All Crops,52329.0,142165.0,2.72,"DES Area, Production & Yield Query Report"
Telangana,Mahbubnagar,2017,2017 - 2018,Whole Year,All Crops,59119.0,142899.0,2.42,"DES Area, Production & Yield Query Report"
Telangana,Mahbubnagar,2018,2018 - 2019,Whole Year,All Crops,18631.0,46476.0,2.49,"DES Area, Production & Yield Query Report"
Telangana,Mahbubnagar,2019,2019 - 2020,Whole Year,All Crops,31081.0,105067.0,3.38,"DES Area, Production & Yield Query Report"
Telangana,Mahbubnagar,2020,2020 - 2021,Whole Year,All Crops,95206.0,318234.0,3.34,"DES Area, Production & Yield Query Report"
Telangana,Mahbubnagar,2021,2021 - 2022,Whole Year,All Crops,98212.0,334337.0,3.4,"DES Area, Production & Yield Query Report"
Telangana,Mahbubnagar,2022,2022 - 2023,Whole Year,All Crops,135890.0,467054.0,3.44,"DES Area, Production & Yield Query Report"
Telangana,Mancherial,2016,2016 - 2017,Whole Year,All Crops,42223.0,139943.0,3.31,"DES Area, Production & Yield Query Report"
Telangana,Mancherial,2017,2017 - 2018,Whole Year,All Crops,47334.0,121571.0,2.57,"DES Area, Production & Yield Query Report"
Telangana,Mancherial,2018,2018 - 2019,Whole Year,All Crops,60287.0,203485.0,3.38,"DES Area, Production & Yield Query Report"
Telangana,Mancherial,2019,2019 - 2020,Whole Year,All Crops,103753.0,338178.0,3.26,"DES Area, Production & Yield Query Report"
Telangana,Mancherial,2020,2020 - 2021,Whole Year,All Crops,110936.0,335396.0,3.02,"DES Area, Production & Yield Query Report"
Telangana,Mancherial,2021,2021 - 2022,Whole Year,All Crops,91124.0,246070.0,2.7,"DES Area, Production & Yield Query Report"
Telangana,Mancherial,2022,2022 - 2023,Whole Year,All Crops,105604.0,330641.0,3.13,"DES Area, Production & Yield Query Report"
Telangana,Medak,2013,2013 - 2014,Whole Year,All Crops,170970.0,624485.0,3.65,"DES Area, Production & Yield Query Report"
Telangana,Medak,2014,2014 - 2015,Whole Year,All Crops,110893.0,363084.0,3.27,"DES Area, Production & Yield Query Report"
Telangana,Medak,2015,2015 - 2016,Whole Year,All Crops,84171.0,239779.0,2.85,"DES Area, Production & Yield Query Report"
Telangana,Medak,2016,2016 - 2017,Whole Year,All Crops,77219.0,284970.0,3.69,"DES Area, Production & Yield Query Report"
Telangana,Medak,2017,2017 - 2018,Whole Year,All Crops,77541.0,241337.0,3.11,"DES Area, Production & Yield Query Report"
Telangana,Medak,2018,2018 - 2019,Whole Year,All Crops,43150.0,146955.0,3.41,"DES Area, Production & Yield Query Report"
Telangana,Medak,2019,2019 - 2020,Whole Year,All Crops,80081.0,330580.0,4.13,"DES Area, Production & Yield Query Report"
Telangana,Medak,2020,2020 - 2021,Whole Year,All Crops,148146.0,548409.0,3.7,"DES Area, Production & Yield Query Report"
Telangana,Medak,2021,2021 - 2022,Whole Year,All Crops,161341.0,605051.0,3.75,"DES Area, Production & Yield Query Report"
Telangana,Medak,2022,2022 - 2023,Whole Year,All Crops,224666.0,785776.0,3.5,"DES Area, Production & Yield Query Report"
Telangana,Medchal,2016,2016 - 2017,Whole Year,All Crops,6429.0,22592.0,3.51,"DES Area, Production & Yield Query Report"
Telangana,Medchal,2017,2017 - 2018,Whole Year,All Crops,9396.0,33903.0,3.61,"DES Area, Production & Yield Query Report"
Telangana,Medchal,2018,2018 - 2019,Whole Year,All Crops,6734.0,25841.0,3.84,"DES Area, Production & Yield Query Report"
Telangana,Medchal,2019,2019 - 2020,Whole Year,All Crops,9016.0,33551.0,3.72,"DES Area, Production & Yield Query Report"
Telangana,Medchal,2020,2020 - 2021,Whole Year,All Crops,11976.0,39917.0,3.33,"DES Area, Production & Yield Query Report"
Telangana,Medchal,2021,2021 - 2022,Whole Year,All Crops,9453.0,33944.0,3.59,"DES Area, Production & Yield Query Report"
Telangana,Medchal,2022,2022 - 2023,Whole Year,All Crops,13028.0,49878.0,3.83,"DES Area, Production & Yield Query Report"
Telangana,Mulugu,2018,2018 - 2019,Whole Year,All Crops,49296.0,175413.0,3.56,"DES Area, Production & Yield Query Report"
Telangana,Mulugu,2019,2019 - 2020,Whole Year,All Crops,54402.0,192688.0,3.54,"DES Area, Production & Yield Query Report"
Telangana,Mulugu,2020,2020 - 2021,Whole Year,All Crops,62399.0,189071.0,3.03,"DES Area, Production & Yield Query Report"
Telangana,Mulugu,2021,2021 - 2022,Whole Year,All Crops,51517.0,154587.0,3.0,"DES Area, Production & Yield Query Report"
Telangana,Mulugu,2022,2022 - 2023,Whole Year,All Crops,60282.0,189052.0,3.14,"DES Area, Production & Yield Query Report"
Telangana,Nagarkurnool,2016,2016 - 2017,Whole Year,All Crops,19209.0,48325.0,2.52,"DES Area, Production & Yield Query Report"
Telangana,Nagarkurnool,2017,2017 - 2018,Whole Year,All Crops,25906.0,73991.0,2.86,"DES Area, Production & Yield Query Report"
Telangana,Nagarkurnool,2018,2018 - 2019,Whole Year,All Crops,32550.0,82098.0,2.52,"DES Area, Production & Yield Query Report"
Telangana,Nagarkurnool,2019,2019 - 2020,Whole Year,All Crops,60390.0,205727.0,3.41,"DES Area, Production & Yield Query Report"
Telangana,Nagarkurnool,2020,2020 - 2021,Whole Year,All Crops,99655.0,307843.0,3.09,"DES Area, Production & Yield Query Report"
Telangana,Nagarkurnool,2021,2021 - 2022,Whole Year,All Crops,75035.0,228119.0,3.04,"DES Area, Production & Yield Query Report"
Telangana,Nagarkurnool,2022,2022 - 2023,Whole Year,All Crops,112760.0,383727.0,3.4,"DES Area, Production & Yield Query Report"
Telangana,Nalgonda,2013,2013 - 2014,Whole Year,All Crops,393743.0,1205285.0,3.06,"DES Area, Production & Yield Query Report"
Telangana,Nalgonda,2014,2014 - 2015,Whole Year,All Crops,323375.0,1041359.0,3.22,"DES Area, Production & Yield Query Report"
Telangana,Nalgonda,2015,2015 - 2016,Whole Year,All Crops,212730.0,620453.0,2.92,"DES Area, Production & Yield Query Report"
Telangana,Nalgonda,2016,2016 - 2017,Whole Year,All Crops,137550.0,474867.0,3.45,"DES Area, Production & Yield Query Report"
Telangana,Nalgonda,2017,2017 - 2018,Whole Year,All Crops,160735.0,477884.0,2.97,"DES Area, Production & Yield Query Report"
Telangana,Nalgonda,2018,2018 - 2019,Whole Year,All Crops,179755.0,574358.0,3.2,"DES Area, Production & Yield Query Report"
Telangana,Nalgonda,2019,2019 - 2020,Whole Year,All Crops,277871.0,957186.0,3.44,"DES Area, Production & Yield Query Report"
Telangana,Nalgonda,2020,2020 - 2021,Whole Year,All Crops,345953.0,1220314.0,3.53,"DES Area, Production & Yield Query Report"
Telangana,Nalgonda,2021,2021 - 2022,Whole Year,All Crops,362236.0,1209455.0,3.34,"DES Area, Production & Yield Query Report"
Telangana,Nalgonda,2022,2022 - 2023,Whole Year,All Crops,429354.0,1521865.0,3.54,"DES Area, Production & Yield Query Report"
Telangana,Narayanapet,2018,2018 - 2019,Whole Year,All Crops,30521.0,76088.0,2.49,"DES Area, Production & Yield Query Report"
Telangana,Narayanapet,2019,2019 - 2020,Whole Year,All Crops,59998.0,195301.0,3.26,"DES Area, Production & Yield Query Report"
Telangana,Narayanapet,2020,2020 - 2021,Whole Year,All Crops,80798.0,261165.0,3.23,"DES Area, Production & Yield Query Report"
Telangana,Narayanapet,2021,2021 - 2022,Whole Year,All Crops,79096.0,259056.0,3.28,"DES Area, Production & Yield Query Report"
Telangana,Narayanapet,2022,2022 - 2023,Whole Year,All Crops,120920.0,405414.0,3.35,"DES Area, Production & Yield Query Report"
Telangana,Nirmal,2016,2016 - 2017,Whole Year,All Crops,37593.0,115598.0,3.07,"DES Area, Production & Yield Query Report"
Telangana,Nirmal,2017,2017 - 2018,Whole Year,All Crops,36190.0,107691.0,2.98,"DES Area, Production & Yield Query Report"
Telangana,Nirmal,2018,2018 - 2019,Whole Year,All Crops,43343.0,143956.0,3.32,"DES Area, Production & Yield Query Report"
Telangana,Nirmal,2019,2019 - 2020,Whole Year,All Crops,79462.0,298989.0,3.76,"DES Area, Production & Yield Query Report"
Telangana,Nirmal,2020,2020 - 2021,Whole Year,All Crops,81477.0,278746.0,3.42,"DES Area, Production & Yield Query Report"
Telangana,Nirmal,2021,2021 - 2022,Whole Year,All Crops,70938.0,236713.0,3.34,"DES Area, Production & Yield Query Report"
Telangana,Nirmal,2022,2022 - 2023,Whole Year,All Crops,94498.0,313667.0,3.32,"DES Area, Production & Yield Query Report"
Telangana,Nizamabad,2013,2013 - 2014,Whole Year,All Crops,260812.0,1044192.0,4.0,"DES Area, Production & Yield Query Report"
Telangana,Nizamabad,2014,2014 - 2015,Whole Year,All Crops,169272.0,620525.0,3.67,"DES Area, Production & Yield Query Report"
Telangana,Nizamabad,2015,2015 - 2016,Whole Year,All Crops,98029.0,262787.0,2.68,"DES Area, Production & Yield Query Report"
Telangana,Nizamabad,2016,2016 - 2017,Whole Year,All Crops,186022.0,755076.0,4.06,"DES Area, Production & Yield Query Report"
Telangana,Nizamabad,2017,2017 - 2018,Whole Year,All Crops,173281.0,653761.0,3.77,"DES Area, Production & Yield Query Report"
Telangana,Nizamabad,2018,2018 - 2019,Whole Year,All Crops,168354.0,691659.0,4.11,"DES Area, Production & Yield Query Report"
Telangana,Nizamabad,2019,2019 - 2020,Whole Year,All Crops,273891.0,1121505.0,4.09,"DES Area, Production & Yield Query Report"
Telangana,Nizamabad,2020,2020 - 2021,Whole Year,All Crops,311839.0,1211752.0,3.89,"DES Area, Production & Yield Query Report"
Telangana,Nizamabad,2021,2021 - 2022,Whole Year,All Crops,293740.0,1139369.0,3.88,"DES Area, Production & Yield Query Report"
Telangana,Nizamabad,2022,2022 - 2023,Whole Year,All Crops,331040.0,1305515.0,3.94,"DES Area, Production & Yield Query Report"
Telangana,Peddapalli,2016,2016 - 2017,Whole Year,All Crops,96439.0,399210.0,4.14,"DES Area, Production & Yield Query Report"
Telangana,Peddapalli,2017,2017 - 2018,Whole Year,All Crops,88665.0,303881.0,3.43,"DES Area, Production & Yield Query Report"
Telangana,Peddapalli,2018,2018 - 2019,Whole Year,All Crops,98117.0,388119.0,3.96,"DES Area, Production & Yield Query Report"
Telangana,Peddapalli,2019,2019 - 2020,Whole Year,All Crops,155927.0,616848.0,3.96,"DES Area, Production & Yield Query Report"
Telangana,Peddapalli,2020,2020 - 2021,Whole Year,All Crops,162961.0,567042.0,3.48,"DES Area, Production & Yield Query Report"
Telangana,Peddapalli,2021,2021 - 2022,Whole Year,All Crops,153105.0,510204.0,3.33,"DES Area, Production & Yield Query Report"
Telangana,Peddapalli,2022,2022 - 2023,Whole Year,All Crops,170600.0,624819.0,3.66,"DES Area, Production & Yield Query Report"
Telangana,Rajanna,2016,2016 - 2017,Whole Year,All Crops,54266.0,212740.0,3.92,"DES Area, Production & Yield Query Report"
Telangana,Rajanna,2017,2017 - 2018,Whole Year,All Crops,45625.0,144575.0,3.17,"DES Area, Production & Yield Query Report"
Telangana,Rajanna,2018,2018 - 2019,Whole Year,All Crops,42001.0,152056.0,3.62,"DES Area, Production & Yield Query Report"
Telangana,Rajanna,2019,2019 - 2020,Whole Year,All Crops,94569.0,389479.0,4.12,"DES Area, Production & Yield Query Report"
Telangana,Rajanna,2020,2020 - 2021,Whole Year,All Crops,127873.0,454680.0,3.56,"DES Area, Production & Yield Query Report"
Telangana,Rajanna,2021,2021 - 2022,Whole Year,All Crops,118247.0,459997.0,3.89,"DES Area, Production & Yield Query Report"
Telangana,Rajanna,2022,2022 - 2023,Whole Year,All Crops,141003.0,511406.0,3.63,"DES Area, Production & Yield Query Report"
Telangana,Rangareddi,2013,2013 - 2014,Whole Year,All Crops,45040.0,102874.0,2.28,"DES Area, Production & Yield Query Report"
Telangana,Rangareddi,2014,2014 - 2015,Whole Year,All Crops,34882.0,91214.0,2.61,"DES Area, Production & Yield Query Report"
Telangana,Rangareddi,2015,2015 - 2016,Whole Year,All Crops,24283.0,61406.0,2.53,"DES Area, Production & Yield Query Report"
Telangana,Rangareddi,2016,2016 - 2017,Whole Year,All Crops,18411.0,52033.0,2.83,"DES Area, Production & Yield Query Report"
Telangana,Rangareddi,2017,2017 - 2018,Whole Year,All Crops,25355.0,70667.0,2.79,"DES Area, Production & Yield Query Report"
Telangana,Rangareddi,2018,2018 - 2019,Whole Year,All Crops,20027.0,54250.0,2.71,"DES Area, Production & Yield Query Report"
Telangana,Rangareddi,2019,2019 - 2020,Whole Year,All Crops,30618.0,92166.0,3.01,"DES Area, Production & Yield Query Report"
Telangana,Rangareddi,2020,2020 - 2021,Whole Year,All Crops,69062.0,236041.0,3.42,"DES Area, Production & Yield Query Report"
Telangana,Rangareddi,2021,2021 - 2022,Whole Year,All Crops,59357.0,199874.0,3.37,"DES Area, Production & Yield Query Report"
Telangana,Rangareddi,2022,2022 - 2023,Whole Year,All Crops,87391.0,315929.0,3.62,"DES Area, Production & Yield Query Report"
Telangana,Sangareddy,2016,2016 - 2017,Whole Year,All Crops,26406.0,104482.0,3.96,"DES Area, Production & Yield Query Report"
Telangana,Sangareddy,2017,2017 - 2018,Whole Year,All Crops,39357.0,148031.0,3.76,"DES Area, Production & Yield Query Report"
Telangana,Sangareddy,2018,2018 - 2019,Whole Year,All Crops,24026.0,71027.0,2.96,"DES Area, Production & Yield Query Report"
Telangana,Sangareddy,2019,2019 - 2020,Whole Year,All Crops,31514.0,115280.0,3.66,"DES Area, Production & Yield Query Report"
Telangana,Sangareddy,2020,2020 - 2021,Whole Year,All Crops,64627.0,215760.0,3.34,"DES Area, Production & Yield Query Report"
Telangana,Sangareddy,2021,2021 - 2022,Whole Year,All Crops,54822.0,205202.0,3.74,"DES Area, Production & Yield Query Report"
Telangana,Sangareddy,2022,2022 - 2023,Whole Year,All Crops,101047.0,384936.0,3.81,"DES Area, Production & Yield Query Report"
Telangana,Siddipet,2016,2016 - 2017,Whole Year,All Crops,71425.0,258255.0,3.62,"DES Area, Production & Yield Query Report"
Telangana,Siddipet,2017,2017 - 2018,Whole Year,All Crops,79870.0,283062.0,3.54,"DES Area, Production & Yield Query Report"
Telangana,Siddipet,2018,2018 - 2019,Whole Year,All Crops,64006.0,184672.0,2.89,"DES Area, Production & Yield Query Report"
Telangana,Siddipet,2019,2019 - 2020,Whole Year,All Crops,114697.0,432602.0,3.77,"DES Area, Production & Yield Query Report"
Telangana,Siddipet,2020,2020 - 2021,Whole Year,All Crops,202964.0,774123.0,3.81,"DES Area, Production & Yield Query Report"
Telangana,Siddipet,2021,2021 - 2022,Whole Year,All Crops,226943.0,856406.0,3.77,"DES Area, Production & Yield Query Report"
Telangana,Siddipet,2022,2022 - 2023,Whole Year,All Crops,289288.0,934587.0,3.23,"DES Area, Production & Yield Query Report"
Telangana,Suryapet,2016,2016 - 2017,Whole Year,All Crops,140924.0,498104.0,3.53,"DES Area, Production & Yield Query Report"
Telangana,Suryapet,2017,2017 - 2018,Whole Year,All Crops,155582.0,560512.0,3.6,"DES Area, Production & Yield Query Report"
Telangana,Suryapet,2018,2018 - 2019,Whole Year,All Crops,175504.0,605362.0,3.45,"DES Area, Production & Yield Query Report"
Telangana,Suryapet,2019,2019 - 2020,Whole Year,All Crops,279827.0,1002945.0,3.58,"DES Area, Production & Yield Query Report"
Telangana,Suryapet,2020,2020 - 2021,Whole Year,All Crops,337207.0,1184755.0,3.51,"DES Area, Production & Yield Query Report"
Telangana,Suryapet,2021,2021 - 2022,Whole Year,All Crops,367403.0,1200413.0,3.27,"DES Area, Production & Yield Query Report"
Telangana,Suryapet,2022,2022 - 2023,Whole Year,All Crops,384553.0,1359409.0,3.54,"DES Area, Production & Yield Query Report"
Telangana,Vikarabad,2016,2016 - 2017,Whole Year,All Crops,20479.0,54011.0,2.64,"DES Area, Production & Yield Query Report"
Telangana,Vikarabad,2017,2017 - 2018,Whole Year,All Crops,19486.0,57037.0,2.93,"DES Area, Production & Yield Query Report"
Telangana,Vikarabad,2018,2018 - 2019,Whole Year,All Crops,15161.0,44286.0,2.92,"DES Area, Production & Yield Query Report"
Telangana,Vikarabad,2019,2019 - 2020,Whole Year,All Crops,24748.0,83727.0,3.38,"DES Area, Production & Yield Query Report"
Telangana,Vikarabad,2020,2020 - 2021,Whole Year,All Crops,58782.0,173973.0,2.96,"DES Area, Production & Yield Query Report"
Telangana,Vikarabad,2021,2021 - 2022,Whole Year,All Crops,53696.0,157083.0,2.93,"DES Area, Production & Yield Query Report"
Telangana,Vikarabad,2022,2022 - 2023,Whole Year,All Crops,91210.0,295879.0,3.24,"DES Area, Production & Yield Query Report"
Telangana,Wanaparthy,2016,2016 - 2017,Whole Year,All Crops,45642.0,128757.0,2.82,"DES Area, Production & Yield Query Report"
Telangana,Wanaparthy,2017,2017 - 2018,Whole Year,All Crops,55851.0,130235.0,2.33,"DES Area, Production & Yield Query Report"
Telangana,Wanaparthy,2018,2018 - 2019,Whole Year,All Crops,58722.0,172491.0,2.94,"DES Area, Production & Yield Query Report"
Telangana,Wanaparthy,2019,2019 - 2020,Whole Year,All Crops,102049.0,337353.0,3.31,"DES Area, Production & Yield Query Report"
Telangana,Wanaparthy,2020,2020 - 2021,Whole Year,All Crops,131043.0,412789.0,3.15,"DES Area, Production & Yield Query Report"
Telangana,Wanaparthy,2021,2021 - 2022,Whole Year,All Crops,91892.0,324554.0,3.53,"DES Area, Production & Yield Query Report"
Telangana,Wanaparthy,2022,2022 - 2023,Whole Year,All Crops,140192.0,492892.0,3.52,"DES Area, Production & Yield Query Report"
Telangana,Warangal,2013,2013 - 2014,Whole Year,All Crops,254853.0,800524.0,3.14,"DES Area, Production & Yield Query Report"
Telangana,Warangal,2014,2014 - 2015,Whole Year,All Crops,142007.0,437435.0,3.08,"DES Area, Production & Yield Query Report"
Telangana,Warangal,2015,2015 - 2016,Whole Year,All Crops,181073.0,572942.0,3.16,"DES Area, Production & Yield Query Report"
Telangana,Warangal,2016,2016 - 2017,Whole Year,All Crops,56850.0,209748.0,3.69,"DES Area, Production & Yield Query Report"
Telangana,Warangal,2017,2017 - 2018,Whole Year,All Crops,54000.0,147274.0,2.73,"DES Area, Production & Yield Query Report"
Telangana,Warangal,2018,2018 - 2019,Whole Year,All Crops,54239.0,183006.0,3.37,"DES Area, Production & Yield Query Report"
Telangana,Warangal,2019,2019 - 2020,Whole Year,All Crops,79668.0,286264.0,3.59,"DES Area, Production & Yield Query Report"
Telangana,Warangal,2020,2020 - 2021,Whole Year,All Crops,99175.0,338313.0,3.41,"DES Area, Production & Yield Query Report"
Telangana,Warangal,2021,2021 - 2022,Whole Year,All Crops,77708.0,245704.0,3.16,"DES Area, Production & Yield Query Report"
Telangana,Warangal,2022,2022 - 2023,Whole Year,All Crops,100323.0,340724.0,3.4,"DES Area, Production & Yield Query Report"
Telangana,Warangal urban,2016,2016 - 2017,Whole Year,All Crops,37970.0,137924.0,3.63,"DES Area, Production & Yield Query Report"
Telangana,Warangal urban,2017,2017 - 2018,Whole Year,All Crops,34797.0,117914.0,3.39,"DES Area, Production & Yield Query Report"
Telangana,Warangal urban,2018,2018 - 2019,Whole Year,All Crops,28700.0,97551.0,3.4,"DES Area, Production & Yield Query Report"
Telangana,Warangal urban,2019,2019 - 2020,Whole Year,All Crops,56849.0,207951.0,3.66,"DES Area, Production & Yield Query Report"
Telangana,Warangal urban,2020,2020 - 2021,Whole Year,All Crops,81999.0,270837.0,3.3,"DES Area, Production & Yield Query Report"
Telangana,Warangal urban,2021,2021 - 2022,Whole Year,All Crops,98829.0,349807.0,3.54,"DES Area, Production & Yield Query Report"
Telangana,Warangal urban,2022,2022 - 2023,Whole Year,All Crops,114086.0,424236.0,3.72,"DES Area, Production & Yield Query Report"
Telangana,Yadadri,2016,2016 - 2017,Whole Year,All Crops,77776.0,283458.0,3.64,"DES Area, Production & Yield Query Report"
Telangana,Yadadri,2017,2017 - 2018,Whole Year,All Crops,98930.0,342339.0,3.46,"DES Area, Production & Yield Query Report"
Telangana,Yadadri,2018,2018 - 2019,Whole Year,All Crops,86690.0,298677.0,3.45,"DES Area, Production & Yield Query Report"
Telangana,Yadadri,2019,2019 - 2020,Whole Year,All Crops,132583.0,481685.0,3.63,"DES Area, Production & Yield Query Report"
Telangana,Yadadri,2020,2020 - 2021,Whole Year,All Crops,182299.0,591429.0,3.24,"DES Area, Production & Yield Query Report"
Telangana,Yadadri,2021,2021 - 2022,Whole Year,All Crops,170422.0,563670.0,3.31,"DES Area, Production & Yield Query Report"
Telangana,Yadadri,2022,2022 - 2023,Whole Year,All Crops,238648.0,829921.0,3.48,"DES Area, Production & Yield Query Report"
Tripura,Dhalai,2013,2013 - 2014,Whole Year,All Crops,32839.0,81231.0,2.47,"DES Area, Production & Yield Query Report"
Tripura,Dhalai,2014,2014 - 2015,Whole Year,All Crops,32274.0,82856.0,2.57,"DES Area, Production & Yield Query Report"
Tripura,Dhalai,2015,2015 - 2016,Whole Year,All Crops,31722.0,78770.0,2.48,"DES Area, Production & Yield Query Report"
Tripura,Dhalai,2016,2016 - 2017,Whole Year,All Crops,34902.0,87262.0,2.5,"DES Area, Production & Yield Query Report"
Tripura,Dhalai,2017,2017 - 2018,Whole Year,All Crops,33848.0,87769.0,2.59,"DES Area, Production & Yield Query Report"
Tripura,Dhalai,2018,2018 - 2019,Whole Year,All Crops,34321.0,89252.0,2.6,"DES Area, Production & Yield Query Report"
Tripura,Dhalai,2019,2019 - 2020,Whole Year,All Crops,34247.0,87682.0,2.56,"DES Area, Production & Yield Query Report"
Tripura,Dhalai,2020,2020 - 2021,Whole Year,All Crops,34711.0,94639.0,2.73,"DES Area, Production & Yield Query Report"
Tripura,Dhalai,2021,2021 - 2022,Whole Year,All Crops,30277.0,84316.0,2.78,"DES Area, Production & Yield Query Report"
Tripura,Dhalai,2022,2022 - 2023,Whole Year,All Crops,28609.0,81456.0,2.85,"DES Area, Production & Yield Query Report"
Tripura,Gomati,2013,2013 - 2014,Whole Year,All Crops,31355.0,90682.0,2.89,"DES Area, Production & Yield Query Report"
Tripura,Gomati,2014,2014 - 2015,Whole Year,All Crops,35009.0,107500.0,3.07,"DES Area, Production & Yield Query Report"
Tripura,Gomati,2015,2015 - 2016,Whole Year,All Crops,37868.0,106934.0,2.82,"DES Area, Production & Yield Query Report"
Tripura,Gomati,2016,2016 - 2017,Whole Year,All Crops,39704.0,115579.0,2.91,"DES Area, Production & Yield Query Report"
Tripura,Gomati,2017,2017 - 2018,Whole Year,All Crops,38430.0,112753.0,2.93,"DES Area, Production & Yield Query Report"
Tripura,Gomati,2018,2018 - 2019,Whole Year,All Crops,37984.0,113552.0,2.99,"DES Area, Production & Yield Query Report"
Tripura,Gomati,2019,2019 - 2020,Whole Year,All Crops,38228.0,116989.0,3.06,"DES Area, Production & Yield Query Report"
Tripura,Gomati,2020,2020 - 2021,Whole Year,All Crops,38105.0,115724.0,3.04,"DES Area, Production & Yield Query Report"
Tripura,Gomati,2021,2021 - 2022,Whole Year,All Crops,38736.0,123952.0,3.2,"DES Area, Production & Yield Query Report"
Tripura,Gomati,2022,2022 - 2023,Whole Year,All Crops,37593.0,125568.0,3.34,"DES Area, Production & Yield Query Report"
Tripura,Khowai,2013,2013 - 2014,Whole Year,All Crops,24338.0,67649.0,2.78,"DES Area, Production & Yield Query Report"
Tripura,Khowai,2014,2014 - 2015,Whole Year,All Crops,23381.0,67131.0,2.87,"DES Area, Production & Yield Query Report"
Tripura,Khowai,2015,2015 - 2016,Whole Year,All Crops,25304.0,76114.0,3.01,"DES Area, Production & Yield Query Report"
Tripura,Khowai,2016,2016 - 2017,Whole Year,All Crops,27384.0,78428.0,2.86,"DES Area, Production & Yield Query Report"
Tripura,Khowai,2017,2017 - 2018,Whole Year,All Crops,26389.0,78231.0,2.96,"DES Area, Production & Yield Query Report"
Tripura,Khowai,2018,2018 - 2019,Whole Year,All Crops,25267.0,72715.0,2.88,"DES Area, Production & Yield Query Report"
Tripura,Khowai,2019,2019 - 2020,Whole Year,All Crops,24210.0,70040.0,2.89,"DES Area, Production & Yield Query Report"
Tripura,Khowai,2020,2020 - 2021,Whole Year,All Crops,23726.0,70942.0,2.99,"DES Area, Production & Yield Query Report"
Tripura,Khowai,2021,2021 - 2022,Whole Year,All Crops,23480.0,75008.0,3.19,"DES Area, Production & Yield Query Report"
Tripura,Khowai,2022,2022 - 2023,Whole Year,All Crops,23304.0,74492.0,3.2,"DES Area, Production & Yield Query Report"
Tripura,North tripura,2013,2013 - 2014,Whole Year,All Crops,32584.0,78887.0,2.42,"DES Area, Production & Yield Query Report"
Tripura,North tripura,2014,2014 - 2015,Whole Year,All Crops,32623.0,83278.0,2.55,"DES Area, Production & Yield Query Report"
Tripura,North tripura,2015,2015 - 2016,Whole Year,All Crops,30581.0,81233.0,2.66,"DES Area, Production & Yield Query Report"
Tripura,North tripura,2016,2016 - 2017,Whole Year,All Crops,30418.0,80234.0,2.64,"DES Area, Production & Yield Query Report"
Tripura,North tripura,2017,2017 - 2018,Whole Year,All Crops,29357.0,74772.0,2.55,"DES Area, Production & Yield Query Report"
Tripura,North tripura,2018,2018 - 2019,Whole Year,All Crops,27461.0,69683.0,2.54,"DES Area, Production & Yield Query Report"
Tripura,North tripura,2019,2019 - 2020,Whole Year,All Crops,28671.0,78400.0,2.73,"DES Area, Production & Yield Query Report"
Tripura,North tripura,2020,2020 - 2021,Whole Year,All Crops,27414.0,74219.0,2.71,"DES Area, Production & Yield Query Report"
Tripura,North tripura,2021,2021 - 2022,Whole Year,All Crops,26624.0,76375.0,2.87,"DES Area, Production & Yield Query Report"
Tripura,North tripura,2022,2022 - 2023,Whole Year,All Crops,24764.0,74284.0,3.0,"DES Area, Production & Yield Query Report"
Tripura,Sepahijala,2013,2013 - 2014,Whole Year,All Crops,49364.0,149425.0,3.03,"DES Area, Production & Yield Query Report"
Tripura,Sepahijala,2014,2014 - 2015,Whole Year,All Crops,47973.0,150378.0,3.13,"DES Area, Production & Yield Query Report"
Tripura,Sepahijala,2015,2015 - 2016,Whole Year,All Crops,51270.0,166990.0,3.26,"DES Area, Production & Yield Query Report"
Tripura,Sepahijala,2016,2016 - 2017,Whole Year,All Crops,50271.0,162201.0,3.23,"DES Area, Production & Yield Query Report"
Tripura,Sepahijala,2017,2017 - 2018,Whole Year,All Crops,51143.0,163330.0,3.19,"DES Area, Production & Yield Query Report"
Tripura,Sepahijala,2018,2018 - 2019,Whole Year,All Crops,50103.0,159166.0,3.18,"DES Area, Production & Yield Query Report"
Tripura,Sepahijala,2019,2019 - 2020,Whole Year,All Crops,49907.0,158899.0,3.18,"DES Area, Production & Yield Query Report"
Tripura,Sepahijala,2020,2020 - 2021,Whole Year,All Crops,49363.0,159533.0,3.23,"DES Area, Production & Yield Query Report"
Tripura,Sepahijala,2021,2021 - 2022,Whole Year,All Crops,48771.0,164576.0,3.37,"DES Area, Production & Yield Query Report"
Tripura,Sepahijala,2022,2022 - 2023,Whole Year,All Crops,45632.0,158797.0,3.48,"DES Area, Production & Yield Query Report"
Tripura,South tripura,2013,2013 - 2014,Whole Year,All Crops,42246.0,127322.0,3.01,"DES Area, Production & Yield Query Report"
Tripura,South tripura,2014,2014 - 2015,Whole Year,All Crops,42639.0,128021.0,3.0,"DES Area, Production & Yield Query Report"
Tripura,South tripura,2015,2015 - 2016,Whole Year,All Crops,42734.0,132102.0,3.09,"DES Area, Production & Yield Query Report"
Tripura,South tripura,2016,2016 - 2017,Whole Year,All Crops,44752.0,144087.0,3.22,"DES Area, Production & Yield Query Report"
Tripura,South tripura,2017,2017 - 2018,Whole Year,All Crops,45537.0,151504.0,3.33,"DES Area, Production & Yield Query Report"
Tripura,South tripura,2018,2018 - 2019,Whole Year,All Crops,44541.0,142749.0,3.2,"DES Area, Production & Yield Query Report"
Tripura,South tripura,2019,2019 - 2020,Whole Year,All Crops,45015.0,149659.0,3.32,"DES Area, Production & Yield Query Report"
Tripura,South tripura,2020,2020 - 2021,Whole Year,All Crops,43389.0,141779.0,3.27,"DES Area, Production & Yield Query Report"
Tripura,South tripura,2021,2021 - 2022,Whole Year,All Crops,41516.0,138309.0,3.33,"DES Area, Production & Yield Query Report"
Tripura,South tripura,2022,2022 - 2023,Whole Year,All Crops,38999.0,131843.0,3.38,"DES Area, Production & Yield Query Report"
Tripura,Unakoti,2013,2013 - 2014,Whole Year,All Crops,17245.0,47041.0,2.73,"DES Area, Production & Yield Query Report"
Tripura,Unakoti,2014,2014 - 2015,Whole Year,All Crops,17674.0,51830.0,2.93,"DES Area, Production & Yield Query Report"
Tripura,Unakoti,2015,2015 - 2016,Whole Year,All Crops,23120.0,69777.0,3.02,"DES Area, Production & Yield Query Report"
Tripura,Unakoti,2016,2016 - 2017,Whole Year,All Crops,23013.0,64732.0,2.81,"DES Area, Production & Yield Query Report"
Tripura,Unakoti,2017,2017 - 2018,Whole Year,All Crops,22334.0,66533.0,2.98,"DES Area, Production & Yield Query Report"
Tripura,Unakoti,2018,2018 - 2019,Whole Year,All Crops,23142.0,66057.0,2.85,"DES Area, Production & Yield Query Report"
Tripura,Unakoti,2019,2019 - 2020,Whole Year,All Crops,20126.0,60179.0,2.99,"DES Area, Production & Yield Query Report"
Tripura,Unakoti,2020,2020 - 2021,Whole Year,All Crops,21142.0,62168.0,2.94,"DES Area, Production & Yield Query Report"
Tripura,Unakoti,2021,2021 - 2022,Whole Year,All Crops,21752.0,66565.0,3.06,"DES Area, Production & Yield Query Report"
Tripura,Unakoti,2022,2022 - 2023,Whole Year,All Crops,19701.0,62657.0,3.18,"DES Area, Production & Yield Query Report"
Tripura,West tripura,2013,2013 - 2014,Whole Year,All Crops,24283.0,69594.0,2.87,"DES Area, Production & Yield Query Report"
Tripura,West tripura,2014,2014 - 2015,Whole Year,All Crops,25700.0,75960.0,2.96,"DES Area, Production & Yield Query Report"
Tripura,West tripura,2015,2015 - 2016,Whole Year,All Crops,27194.0,82928.0,3.05,"DES Area, Production & Yield Query Report"
Tripura,West tripura,2016,2016 - 2017,Whole Year,All Crops,26662.0,82121.0,3.08,"DES Area, Production & Yield Query Report"
Tripura,West tripura,2017,2017 - 2018,Whole Year,All Crops,27030.0,77200.0,2.86,"DES Area, Production & Yield Query Report"
Tripura,West tripura,2018,2018 - 2019,Whole Year,All Crops,26545.0,80027.0,3.01,"DES Area, Production & Yield Query Report"
Tripura,West tripura,2019,2019 - 2020,Whole Year,All Crops,26931.0,88396.0,3.28,"DES Area, Production & Yield Query Report"
Tripura,West tripura,2020,2020 - 2021,Whole Year,All Crops,25943.0,84028.0,3.24,"DES Area, Production & Yield Query Report"
Tripura,West tripura,2021,2021 - 2022,Whole Year,All Crops,24584.0,81778.0,3.33,"DES Area, Production & Yield Query Report"
Tripura,West tripura,2022,2022 - 2023,Whole Year,All Crops,23196.0,79725.0,3.44,"DES Area, Production & Yield Query Report"
Uttar Pradesh,Agra,2013,2013 - 2014,Whole Year,All Crops,8691.0,22475.0,2.59,"DES Area, Production & Yield Query Report"
Uttar Pradesh,Agra,2014,2014 - 2015,Whole Year,All Crops,10164.0,24231.0,2.38,"DES Area, Production & Yield Query Report"
Uttar Pradesh,Agra,2015,2015 - 2016,Whole Year,All Crops,9401.0,22553.0,2.4,"DES Area, Production & Yield Query Report"
Uttar Pradesh,Agra,2016,2016 - 2017,Whole Year,All Crops,4872.0,13281.0,2.73,"DES Area, Production & Yield Query Report"
Uttar Pradesh,Agra,2017,2017 - 2018,Whole Year,All Crops,5252.0,13109.0,2.5,"DES Area, Production & Yield Query Report"
Uttar Pradesh,Agra,2018,2018 - 2019,Whole Year,All Crops,5432.0,13374.0,2.46,"DES Area, Production & Yield Query Report"
Uttar Pradesh,Agra,2019,2019 - 2020,Whole Year,All Crops,5330.0,13730.0,2.58,"DES Area, Production & Yield Query Report"
Uttar Pradesh,Agra,2020,2020 - 2021,Whole Year,All Crops,5962.0,16223.0,2.72,"DES Area, Production & Yield Query Report"
Uttar Pradesh,Agra,2021,2021 - 2022,Whole Year,All Crops,5129.0,13135.0,2.56,"DES Area, Production & Yield Query Report"
Uttar Pradesh,Agra,2022,2022 - 2023,Whole Year,All Crops,6842.0,18391.0,2.69,"DES Area, Production & Yield Query Report"
Uttar Pradesh,Aligarh,2013,2013 - 2014,Whole Year,All Crops,87525.0,196144.0,2.24,"DES Area, Production & Yield Query Report"
Uttar Pradesh,Aligarh,2014,2014 - 2015,Whole Year,All Crops,90420.0,201998.0,2.23,"DES Area, Production & Yield Query Report"
Uttar Pradesh,Aligarh,2015,2015 - 2016,Whole Year,All Crops,87723.0,205798.0,2.35,"DES Area, Production & Yield Query Report"
Uttar Pradesh,Aligarh,2016,2016 - 2017,Whole Year,All Crops,79388.0,201328.0,2.54,"DES Area, Production & Yield Query Report"
Uttar Pradesh,Aligarh,2017,2017 - 2018,Whole Year,All Crops,83454.0,222906.0,2.67,"DES Area, Production & Yield Query Report"
Uttar Pradesh,Aligarh,2018,2018 - 2019,Whole Year,All Crops,95680.0,230780.0,2.41,"DES Area, Production & Yield Query Report"
Uttar Pradesh,Aligarh,2019,2019 - 2020,Whole Year,All Crops,92758.0,242098.0,2.61,"DES Area, Production & Yield Query Report"
Uttar Pradesh,Aligarh,2020,2020 - 2021,Whole Year,All Crops,83341.0,219354.0,2.63,"DES Area, Production & Yield Query Report"
Uttar Pradesh,Aligarh,2021,2021 - 2022,Whole Year,All Crops,88227.0,220038.0,2.49,"DES Area, Production & Yield Query Report"
Uttar Pradesh,Aligarh,2022,2022 - 2023,Whole Year,All Crops,89046.0,222590.0,2.5,"DES Area, Production & Yield Query Report"
Uttar Pradesh,Allahabad,2013,2013 - 2014,Whole Year,All Crops,159525.0,420986.0,2.64,"DES Area, Production & Yield Query Report"
Uttar Pradesh,Allahabad,2014,2014 - 2015,Whole Year,All Crops,149419.0,313780.0,2.1,"DES Area, Production & Yield Query Report"
Uttar Pradesh,Allahabad,2015,2015 - 2016,Whole Year,All Crops,146462.0,268465.0,1.83,"DES Area, Production & Yield Query Report"
Uttar Pradesh,Allahabad,2016,2016 - 2017,Whole Year,All Crops,166477.0,459976.0,2.76,"DES Area, Production & Yield Query Report"
Uttar Pradesh,Allahabad,2017,2017 - 2018,Whole Year,All Crops,167118.0,458572.0,2.74,"DES Area, Production & Yield Query Report"
Uttar Pradesh,Allahabad,2018,2018 - 2019,Whole Year,All Crops,154505.0,482056.0,3.12,"DES Area, Production & Yield Query Report"
Uttar Pradesh,Allahabad,2019,2019 - 2020,Whole Year,All Crops,154773.0,483047.0,3.12,"DES Area, Production & Yield Query Report"
Uttar Pradesh,Allahabad,2020,2020 - 2021,Whole Year,All Crops,157847.0,496271.0,3.14,"DES Area, Production & Yield Query Report"
Uttar Pradesh,Allahabad,2021,2021 - 2022,Whole Year,All Crops,155944.0,464714.0,2.98,"DES Area, Production & Yield Query Report"
Uttar Pradesh,Allahabad,2022,2022 - 2023,Whole Year,All Crops,155753.0,469972.0,3.02,"DES Area, Production & Yield Query Report"
Uttar Pradesh,Ambedkar nagar,2013,2013 - 2014,Whole Year,All Crops,115279.0,314251.0,2.73,"DES Area, Production & Yield Query Report"
Uttar Pradesh,Ambedkar nagar,2014,2014 - 2015,Whole Year,All Crops,118607.0,290706.0,2.45,"DES Area, Production & Yield Query Report"
Uttar Pradesh,Ambedkar nagar,2015,2015 - 2016,Whole Year,All Crops,112181.0,236814.0,2.11,"DES Area, Production & Yield Query Report"
Uttar Pradesh,Ambedkar nagar,2016,2016 - 2017,Whole Year,All Crops,116358.0,296015.0,2.54,"DES Area, Production & Yield Query Report"
Uttar Pradesh,Ambedkar nagar,2017,2017 - 2018,Whole Year,All Crops,118326.0,379590.0,3.21,"DES Area, Production & Yield Query Report"
Uttar Pradesh,Ambedkar nagar,2018,2018 - 2019,Whole Year,All Crops,118618.0,359175.0,3.03,"DES Area, Production & Yield Query Report"
Uttar Pradesh,Ambedkar nagar,2019,2019 - 2020,Whole Year,All Crops,114525.0,352050.0,3.07,"DES Area, Production & Yield Query Report"
Uttar Pradesh,Ambedkar nagar,2020,2020 - 2021,Whole Year,All Crops,115918.0,350884.0,3.03,"DES Area, Production & Yield Query Report"
Uttar Pradesh,Ambedkar nagar,2021,2021 - 2022,Whole Year,All Crops,127900.0,351469.0,2.75,"DES Area, Production & Yield Query Report"
Uttar Pradesh,Ambedkar nagar,2022,2022 - 2023,Whole Year,All Crops,116373.0,317116.0,2.72,"DES Area, Production & Yield Query Report"
Uttar Pradesh,Amethi,2013,2013 - 2014,Whole Year,All Crops,123251.0,280396.0,2.27,"DES Area, Production & Yield Query Report"
Uttar Pradesh,Amethi,2014,2014 - 2015,Whole Year,All Crops,97395.0,147846.0,1.52,"DES Area, Production & Yield Query Report"
Uttar Pradesh,Amethi,2015,2015 - 2016,Whole Year,All Crops,92511.0,181969.0,1.97,"DES Area, Production & Yield Query Report"
Uttar Pradesh,Amethi,2016,2016 - 2017,Whole Year,All Crops,116456.0,271110.0,2.33,"DES Area, Production & Yield Query Report"
Uttar Pradesh,Amethi,2017,2017 - 2018,Whole Year,All Crops,113979.0,277083.0,2.43,"DES Area, Production & Yield Query Report"
Uttar Pradesh,Amethi,2018,2018 - 2019,Whole Year,All Crops,121428.0,335384.0,2.76,"DES Area, Production & Yield Query Report"
Uttar Pradesh,Amethi,2019,2019 - 2020,Whole Year,All Crops,119019.0,325517.0,2.74,"DES Area, Production & Yield Query Report"
Uttar Pradesh,Amethi,2020,2020 - 2021,Whole Year,All Crops,119311.0,318202.0,2.67,"DES Area, Production & Yield Query Report"
Uttar Pradesh,Amethi,2021,2021 - 2022,Whole Year,All Crops,119900.0,288839.0,2.41,"DES Area, Production & Yield Query Report"
Uttar Pradesh,Amethi,2022,2022 - 2023,Whole Year,All Crops,119900.0,322531.0,2.69,"DES Area, Production & Yield Query Report"
Uttar Pradesh,Amroha,2013,2013 - 2014,Whole Year,All Crops,28128.0,59181.0,2.1,"DES Area, Production & Yield Query Report"
Uttar Pradesh,Amroha,2014,2014 - 2015,Whole Year,All Crops,23147.0,61640.0,2.66,"DES Area, Production & Yield Query Report"
Uttar Pradesh,Amroha,2015,2015 - 2016,Whole Year,All Crops,23743.0,53588.0,2.26,"DES Area, Production & Yield Query Report"
Uttar Pradesh,Amroha,2016,2016 - 2017,Whole Year,All Crops,26688.0,54897.0,2.06,"DES Area, Production & Yield Query Report"
Uttar Pradesh,Amroha,2017,2017 - 2018,Whole Year,All Crops,22202.0,47423.0,2.14,"DES Area, Production & Yield Query Report"
Uttar Pradesh,Amroha,2018,2018 - 2019,Whole Year,All Crops,27007.0,67680.0,2.51,"DES Area, Production & Yield Query Report"
Uttar Pradesh,Amroha,2019,2019 - 2020,Whole Year,All Crops,26952.0,68728.0,2.55,"DES Area, Production & Yield Query Report"
Uttar Pradesh,Amroha,2020,2020 - 2021,Whole Year,All Crops,26974.0,75770.0,2.81,"DES Area, Production & Yield Query Report"
Uttar Pradesh,Amroha,2021,2021 - 2022,Whole Year,All Crops,26894.0,74227.0,2.76,"DES Area, Production & Yield Query Report"
Uttar Pradesh,Amroha,2022,2022 - 2023,Whole Year,All Crops,28772.0,71182.0,2.47,"DES Area, Production & Yield Query Report"
Uttar Pradesh,Auraiya,2013,2013 - 2014,Whole Year,All Crops,53582.0,176070.0,3.29,"DES Area, Production & Yield Query Report"
Uttar Pradesh,Auraiya,2014,2014 - 2015,Whole Year,All Crops,55752.0,175898.0,3.16,"DES Area, Production & Yield Query Report"
Uttar Pradesh,Auraiya,2015,2015 - 2016,Whole Year,All Crops,53479.0,150811.0,2.82,"DES Area, Production & Yield Query Report"
Uttar Pradesh,Auraiya,2016,2016 - 2017,Whole Year,All Crops,52248.0,159670.0,3.06,"DES Area, Production & Yield Query Report"
Uttar Pradesh,Auraiya,2017,2017 - 2018,Whole Year,All Crops,49897.0,148094.0,2.97,"DES Area, Production & Yield Query Report"
Uttar Pradesh,Auraiya,2018,2018 - 2019,Whole Year,All Crops,49084.0,151522.0,3.09,"DES Area, Production & Yield Query Report"
Uttar Pradesh,Auraiya,2019,2019 - 2020,Whole Year,All Crops,47090.0,164910.0,3.5,"DES Area, Production & Yield Query Report"
Uttar Pradesh,Auraiya,2020,2020 - 2021,Whole Year,All Crops,30680.0,111092.0,3.62,"DES Area, Production & Yield Query Report"
Uttar Pradesh,Auraiya,2021,2021 - 2022,Whole Year,All Crops,49592.0,168811.0,3.4,"DES Area, Production & Yield Query Report"
Uttar Pradesh,Auraiya,2022,2022 - 2023,Whole Year,All Crops,58154.0,215102.0,3.7,"DES Area, Production & Yield Query Report"
Uttar Pradesh,Azamgarh,2013,2013 - 2014,Whole Year,All Crops,217062.0,477971.0,2.2,"DES Area, Production & Yield Query Report"
Uttar Pradesh,Azamgarh,2014,2014 - 2015,Whole Year,All Crops,202341.0,400028.0,1.98,"DES Area, Production & Yield Query Report"
Uttar Pradesh,Azamgarh,2015,2015 - 2016,Whole Year,All Crops,207312.0,408405.0,1.97,"DES Area, Production & Yield Query Report"
Uttar Pradesh,Azamgarh,2016,2016 - 2017,Whole Year,All Crops,210850.0,474202.0,2.25,"DES Area, Production & Yield Query Report"
Uttar Pradesh,Azamgarh,2017,2017 - 2018,Whole Year,All Crops,216041.0,512233.0,2.37,"DES Area, Production & Yield Query Report"
Uttar Pradesh,Azamgarh,2018,2018 - 2019,Whole Year,All Crops,213970.0,525724.0,2.46,"DES Area, Production & Yield Query Report"
Uttar Pradesh,Azamgarh,2019,2019 - 2020,Whole Year,All Crops,212454.0,526249.0,2.48,"DES Area, Production & Yield Query Report"
Uttar Pradesh,Azamgarh,2020,2020 - 2021,Whole Year,All Crops,212305.0,512292.0,2.41,"DES Area, Production & Yield Query Report"
Uttar Pradesh,Azamgarh,2021,2021 - 2022,Whole Year,All Crops,213390.0,510002.0,2.39,"DES Area, Production & Yield Query Report"
Uttar Pradesh,Azamgarh,2022,2022 - 2023,Whole Year,All Crops,212382.0,519988.0,2.45,"DES Area, Production & Yield Query Report"
Uttar Pradesh,Baghpat,2013,2013 - 2014,Whole Year,All Crops,7931.0,24126.0,3.04,"DES Area, Production & Yield Query Report"
Uttar Pradesh,Baghpat,2014,2014 - 2015,Whole Year,All Crops,5792.0,14515.0,2.51,"DES Area, Production & Yield Query Report"
Uttar Pradesh,Baghpat,2015,2015 - 2016,Whole Year,All Crops,6362.0,17470.0,2.75,"DES Area, Production & Yield Query Report"
Uttar Pradesh,Baghpat,2016,2016 - 2017,Whole Year,All Crops,5375.0,13927.0,2.59,"DES Area, Production & Yield Query Report"
Uttar Pradesh,Baghpat,2017,2017 - 2018,Whole Year,All Crops,4223.0,11770.0,2.79,"DES Area, Production & Yield Query Report"
Uttar Pradesh,Baghpat,2018,2018 - 2019,Whole Year,All Crops,5866.0,16736.0,2.85,"DES Area, Production & Yield Query Report"
Uttar Pradesh,Baghpat,2019,2019 - 2020,Whole Year,All Crops,9586.0,29506.0,3.08,"DES Area, Production & Yield Query Report"
Uttar Pradesh,Baghpat,2020,2020 - 2021,Whole Year,All Crops,5443.0,16236.0,2.98,"DES Area, Production & Yield Query Report"
Uttar Pradesh,Baghpat,2021,2021 - 2022,Whole Year,All Crops,5052.0,14590.0,2.89,"DES Area, Production & Yield Query Report"
Uttar Pradesh,Baghpat,2022,2022 - 2023,Whole Year,All Crops,4807.0,13416.0,2.79,"DES Area, Production & Yield Query Report"
Uttar Pradesh,Bahraich,2013,2013 - 2014,Whole Year,All Crops,159025.0,375935.0,2.36,"DES Area, Production & Yield Query Report"
Uttar Pradesh,Bahraich,2014,2014 - 2015,Whole Year,All Crops,165249.0,367679.0,2.22,"DES Area, Production & Yield Query Report"
Uttar Pradesh,Bahraich,2015,2015 - 2016,Whole Year,All Crops,168151.0,317469.0,1.89,"DES Area, Production & Yield Query Report"
Uttar Pradesh,Bahraich,2016,2016 - 2017,Whole Year,All Crops,159187.0,360081.0,2.26,"DES Area, Production & Yield Query Report"
Uttar Pradesh,Bahraich,2017,2017 - 2018,Whole Year,All Crops,164735.0,418921.0,2.54,"DES Area, Production & Yield Query Report"
Uttar Pradesh,Bahraich,2018,2018 - 2019,Whole Year,All Crops,162206.0,422871.0,2.61,"DES Area, Production & Yield Query Report"
Uttar Pradesh,Bahraich,2019,2019 - 2020,Whole Year,All Crops,162178.0,433502.0,2.67,"DES Area, Production & Yield Query Report"
Uttar Pradesh,Bahraich,2020,2020 - 2021,Whole Year,All Crops,162847.0,439198.0,2.7,"DES Area, Production & Yield Query Report"
Uttar Pradesh,Bahraich,2021,2021 - 2022,Whole Year,All Crops,170957.0,398159.0,2.33,"DES Area, Production & Yield Query Report"
Uttar Pradesh,Bahraich,2022,2022 - 2023,Whole Year,All Crops,170957.0,397988.0,2.33,"DES Area, Production & Yield Query Report"
Uttar Pradesh,Ballia,2013,2013 - 2014,Whole Year,All Crops,118000.0,261960.0,2.22,"DES Area, Production & Yield Query Report"
Uttar Pradesh,Ballia,2014,2014 - 2015,Whole Year,All Crops,122464.0,251908.0,2.06,"DES Area, Production & Yield Query Report"
Uttar Pradesh,Ballia,2015,2015 - 2016,Whole Year,All Crops,115763.0,196103.0,1.69,"DES Area, Production & Yield Query Report"
Uttar Pradesh,Ballia,2016,2016 - 2017,Whole Year,All Crops,115908.0,276556.0,2.39,"DES Area, Production & Yield Query Report"
Uttar Pradesh,Ballia,2017,2017 - 2018,Whole Year,All Crops,115870.0,290023.0,2.5,"DES Area, Production & Yield Query Report"
Uttar Pradesh,Ballia,2018,2018 - 2019,Whole Year,All Crops,117147.0,291813.0,2.49,"DES Area, Production & Yield Query Report"
Uttar Pradesh,Ballia,2019,2019 - 2020,Whole Year,All Crops,117384.0,333136.0,2.84,"DES Area, Production & Yield Query Report"
Uttar Pradesh,Ballia,2020,2020 - 2021,Whole Year,All Crops,116409.0,297309.0,2.55,"DES Area, Production & Yield Query Report"
Uttar Pradesh,Ballia,2021,2021 - 2022,Whole Year,All Crops,117814.0,301957.0,2.56,"DES Area, Production & Yield Query Report"
Uttar Pradesh,Ballia,2022,2022 - 2023,Whole Year,All Crops,115736.0,284649.0,2.46,"DES Area, Production & Yield Query Report"
Uttar Pradesh,Balrampur,2013,2013 - 2014,Whole Year,All Crops,105387.0,232800.0,2.21,"DES Area, Production & Yield Query Report"
Uttar Pradesh,Balrampur,2014,2014 - 2015,Whole Year,All Crops,108030.0,198235.0,1.83,"DES Area, Production & Yield Query Report"
Uttar Pradesh,Balrampur,2015,2015 - 2016,Whole Year,All Crops,107782.0,194331.0,1.8,"DES Area, Production & Yield Query Report"
Uttar Pradesh,Balrampur,2016,2016 - 2017,Whole Year,All Crops,117531.0,253162.0,2.15,"DES Area, Production & Yield Query Report"
Uttar Pradesh,Balrampur,2017,2017 - 2018,Whole Year,All Crops,107125.0,262456.0,2.45,"DES Area, Production & Yield Query Report"
Uttar Pradesh,Balrampur,2018,2018 - 2019,Whole Year,All Crops,108909.0,294708.0,2.71,"DES Area, Production & Yield Query Report"
Uttar Pradesh,Balrampur,2019,2019 - 2020,Whole Year,All Crops,107710.0,298572.0,2.77,"DES Area, Production & Yield Query Report"
Uttar Pradesh,Balrampur,2020,2020 - 2021,Whole Year,All Crops,108645.0,312246.0,2.87,"DES Area, Production & Yield Query Report"
Uttar Pradesh,Balrampur,2021,2021 - 2022,Whole Year,All Crops,134699.0,341731.0,2.54,"DES Area, Production & Yield Query Report"
Uttar Pradesh,Balrampur,2022,2022 - 2023,Whole Year,All Crops,134699.0,287313.0,2.13,"DES Area, Production & Yield Query Report"
Uttar Pradesh,Banda,2013,2013 - 2014,Whole Year,All Crops,56350.0,101881.0,1.81,"DES Area, Production & Yield Query Report"
Uttar Pradesh,Banda,2014,2014 - 2015,Whole Year,All Crops,45895.0,81923.0,1.79,"DES Area, Production & Yield Query Report"
Uttar Pradesh,Banda,2015,2015 - 2016,Whole Year,All Crops,44983.0,58253.0,1.3,"DES Area, Production & Yield Query Report"
Uttar Pradesh,Banda,2016,2016 - 2017,Whole Year,All Crops,61205.0,105028.0,1.72,"DES Area, Production & Yield Query Report"
Uttar Pradesh,Banda,2017,2017 - 2018,Whole Year,All Crops,51760.0,102019.0,1.97,"DES Area, Production & Yield Query Report"
Uttar Pradesh,Banda,2018,2018 - 2019,Whole Year,All Crops,51864.0,109589.0,2.11,"DES Area, Production & Yield Query Report"
Uttar Pradesh,Banda,2019,2019 - 2020,Whole Year,All Crops,46958.0,123734.0,2.63,"DES Area, Production & Yield Query Report"
Uttar Pradesh,Banda,2020,2020 - 2021,Whole Year,All Crops,53038.0,127344.0,2.4,"DES Area, Production & Yield Query Report"
Uttar Pradesh,Banda,2021,2021 - 2022,Whole Year,All Crops,48550.0,116132.0,2.39,"DES Area, Production & Yield Query Report"
Uttar Pradesh,Banda,2022,2022 - 2023,Whole Year,All Crops,55063.0,127801.0,2.32,"DES Area, Production & Yield Query Report"
Uttar Pradesh,Barabanki,2013,2013 - 2014,Whole Year,All Crops,181235.0,517970.0,2.86,"DES Area, Production & Yield Query Report"
Uttar Pradesh,Barabanki,2014,2014 - 2015,Whole Year,All Crops,191884.0,529600.0,2.76,"DES Area, Production & Yield Query Report"
Uttar Pradesh,Barabanki,2015,2015 - 2016,Whole Year,All Crops,186626.0,513408.0,2.75,"DES Area, Production & Yield Query Report"
Uttar Pradesh,Barabanki,2016,2016 - 2017,Whole Year,All Crops,183331.0,499760.0,2.73,"DES Area, Production & Yield Query Report"
Uttar Pradesh,Barabanki,2017,2017 - 2018,Whole Year,All Crops,181604.0,520659.0,2.87,"DES Area, Production & Yield Query Report"
Uttar Pradesh,Barabanki,2018,2018 - 2019,Whole Year,All Crops,183466.0,530400.0,2.89,"DES Area, Production & Yield Query Report"
Uttar Pradesh,Barabanki,2019,2019 - 2020,Whole Year,All Crops,180663.0,613712.0,3.4,"DES Area, Production & Yield Query Report"
Uttar Pradesh,Barabanki,2020,2020 - 2021,Whole Year,All Crops,182412.0,596852.0,3.27,"DES Area, Production & Yield Query Report"
Uttar Pradesh,Barabanki,2021,2021 - 2022,Whole Year,All Crops,188580.0,457684.0,2.43,"DES Area, Production & Yield Query Report"
Uttar Pradesh,Barabanki,2022,2022 - 2023,Whole Year,All Crops,188598.0,460952.0,2.44,"DES Area, Production & Yield Query Report"
Uttar Pradesh,Bareilly,2013,2013 - 2014,Whole Year,All Crops,164106.0,369238.0,2.25,"DES Area, Production & Yield Query Report"
Uttar Pradesh,Bareilly,2014,2014 - 2015,Whole Year,All Crops,163948.0,337569.0,2.06,"DES Area, Production & Yield Query Report"
Uttar Pradesh,Bareilly,2015,2015 - 2016,Whole Year,All Crops,158631.0,327414.0,2.06,"DES Area, Production & Yield Query Report"
Uttar Pradesh,Bareilly,2016,2016 - 2017,Whole Year,All Crops,160278.0,358382.0,2.24,"DES Area, Production & Yield Query Report"
Uttar Pradesh,Bareilly,2017,2017 - 2018,Whole Year,All Crops,145234.0,357420.0,2.46,"DES Area, Production & Yield Query Report"
Uttar Pradesh,Bareilly,2018,2018 - 2019,Whole Year,All Crops,151037.0,404024.0,2.68,"DES Area, Production & Yield Query Report"
Uttar Pradesh,Bareilly,2019,2019 - 2020,Whole Year,All Crops,165971.0,396836.0,2.39,"DES Area, Production & Yield Query Report"
Uttar Pradesh,Bareilly,2020,2020 - 2021,Whole Year,All Crops,159580.0,499124.0,3.13,"DES Area, Production & Yield Query Report"
Uttar Pradesh,Bareilly,2021,2021 - 2022,Whole Year,All Crops,164349.0,411836.0,2.51,"DES Area, Production & Yield Query Report"
Uttar Pradesh,Bareilly,2022,2022 - 2023,Whole Year,All Crops,163260.0,489849.0,3.0,"DES Area, Production & Yield Query Report"
Uttar Pradesh,Basti,2013,2013 - 2014,Whole Year,All Crops,104860.0,263933.0,2.52,"DES Area, Production & Yield Query Report"
Uttar Pradesh,Basti,2014,2014 - 2015,Whole Year,All Crops,104328.0,202814.0,1.94,"DES Area, Production & Yield Query Report"
Uttar Pradesh,Basti,2015,2015 - 2016,Whole Year,All Crops,98297.0,184798.0,1.88,"DES Area, Production & Yield Query Report"
Uttar Pradesh,Basti,2016,2016 - 2017,Whole Year,All Crops,102554.0,211671.0,2.06,"DES Area, Production & Yield Query Report"
Uttar Pradesh,Basti,2017,2017 - 2018,Whole Year,All Crops,105368.0,312627.0,2.97,"DES Area, Production & Yield Query Report"
Uttar Pradesh,Basti,2018,2018 - 2019,Whole Year,All Crops,107365.0,302555.0,2.82,"DES Area, Production & Yield Query Report"
Uttar Pradesh,Basti,2019,2019 - 2020,Whole Year,All Crops,105523.0,285651.0,2.71,"DES Area, Production & Yield Query Report"
Uttar Pradesh,Basti,2020,2020 - 2021,Whole Year,All Crops,104824.0,273905.0,2.61,"DES Area, Production & Yield Query Report"
Uttar Pradesh,Basti,2021,2021 - 2022,Whole Year,All Crops,145811.0,370360.0,2.54,"DES Area, Production & Yield Query Report"
Uttar Pradesh,Basti,2022,2022 - 2023,Whole Year,All Crops,131426.0,357577.0,2.72,"DES Area, Production & Yield Query Report"
Uttar Pradesh,Bijnor,2013,2013 - 2014,Whole Year,All Crops,52995.0,123425.0,2.33,"DES Area, Production & Yield Query Report"
Uttar Pradesh,Bijnor,2014,2014 - 2015,Whole Year,All Crops,54809.0,143380.0,2.62,"DES Area, Production & Yield Query Report"
Uttar Pradesh,Bijnor,2015,2015 - 2016,Whole Year,All Crops,51352.0,133002.0,2.59,"DES Area, Production & Yield Query Report"
Uttar Pradesh,Bijnor,2016,2016 - 2017,Whole Year,All Crops,53393.0,134924.0,2.53,"DES Area, Production & Yield Query Report"
Uttar Pradesh,Bijnor,2017,2017 - 2018,Whole Year,All Crops,50883.0,127768.0,2.51,"DES Area, Production & Yield Query Report"
Uttar Pradesh,Bijnor,2018,2018 - 2019,Whole Year,All Crops,54512.0,131701.0,2.42,"DES Area, Production & Yield Query Report"
Uttar Pradesh,Bijnor,2019,2019 - 2020,Whole Year,All Crops,58082.0,154208.0,2.66,"DES Area, Production & Yield Query Report"
Uttar Pradesh,Bijnor,2020,2020 - 2021,Whole Year,All Crops,54838.0,163490.0,2.98,"DES Area, Production & Yield Query Report"
Uttar Pradesh,Bijnor,2021,2021 - 2022,Whole Year,All Crops,57113.0,159174.0,2.79,"DES Area, Production & Yield Query Report"
Uttar Pradesh,Bijnor,2022,2022 - 2023,Whole Year,All Crops,56790.0,143395.0,2.53,"DES Area, Production & Yield Query Report"
Uttar Pradesh,Budaun,2013,2013 - 2014,Whole Year,All Crops,79975.0,176185.0,2.2,"DES Area, Production & Yield Query Report"
Uttar Pradesh,Budaun,2014,2014 - 2015,Whole Year,All Crops,81275.0,166858.0,2.05,"DES Area, Production & Yield Query Report"
Uttar Pradesh,Budaun,2015,2015 - 2016,Whole Year,All Crops,66610.0,123029.0,1.85,"DES Area, Production & Yield Query Report"
Uttar Pradesh,Budaun,2016,2016 - 2017,Whole Year,All Crops,70024.0,148241.0,2.12,"DES Area, Production & Yield Query Report"
Uttar Pradesh,Budaun,2017,2017 - 2018,Whole Year,All Crops,74019.0,151443.0,2.05,"DES Area, Production & Yield Query Report"
Uttar Pradesh,Budaun,2018,2018 - 2019,Whole Year,All Crops,100214.0,252639.0,2.52,"DES Area, Production & Yield Query Report"
Uttar Pradesh,Budaun,2019,2019 - 2020,Whole Year,All Crops,78094.0,206090.0,2.64,"DES Area, Production & Yield Query Report"
Uttar Pradesh,Budaun,2020,2020 - 2021,Whole Year,All Crops,82805.0,219460.0,2.65,"DES Area, Production & Yield Query Report"
Uttar Pradesh,Budaun,2021,2021 - 2022,Whole Year,All Crops,99794.0,253477.0,2.54,"DES Area, Production & Yield Query Report"
Uttar Pradesh,Budaun,2022,2022 - 2023,Whole Year,All Crops,82204.0,210031.0,2.55,"DES Area, Production & Yield Query Report"
Uttar Pradesh,Bulandshahr,2013,2013 - 2014,Whole Year,All Crops,95670.0,251804.0,2.63,"DES Area, Production & Yield Query Report"
Uttar Pradesh,Bulandshahr,2014,2014 - 2015,Whole Year,All Crops,107596.0,275554.0,2.56,"DES Area, Production & Yield Query Report"
Uttar Pradesh,Bulandshahr,2015,2015 - 2016,Whole Year,All Crops,103449.0,278071.0,2.69,"DES Area, Production & Yield Query Report"
Uttar Pradesh,Bulandshahr,2016,2016 - 2017,Whole Year,All Crops,83816.0,211719.0,2.53,"DES Area, Production & Yield Query Report"
Uttar Pradesh,Bulandshahr,2017,2017 - 2018,Whole Year,All Crops,92576.0,278839.0,3.01,"DES Area, Production & Yield Query Report"
Uttar Pradesh,Bulandshahr,2018,2018 - 2019,Whole Year,All Crops,93427.0,264305.0,2.83,"DES Area, Production & Yield Query Report"
Uttar Pradesh,Bulandshahr,2019,2019 - 2020,Whole Year,All Crops,97148.0,280467.0,2.89,"DES Area, Production & Yield Query Report"
Uttar Pradesh,Bulandshahr,2020,2020 - 2021,Whole Year,All Crops,90309.0,256518.0,2.84,"DES Area, Production & Yield Query Report"
Uttar Pradesh,Bulandshahr,2021,2021 - 2022,Whole Year,All Crops,93136.0,261622.0,2.81,"DES Area, Production & Yield Query Report"
Uttar Pradesh,Bulandshahr,2022,2022 - 2023,Whole Year,All Crops,97720.0,239132.0,2.45,"DES Area, Production & Yield Query Report"
Uttar Pradesh,Chandauli,2013,2013 - 2014,Whole Year,All Crops,112455.0,300817.0,2.67,"DES Area, Production & Yield Query Report"
Uttar Pradesh,Chandauli,2014,2014 - 2015,Whole Year,All Crops,102598.0,303793.0,2.96,"DES Area, Production & Yield Query Report"
Uttar Pradesh,Chandauli,2015,2015 - 2016,Whole Year,All Crops,113922.0,351449.0,3.08,"DES Area, Production & Yield Query Report"
Uttar Pradesh,Chandauli,2016,2016 - 2017,Whole Year,All Crops,116007.0,319135.0,2.75,"DES Area, Production & Yield Query Report"
Uttar Pradesh,Chandauli,2017,2017 - 2018,Whole Year,All Crops,114635.0,352159.0,3.07,"DES Area, Production & Yield Query Report"
Uttar Pradesh,Chandauli,2018,2018 - 2019,Whole Year,All Crops,112163.0,357015.0,3.18,"DES Area, Production & Yield Query Report"
Uttar Pradesh,Chandauli,2019,2019 - 2020,Whole Year,All Crops,114283.0,381591.0,3.34,"DES Area, Production & Yield Query Report"
Uttar Pradesh,Chandauli,2020,2020 - 2021,Whole Year,All Crops,114594.0,374035.0,3.26,"DES Area, Production & Yield Query Report"
Uttar Pradesh,Chandauli,2021,2021 - 2022,Whole Year,All Crops,117662.0,395344.0,3.36,"DES Area, Production & Yield Query Report"
Uttar Pradesh,Chandauli,2022,2022 - 2023,Whole Year,All Crops,114672.0,380826.0,3.32,"DES Area, Production & Yield Query Report"
Uttar Pradesh,Chitrakoot,2013,2013 - 2014,Whole Year,All Crops,10155.0,18208.0,1.79,"DES Area, Production & Yield Query Report"
Uttar Pradesh,Chitrakoot,2014,2014 - 2015,Whole Year,All Crops,12662.0,12763.0,1.01,"DES Area, Production & Yield Query Report"
Uttar Pradesh,Chitrakoot,2015,2015 - 2016,Whole Year,All Crops,12842.0,8566.0,0.67,"DES Area, Production & Yield Query Report"
Uttar Pradesh,Chitrakoot,2016,2016 - 2017,Whole Year,All Crops,12547.0,25972.0,2.07,"DES Area, Production & Yield Query Report"
Uttar Pradesh,Chitrakoot,2017,2017 - 2018,Whole Year,All Crops,8957.0,16839.0,1.88,"DES Area, Production & Yield Query Report"
Uttar Pradesh,Chitrakoot,2018,2018 - 2019,Whole Year,All Crops,9109.0,14665.0,1.61,"DES Area, Production & Yield Query Report"
Uttar Pradesh,Chitrakoot,2019,2019 - 2020,Whole Year,All Crops,10206.0,20677.0,2.03,"DES Area, Production & Yield Query Report"
Uttar Pradesh,Chitrakoot,2020,2020 - 2021,Whole Year,All Crops,10216.0,28237.0,2.76,"DES Area, Production & Yield Query Report"
Uttar Pradesh,Chitrakoot,2021,2021 - 2022,Whole Year,All Crops,10425.0,23300.0,2.24,"DES Area, Production & Yield Query Report"
Uttar Pradesh,Chitrakoot,2022,2022 - 2023,Whole Year,All Crops,10285.0,23594.0,2.29,"DES Area, Production & Yield Query Report"
Uttar Pradesh,Deoria,2013,2013 - 2014,Whole Year,All Crops,135630.0,333514.0,2.46,"DES Area, Production & Yield Query Report"
Uttar Pradesh,Deoria,2014,2014 - 2015,Whole Year,All Crops,132906.0,267008.0,2.01,"DES Area, Production & Yield Query Report"
Uttar Pradesh,Deoria,2015,2015 - 2016,Whole Year,All Crops,124280.0,96441.0,0.78,"DES Area, Production & Yield Query Report"
Uttar Pradesh,Deoria,2016,2016 - 2017,Whole Year,All Crops,133404.0,279348.0,2.09,"DES Area, Production & Yield Query Report"
Uttar Pradesh,Deoria,2017,2017 - 2018,Whole Year,All Crops,135889.0,312409.0,2.3,"DES Area, Production & Yield Query Report"
Uttar Pradesh,Deoria,2018,2018 - 2019,Whole Year,All Crops,132625.0,272412.0,2.05,"DES Area, Production & Yield Query Report"
Uttar Pradesh,Deoria,2019,2019 - 2020,Whole Year,All Crops,127424.0,340477.0,2.67,"DES Area, Production & Yield Query Report"
Uttar Pradesh,Deoria,2020,2020 - 2021,Whole Year,All Crops,133417.0,288865.0,2.17,"DES Area, Production & Yield Query Report"
Uttar Pradesh,Deoria,2021,2021 - 2022,Whole Year,All Crops,136095.0,316844.0,2.33,"DES Area, Production & Yield Query Report"
Uttar Pradesh,Deoria,2022,2022 - 2023,Whole Year,All Crops,150454.0,359088.0,2.39,"DES Area, Production & Yield Query Report"
Uttar Pradesh,Etah,2013,2013 - 2014,Whole Year,All Crops,19297.0,45001.0,2.33,"DES Area, Production & Yield Query Report"
Uttar Pradesh,Etah,2014,2014 - 2015,Whole Year,All Crops,18244.0,40283.0,2.21,"DES Area, Production & Yield Query Report"
Uttar Pradesh,Etah,2015,2015 - 2016,Whole Year,All Crops,29394.0,45414.0,1.55,"DES Area, Production & Yield Query Report"
Uttar Pradesh,Etah,2016,2016 - 2017,Whole Year,All Crops,17804.0,38920.0,2.19,"DES Area, Production & Yield Query Report"
Uttar Pradesh,Etah,2017,2017 - 2018,Whole Year,All Crops,14244.0,36750.0,2.58,"DES Area, Production & Yield Query Report"
Uttar Pradesh,Etah,2018,2018 - 2019,Whole Year,All Crops,17697.0,47163.0,2.67,"DES Area, Production & Yield Query Report"
Uttar Pradesh,Etah,2019,2019 - 2020,Whole Year,All Crops,19552.0,56916.0,2.91,"DES Area, Production & Yield Query Report"
Uttar Pradesh,Etah,2020,2020 - 2021,Whole Year,All Crops,19989.0,57568.0,2.88,"DES Area, Production & Yield Query Report"
Uttar Pradesh,Etah,2021,2021 - 2022,Whole Year,All Crops,18461.0,49309.0,2.67,"DES Area, Production & Yield Query Report"
Uttar Pradesh,Etah,2022,2022 - 2023,Whole Year,All Crops,18355.0,49341.0,2.69,"DES Area, Production & Yield Query Report"
Uttar Pradesh,Etawah,2013,2013 - 2014,Whole Year,All Crops,58263.0,169604.0,2.91,"DES Area, Production & Yield Query Report"
Uttar Pradesh,Etawah,2014,2014 - 2015,Whole Year,All Crops,52797.0,136533.0,2.59,"DES Area, Production & Yield Query Report"
Uttar Pradesh,Etawah,2015,2015 - 2016,Whole Year,All Crops,53707.0,132441.0,2.47,"DES Area, Production & Yield Query Report"
Uttar Pradesh,Etawah,2016,2016 - 2017,Whole Year,All Crops,50515.0,137906.0,2.73,"DES Area, Production & Yield Query Report"
Uttar Pradesh,Etawah,2017,2017 - 2018,Whole Year,All Crops,51452.0,147204.0,2.86,"DES Area, Production & Yield Query Report"
Uttar Pradesh,Etawah,2018,2018 - 2019,Whole Year,All Crops,54256.0,167380.0,3.09,"DES Area, Production & Yield Query Report"
Uttar Pradesh,Etawah,2019,2019 - 2020,Whole Year,All Crops,51152.0,159185.0,3.11,"DES Area, Production & Yield Query Report"
Uttar Pradesh,Etawah,2020,2020 - 2021,Whole Year,All Crops,53758.0,169983.0,3.16,"DES Area, Production & Yield Query Report"
Uttar Pradesh,Etawah,2021,2021 - 2022,Whole Year,All Crops,51404.0,157605.0,3.07,"DES Area, Production & Yield Query Report"
Uttar Pradesh,Etawah,2022,2022 - 2023,Whole Year,All Crops,50762.0,153149.0,3.02,"DES Area, Production & Yield Query Report"
Uttar Pradesh,Faizabad,2013,2013 - 2014,Whole Year,All Crops,103896.0,272519.0,2.62,"DES Area, Production & Yield Query Report"
Uttar Pradesh,Faizabad,2014,2014 - 2015,Whole Year,All Crops,94586.0,207805.0,2.2,"DES Area, Production & Yield Query Report"
Uttar Pradesh,Faizabad,2015,2015 - 2016,Whole Year,All Crops,93220.0,194643.0,2.09,"DES Area, Production & Yield Query Report"
Uttar Pradesh,Faizabad,2016,2016 - 2017,Whole Year,All Crops,97623.0,249329.0,2.55,"DES Area, Production & Yield Query Report"
Uttar Pradesh,Faizabad,2017,2017 - 2018,Whole Year,All Crops,101927.0,263889.0,2.59,"DES Area, Production & Yield Query Report"
Uttar Pradesh,Faizabad,2018,2018 - 2019,Whole Year,All Crops,97493.0,287312.0,2.95,"DES Area, Production & Yield Query Report"
Uttar Pradesh,Faizabad,2019,2019 - 2020,Whole Year,All Crops,96155.0,284235.0,2.96,"DES Area, Production & Yield Query Report"
Uttar Pradesh,Faizabad,2020,2020 - 2021,Whole Year,All Crops,98379.0,282938.0,2.88,"DES Area, Production & Yield Query Report"
Uttar Pradesh,Faizabad,2021,2021 - 2022,Whole Year,All Crops,102083.0,259189.0,2.54,"DES Area, Production & Yield Query Report"
Uttar Pradesh,Faizabad,2022,2022 - 2023,Whole Year,All Crops,99090.0,255157.0,2.58,"DES Area, Production & Yield Query Report"
Uttar Pradesh,Farrukhabad,2013,2013 - 2014,Whole Year,All Crops,16524.0,44202.0,2.68,"DES Area, Production & Yield Query Report"
Uttar Pradesh,Farrukhabad,2014,2014 - 2015,Whole Year,All Crops,11900.0,33213.0,2.79,"DES Area, Production & Yield Query Report"
Uttar Pradesh,Farrukhabad,2015,2015 - 2016,Whole Year,All Crops,11049.0,24816.0,2.25,"DES Area, Production & Yield Query Report"
Uttar Pradesh,Farrukhabad,2016,2016 - 2017,Whole Year,All Crops,16441.0,43421.0,2.64,"DES Area, Production & Yield Query Report"
Uttar Pradesh,Farrukhabad,2017,2017 - 2018,Whole Year,All Crops,14261.0,43082.0,3.02,"DES Area, Production & Yield Query Report"
Uttar Pradesh,Farrukhabad,2018,2018 - 2019,Whole Year,All Crops,14095.0,42609.0,3.02,"DES Area, Production & Yield Query Report"
Uttar Pradesh,Farrukhabad,2019,2019 - 2020,Whole Year,All Crops,14078.0,53257.0,3.78,"DES Area, Production & Yield Query Report"
Uttar Pradesh,Farrukhabad,2020,2020 - 2021,Whole Year,All Crops,13842.0,44987.0,3.25,"DES Area, Production & Yield Query Report"
Uttar Pradesh,Farrukhabad,2021,2021 - 2022,Whole Year,All Crops,13644.0,39991.0,2.93,"DES Area, Production & Yield Query Report"
Uttar Pradesh,Farrukhabad,2022,2022 - 2023,Whole Year,All Crops,13568.0,43123.0,3.18,"DES Area, Production & Yield Query Report"
Uttar Pradesh,Fatehpur,2013,2013 - 2014,Whole Year,All Crops,86459.0,225226.0,2.61,"DES Area, Production & Yield Query Report"
Uttar Pradesh,Fatehpur,2014,2014 - 2015,Whole Year,All Crops,80702.0,157046.0,1.95,"DES Area, Production & Yield Query Report"
Uttar Pradesh,Fatehpur,2015,2015 - 2016,Whole Year,All Crops,81949.0,167750.0,2.05,"DES Area, Production & Yield Query Report"
Uttar Pradesh,Fatehpur,2016,2016 - 2017,Whole Year,All Crops,86789.0,215671.0,2.49,"DES Area, Production & Yield Query Report"
Uttar Pradesh,Fatehpur,2017,2017 - 2018,Whole Year,All Crops,82064.0,216649.0,2.64,"DES Area, Production & Yield Query Report"
Uttar Pradesh,Fatehpur,2018,2018 - 2019,Whole Year,All Crops,83788.0,244493.0,2.92,"DES Area, Production & Yield Query Report"
Uttar Pradesh,Fatehpur,2019,2019 - 2020,Whole Year,All Crops,80346.0,241199.0,3.0,"DES Area, Production & Yield Query Report"
Uttar Pradesh,Fatehpur,2020,2020 - 2021,Whole Year,All Crops,82345.0,241553.0,2.93,"DES Area, Production & Yield Query Report"
Uttar Pradesh,Fatehpur,2021,2021 - 2022,Whole Year,All Crops,85554.0,240835.0,2.82,"DES Area, Production & Yield Query Report"
Uttar Pradesh,Fatehpur,2022,2022 - 2023,Whole Year,All Crops,91803.0,261914.0,2.85,"DES Area, Production & Yield Query Report"
Uttar Pradesh,Firozabad,2013,2013 - 2014,Whole Year,All Crops,21600.0,59357.0,2.75,"DES Area, Production & Yield Query Report"
Uttar Pradesh,Firozabad,2014,2014 - 2015,Whole Year,All Crops,23319.0,56619.0,2.43,"DES Area, Production & Yield Query Report"
Uttar Pradesh,Firozabad,2015,2015 - 2016,Whole Year,All Crops,23517.0,56370.0,2.4,"DES Area, Production & Yield Query Report"
Uttar Pradesh,Firozabad,2016,2016 - 2017,Whole Year,All Crops,24145.0,61401.0,2.54,"DES Area, Production & Yield Query Report"
Uttar Pradesh,Firozabad,2017,2017 - 2018,Whole Year,All Crops,22530.0,61665.0,2.74,"DES Area, Production & Yield Query Report"
Uttar Pradesh,Firozabad,2018,2018 - 2019,Whole Year,All Crops,22614.0,61782.0,2.73,"DES Area, Production & Yield Query Report"
Uttar Pradesh,Firozabad,2019,2019 - 2020,Whole Year,All Crops,22723.0,64533.0,2.84,"DES Area, Production & Yield Query Report"
Uttar Pradesh,Firozabad,2020,2020 - 2021,Whole Year,All Crops,25195.0,66968.0,2.66,"DES Area, Production & Yield Query Report"
Uttar Pradesh,Firozabad,2021,2021 - 2022,Whole Year,All Crops,24571.0,62362.0,2.54,"DES Area, Production & Yield Query Report"
Uttar Pradesh,Firozabad,2022,2022 - 2023,Whole Year,All Crops,23078.0,67911.0,2.94,"DES Area, Production & Yield Query Report"
Uttar Pradesh,Gautam buddha nagar,2013,2013 - 2014,Whole Year,All Crops,13750.0,33660.0,2.45,"DES Area, Production & Yield Query Report"
Uttar Pradesh,Gautam buddha nagar,2014,2014 - 2015,Whole Year,All Crops,22522.0,62701.0,2.78,"DES Area, Production & Yield Query Report"
Uttar Pradesh,Gautam buddha nagar,2015,2015 - 2016,Whole Year,All Crops,26352.0,68937.0,2.62,"DES Area, Production & Yield Query Report"
Uttar Pradesh,Gautam buddha nagar,2016,2016 - 2017,Whole Year,All Crops,15368.0,37498.0,2.44,"DES Area, Production & Yield Query Report"
Uttar Pradesh,Gautam buddha nagar,2017,2017 - 2018,Whole Year,All Crops,14040.0,35914.0,2.56,"DES Area, Production & Yield Query Report"
Uttar Pradesh,Gautam buddha nagar,2018,2018 - 2019,Whole Year,All Crops,15119.0,43271.0,2.86,"DES Area, Production & Yield Query Report"
Uttar Pradesh,Gautam buddha nagar,2019,2019 - 2020,Whole Year,All Crops,14791.0,43220.0,2.92,"DES Area, Production & Yield Query Report"
Uttar Pradesh,Gautam buddha nagar,2020,2020 - 2021,Whole Year,All Crops,15025.0,41920.0,2.79,"DES Area, Production & Yield Query Report"
Uttar Pradesh,Gautam buddha nagar,2021,2021 - 2022,Whole Year,All Crops,14492.0,33810.0,2.33,"DES Area, Production & Yield Query Report"
Uttar Pradesh,Gautam buddha nagar,2022,2022 - 2023,Whole Year,All Crops,20378.0,44791.0,2.2,"DES Area, Production & Yield Query Report"
Uttar Pradesh,Ghaziabad,2013,2013 - 2014,Whole Year,All Crops,9296.0,25267.0,2.72,"DES Area, Production & Yield Query Report"
Uttar Pradesh,Ghaziabad,2014,2014 - 2015,Whole Year,All Crops,8650.0,23727.0,2.74,"DES Area, Production & Yield Query Report"
Uttar Pradesh,Ghaziabad,2015,2015 - 2016,Whole Year,All Crops,9749.0,25035.0,2.57,"DES Area, Production & Yield Query Report"
Uttar Pradesh,Ghaziabad,2016,2016 - 2017,Whole Year,All Crops,9316.0,22964.0,2.47,"DES Area, Production & Yield Query Report"
Uttar Pradesh,Ghaziabad,2017,2017 - 2018,Whole Year,All Crops,8948.0,23292.0,2.6,"DES Area, Production & Yield Query Report"
Uttar Pradesh,Ghaziabad,2018,2018 - 2019,Whole Year,All Crops,9098.0,23327.0,2.56,"DES Area, Production & Yield Query Report"
Uttar Pradesh,Ghaziabad,2019,2019 - 2020,Whole Year,All Crops,10662.0,29758.0,2.79,"DES Area, Production & Yield Query Report"
Uttar Pradesh,Ghaziabad,2020,2020 - 2021,Whole Year,All Crops,8104.0,23550.0,2.91,"DES Area, Production & Yield Query Report"
Uttar Pradesh,Ghaziabad,2021,2021 - 2022,Whole Year,All Crops,9848.0,26590.0,2.7,"DES Area, Production & Yield Query Report"
Uttar Pradesh,Ghaziabad,2022,2022 - 2023,Whole Year,All Crops,9711.0,24268.0,2.5,"DES Area, Production & Yield Query Report"
Uttar Pradesh,Ghazipur,2013,2013 - 2014,Whole Year,All Crops,148895.0,318040.0,2.14,"DES Area, Production & Yield Query Report"
Uttar Pradesh,Ghazipur,2014,2014 - 2015,Whole Year,All Crops,136673.0,294257.0,2.15,"DES Area, Production & Yield Query Report"
Uttar Pradesh,Ghazipur,2015,2015 - 2016,Whole Year,All Crops,154411.0,334300.0,2.17,"DES Area, Production & Yield Query Report"
Uttar Pradesh,Ghazipur,2016,2016 - 2017,Whole Year,All Crops,147673.0,317054.0,2.15,"DES Area, Production & Yield Query Report"
Uttar Pradesh,Ghazipur,2017,2017 - 2018,Whole Year,All Crops,154815.0,384251.0,2.48,"DES Area, Production & Yield Query Report"
Uttar Pradesh,Ghazipur,2018,2018 - 2019,Whole Year,All Crops,151778.0,400087.0,2.64,"DES Area, Production & Yield Query Report"
Uttar Pradesh,Ghazipur,2019,2019 - 2020,Whole Year,All Crops,146746.0,382273.0,2.6,"DES Area, Production & Yield Query Report"
Uttar Pradesh,Ghazipur,2020,2020 - 2021,Whole Year,All Crops,159976.0,467290.0,2.92,"DES Area, Production & Yield Query Report"
Uttar Pradesh,Ghazipur,2021,2021 - 2022,Whole Year,All Crops,152900.0,412677.0,2.7,"DES Area, Production & Yield Query Report"
Uttar Pradesh,Ghazipur,2022,2022 - 2023,Whole Year,All Crops,149984.0,503647.0,3.36,"DES Area, Production & Yield Query Report"
Uttar Pradesh,Gonda,2013,2013 - 2014,Whole Year,All Crops,126768.0,310582.0,2.45,"DES Area, Production & Yield Query Report"
Uttar Pradesh,Gonda,2014,2014 - 2015,Whole Year,All Crops,134534.0,278485.0,2.07,"DES Area, Production & Yield Query Report"
Uttar Pradesh,Gonda,2015,2015 - 2016,Whole Year,All Crops,125044.0,257716.0,2.06,"DES Area, Production & Yield Query Report"
Uttar Pradesh,Gonda,2016,2016 - 2017,Whole Year,All Crops,130230.0,301092.0,2.31,"DES Area, Production & Yield Query Report"
Uttar Pradesh,Gonda,2017,2017 - 2018,Whole Year,All Crops,125429.0,294507.0,2.35,"DES Area, Production & Yield Query Report"
Uttar Pradesh,Gonda,2018,2018 - 2019,Whole Year,All Crops,129176.0,307697.0,2.38,"DES Area, Production & Yield Query Report"
Uttar Pradesh,Gonda,2019,2019 - 2020,Whole Year,All Crops,123720.0,318579.0,2.58,"DES Area, Production & Yield Query Report"
Uttar Pradesh,Gonda,2020,2020 - 2021,Whole Year,All Crops,131615.0,320219.0,2.43,"DES Area, Production & Yield Query Report"
Uttar Pradesh,Gonda,2021,2021 - 2022,Whole Year,All Crops,137624.0,320203.0,2.33,"DES Area, Production & Yield Query Report"
Uttar Pradesh,Gonda,2022,2022 - 2023,Whole Year,All Crops,137529.0,311366.0,2.26,"DES Area, Production & Yield Query Report"
Uttar Pradesh,Gorakhpur,2013,2013 - 2014,Whole Year,All Crops,150787.0,362341.0,2.4,"DES Area, Production & Yield Query Report"
Uttar Pradesh,Gorakhpur,2014,2014 - 2015,Whole Year,All Crops,152483.0,336988.0,2.21,"DES Area, Production & Yield Query Report"
Uttar Pradesh,Gorakhpur,2015,2015 - 2016,Whole Year,All Crops,150540.0,210003.0,1.39,"DES Area, Production & Yield Query Report"
Uttar Pradesh,Gorakhpur,2016,2016 - 2017,Whole Year,All Crops,152498.0,282122.0,1.85,"DES Area, Production & Yield Query Report"
Uttar Pradesh,Gorakhpur,2017,2017 - 2018,Whole Year,All Crops,153224.0,391027.0,2.55,"DES Area, Production & Yield Query Report"
Uttar Pradesh,Gorakhpur,2018,2018 - 2019,Whole Year,All Crops,150555.0,401681.0,2.67,"DES Area, Production & Yield Query Report"
Uttar Pradesh,Gorakhpur,2019,2019 - 2020,Whole Year,All Crops,146308.0,409078.0,2.8,"DES Area, Production & Yield Query Report"
Uttar Pradesh,Gorakhpur,2020,2020 - 2021,Whole Year,All Crops,153160.0,370038.0,2.42,"DES Area, Production & Yield Query Report"
Uttar Pradesh,Gorakhpur,2021,2021 - 2022,Whole Year,All Crops,156326.0,348986.0,2.23,"DES Area, Production & Yield Query Report"
Uttar Pradesh,Gorakhpur,2022,2022 - 2023,Whole Year,All Crops,152723.0,365142.0,2.39,"DES Area, Production & Yield Query Report"
Uttar Pradesh,Hamirpur,2013,2013 - 2014,Whole Year,All Crops,84.0,152.0,1.81,"DES Area, Production & Yield Query Report"
Uttar Pradesh,Hamirpur,2014,2014 - 2015,Whole Year,All Crops,41.0,66.0,1.61,"DES Area, Production & Yield Query Report"
Uttar Pradesh,Hamirpur,2015,2015 - 2016,Whole Year,All Crops,72.0,83.0,1.15,"DES Area, Production & Yield Query Report"
Uttar Pradesh,Hamirpur,2016,2016 - 2017,Whole Year,All Crops,148.0,263.0,1.78,"DES Area, Production & Yield Query Report"
Uttar Pradesh,Hamirpur,2017,2017 - 2018,Whole Year,All Crops,41.0,80.0,1.95,"DES Area, Production & Yield Query Report"
Uttar Pradesh,Hamirpur,2018,2018 - 2019,Whole Year,All Crops,177.0,367.0,2.07,"DES Area, Production & Yield Query Report"
Uttar Pradesh,Hamirpur,2019,2019 - 2020,Whole Year,All Crops,72.0,182.0,2.53,"DES Area, Production & Yield Query Report"
Uttar Pradesh,Hamirpur,2020,2020 - 2021,Whole Year,All Crops,46.0,113.0,2.46,"DES Area, Production & Yield Query Report"
Uttar Pradesh,Hamirpur,2021,2021 - 2022,Whole Year,All Crops,51.0,121.0,2.37,"DES Area, Production & Yield Query Report"
Uttar Pradesh,Hamirpur,2022,2022 - 2023,Whole Year,All Crops,518.0,1249.0,2.41,"DES Area, Production & Yield Query Report"
Uttar Pradesh,Hapur,2013,2013 - 2014,Whole Year,All Crops,20322.0,59422.0,2.92,"DES Area, Production & Yield Query Report"
Uttar Pradesh,Hapur,2014,2014 - 2015,Whole Year,All Crops,20839.0,61496.0,2.95,"DES Area, Production & Yield Query Report"
Uttar Pradesh,Hapur,2015,2015 - 2016,Whole Year,All Crops,21191.0,60098.0,2.84,"DES Area, Production & Yield Query Report"
Uttar Pradesh,Hapur,2016,2016 - 2017,Whole Year,All Crops,20730.0,53919.0,2.6,"DES Area, Production & Yield Query Report"
Uttar Pradesh,Hapur,2017,2017 - 2018,Whole Year,All Crops,20301.0,57777.0,2.85,"DES Area, Production & Yield Query Report"
Uttar Pradesh,Hapur,2018,2018 - 2019,Whole Year,All Crops,21380.0,55139.0,2.58,"DES Area, Production & Yield Query Report"
Uttar Pradesh,Hapur,2019,2019 - 2020,Whole Year,All Crops,21653.0,62166.0,2.87,"DES Area, Production & Yield Query Report"
Uttar Pradesh,Hapur,2020,2020 - 2021,Whole Year,All Crops,20641.0,57217.0,2.77,"DES Area, Production & Yield Query Report"
Uttar Pradesh,Hapur,2021,2021 - 2022,Whole Year,All Crops,20667.0,55243.0,2.67,"DES Area, Production & Yield Query Report"
Uttar Pradesh,Hapur,2022,2022 - 2023,Whole Year,All Crops,24387.0,58626.0,2.4,"DES Area, Production & Yield Query Report"
Uttar Pradesh,Hardoi,2013,2013 - 2014,Whole Year,All Crops,149180.0,375337.0,2.52,"DES Area, Production & Yield Query Report"
Uttar Pradesh,Hardoi,2014,2014 - 2015,Whole Year,All Crops,142234.0,279490.0,1.97,"DES Area, Production & Yield Query Report"
Uttar Pradesh,Hardoi,2015,2015 - 2016,Whole Year,All Crops,133844.0,301952.0,2.26,"DES Area, Production & Yield Query Report"
Uttar Pradesh,Hardoi,2016,2016 - 2017,Whole Year,All Crops,141441.0,338751.0,2.39,"DES Area, Production & Yield Query Report"
Uttar Pradesh,Hardoi,2017,2017 - 2018,Whole Year,All Crops,149804.0,377207.0,2.52,"DES Area, Production & Yield Query Report"
Uttar Pradesh,Hardoi,2018,2018 - 2019,Whole Year,All Crops,137561.0,322030.0,2.34,"DES Area, Production & Yield Query Report"
Uttar Pradesh,Hardoi,2019,2019 - 2020,Whole Year,All Crops,152762.0,453551.0,2.97,"DES Area, Production & Yield Query Report"
Uttar Pradesh,Hardoi,2020,2020 - 2021,Whole Year,All Crops,153344.0,439784.0,2.87,"DES Area, Production & Yield Query Report"
Uttar Pradesh,Hardoi,2021,2021 - 2022,Whole Year,All Crops,152000.0,411312.0,2.71,"DES Area, Production & Yield Query Report"
Uttar Pradesh,Hardoi,2022,2022 - 2023,Whole Year,All Crops,147731.0,395471.0,2.68,"DES Area, Production & Yield Query Report"
Uttar Pradesh,Hathras,2013,2013 - 2014,Whole Year,All Crops,23235.0,54718.0,2.35,"DES Area, Production & Yield Query Report"
Uttar Pradesh,Hathras,2014,2014 - 2015,Whole Year,All Crops,29465.0,56956.0,1.93,"DES Area, Production & Yield Query Report"
Uttar Pradesh,Hathras,2015,2015 - 2016,Whole Year,All Crops,26090.0,51293.0,1.97,"DES Area, Production & Yield Query Report"
Uttar Pradesh,Hathras,2016,2016 - 2017,Whole Year,All Crops,21881.0,47613.0,2.18,"DES Area, Production & Yield Query Report"
Uttar Pradesh,Hathras,2017,2017 - 2018,Whole Year,All Crops,24110.0,55187.0,2.29,"DES Area, Production & Yield Query Report"
Uttar Pradesh,Hathras,2018,2018 - 2019,Whole Year,All Crops,25925.0,60638.0,2.34,"DES Area, Production & Yield Query Report"
Uttar Pradesh,Hathras,2019,2019 - 2020,Whole Year,All Crops,22836.0,58254.0,2.55,"DES Area, Production & Yield Query Report"
Uttar Pradesh,Hathras,2020,2020 - 2021,Whole Year,All Crops,24254.0,66514.0,2.74,"DES Area, Production & Yield Query Report"
Uttar Pradesh,Hathras,2021,2021 - 2022,Whole Year,All Crops,22304.0,53797.0,2.41,"DES Area, Production & Yield Query Report"
Uttar Pradesh,Hathras,2022,2022 - 2023,Whole Year,All Crops,21879.0,54527.0,2.49,"DES Area, Production & Yield Query Report"
Uttar Pradesh,Jalaun,2013,2013 - 2014,Whole Year,All Crops,520.0,934.0,1.8,"DES Area, Production & Yield Query Report"
Uttar Pradesh,Jalaun,2014,2014 - 2015,Whole Year,All Crops,509.0,890.0,1.75,"DES Area, Production & Yield Query Report"
Uttar Pradesh,Jalaun,2015,2015 - 2016,Whole Year,All Crops,1560.0,2800.0,1.79,"DES Area, Production & Yield Query Report"
Uttar Pradesh,Jalaun,2016,2016 - 2017,Whole Year,All Crops,422.0,655.0,1.55,"DES Area, Production & Yield Query Report"
Uttar Pradesh,Jalaun,2017,2017 - 2018,Whole Year,All Crops,268.0,339.0,1.26,"DES Area, Production & Yield Query Report"
Uttar Pradesh,Jalaun,2018,2018 - 2019,Whole Year,All Crops,682.0,1471.0,2.16,"DES Area, Production & Yield Query Report"
Uttar Pradesh,Jalaun,2019,2019 - 2020,Whole Year,All Crops,401.0,1028.0,2.56,"DES Area, Production & Yield Query Report"
Uttar Pradesh,Jalaun,2020,2020 - 2021,Whole Year,All Crops,321.0,603.0,1.88,"DES Area, Production & Yield Query Report"
Uttar Pradesh,Jalaun,2021,2021 - 2022,Whole Year,All Crops,253.0,467.0,1.85,"DES Area, Production & Yield Query Report"
Uttar Pradesh,Jalaun,2022,2022 - 2023,Whole Year,All Crops,318.0,425.0,1.34,"DES Area, Production & Yield Query Report"
Uttar Pradesh,Jaunpur,2013,2013 - 2014,Whole Year,All Crops,149517.0,342394.0,2.29,"DES Area, Production & Yield Query Report"
Uttar Pradesh,Jaunpur,2014,2014 - 2015,Whole Year,All Crops,140428.0,338993.0,2.41,"DES Area, Production & Yield Query Report"
Uttar Pradesh,Jaunpur,2015,2015 - 2016,Whole Year,All Crops,143897.0,253259.0,1.76,"DES Area, Production & Yield Query Report"
Uttar Pradesh,Jaunpur,2016,2016 - 2017,Whole Year,All Crops,153460.0,359403.0,2.34,"DES Area, Production & Yield Query Report"
Uttar Pradesh,Jaunpur,2017,2017 - 2018,Whole Year,All Crops,157278.0,362683.0,2.31,"DES Area, Production & Yield Query Report"
Uttar Pradesh,Jaunpur,2018,2018 - 2019,Whole Year,All Crops,145143.0,360535.0,2.48,"DES Area, Production & Yield Query Report"
Uttar Pradesh,Jaunpur,2019,2019 - 2020,Whole Year,All Crops,140933.0,395176.0,2.8,"DES Area, Production & Yield Query Report"
Uttar Pradesh,Jaunpur,2020,2020 - 2021,Whole Year,All Crops,145649.0,404030.0,2.77,"DES Area, Production & Yield Query Report"
Uttar Pradesh,Jaunpur,2021,2021 - 2022,Whole Year,All Crops,150827.0,397127.0,2.63,"DES Area, Production & Yield Query Report"
Uttar Pradesh,Jaunpur,2022,2022 - 2023,Whole Year,All Crops,146269.0,411751.0,2.82,"DES Area, Production & Yield Query Report"
Uttar Pradesh,Jhansi,2013,2013 - 2014,Whole Year,All Crops,10738.0,20907.0,1.95,"DES Area, Production & Yield Query Report"
Uttar Pradesh,Jhansi,2014,2014 - 2015,Whole Year,All Crops,9592.0,17698.0,1.85,"DES Area, Production & Yield Query Report"
Uttar Pradesh,Jhansi,2015,2015 - 2016,Whole Year,All Crops,9223.0,16463.0,1.78,"DES Area, Production & Yield Query Report"
Uttar Pradesh,Jhansi,2016,2016 - 2017,Whole Year,All Crops,10418.0,14252.0,1.37,"DES Area, Production & Yield Query Report"
Uttar Pradesh,Jhansi,2017,2017 - 2018,Whole Year,All Crops,9247.0,15785.0,1.71,"DES Area, Production & Yield Query Report"
Uttar Pradesh,Jhansi,2018,2018 - 2019,Whole Year,All Crops,12335.0,24571.0,1.99,"DES Area, Production & Yield Query Report"
Uttar Pradesh,Jhansi,2019,2019 - 2020,Whole Year,All Crops,8485.0,20076.0,2.37,"DES Area, Production & Yield Query Report"
Uttar Pradesh,Jhansi,2020,2020 - 2021,Whole Year,All Crops,8758.0,20231.0,2.31,"DES Area, Production & Yield Query Report"
Uttar Pradesh,Jhansi,2021,2021 - 2022,Whole Year,All Crops,9200.0,19716.0,2.14,"DES Area, Production & Yield Query Report"
Uttar Pradesh,Jhansi,2022,2022 - 2023,Whole Year,All Crops,8975.0,17833.0,1.99,"DES Area, Production & Yield Query Report"
Uttar Pradesh,Kannauj,2013,2013 - 2014,Whole Year,All Crops,21390.0,63165.0,2.95,"DES Area, Production & Yield Query Report"
Uttar Pradesh,Kannauj,2014,2014 - 2015,Whole Year,All Crops,22007.0,52355.0,2.38,"DES Area, Production & Yield Query Report"
Uttar Pradesh,Kannauj,2015,2015 - 2016,Whole Year,All Crops,30499.0,71703.0,2.35,"DES Area, Production & Yield Query Report"
Uttar Pradesh,Kannauj,2016,2016 - 2017,Whole Year,All Crops,21149.0,56468.0,2.67,"DES Area, Production & Yield Query Report"
Uttar Pradesh,Kannauj,2017,2017 - 2018,Whole Year,All Crops,20360.0,65009.0,3.19,"DES Area, Production & Yield Query Report"
Uttar Pradesh,Kannauj,2018,2018 - 2019,Whole Year,All Crops,20256.0,54063.0,2.67,"DES Area, Production & Yield Query Report"
Uttar Pradesh,Kannauj,2019,2019 - 2020,Whole Year,All Crops,20305.0,81159.0,4.0,"DES Area, Production & Yield Query Report"
Uttar Pradesh,Kannauj,2020,2020 - 2021,Whole Year,All Crops,20982.0,72472.0,3.45,"DES Area, Production & Yield Query Report"
Uttar Pradesh,Kannauj,2021,2021 - 2022,Whole Year,All Crops,19938.0,55049.0,2.76,"DES Area, Production & Yield Query Report"
Uttar Pradesh,Kannauj,2022,2022 - 2023,Whole Year,All Crops,20583.0,61317.0,2.98,"DES Area, Production & Yield Query Report"
Uttar Pradesh,Kanpur dehat,2013,2013 - 2014,Whole Year,All Crops,41454.0,112299.0,2.71,"DES Area, Production & Yield Query Report"
Uttar Pradesh,Kanpur dehat,2014,2014 - 2015,Whole Year,All Crops,37513.0,92770.0,2.47,"DES Area, Production & Yield Query Report"
Uttar Pradesh,Kanpur dehat,2015,2015 - 2016,Whole Year,All Crops,38397.0,101176.0,2.63,"DES Area, Production & Yield Query Report"
Uttar Pradesh,Kanpur dehat,2016,2016 - 2017,Whole Year,All Crops,42797.0,135538.0,3.17,"DES Area, Production & Yield Query Report"
Uttar Pradesh,Kanpur dehat,2017,2017 - 2018,Whole Year,All Crops,40688.0,121291.0,2.98,"DES Area, Production & Yield Query Report"
Uttar Pradesh,Kanpur dehat,2018,2018 - 2019,Whole Year,All Crops,42328.0,152762.0,3.61,"DES Area, Production & Yield Query Report"
Uttar Pradesh,Kanpur dehat,2019,2019 - 2020,Whole Year,All Crops,40433.0,140828.0,3.48,"DES Area, Production & Yield Query Report"
Uttar Pradesh,Kanpur dehat,2020,2020 - 2021,Whole Year,All Crops,42227.0,136351.0,3.23,"DES Area, Production & Yield Query Report"
Uttar Pradesh,Kanpur dehat,2021,2021 - 2022,Whole Year,All Crops,41343.0,133869.0,3.24,"DES Area, Production & Yield Query Report"
Uttar Pradesh,Kanpur dehat,2022,2022 - 2023,Whole Year,All Crops,57187.0,187916.0,3.29,"DES Area, Production & Yield Query Report"
Uttar Pradesh,Kanpur nagar,2013,2013 - 2014,Whole Year,All Crops,33584.0,85941.0,2.56,"DES Area, Production & Yield Query Report"
Uttar Pradesh,Kanpur nagar,2014,2014 - 2015,Whole Year,All Crops,29881.0,69204.0,2.32,"DES Area, Production & Yield Query Report"
Uttar Pradesh,Kanpur nagar,2015,2015 - 2016,Whole Year,All Crops,31182.0,70908.0,2.27,"DES Area, Production & Yield Query Report"
Uttar Pradesh,Kanpur nagar,2016,2016 - 2017,Whole Year,All Crops,35119.0,103215.0,2.94,"DES Area, Production & Yield Query Report"
Uttar Pradesh,Kanpur nagar,2017,2017 - 2018,Whole Year,All Crops,33298.0,99927.0,3.0,"DES Area, Production & Yield Query Report"
Uttar Pradesh,Kanpur nagar,2018,2018 - 2019,Whole Year,All Crops,34187.0,95484.0,2.79,"DES Area, Production & Yield Query Report"
Uttar Pradesh,Kanpur nagar,2019,2019 - 2020,Whole Year,All Crops,32127.0,110292.0,3.43,"DES Area, Production & Yield Query Report"
Uttar Pradesh,Kanpur nagar,2020,2020 - 2021,Whole Year,All Crops,28721.0,100035.0,3.48,"DES Area, Production & Yield Query Report"
Uttar Pradesh,Kanpur nagar,2021,2021 - 2022,Whole Year,All Crops,32618.0,95636.0,2.93,"DES Area, Production & Yield Query Report"
Uttar Pradesh,Kanpur nagar,2022,2022 - 2023,Whole Year,All Crops,31816.0,95098.0,2.99,"DES Area, Production & Yield Query Report"
Uttar Pradesh,Kasganj,2013,2013 - 2014,Whole Year,All Crops,17015.0,37977.0,2.23,"DES Area, Production & Yield Query Report"
Uttar Pradesh,Kasganj,2014,2014 - 2015,Whole Year,All Crops,19146.0,45740.0,2.39,"DES Area, Production & Yield Query Report"
Uttar Pradesh,Kasganj,2015,2015 - 2016,Whole Year,All Crops,17821.0,34163.0,1.92,"DES Area, Production & Yield Query Report"
Uttar Pradesh,Kasganj,2016,2016 - 2017,Whole Year,All Crops,14699.0,37688.0,2.56,"DES Area, Production & Yield Query Report"
Uttar Pradesh,Kasganj,2017,2017 - 2018,Whole Year,All Crops,14549.0,34554.0,2.38,"DES Area, Production & Yield Query Report"
Uttar Pradesh,Kasganj,2018,2018 - 2019,Whole Year,All Crops,16214.0,40973.0,2.53,"DES Area, Production & Yield Query Report"
Uttar Pradesh,Kasganj,2019,2019 - 2020,Whole Year,All Crops,17890.0,57820.0,3.23,"DES Area, Production & Yield Query Report"
Uttar Pradesh,Kasganj,2020,2020 - 2021,Whole Year,All Crops,16655.0,51114.0,3.07,"DES Area, Production & Yield Query Report"
Uttar Pradesh,Kasganj,2021,2021 - 2022,Whole Year,All Crops,16543.0,44385.0,2.68,"DES Area, Production & Yield Query Report"
Uttar Pradesh,Kasganj,2022,2022 - 2023,Whole Year,All Crops,19263.0,49660.0,2.58,"DES Area, Production & Yield Query Report"
Uttar Pradesh,Kaushambi,2013,2013 - 2014,Whole Year,All Crops,50894.0,112425.0,2.21,"DES Area, Production & Yield Query Report"
Uttar Pradesh,Kaushambi,2014,2014 - 2015,Whole Year,All Crops,43224.0,93494.0,2.16,"DES Area, Production & Yield Query Report"
Uttar Pradesh,Kaushambi,2015,2015 - 2016,Whole Year,All Crops,46080.0,97644.0,2.12,"DES Area, Production & Yield Query Report"
Uttar Pradesh,Kaushambi,2016,2016 - 2017,Whole Year,All Crops,45278.0,105588.0,2.33,"DES Area, Production & Yield Query Report"
Uttar Pradesh,Kaushambi,2017,2017 - 2018,Whole Year,All Crops,48758.0,117361.0,2.41,"DES Area, Production & Yield Query Report"
Uttar Pradesh,Kaushambi,2018,2018 - 2019,Whole Year,All Crops,45431.0,108762.0,2.39,"DES Area, Production & Yield Query Report"
Uttar Pradesh,Kaushambi,2019,2019 - 2020,Whole Year,All Crops,45313.0,114597.0,2.53,"DES Area, Production & Yield Query Report"
Uttar Pradesh,Kaushambi,2020,2020 - 2021,Whole Year,All Crops,45287.0,126713.0,2.8,"DES Area, Production & Yield Query Report"
Uttar Pradesh,Kaushambi,2021,2021 - 2022,Whole Year,All Crops,49058.0,134026.0,2.73,"DES Area, Production & Yield Query Report"
Uttar Pradesh,Kaushambi,2022,2022 - 2023,Whole Year,All Crops,64347.0,197674.0,3.07,"DES Area, Production & Yield Query Report"
Uttar Pradesh,Kheri,2013,2013 - 2014,Whole Year,All Crops,176082.0,474717.0,2.7,"DES Area, Production & Yield Query Report"
Uttar Pradesh,Kheri,2014,2014 - 2015,Whole Year,All Crops,157225.0,428281.0,2.72,"DES Area, Production & Yield Query Report"
Uttar Pradesh,Kheri,2015,2015 - 2016,Whole Year,All Crops,158813.0,417520.0,2.63,"DES Area, Production & Yield Query Report"
Uttar Pradesh,Kheri,2016,2016 - 2017,Whole Year,All Crops,182522.0,506316.0,2.77,"DES Area, Production & Yield Query Report"
Uttar Pradesh,Kheri,2017,2017 - 2018,Whole Year,All Crops,181780.0,568245.0,3.13,"DES Area, Production & Yield Query Report"
Uttar Pradesh,Kheri,2018,2018 - 2019,Whole Year,All Crops,168550.0,570373.0,3.38,"DES Area, Production & Yield Query Report"
Uttar Pradesh,Kheri,2019,2019 - 2020,Whole Year,All Crops,190426.0,616790.0,3.24,"DES Area, Production & Yield Query Report"
Uttar Pradesh,Kheri,2020,2020 - 2021,Whole Year,All Crops,186611.0,640169.0,3.43,"DES Area, Production & Yield Query Report"
Uttar Pradesh,Kheri,2021,2021 - 2022,Whole Year,All Crops,186649.0,530375.0,2.84,"DES Area, Production & Yield Query Report"
Uttar Pradesh,Kheri,2022,2022 - 2023,Whole Year,All Crops,184521.0,521373.0,2.83,"DES Area, Production & Yield Query Report"
Uttar Pradesh,Kushi nagar,2013,2013 - 2014,Whole Year,All Crops,122607.0,320863.0,2.62,"DES Area, Production & Yield Query Report"
Uttar Pradesh,Kushi nagar,2014,2014 - 2015,Whole Year,All Crops,118425.0,253666.0,2.14,"DES Area, Production & Yield Query Report"
Uttar Pradesh,Kushi nagar,2015,2015 - 2016,Whole Year,All Crops,112213.0,177633.0,1.58,"DES Area, Production & Yield Query Report"
Uttar Pradesh,Kushi nagar,2016,2016 - 2017,Whole Year,All Crops,126709.0,254432.0,2.01,"DES Area, Production & Yield Query Report"
Uttar Pradesh,Kushi nagar,2017,2017 - 2018,Whole Year,All Crops,119255.0,327951.0,2.75,"DES Area, Production & Yield Query Report"
Uttar Pradesh,Kushi nagar,2018,2018 - 2019,Whole Year,All Crops,112368.0,283617.0,2.52,"DES Area, Production & Yield Query Report"
Uttar Pradesh,Kushi nagar,2019,2019 - 2020,Whole Year,All Crops,123998.0,359842.0,2.9,"DES Area, Production & Yield Query Report"
Uttar Pradesh,Kushi nagar,2020,2020 - 2021,Whole Year,All Crops,121775.0,312109.0,2.56,"DES Area, Production & Yield Query Report"
Uttar Pradesh,Kushi nagar,2021,2021 - 2022,Whole Year,All Crops,127373.0,332061.0,2.61,"DES Area, Production & Yield Query Report"
Uttar Pradesh,Kushi nagar,2022,2022 - 2023,Whole Year,All Crops,124360.0,314009.0,2.53,"DES Area, Production & Yield Query Report"
Uttar Pradesh,Lalitpur,2013,2013 - 2014,Whole Year,All Crops,1355.0,963.0,0.71,"DES Area, Production & Yield Query Report"
Uttar Pradesh,Lalitpur,2014,2014 - 2015,Whole Year,All Crops,962.0,750.0,0.78,"DES Area, Production & Yield Query Report"
Uttar Pradesh,Lalitpur,2015,2015 - 2016,Whole Year,All Crops,1068.0,678.0,0.63,"DES Area, Production & Yield Query Report"
Uttar Pradesh,Lalitpur,2016,2016 - 2017,Whole Year,All Crops,1240.0,802.0,0.65,"DES Area, Production & Yield Query Report"
Uttar Pradesh,Lalitpur,2017,2017 - 2018,Whole Year,All Crops,959.0,440.0,0.46,"DES Area, Production & Yield Query Report"
Uttar Pradesh,Lalitpur,2018,2018 - 2019,Whole Year,All Crops,1255.0,934.0,0.74,"DES Area, Production & Yield Query Report"
Uttar Pradesh,Lalitpur,2019,2019 - 2020,Whole Year,All Crops,1503.0,822.0,0.55,"DES Area, Production & Yield Query Report"
Uttar Pradesh,Lalitpur,2020,2020 - 2021,Whole Year,All Crops,1400.0,1870.0,1.34,"DES Area, Production & Yield Query Report"
Uttar Pradesh,Lalitpur,2021,2021 - 2022,Whole Year,All Crops,1537.0,787.0,0.51,"DES Area, Production & Yield Query Report"
Uttar Pradesh,Lalitpur,2022,2022 - 2023,Whole Year,All Crops,2058.0,5303.0,2.58,"DES Area, Production & Yield Query Report"
Uttar Pradesh,Lucknow,2013,2013 - 2014,Whole Year,All Crops,52159.0,105674.0,2.03,"DES Area, Production & Yield Query Report"
Uttar Pradesh,Lucknow,2014,2014 - 2015,Whole Year,All Crops,54126.0,125843.0,2.33,"DES Area, Production & Yield Query Report"
Uttar Pradesh,Lucknow,2015,2015 - 2016,Whole Year,All Crops,52944.0,107265.0,2.03,"DES Area, Production & Yield Query Report"
Uttar Pradesh,Lucknow,2016,2016 - 2017,Whole Year,All Crops,63802.0,124286.0,1.95,"DES Area, Production & Yield Query Report"
Uttar Pradesh,Lucknow,2017,2017 - 2018,Whole Year,All Crops,51617.0,139727.0,2.71,"DES Area, Production & Yield Query Report"
Uttar Pradesh,Lucknow,2018,2018 - 2019,Whole Year,All Crops,53876.0,146812.0,2.72,"DES Area, Production & Yield Query Report"
Uttar Pradesh,Lucknow,2019,2019 - 2020,Whole Year,All Crops,49610.0,121247.0,2.44,"DES Area, Production & Yield Query Report"
Uttar Pradesh,Lucknow,2020,2020 - 2021,Whole Year,All Crops,50993.0,120649.0,2.37,"DES Area, Production & Yield Query Report"
Uttar Pradesh,Lucknow,2021,2021 - 2022,Whole Year,All Crops,55083.0,137267.0,2.49,"DES Area, Production & Yield Query Report"
Uttar Pradesh,Lucknow,2022,2022 - 2023,Whole Year,All Crops,52020.0,136500.0,2.62,"DES Area, Production & Yield Query Report"
Uttar Pradesh,Maharajganj,2013,2013 - 2014,Whole Year,All Crops,161274.0,398669.0,2.47,"DES Area, Production & Yield Query Report"
Uttar Pradesh,Maharajganj,2014,2014 - 2015,Whole Year,All Crops,165924.0,407012.0,2.45,"DES Area, Production & Yield Query Report"
Uttar Pradesh,Maharajganj,2015,2015 - 2016,Whole Year,All Crops,169804.0,418397.0,2.46,"DES Area, Production & Yield Query Report"
Uttar Pradesh,Maharajganj,2016,2016 - 2017,Whole Year,All Crops,165796.0,420624.0,2.54,"DES Area, Production & Yield Query Report"
Uttar Pradesh,Maharajganj,2017,2017 - 2018,Whole Year,All Crops,166503.0,414093.0,2.49,"DES Area, Production & Yield Query Report"
Uttar Pradesh,Maharajganj,2018,2018 - 2019,Whole Year,All Crops,160997.0,472204.0,2.93,"DES Area, Production & Yield Query Report"
Uttar Pradesh,Maharajganj,2019,2019 - 2020,Whole Year,All Crops,163395.0,459794.0,2.81,"DES Area, Production & Yield Query Report"
Uttar Pradesh,Maharajganj,2020,2020 - 2021,Whole Year,All Crops,170662.0,462249.0,2.71,"DES Area, Production & Yield Query Report"
Uttar Pradesh,Maharajganj,2021,2021 - 2022,Whole Year,All Crops,181085.0,497078.0,2.74,"DES Area, Production & Yield Query Report"
Uttar Pradesh,Maharajganj,2022,2022 - 2023,Whole Year,All Crops,166405.0,430157.0,2.59,"DES Area, Production & Yield Query Report"
Uttar Pradesh,Mahoba,2013,2013 - 2014,Whole Year,All Crops,48.0,86.0,1.79,"DES Area, Production & Yield Query Report"
Uttar Pradesh,Mahoba,2014,2014 - 2015,Whole Year,All Crops,12.0,19.0,1.58,"DES Area, Production & Yield Query Report"
Uttar Pradesh,Mahoba,2015,2015 - 2016,Whole Year,All Crops,18.0,21.0,1.17,"DES Area, Production & Yield Query Report"
Uttar Pradesh,Mahoba,2016,2016 - 2017,Whole Year,All Crops,51.0,91.0,1.78,"DES Area, Production & Yield Query Report"
Uttar Pradesh,Mahoba,2017,2017 - 2018,Whole Year,All Crops,36.0,70.0,1.94,"DES Area, Production & Yield Query Report"
Uttar Pradesh,Mahoba,2018,2018 - 2019,Whole Year,All Crops,105.0,217.0,2.07,"DES Area, Production & Yield Query Report"
Uttar Pradesh,Mahoba,2019,2019 - 2020,Whole Year,All Crops,243.0,614.0,2.53,"DES Area, Production & Yield Query Report"
Uttar Pradesh,Mahoba,2020,2020 - 2021,Whole Year,All Crops,243.0,598.0,2.46,"DES Area, Production & Yield Query Report"
Uttar Pradesh,Mahoba,2021,2021 - 2022,Whole Year,All Crops,139.0,329.0,2.37,"DES Area, Production & Yield Query Report"
Uttar Pradesh,Mahoba,2022,2022 - 2023,Whole Year,All Crops,104.0,251.0,2.41,"DES Area, Production & Yield Query Report"
Uttar Pradesh,Mainpuri,2013,2013 - 2014,Whole Year,All Crops,65390.0,172629.0,2.64,"DES Area, Production & Yield Query Report"
Uttar Pradesh,Mainpuri,2014,2014 - 2015,Whole Year,All Crops,73239.0,191007.0,2.61,"DES Area, Production & Yield Query Report"
Uttar Pradesh,Mainpuri,2015,2015 - 2016,Whole Year,All Crops,72913.0,192198.0,2.64,"DES Area, Production & Yield Query Report"
Uttar Pradesh,Mainpuri,2016,2016 - 2017,Whole Year,All Crops,62335.0,157396.0,2.53,"DES Area, Production & Yield Query Report"
Uttar Pradesh,Mainpuri,2017,2017 - 2018,Whole Year,All Crops,61736.0,185887.0,3.01,"DES Area, Production & Yield Query Report"
Uttar Pradesh,Mainpuri,2018,2018 - 2019,Whole Year,All Crops,64401.0,210784.0,3.27,"DES Area, Production & Yield Query Report"
Uttar Pradesh,Mainpuri,2019,2019 - 2020,Whole Year,All Crops,63053.0,168919.0,2.68,"DES Area, Production & Yield Query Report"
Uttar Pradesh,Mainpuri,2020,2020 - 2021,Whole Year,All Crops,62145.0,180766.0,2.91,"DES Area, Production & Yield Query Report"
Uttar Pradesh,Mainpuri,2021,2021 - 2022,Whole Year,All Crops,62512.0,168032.0,2.69,"DES Area, Production & Yield Query Report"
Uttar Pradesh,Mainpuri,2022,2022 - 2023,Whole Year,All Crops,73819.0,185672.0,2.52,"DES Area, Production & Yield Query Report"
Uttar Pradesh,Mathura,2013,2013 - 2014,Whole Year,All Crops,52654.0,126580.0,2.4,"DES Area, Production & Yield Query Report"
Uttar Pradesh,Mathura,2014,2014 - 2015,Whole Year,All Crops,49400.0,114756.0,2.32,"DES Area, Production & Yield Query Report"
Uttar Pradesh,Mathura,2015,2015 - 2016,Whole Year,All Crops,48723.0,108360.0,2.22,"DES Area, Production & Yield Query Report"
Uttar Pradesh,Mathura,2016,2016 - 2017,Whole Year,All Crops,47918.0,110882.0,2.31,"DES Area, Production & Yield Query Report"
Uttar Pradesh,Mathura,2017,2017 - 2018,Whole Year,All Crops,46127.0,83536.0,1.81,"DES Area, Production & Yield Query Report"
Uttar Pradesh,Mathura,2018,2018 - 2019,Whole Year,All Crops,48608.0,47636.0,0.98,"DES Area, Production & Yield Query Report"
Uttar Pradesh,Mathura,2019,2019 - 2020,Whole Year,All Crops,49607.0,98420.0,1.98,"DES Area, Production & Yield Query Report"
Uttar Pradesh,Mathura,2020,2020 - 2021,Whole Year,All Crops,52090.0,109910.0,2.11,"DES Area, Production & Yield Query Report"
Uttar Pradesh,Mathura,2021,2021 - 2022,Whole Year,All Crops,47810.0,89118.0,1.86,"DES Area, Production & Yield Query Report"
Uttar Pradesh,Mathura,2022,2022 - 2023,Whole Year,All Crops,68748.0,126565.0,1.84,"DES Area, Production & Yield Query Report"
Uttar Pradesh,Mau,2013,2013 - 2014,Whole Year,All Crops,88001.0,184626.0,2.1,"DES Area, Production & Yield Query Report"
Uttar Pradesh,Mau,2014,2014 - 2015,Whole Year,All Crops,91396.0,160583.0,1.76,"DES Area, Production & Yield Query Report"
Uttar Pradesh,Mau,2015,2015 - 2016,Whole Year,All Crops,85683.0,124754.0,1.46,"DES Area, Production & Yield Query Report"
Uttar Pradesh,Mau,2016,2016 - 2017,Whole Year,All Crops,88319.0,202162.0,2.29,"DES Area, Production & Yield Query Report"
Uttar Pradesh,Mau,2017,2017 - 2018,Whole Year,All Crops,91322.0,217894.0,2.39,"DES Area, Production & Yield Query Report"
Uttar Pradesh,Mau,2018,2018 - 2019,Whole Year,All Crops,83345.0,203695.0,2.44,"DES Area, Production & Yield Query Report"
Uttar Pradesh,Mau,2019,2019 - 2020,Whole Year,All Crops,88817.0,237319.0,2.67,"DES Area, Production & Yield Query Report"
Uttar Pradesh,Mau,2020,2020 - 2021,Whole Year,All Crops,88527.0,227337.0,2.57,"DES Area, Production & Yield Query Report"
Uttar Pradesh,Mau,2021,2021 - 2022,Whole Year,All Crops,90496.0,214928.0,2.38,"DES Area, Production & Yield Query Report"
Uttar Pradesh,Mau,2022,2022 - 2023,Whole Year,All Crops,91210.0,233315.0,2.56,"DES Area, Production & Yield Query Report"
Uttar Pradesh,Meerut,2013,2013 - 2014,Whole Year,All Crops,14514.0,39362.0,2.71,"DES Area, Production & Yield Query Report"
Uttar Pradesh,Meerut,2014,2014 - 2015,Whole Year,All Crops,14628.0,43372.0,2.96,"DES Area, Production & Yield Query Report"
Uttar Pradesh,Meerut,2015,2015 - 2016,Whole Year,All Crops,17352.0,50494.0,2.91,"DES Area, Production & Yield Query Report"
Uttar Pradesh,Meerut,2016,2016 - 2017,Whole Year,All Crops,14870.0,39346.0,2.65,"DES Area, Production & Yield Query Report"
Uttar Pradesh,Meerut,2017,2017 - 2018,Whole Year,All Crops,14422.0,42271.0,2.93,"DES Area, Production & Yield Query Report"
Uttar Pradesh,Meerut,2018,2018 - 2019,Whole Year,All Crops,15219.0,43283.0,2.84,"DES Area, Production & Yield Query Report"
Uttar Pradesh,Meerut,2019,2019 - 2020,Whole Year,All Crops,17184.0,50229.0,2.92,"DES Area, Production & Yield Query Report"
Uttar Pradesh,Meerut,2020,2020 - 2021,Whole Year,All Crops,15161.0,44587.0,2.94,"DES Area, Production & Yield Query Report"
Uttar Pradesh,Meerut,2021,2021 - 2022,Whole Year,All Crops,15165.0,44062.0,2.91,"DES Area, Production & Yield Query Report"
Uttar Pradesh,Meerut,2022,2022 - 2023,Whole Year,All Crops,15412.0,38074.0,2.47,"DES Area, Production & Yield Query Report"
Uttar Pradesh,Mirzapur,2013,2013 - 2014,Whole Year,All Crops,81099.0,186771.0,2.3,"DES Area, Production & Yield Query Report"
Uttar Pradesh,Mirzapur,2014,2014 - 2015,Whole Year,All Crops,81132.0,187821.0,2.32,"DES Area, Production & Yield Query Report"
Uttar Pradesh,Mirzapur,2015,2015 - 2016,Whole Year,All Crops,83955.0,145830.0,1.74,"DES Area, Production & Yield Query Report"
Uttar Pradesh,Mirzapur,2016,2016 - 2017,Whole Year,All Crops,91189.0,240739.0,2.64,"DES Area, Production & Yield Query Report"
Uttar Pradesh,Mirzapur,2017,2017 - 2018,Whole Year,All Crops,84710.0,215756.0,2.55,"DES Area, Production & Yield Query Report"
Uttar Pradesh,Mirzapur,2018,2018 - 2019,Whole Year,All Crops,94610.0,270206.0,2.86,"DES Area, Production & Yield Query Report"
Uttar Pradesh,Mirzapur,2019,2019 - 2020,Whole Year,All Crops,82961.0,251455.0,3.03,"DES Area, Production & Yield Query Report"
Uttar Pradesh,Mirzapur,2020,2020 - 2021,Whole Year,All Crops,86266.0,281400.0,3.26,"DES Area, Production & Yield Query Report"
Uttar Pradesh,Mirzapur,2021,2021 - 2022,Whole Year,All Crops,87568.0,273650.0,3.13,"DES Area, Production & Yield Query Report"
Uttar Pradesh,Mirzapur,2022,2022 - 2023,Whole Year,All Crops,85151.0,278103.0,3.27,"DES Area, Production & Yield Query Report"
Uttar Pradesh,Moradabad,2013,2013 - 2014,Whole Year,All Crops,95963.0,209487.0,2.18,"DES Area, Production & Yield Query Report"
Uttar Pradesh,Moradabad,2014,2014 - 2015,Whole Year,All Crops,88486.0,207234.0,2.34,"DES Area, Production & Yield Query Report"
Uttar Pradesh,Moradabad,2015,2015 - 2016,Whole Year,All Crops,94677.0,221166.0,2.34,"DES Area, Production & Yield Query Report"
Uttar Pradesh,Moradabad,2016,2016 - 2017,Whole Year,All Crops,93308.0,214235.0,2.3,"DES Area, Production & Yield Query Report"
Uttar Pradesh,Moradabad,2017,2017 - 2018,Whole Year,All Crops,95056.0,219389.0,2.31,"DES Area, Production & Yield Query Report"
Uttar Pradesh,Moradabad,2018,2018 - 2019,Whole Year,All Crops,89961.0,225262.0,2.5,"DES Area, Production & Yield Query Report"
Uttar Pradesh,Moradabad,2019,2019 - 2020,Whole Year,All Crops,93997.0,259431.0,2.76,"DES Area, Production & Yield Query Report"
Uttar Pradesh,Moradabad,2020,2020 - 2021,Whole Year,All Crops,99217.0,319742.0,3.22,"DES Area, Production & Yield Query Report"
Uttar Pradesh,Moradabad,2021,2021 - 2022,Whole Year,All Crops,94621.0,273710.0,2.89,"DES Area, Production & Yield Query Report"
Uttar Pradesh,Moradabad,2022,2022 - 2023,Whole Year,All Crops,96064.0,271186.0,2.82,"DES Area, Production & Yield Query Report"
Uttar Pradesh,Muzaffarnagar,2013,2013 - 2014,Whole Year,All Crops,11065.0,25859.0,2.34,"DES Area, Production & Yield Query Report"
Uttar Pradesh,Muzaffarnagar,2014,2014 - 2015,Whole Year,All Crops,10776.0,25992.0,2.41,"DES Area, Production & Yield Query Report"
Uttar Pradesh,Muzaffarnagar,2015,2015 - 2016,Whole Year,All Crops,14419.0,37432.0,2.6,"DES Area, Production & Yield Query Report"
Uttar Pradesh,Muzaffarnagar,2016,2016 - 2017,Whole Year,All Crops,11580.0,25777.0,2.23,"DES Area, Production & Yield Query Report"
Uttar Pradesh,Muzaffarnagar,2017,2017 - 2018,Whole Year,All Crops,12765.0,32845.0,2.57,"DES Area, Production & Yield Query Report"
Uttar Pradesh,Muzaffarnagar,2018,2018 - 2019,Whole Year,All Crops,11287.0,24323.0,2.15,"DES Area, Production & Yield Query Report"
Uttar Pradesh,Muzaffarnagar,2019,2019 - 2020,Whole Year,All Crops,11776.0,32149.0,2.73,"DES Area, Production & Yield Query Report"
Uttar Pradesh,Muzaffarnagar,2020,2020 - 2021,Whole Year,All Crops,13152.0,35839.0,2.72,"DES Area, Production & Yield Query Report"
Uttar Pradesh,Muzaffarnagar,2021,2021 - 2022,Whole Year,All Crops,12953.0,35155.0,2.71,"DES Area, Production & Yield Query Report"
Uttar Pradesh,Muzaffarnagar,2022,2022 - 2023,Whole Year,All Crops,13430.0,34743.0,2.59,"DES Area, Production & Yield Query Report"
Uttar Pradesh,Pilibhit,2013,2013 - 2014,Whole Year,All Crops,146410.0,409509.0,2.8,"DES Area, Production & Yield Query Report"
Uttar Pradesh,Pilibhit,2014,2014 - 2015,Whole Year,All Crops,128989.0,338726.0,2.63,"DES Area, Production & Yield Query Report"
Uttar Pradesh,Pilibhit,2015,2015 - 2016,Whole Year,All Crops,145070.0,436660.0,3.01,"DES Area, Production & Yield Query Report"
Uttar Pradesh,Pilibhit,2016,2016 - 2017,Whole Year,All Crops,153580.0,481012.0,3.13,"DES Area, Production & Yield Query Report"
Uttar Pradesh,Pilibhit,2017,2017 - 2018,Whole Year,All Crops,140744.0,461078.0,3.28,"DES Area, Production & Yield Query Report"
Uttar Pradesh,Pilibhit,2018,2018 - 2019,Whole Year,All Crops,147310.0,455041.0,3.09,"DES Area, Production & Yield Query Report"
Uttar Pradesh,Pilibhit,2019,2019 - 2020,Whole Year,All Crops,139065.0,471569.0,3.39,"DES Area, Production & Yield Query Report"
Uttar Pradesh,Pilibhit,2020,2020 - 2021,Whole Year,All Crops,139872.0,509274.0,3.64,"DES Area, Production & Yield Query Report"
Uttar Pradesh,Pilibhit,2021,2021 - 2022,Whole Year,All Crops,151200.0,508777.0,3.36,"DES Area, Production & Yield Query Report"
Uttar Pradesh,Pilibhit,2022,2022 - 2023,Whole Year,All Crops,149332.0,484775.0,3.25,"DES Area, Production & Yield Query Report"
Uttar Pradesh,Pratapgarh,2013,2013 - 2014,Whole Year,All Crops,99245.0,237791.0,2.4,"DES Area, Production & Yield Query Report"
Uttar Pradesh,Pratapgarh,2014,2014 - 2015,Whole Year,All Crops,104143.0,235676.0,2.26,"DES Area, Production & Yield Query Report"
Uttar Pradesh,Pratapgarh,2015,2015 - 2016,Whole Year,All Crops,124700.0,224335.0,1.8,"DES Area, Production & Yield Query Report"
Uttar Pradesh,Pratapgarh,2016,2016 - 2017,Whole Year,All Crops,99010.0,217030.0,2.19,"DES Area, Production & Yield Query Report"
Uttar Pradesh,Pratapgarh,2017,2017 - 2018,Whole Year,All Crops,96357.0,227788.0,2.36,"DES Area, Production & Yield Query Report"
Uttar Pradesh,Pratapgarh,2018,2018 - 2019,Whole Year,All Crops,97832.0,251624.0,2.57,"DES Area, Production & Yield Query Report"
Uttar Pradesh,Pratapgarh,2019,2019 - 2020,Whole Year,All Crops,94501.0,241734.0,2.56,"DES Area, Production & Yield Query Report"
Uttar Pradesh,Pratapgarh,2020,2020 - 2021,Whole Year,All Crops,97504.0,256046.0,2.63,"DES Area, Production & Yield Query Report"
Uttar Pradesh,Pratapgarh,2021,2021 - 2022,Whole Year,All Crops,98615.0,249101.0,2.53,"DES Area, Production & Yield Query Report"
Uttar Pradesh,Pratapgarh,2022,2022 - 2023,Whole Year,All Crops,91548.0,258101.0,2.82,"DES Area, Production & Yield Query Report"
Uttar Pradesh,Rae bareli,2013,2013 - 2014,Whole Year,All Crops,89513.0,219665.0,2.45,"DES Area, Production & Yield Query Report"
Uttar Pradesh,Rae bareli,2014,2014 - 2015,Whole Year,All Crops,104251.0,246449.0,2.36,"DES Area, Production & Yield Query Report"
Uttar Pradesh,Rae bareli,2015,2015 - 2016,Whole Year,All Crops,116435.0,247541.0,2.13,"DES Area, Production & Yield Query Report"
Uttar Pradesh,Rae bareli,2016,2016 - 2017,Whole Year,All Crops,90544.0,217939.0,2.41,"DES Area, Production & Yield Query Report"
Uttar Pradesh,Rae bareli,2017,2017 - 2018,Whole Year,All Crops,90875.0,222462.0,2.45,"DES Area, Production & Yield Query Report"
Uttar Pradesh,Rae bareli,2018,2018 - 2019,Whole Year,All Crops,91803.0,226570.0,2.47,"DES Area, Production & Yield Query Report"
Uttar Pradesh,Rae bareli,2019,2019 - 2020,Whole Year,All Crops,88738.0,230186.0,2.59,"DES Area, Production & Yield Query Report"
Uttar Pradesh,Rae bareli,2020,2020 - 2021,Whole Year,All Crops,90022.0,267365.0,2.97,"DES Area, Production & Yield Query Report"
Uttar Pradesh,Rae bareli,2021,2021 - 2022,Whole Year,All Crops,89968.0,247412.0,2.75,"DES Area, Production & Yield Query Report"
Uttar Pradesh,Rae bareli,2022,2022 - 2023,Whole Year,All Crops,87695.0,247388.0,2.82,"DES Area, Production & Yield Query Report"
Uttar Pradesh,Rampur,2013,2013 - 2014,Whole Year,All Crops,143020.0,320508.0,2.24,"DES Area, Production & Yield Query Report"
Uttar Pradesh,Rampur,2014,2014 - 2015,Whole Year,All Crops,132690.0,299880.0,2.26,"DES Area, Production & Yield Query Report"
Uttar Pradesh,Rampur,2015,2015 - 2016,Whole Year,All Crops,129975.0,293744.0,2.26,"DES Area, Production & Yield Query Report"
Uttar Pradesh,Rampur,2016,2016 - 2017,Whole Year,All Crops,148544.0,362448.0,2.44,"DES Area, Production & Yield Query Report"
Uttar Pradesh,Rampur,2017,2017 - 2018,Whole Year,All Crops,138672.0,328514.0,2.37,"DES Area, Production & Yield Query Report"
Uttar Pradesh,Rampur,2018,2018 - 2019,Whole Year,All Crops,140503.0,385119.0,2.74,"DES Area, Production & Yield Query Report"
Uttar Pradesh,Rampur,2019,2019 - 2020,Whole Year,All Crops,147115.0,422956.0,2.88,"DES Area, Production & Yield Query Report"
Uttar Pradesh,Rampur,2020,2020 - 2021,Whole Year,All Crops,147043.0,469896.0,3.2,"DES Area, Production & Yield Query Report"
Uttar Pradesh,Rampur,2021,2021 - 2022,Whole Year,All Crops,154393.0,439548.0,2.85,"DES Area, Production & Yield Query Report"
Uttar Pradesh,Rampur,2022,2022 - 2023,Whole Year,All Crops,149598.0,412070.0,2.75,"DES Area, Production & Yield Query Report"
Uttar Pradesh,Saharanpur,2013,2013 - 2014,Whole Year,All Crops,57786.0,141345.0,2.45,"DES Area, Production & Yield Query Report"
Uttar Pradesh,Saharanpur,2014,2014 - 2015,Whole Year,All Crops,62552.0,155629.0,2.49,"DES Area, Production & Yield Query Report"
Uttar Pradesh,Saharanpur,2015,2015 - 2016,Whole Year,All Crops,72546.0,165623.0,2.28,"DES Area, Production & Yield Query Report"
Uttar Pradesh,Saharanpur,2016,2016 - 2017,Whole Year,All Crops,57538.0,142176.0,2.47,"DES Area, Production & Yield Query Report"
Uttar Pradesh,Saharanpur,2017,2017 - 2018,Whole Year,All Crops,57090.0,152659.0,2.67,"DES Area, Production & Yield Query Report"
Uttar Pradesh,Saharanpur,2018,2018 - 2019,Whole Year,All Crops,58734.0,148068.0,2.52,"DES Area, Production & Yield Query Report"
Uttar Pradesh,Saharanpur,2019,2019 - 2020,Whole Year,All Crops,59720.0,161423.0,2.7,"DES Area, Production & Yield Query Report"
Uttar Pradesh,Saharanpur,2020,2020 - 2021,Whole Year,All Crops,58334.0,165785.0,2.84,"DES Area, Production & Yield Query Report"
Uttar Pradesh,Saharanpur,2021,2021 - 2022,Whole Year,All Crops,58256.0,161486.0,2.77,"DES Area, Production & Yield Query Report"
Uttar Pradesh,Saharanpur,2022,2022 - 2023,Whole Year,All Crops,57912.0,142620.0,2.46,"DES Area, Production & Yield Query Report"
Uttar Pradesh,Sambhal,2013,2013 - 2014,Whole Year,All Crops,40134.0,92388.0,2.3,"DES Area, Production & Yield Query Report"
Uttar Pradesh,Sambhal,2014,2014 - 2015,Whole Year,All Crops,35060.0,76746.0,2.19,"DES Area, Production & Yield Query Report"
Uttar Pradesh,Sambhal,2015,2015 - 2016,Whole Year,All Crops,34112.0,78492.0,2.3,"DES Area, Production & Yield Query Report"
Uttar Pradesh,Sambhal,2016,2016 - 2017,Whole Year,All Crops,37130.0,83283.0,2.24,"DES Area, Production & Yield Query Report"
Uttar Pradesh,Sambhal,2017,2017 - 2018,Whole Year,All Crops,37703.0,97462.0,2.58,"DES Area, Production & Yield Query Report"
Uttar Pradesh,Sambhal,2018,2018 - 2019,Whole Year,All Crops,38227.0,98052.0,2.56,"DES Area, Production & Yield Query Report"
Uttar Pradesh,Sambhal,2019,2019 - 2020,Whole Year,All Crops,39632.0,107759.0,2.72,"DES Area, Production & Yield Query Report"
Uttar Pradesh,Sambhal,2020,2020 - 2021,Whole Year,All Crops,43628.0,129183.0,2.96,"DES Area, Production & Yield Query Report"
Uttar Pradesh,Sambhal,2021,2021 - 2022,Whole Year,All Crops,41211.0,111888.0,2.72,"DES Area, Production & Yield Query Report"
Uttar Pradesh,Sambhal,2022,2022 - 2023,Whole Year,All Crops,48993.0,136058.0,2.78,"DES Area, Production & Yield Query Report"
Uttar Pradesh,Sant kabeer nagar,2013,2013 - 2014,Whole Year,All Crops,90054.0,208385.0,2.31,"DES Area, Production & Yield Query Report"
Uttar Pradesh,Sant kabeer nagar,2014,2014 - 2015,Whole Year,All Crops,90978.0,162668.0,1.79,"DES Area, Production & Yield Query Report"
Uttar Pradesh,Sant kabeer nagar,2015,2015 - 2016,Whole Year,All Crops,79542.0,139596.0,1.75,"DES Area, Production & Yield Query Report"
Uttar Pradesh,Sant kabeer nagar,2016,2016 - 2017,Whole Year,All Crops,97847.0,202544.0,2.07,"DES Area, Production & Yield Query Report"
Uttar Pradesh,Sant kabeer nagar,2017,2017 - 2018,Whole Year,All Crops,91978.0,193706.0,2.11,"DES Area, Production & Yield Query Report"
Uttar Pradesh,Sant kabeer nagar,2018,2018 - 2019,Whole Year,All Crops,92554.0,204729.0,2.21,"DES Area, Production & Yield Query Report"
Uttar Pradesh,Sant kabeer nagar,2019,2019 - 2020,Whole Year,All Crops,90903.0,285709.0,3.14,"DES Area, Production & Yield Query Report"
Uttar Pradesh,Sant kabeer nagar,2020,2020 - 2021,Whole Year,All Crops,92340.0,276983.0,3.0,"DES Area, Production & Yield Query Report"
Uttar Pradesh,Sant kabeer nagar,2021,2021 - 2022,Whole Year,All Crops,91860.0,272848.0,2.97,"DES Area, Production & Yield Query Report"
Uttar Pradesh,Sant kabeer nagar,2022,2022 - 2023,Whole Year,All Crops,91722.0,263131.0,2.87,"DES Area, Production & Yield Query Report"
Uttar Pradesh,Sant ravidas nagar,2013,2013 - 2014,Whole Year,All Crops,27721.0,70938.0,2.56,"DES Area, Production & Yield Query Report"
Uttar Pradesh,Sant ravidas nagar,2014,2014 - 2015,Whole Year,All Crops,27981.0,61950.0,2.21,"DES Area, Production & Yield Query Report"
Uttar Pradesh,Sant ravidas nagar,2015,2015 - 2016,Whole Year,All Crops,28180.0,58502.0,2.08,"DES Area, Production & Yield Query Report"
Uttar Pradesh,Sant ravidas nagar,2016,2016 - 2017,Whole Year,All Crops,30104.0,83960.0,2.79,"DES Area, Production & Yield Query Report"
Uttar Pradesh,Sant ravidas nagar,2017,2017 - 2018,Whole Year,All Crops,28105.0,89430.0,3.18,"DES Area, Production & Yield Query Report"
Uttar Pradesh,Sant ravidas nagar,2018,2018 - 2019,Whole Year,All Crops,28888.0,90188.0,3.12,"DES Area, Production & Yield Query Report"
Uttar Pradesh,Sant ravidas nagar,2019,2019 - 2020,Whole Year,All Crops,27477.0,84492.0,3.08,"DES Area, Production & Yield Query Report"
Uttar Pradesh,Sant ravidas nagar,2020,2020 - 2021,Whole Year,All Crops,27741.0,84607.0,3.05,"DES Area, Production & Yield Query Report"
Uttar Pradesh,Sant ravidas nagar,2021,2021 - 2022,Whole Year,All Crops,27768.0,85220.0,3.07,"DES Area, Production & Yield Query Report"
Uttar Pradesh,Sant ravidas nagar,2022,2022 - 2023,Whole Year,All Crops,28305.0,89189.0,3.15,"DES Area, Production & Yield Query Report"
Uttar Pradesh,Shahjahanpur,2013,2013 - 2014,Whole Year,All Crops,203425.0,545993.0,2.68,"DES Area, Production & Yield Query Report"
Uttar Pradesh,Shahjahanpur,2014,2014 - 2015,Whole Year,All Crops,209325.0,587157.0,2.81,"DES Area, Production & Yield Query Report"
Uttar Pradesh,Shahjahanpur,2015,2015 - 2016,Whole Year,All Crops,155993.0,491222.0,3.15,"DES Area, Production & Yield Query Report"
Uttar Pradesh,Shahjahanpur,2016,2016 - 2017,Whole Year,All Crops,210848.0,627062.0,2.97,"DES Area, Production & Yield Query Report"
Uttar Pradesh,Shahjahanpur,2017,2017 - 2018,Whole Year,All Crops,210765.0,686883.0,3.26,"DES Area, Production & Yield Query Report"
Uttar Pradesh,Shahjahanpur,2018,2018 - 2019,Whole Year,All Crops,189858.0,590268.0,3.11,"DES Area, Production & Yield Query Report"
Uttar Pradesh,Shahjahanpur,2019,2019 - 2020,Whole Year,All Crops,219087.0,774473.0,3.54,"DES Area, Production & Yield Query Report"
Uttar Pradesh,Shahjahanpur,2020,2020 - 2021,Whole Year,All Crops,209672.0,800890.0,3.82,"DES Area, Production & Yield Query Report"
Uttar Pradesh,Shahjahanpur,2021,2021 - 2022,Whole Year,All Crops,223243.0,737183.0,3.3,"DES Area, Production & Yield Query Report"
Uttar Pradesh,Shahjahanpur,2022,2022 - 2023,Whole Year,All Crops,211642.0,705118.0,3.33,"DES Area, Production & Yield Query Report"
Uttar Pradesh,Shamli,2013,2013 - 2014,Whole Year,All Crops,19856.0,52440.0,2.64,"DES Area, Production & Yield Query Report"
Uttar Pradesh,Shamli,2014,2014 - 2015,Whole Year,All Crops,22923.0,60632.0,2.65,"DES Area, Production & Yield Query Report"
Uttar Pradesh,Shamli,2015,2015 - 2016,Whole Year,All Crops,19728.0,49281.0,2.5,"DES Area, Production & Yield Query Report"
Uttar Pradesh,Shamli,2016,2016 - 2017,Whole Year,All Crops,20596.0,58060.0,2.82,"DES Area, Production & Yield Query Report"
Uttar Pradesh,Shamli,2017,2017 - 2018,Whole Year,All Crops,20164.0,60472.0,3.0,"DES Area, Production & Yield Query Report"
Uttar Pradesh,Shamli,2018,2018 - 2019,Whole Year,All Crops,20354.0,54081.0,2.66,"DES Area, Production & Yield Query Report"
Uttar Pradesh,Shamli,2019,2019 - 2020,Whole Year,All Crops,20909.0,71383.0,3.41,"DES Area, Production & Yield Query Report"
Uttar Pradesh,Shamli,2020,2020 - 2021,Whole Year,All Crops,21293.0,65794.0,3.09,"DES Area, Production & Yield Query Report"
Uttar Pradesh,Shamli,2021,2021 - 2022,Whole Year,All Crops,21023.0,61206.0,2.91,"DES Area, Production & Yield Query Report"
Uttar Pradesh,Shamli,2022,2022 - 2023,Whole Year,All Crops,20974.0,54620.0,2.6,"DES Area, Production & Yield Query Report"
Uttar Pradesh,Shravasti,2013,2013 - 2014,Whole Year,All Crops,75337.0,155119.0,2.06,"DES Area, Production & Yield Query Report"
Uttar Pradesh,Shravasti,2014,2014 - 2015,Whole Year,All Crops,79949.0,173889.0,2.17,"DES Area, Production & Yield Query Report"
Uttar Pradesh,Shravasti,2015,2015 - 2016,Whole Year,All Crops,72532.0,141437.0,1.95,"DES Area, Production & Yield Query Report"
Uttar Pradesh,Shravasti,2016,2016 - 2017,Whole Year,All Crops,72247.0,188854.0,2.61,"DES Area, Production & Yield Query Report"
Uttar Pradesh,Shravasti,2017,2017 - 2018,Whole Year,All Crops,75183.0,193596.0,2.57,"DES Area, Production & Yield Query Report"
Uttar Pradesh,Shravasti,2018,2018 - 2019,Whole Year,All Crops,78797.0,199908.0,2.54,"DES Area, Production & Yield Query Report"
Uttar Pradesh,Shravasti,2019,2019 - 2020,Whole Year,All Crops,77399.0,188080.0,2.43,"DES Area, Production & Yield Query Report"
Uttar Pradesh,Shravasti,2020,2020 - 2021,Whole Year,All Crops,74772.0,196277.0,2.63,"DES Area, Production & Yield Query Report"
Uttar Pradesh,Shravasti,2021,2021 - 2022,Whole Year,All Crops,84628.0,164771.0,1.95,"DES Area, Production & Yield Query Report"
Uttar Pradesh,Shravasti,2022,2022 - 2023,Whole Year,All Crops,84628.0,183135.0,2.16,"DES Area, Production & Yield Query Report"
Uttar Pradesh,Siddharth nagar,2013,2013 - 2014,Whole Year,All Crops,173903.0,477016.0,2.74,"DES Area, Production & Yield Query Report"
Uttar Pradesh,Siddharth nagar,2014,2014 - 2015,Whole Year,All Crops,170404.0,414082.0,2.43,"DES Area, Production & Yield Query Report"
Uttar Pradesh,Siddharth nagar,2015,2015 - 2016,Whole Year,All Crops,184234.0,416737.0,2.26,"DES Area, Production & Yield Query Report"
Uttar Pradesh,Siddharth nagar,2016,2016 - 2017,Whole Year,All Crops,173507.0,403751.0,2.33,"DES Area, Production & Yield Query Report"
Uttar Pradesh,Siddharth nagar,2017,2017 - 2018,Whole Year,All Crops,173507.0,449210.0,2.59,"DES Area, Production & Yield Query Report"
Uttar Pradesh,Siddharth nagar,2018,2018 - 2019,Whole Year,All Crops,174713.0,551045.0,3.15,"DES Area, Production & Yield Query Report"
Uttar Pradesh,Siddharth nagar,2019,2019 - 2020,Whole Year,All Crops,173935.0,497106.0,2.86,"DES Area, Production & Yield Query Report"
Uttar Pradesh,Siddharth nagar,2020,2020 - 2021,Whole Year,All Crops,173507.0,495015.0,2.85,"DES Area, Production & Yield Query Report"
Uttar Pradesh,Siddharth nagar,2021,2021 - 2022,Whole Year,All Crops,174355.0,458240.0,2.63,"DES Area, Production & Yield Query Report"
Uttar Pradesh,Siddharth nagar,2022,2022 - 2023,Whole Year,All Crops,174226.0,405125.0,2.33,"DES Area, Production & Yield Query Report"
Uttar Pradesh,Sitapur,2013,2013 - 2014,Whole Year,All Crops,169785.0,414105.0,2.44,"DES Area, Production & Yield Query Report"
Uttar Pradesh,Sitapur,2014,2014 - 2015,Whole Year,All Crops,164203.0,383086.0,2.33,"DES Area, Production & Yield Query Report"
Uttar Pradesh,Sitapur,2015,2015 - 2016,Whole Year,All Crops,160523.0,346409.0,2.16,"DES Area, Production & Yield Query Report"
Uttar Pradesh,Sitapur,2016,2016 - 2017,Whole Year,All Crops,167974.0,391379.0,2.33,"DES Area, Production & Yield Query Report"
Uttar Pradesh,Sitapur,2017,2017 - 2018,Whole Year,All Crops,163866.0,384102.0,2.34,"DES Area, Production & Yield Query Report"
Uttar Pradesh,Sitapur,2018,2018 - 2019,Whole Year,All Crops,159034.0,392973.0,2.47,"DES Area, Production & Yield Query Report"
Uttar Pradesh,Sitapur,2019,2019 - 2020,Whole Year,All Crops,160017.0,468210.0,2.93,"DES Area, Production & Yield Query Report"
Uttar Pradesh,Sitapur,2020,2020 - 2021,Whole Year,All Crops,167014.0,474736.0,2.84,"DES Area, Production & Yield Query Report"
Uttar Pradesh,Sitapur,2021,2021 - 2022,Whole Year,All Crops,167121.0,460418.0,2.75,"DES Area, Production & Yield Query Report"
Uttar Pradesh,Sitapur,2022,2022 - 2023,Whole Year,All Crops,164671.0,348807.0,2.12,"DES Area, Production & Yield Query Report"
Uttar Pradesh,Sonbhadra,2013,2013 - 2014,Whole Year,All Crops,30842.0,66680.0,2.16,"DES Area, Production & Yield Query Report"
Uttar Pradesh,Sonbhadra,2014,2014 - 2015,Whole Year,All Crops,29426.0,52290.0,1.78,"DES Area, Production & Yield Query Report"
Uttar Pradesh,Sonbhadra,2015,2015 - 2016,Whole Year,All Crops,42653.0,63425.0,1.49,"DES Area, Production & Yield Query Report"
Uttar Pradesh,Sonbhadra,2016,2016 - 2017,Whole Year,All Crops,32582.0,84583.0,2.6,"DES Area, Production & Yield Query Report"
Uttar Pradesh,Sonbhadra,2017,2017 - 2018,Whole Year,All Crops,38874.0,105698.0,2.72,"DES Area, Production & Yield Query Report"
Uttar Pradesh,Sonbhadra,2018,2018 - 2019,Whole Year,All Crops,32700.0,94307.0,2.88,"DES Area, Production & Yield Query Report"
Uttar Pradesh,Sonbhadra,2019,2019 - 2020,Whole Year,All Crops,29917.0,87178.0,2.91,"DES Area, Production & Yield Query Report"
Uttar Pradesh,Sonbhadra,2020,2020 - 2021,Whole Year,All Crops,33788.0,99472.0,2.94,"DES Area, Production & Yield Query Report"
Uttar Pradesh,Sonbhadra,2021,2021 - 2022,Whole Year,All Crops,31948.0,99838.0,3.13,"DES Area, Production & Yield Query Report"
Uttar Pradesh,Sonbhadra,2022,2022 - 2023,Whole Year,All Crops,31627.0,86595.0,2.74,"DES Area, Production & Yield Query Report"
Uttar Pradesh,Sultanpur,2013,2013 - 2014,Whole Year,All Crops,93449.0,227735.0,2.44,"DES Area, Production & Yield Query Report"
Uttar Pradesh,Sultanpur,2014,2014 - 2015,Whole Year,All Crops,85103.0,151568.0,1.78,"DES Area, Production & Yield Query Report"
Uttar Pradesh,Sultanpur,2015,2015 - 2016,Whole Year,All Crops,99552.0,206770.0,2.08,"DES Area, Production & Yield Query Report"
Uttar Pradesh,Sultanpur,2016,2016 - 2017,Whole Year,All Crops,96002.0,222629.0,2.32,"DES Area, Production & Yield Query Report"
Uttar Pradesh,Sultanpur,2017,2017 - 2018,Whole Year,All Crops,95969.0,306621.0,3.2,"DES Area, Production & Yield Query Report"
Uttar Pradesh,Sultanpur,2018,2018 - 2019,Whole Year,All Crops,94804.0,334753.0,3.53,"DES Area, Production & Yield Query Report"
Uttar Pradesh,Sultanpur,2019,2019 - 2020,Whole Year,All Crops,91730.0,286198.0,3.12,"DES Area, Production & Yield Query Report"
Uttar Pradesh,Sultanpur,2020,2020 - 2021,Whole Year,All Crops,92290.0,275763.0,2.99,"DES Area, Production & Yield Query Report"
Uttar Pradesh,Sultanpur,2021,2021 - 2022,Whole Year,All Crops,94627.0,276784.0,2.93,"DES Area, Production & Yield Query Report"
Uttar Pradesh,Sultanpur,2022,2022 - 2023,Whole Year,All Crops,94627.0,262874.0,2.78,"DES Area, Production & Yield Query Report"
Uttar Pradesh,Unnao,2013,2013 - 2014,Whole Year,All Crops,102455.0,218229.0,2.13,"DES Area, Production & Yield Query Report"
Uttar Pradesh,Unnao,2014,2014 - 2015,Whole Year,All Crops,96436.0,161820.0,1.68,"DES Area, Production & Yield Query Report"
Uttar Pradesh,Unnao,2015,2015 - 2016,Whole Year,All Crops,87263.0,138224.0,1.58,"DES Area, Production & Yield Query Report"
Uttar Pradesh,Unnao,2016,2016 - 2017,Whole Year,All Crops,99887.0,193981.0,1.94,"DES Area, Production & Yield Query Report"
Uttar Pradesh,Unnao,2017,2017 - 2018,Whole Year,All Crops,94990.0,199194.0,2.1,"DES Area, Production & Yield Query Report"
Uttar Pradesh,Unnao,2018,2018 - 2019,Whole Year,All Crops,102500.0,187473.0,1.83,"DES Area, Production & Yield Query Report"
Uttar Pradesh,Unnao,2019,2019 - 2020,Whole Year,All Crops,96540.0,254286.0,2.63,"DES Area, Production & Yield Query Report"
Uttar Pradesh,Unnao,2020,2020 - 2021,Whole Year,All Crops,99011.0,231686.0,2.34,"DES Area, Production & Yield Query Report"
Uttar Pradesh,Unnao,2021,2021 - 2022,Whole Year,All Crops,98060.0,221125.0,2.25,"DES Area, Production & Yield Query Report"
Uttar Pradesh,Unnao,2022,2022 - 2023,Whole Year,All Crops,96337.0,227644.0,2.36,"DES Area, Production & Yield Query Report"
Uttar Pradesh,Varanasi,2013,2013 - 2014,Whole Year,All Crops,46938.0,100964.0,2.15,"DES Area, Production & Yield Query Report"
Uttar Pradesh,Varanasi,2014,2014 - 2015,Whole Year,All Crops,43862.0,101848.0,2.32,"DES Area, Production & Yield Query Report"
Uttar Pradesh,Varanasi,2015,2015 - 2016,Whole Year,All Crops,45770.0,94240.0,2.06,"DES Area, Production & Yield Query Report"
Uttar Pradesh,Varanasi,2016,2016 - 2017,Whole Year,All Crops,50288.0,123457.0,2.45,"DES Area, Production & Yield Query Report"
Uttar Pradesh,Varanasi,2017,2017 - 2018,Whole Year,All Crops,51719.0,131832.0,2.55,"DES Area, Production & Yield Query Report"
Uttar Pradesh,Varanasi,2018,2018 - 2019,Whole Year,All Crops,48013.0,121425.0,2.53,"DES Area, Production & Yield Query Report"
Uttar Pradesh,Varanasi,2019,2019 - 2020,Whole Year,All Crops,47540.0,126266.0,2.66,"DES Area, Production & Yield Query Report"
Uttar Pradesh,Varanasi,2020,2020 - 2021,Whole Year,All Crops,50974.0,134011.0,2.63,"DES Area, Production & Yield Query Report"
Uttar Pradesh,Varanasi,2021,2021 - 2022,Whole Year,All Crops,48057.0,131724.0,2.74,"DES Area, Production & Yield Query Report"
Uttar Pradesh,Varanasi,2022,2022 - 2023,Whole Year,All Crops,48019.0,135558.0,2.82,"DES Area, Production & Yield Query Report"
Uttarakhand,Almora,2013,2013 - 2014,Whole Year,All Crops,15597.0,18545.0,1.19,"DES Area, Production & Yield Query Report"
Uttarakhand,Almora,2014,2014 - 2015,Whole Year,All Crops,16897.0,19776.0,1.17,"DES Area, Production & Yield Query Report"
Uttarakhand,Almora,2015,2015 - 2016,Whole Year,All Crops,17526.0,19096.0,1.09,"DES Area, Production & Yield Query Report"
Uttarakhand,Almora,2016,2016 - 2017,Whole Year,All Crops,15643.0,20035.0,1.28,"DES Area, Production & Yield Query Report"
Uttarakhand,Almora,2017,2017 - 2018,Whole Year,All Crops,14389.0,17563.0,1.22,"DES Area, Production & Yield Query Report"
Uttarakhand,Almora,2018,2018 - 2019,Whole Year,All Crops,12452.0,15578.0,1.25,"DES Area, Production & Yield Query Report"
Uttarakhand,Almora,2019,2019 - 2020,Whole Year,All Crops,13529.0,15383.0,1.14,"DES Area, Production & Yield Query Report"
Uttarakhand,Almora,2020,2020 - 2021,Whole Year,All Crops,13339.0,17324.0,1.3,"DES Area, Production & Yield Query Report"
Uttarakhand,Almora,2021,2021 - 2022,Whole Year,All Crops,10704.0,14741.0,1.38,"DES Area, Production & Yield Query Report"
Uttarakhand,Almora,2022,2022 - 2023,Whole Year,All Crops,11574.0,12679.0,1.1,"DES Area, Production & Yield Query Report"
Uttarakhand,Bageshwar,2013,2013 - 2014,Whole Year,All Crops,13580.0,19492.0,1.44,"DES Area, Production & Yield Query Report"
Uttarakhand,Bageshwar,2014,2014 - 2015,Whole Year,All Crops,13130.0,19916.0,1.52,"DES Area, Production & Yield Query Report"
Uttarakhand,Bageshwar,2015,2015 - 2016,Whole Year,All Crops,14365.0,20076.0,1.4,"DES Area, Production & Yield Query Report"
Uttarakhand,Bageshwar,2016,2016 - 2017,Whole Year,All Crops,13994.0,20710.0,1.48,"DES Area, Production & Yield Query Report"
Uttarakhand,Bageshwar,2017,2017 - 2018,Whole Year,All Crops,14400.0,19105.0,1.33,"DES Area, Production & Yield Query Report"
Uttarakhand,Bageshwar,2018,2018 - 2019,Whole Year,All Crops,13747.0,16848.0,1.23,"DES Area, Production & Yield Query Report"
Uttarakhand,Bageshwar,2019,2019 - 2020,Whole Year,All Crops,13324.0,21624.0,1.62,"DES Area, Production & Yield Query Report"
Uttarakhand,Bageshwar,2020,2020 - 2021,Whole Year,All Crops,13117.0,20729.0,1.58,"DES Area, Production & Yield Query Report"
Uttarakhand,Bageshwar,2021,2021 - 2022,Whole Year,All Crops,12925.0,20802.0,1.61,"DES Area, Production & Yield Query Report"
Uttarakhand,Bageshwar,2022,2022 - 2023,Whole Year,All Crops,11929.0,18570.0,1.56,"DES Area, Production & Yield Query Report"
Uttarakhand,Chamoli,2013,2013 - 2014,Whole Year,All Crops,11779.0,15234.0,1.29,"DES Area, Production & Yield Query Report"
Uttarakhand,Chamoli,2014,2014 - 2015,Whole Year,All Crops,11265.0,14414.0,1.28,"DES Area, Production & Yield Query Report"
Uttarakhand,Chamoli,2015,2015 - 2016,Whole Year,All Crops,11551.0,14902.0,1.29,"DES Area, Production & Yield Query Report"
Uttarakhand,Chamoli,2016,2016 - 2017,Whole Year,All Crops,11451.0,14881.0,1.3,"DES Area, Production & Yield Query Report"
Uttarakhand,Chamoli,2017,2017 - 2018,Whole Year,All Crops,11027.0,16055.0,1.46,"DES Area, Production & Yield Query Report"
Uttarakhand,Chamoli,2018,2018 - 2019,Whole Year,All Crops,11570.0,14094.0,1.22,"DES Area, Production & Yield Query Report"
Uttarakhand,Chamoli,2019,2019 - 2020,Whole Year,All Crops,10433.0,13831.0,1.33,"DES Area, Production & Yield Query Report"
Uttarakhand,Chamoli,2020,2020 - 2021,Whole Year,All Crops,11536.0,18444.0,1.6,"DES Area, Production & Yield Query Report"
Uttarakhand,Chamoli,2021,2021 - 2022,Whole Year,All Crops,10444.0,15068.0,1.44,"DES Area, Production & Yield Query Report"
Uttarakhand,Chamoli,2022,2022 - 2023,Whole Year,All Crops,8988.0,13009.0,1.45,"DES Area, Production & Yield Query Report"
Uttarakhand,Champawat,2013,2013 - 2014,Whole Year,All Crops,6406.0,9417.0,1.47,"DES Area, Production & Yield Query Report"
Uttarakhand,Champawat,2014,2014 - 2015,Whole Year,All Crops,6312.0,8191.0,1.3,"DES Area, Production & Yield Query Report"
Uttarakhand,Champawat,2015,2015 - 2016,Whole Year,All Crops,5947.0,8353.0,1.4,"DES Area, Production & Yield Query Report"
Uttarakhand,Champawat,2016,2016 - 2017,Whole Year,All Crops,6206.0,8963.0,1.44,"DES Area, Production & Yield Query Report"
Uttarakhand,Champawat,2017,2017 - 2018,Whole Year,All Crops,5192.0,9112.0,1.76,"DES Area, Production & Yield Query Report"
Uttarakhand,Champawat,2018,2018 - 2019,Whole Year,All Crops,5297.0,8154.0,1.54,"DES Area, Production & Yield Query Report"
Uttarakhand,Champawat,2019,2019 - 2020,Whole Year,All Crops,4949.0,7262.0,1.47,"DES Area, Production & Yield Query Report"
Uttarakhand,Champawat,2020,2020 - 2021,Whole Year,All Crops,4317.0,6334.0,1.47,"DES Area, Production & Yield Query Report"
Uttarakhand,Champawat,2021,2021 - 2022,Whole Year,All Crops,3695.0,4844.0,1.31,"DES Area, Production & Yield Query Report"
Uttarakhand,Champawat,2022,2022 - 2023,Whole Year,All Crops,3422.0,4428.0,1.29,"DES Area, Production & Yield Query Report"
Uttarakhand,Dehradun,2013,2013 - 2014,Whole Year,All Crops,10112.0,21537.0,2.13,"DES Area, Production & Yield Query Report"
Uttarakhand,Dehradun,2014,2014 - 2015,Whole Year,All Crops,9179.0,17672.0,1.93,"DES Area, Production & Yield Query Report"
Uttarakhand,Dehradun,2015,2015 - 2016,Whole Year,All Crops,10254.0,22126.0,2.16,"DES Area, Production & Yield Query Report"
Uttarakhand,Dehradun,2016,2016 - 2017,Whole Year,All Crops,10185.0,20738.0,2.04,"DES Area, Production & Yield Query Report"
Uttarakhand,Dehradun,2017,2017 - 2018,Whole Year,All Crops,9292.0,19562.0,2.11,"DES Area, Production & Yield Query Report"
Uttarakhand,Dehradun,2018,2018 - 2019,Whole Year,All Crops,8631.0,20278.0,2.35,"DES Area, Production & Yield Query Report"
Uttarakhand,Dehradun,2019,2019 - 2020,Whole Year,All Crops,8397.0,22995.0,2.74,"DES Area, Production & Yield Query Report"
Uttarakhand,Dehradun,2020,2020 - 2021,Whole Year,All Crops,8801.0,25194.0,2.86,"DES Area, Production & Yield Query Report"
Uttarakhand,Dehradun,2021,2021 - 2022,Whole Year,All Crops,8713.0,22691.0,2.6,"DES Area, Production & Yield Query Report"
Uttarakhand,Dehradun,2022,2022 - 2023,Whole Year,All Crops,8038.0,15809.0,1.97,"DES Area, Production & Yield Query Report"
Uttarakhand,Haridwar,2013,2013 - 2014,Whole Year,All Crops,11786.0,23249.0,1.97,"DES Area, Production & Yield Query Report"
Uttarakhand,Haridwar,2014,2014 - 2015,Whole Year,All Crops,13033.0,29007.0,2.23,"DES Area, Production & Yield Query Report"
Uttarakhand,Haridwar,2015,2015 - 2016,Whole Year,All Crops,14273.0,30574.0,2.14,"DES Area, Production & Yield Query Report"
Uttarakhand,Haridwar,2016,2016 - 2017,Whole Year,All Crops,14894.0,30475.0,2.05,"DES Area, Production & Yield Query Report"
Uttarakhand,Haridwar,2017,2017 - 2018,Whole Year,All Crops,13459.0,32778.0,2.44,"DES Area, Production & Yield Query Report"
Uttarakhand,Haridwar,2018,2018 - 2019,Whole Year,All Crops,14127.0,31622.0,2.24,"DES Area, Production & Yield Query Report"
Uttarakhand,Haridwar,2019,2019 - 2020,Whole Year,All Crops,15194.0,38666.0,2.54,"DES Area, Production & Yield Query Report"
Uttarakhand,Haridwar,2020,2020 - 2021,Whole Year,All Crops,15650.0,38147.0,2.44,"DES Area, Production & Yield Query Report"
Uttarakhand,Haridwar,2021,2021 - 2022,Whole Year,All Crops,15781.0,38700.0,2.45,"DES Area, Production & Yield Query Report"
Uttarakhand,Haridwar,2022,2022 - 2023,Whole Year,All Crops,14597.0,33023.0,2.26,"DES Area, Production & Yield Query Report"
Uttarakhand,Nainital,2013,2013 - 2014,Whole Year,All Crops,12335.0,32280.0,2.62,"DES Area, Production & Yield Query Report"
Uttarakhand,Nainital,2014,2014 - 2015,Whole Year,All Crops,11793.0,33161.0,2.81,"DES Area, Production & Yield Query Report"
Uttarakhand,Nainital,2015,2015 - 2016,Whole Year,All Crops,11416.0,32596.0,2.86,"DES Area, Production & Yield Query Report"
Uttarakhand,Nainital,2016,2016 - 2017,Whole Year,All Crops,11090.0,31501.0,2.84,"DES Area, Production & Yield Query Report"
Uttarakhand,Nainital,2017,2017 - 2018,Whole Year,All Crops,11080.0,37922.0,3.42,"DES Area, Production & Yield Query Report"
Uttarakhand,Nainital,2018,2018 - 2019,Whole Year,All Crops,11505.0,36685.0,3.19,"DES Area, Production & Yield Query Report"
Uttarakhand,Nainital,2019,2019 - 2020,Whole Year,All Crops,11643.0,38176.0,3.28,"DES Area, Production & Yield Query Report"
Uttarakhand,Nainital,2020,2020 - 2021,Whole Year,All Crops,12009.0,40850.0,3.4,"DES Area, Production & Yield Query Report"
Uttarakhand,Nainital,2021,2021 - 2022,Whole Year,All Crops,11867.0,39604.0,3.34,"DES Area, Production & Yield Query Report"
Uttarakhand,Nainital,2022,2022 - 2023,Whole Year,All Crops,12149.0,36816.0,3.03,"DES Area, Production & Yield Query Report"
Uttarakhand,Pauri garhwal,2013,2013 - 2014,Whole Year,All Crops,13923.0,17909.0,1.29,"DES Area, Production & Yield Query Report"
Uttarakhand,Pauri garhwal,2014,2014 - 2015,Whole Year,All Crops,14566.0,17359.0,1.19,"DES Area, Production & Yield Query Report"
Uttarakhand,Pauri garhwal,2015,2015 - 2016,Whole Year,All Crops,12517.0,16757.0,1.34,"DES Area, Production & Yield Query Report"
Uttarakhand,Pauri garhwal,2016,2016 - 2017,Whole Year,All Crops,10852.0,15175.0,1.4,"DES Area, Production & Yield Query Report"
Uttarakhand,Pauri garhwal,2017,2017 - 2018,Whole Year,All Crops,10018.0,13871.0,1.38,"DES Area, Production & Yield Query Report"
Uttarakhand,Pauri garhwal,2018,2018 - 2019,Whole Year,All Crops,9191.0,11670.0,1.27,"DES Area, Production & Yield Query Report"
Uttarakhand,Pauri garhwal,2019,2019 - 2020,Whole Year,All Crops,7560.0,11531.0,1.53,"DES Area, Production & Yield Query Report"
Uttarakhand,Pauri garhwal,2020,2020 - 2021,Whole Year,All Crops,7364.0,12915.0,1.75,"DES Area, Production & Yield Query Report"
Uttarakhand,Pauri garhwal,2021,2021 - 2022,Whole Year,All Crops,6221.0,10675.0,1.72,"DES Area, Production & Yield Query Report"
Uttarakhand,Pauri garhwal,2022,2022 - 2023,Whole Year,All Crops,5355.0,9493.0,1.77,"DES Area, Production & Yield Query Report"
Uttarakhand,Pithoragarh,2013,2013 - 2014,Whole Year,All Crops,20597.0,28280.0,1.37,"DES Area, Production & Yield Query Report"
Uttarakhand,Pithoragarh,2014,2014 - 2015,Whole Year,All Crops,20131.0,25550.0,1.27,"DES Area, Production & Yield Query Report"
Uttarakhand,Pithoragarh,2015,2015 - 2016,Whole Year,All Crops,20538.0,26720.0,1.3,"DES Area, Production & Yield Query Report"
Uttarakhand,Pithoragarh,2016,2016 - 2017,Whole Year,All Crops,21309.0,28107.0,1.32,"DES Area, Production & Yield Query Report"
Uttarakhand,Pithoragarh,2017,2017 - 2018,Whole Year,All Crops,21103.0,24715.0,1.17,"DES Area, Production & Yield Query Report"
Uttarakhand,Pithoragarh,2018,2018 - 2019,Whole Year,All Crops,18710.0,23681.0,1.27,"DES Area, Production & Yield Query Report"
Uttarakhand,Pithoragarh,2019,2019 - 2020,Whole Year,All Crops,17903.0,23680.0,1.32,"DES Area, Production & Yield Query Report"
Uttarakhand,Pithoragarh,2020,2020 - 2021,Whole Year,All Crops,16477.0,22152.0,1.34,"DES Area, Production & Yield Query Report"
Uttarakhand,Pithoragarh,2021,2021 - 2022,Whole Year,All Crops,17032.0,23333.0,1.37,"DES Area, Production & Yield Query Report"
Uttarakhand,Pithoragarh,2022,2022 - 2023,Whole Year,All Crops,15776.0,20441.0,1.3,"DES Area, Production & Yield Query Report"
Uttarakhand,Rudra prayag,2013,2013 - 2014,Whole Year,All Crops,8495.0,11408.0,1.34,"DES Area, Production & Yield Query Report"
Uttarakhand,Rudra prayag,2014,2014 - 2015,Whole Year,All Crops,8944.0,11675.0,1.31,"DES Area, Production & Yield Query Report"
Uttarakhand,Rudra prayag,2015,2015 - 2016,Whole Year,All Crops,8837.0,13215.0,1.5,"DES Area, Production & Yield Query Report"
Uttarakhand,Rudra prayag,2016,2016 - 2017,Whole Year,All Crops,9247.0,12742.0,1.38,"DES Area, Production & Yield Query Report"
Uttarakhand,Rudra prayag,2017,2017 - 2018,Whole Year,All Crops,8563.0,11168.0,1.3,"DES Area, Production & Yield Query Report"
Uttarakhand,Rudra prayag,2018,2018 - 2019,Whole Year,All Crops,8514.0,10827.0,1.27,"DES Area, Production & Yield Query Report"
Uttarakhand,Rudra prayag,2019,2019 - 2020,Whole Year,All Crops,8345.0,11081.0,1.33,"DES Area, Production & Yield Query Report"
Uttarakhand,Rudra prayag,2020,2020 - 2021,Whole Year,All Crops,8166.0,10967.0,1.34,"DES Area, Production & Yield Query Report"
Uttarakhand,Rudra prayag,2021,2021 - 2022,Whole Year,All Crops,7834.0,10998.0,1.4,"DES Area, Production & Yield Query Report"
Uttarakhand,Rudra prayag,2022,2022 - 2023,Whole Year,All Crops,8041.0,11443.0,1.42,"DES Area, Production & Yield Query Report"
Uttarakhand,Tehri garhwal,2013,2013 - 2014,Whole Year,All Crops,11352.0,17596.0,1.55,"DES Area, Production & Yield Query Report"
Uttarakhand,Tehri garhwal,2014,2014 - 2015,Whole Year,All Crops,11291.0,18985.0,1.68,"DES Area, Production & Yield Query Report"
Uttarakhand,Tehri garhwal,2015,2015 - 2016,Whole Year,All Crops,11627.0,19881.0,1.71,"DES Area, Production & Yield Query Report"
Uttarakhand,Tehri garhwal,2016,2016 - 2017,Whole Year,All Crops,11873.0,18655.0,1.57,"DES Area, Production & Yield Query Report"
Uttarakhand,Tehri garhwal,2017,2017 - 2018,Whole Year,All Crops,10415.0,20486.0,1.97,"DES Area, Production & Yield Query Report"
Uttarakhand,Tehri garhwal,2018,2018 - 2019,Whole Year,All Crops,11160.0,19864.0,1.78,"DES Area, Production & Yield Query Report"
Uttarakhand,Tehri garhwal,2019,2019 - 2020,Whole Year,All Crops,9572.0,16230.0,1.7,"DES Area, Production & Yield Query Report"
Uttarakhand,Tehri garhwal,2020,2020 - 2021,Whole Year,All Crops,10255.0,25712.0,2.51,"DES Area, Production & Yield Query Report"
Uttarakhand,Tehri garhwal,2021,2021 - 2022,Whole Year,All Crops,9201.0,19183.0,2.08,"DES Area, Production & Yield Query Report"
Uttarakhand,Tehri garhwal,2022,2022 - 2023,Whole Year,All Crops,9046.0,18667.0,2.06,"DES Area, Production & Yield Query Report"
Uttarakhand,Udam singh nagar,2013,2013 - 2014,Whole Year,All Crops,114407.0,362140.0,3.17,"DES Area, Production & Yield Query Report"
Uttarakhand,Udam singh nagar,2014,2014 - 2015,Whole Year,All Crops,113632.0,368655.0,3.24,"DES Area, Production & Yield Query Report"
Uttarakhand,Udam singh nagar,2015,2015 - 2016,Whole Year,All Crops,115618.0,398618.0,3.45,"DES Area, Production & Yield Query Report"
Uttarakhand,Udam singh nagar,2016,2016 - 2017,Whole Year,All Crops,119350.0,398427.0,3.34,"DES Area, Production & Yield Query Report"
Uttarakhand,Udam singh nagar,2017,2017 - 2018,Whole Year,All Crops,121305.0,424963.0,3.5,"DES Area, Production & Yield Query Report"
Uttarakhand,Udam singh nagar,2018,2018 - 2019,Whole Year,All Crops,124270.0,400680.0,3.22,"DES Area, Production & Yield Query Report"
Uttarakhand,Udam singh nagar,2019,2019 - 2020,Whole Year,All Crops,126112.0,438822.0,3.48,"DES Area, Production & Yield Query Report"
Uttarakhand,Udam singh nagar,2020,2020 - 2021,Whole Year,All Crops,125604.0,465530.0,3.71,"DES Area, Production & Yield Query Report"
Uttarakhand,Udam singh nagar,2021,2021 - 2022,Whole Year,All Crops,129528.0,470833.0,3.63,"DES Area, Production & Yield Query Report"
Uttarakhand,Udam singh nagar,2022,2022 - 2023,Whole Year,All Crops,130097.0,424148.0,3.26,"DES Area, Production & Yield Query Report"
Uttarakhand,Uttar kashi,2013,2013 - 2014,Whole Year,All Crops,9010.0,15981.0,1.77,"DES Area, Production & Yield Query Report"
Uttarakhand,Uttar kashi,2014,2014 - 2015,Whole Year,All Crops,9919.0,16499.0,1.66,"DES Area, Production & Yield Query Report"
Uttarakhand,Uttar kashi,2015,2015 - 2016,Whole Year,All Crops,10737.0,18978.0,1.77,"DES Area, Production & Yield Query Report"
Uttarakhand,Uttar kashi,2016,2016 - 2017,Whole Year,All Crops,10107.0,17888.0,1.77,"DES Area, Production & Yield Query Report"
Uttarakhand,Uttar kashi,2017,2017 - 2018,Whole Year,All Crops,10249.0,17572.0,1.71,"DES Area, Production & Yield Query Report"
Uttarakhand,Uttar kashi,2018,2018 - 2019,Whole Year,All Crops,10174.0,16552.0,1.63,"DES Area, Production & Yield Query Report"
Uttarakhand,Uttar kashi,2019,2019 - 2020,Whole Year,All Crops,10820.0,18148.0,1.68,"DES Area, Production & Yield Query Report"
Uttarakhand,Uttar kashi,2020,2020 - 2021,Whole Year,All Crops,10616.0,20131.0,1.9,"DES Area, Production & Yield Query Report"
Uttarakhand,Uttar kashi,2021,2021 - 2022,Whole Year,All Crops,9401.0,17416.0,1.85,"DES Area, Production & Yield Query Report"
Uttarakhand,Uttar kashi,2022,2022 - 2023,Whole Year,All Crops,9830.0,15458.0,1.57,"DES Area, Production & Yield Query Report"
West Bengal,24 paraganas north,2013,2013 - 2014,Whole Year,All Crops,219109.0,668403.0,3.05,"DES Area, Production & Yield Query Report"
West Bengal,24 paraganas north,2014,2014 - 2015,Whole Year,All Crops,226541.0,683765.0,3.02,"DES Area, Production & Yield Query Report"
West Bengal,24 paraganas north,2015,2015 - 2016,Whole Year,All Crops,230309.0,679453.0,2.95,"DES Area, Production & Yield Query Report"
West Bengal,24 paraganas north,2016,2016 - 2017,Whole Year,All Crops,224334.0,665874.0,2.97,"DES Area, Production & Yield Query Report"
West Bengal,24 paraganas north,2017,2017 - 2018,Whole Year,All Crops,225789.0,689928.0,3.06,"DES Area, Production & Yield Query Report"
West Bengal,24 paraganas north,2018,2018 - 2019,Whole Year,All Crops,231637.0,775029.0,3.35,"DES Area, Production & Yield Query Report"
West Bengal,24 paraganas north,2019,2019 - 2020,Whole Year,All Crops,227173.0,667791.0,2.94,"DES Area, Production & Yield Query Report"
West Bengal,24 paraganas north,2020,2020 - 2021,Whole Year,All Crops,230695.0,754524.0,3.27,"DES Area, Production & Yield Query Report"
West Bengal,24 paraganas north,2021,2021 - 2022,Whole Year,All Crops,224638.0,776628.0,3.46,"DES Area, Production & Yield Query Report"
West Bengal,24 paraganas north,2022,2022 - 2023,Whole Year,All Crops,222381.0,723468.0,3.25,"DES Area, Production & Yield Query Report"
West Bengal,24 paraganas south,2013,2013 - 2014,Whole Year,All Crops,393815.0,990411.0,2.51,"DES Area, Production & Yield Query Report"
West Bengal,24 paraganas south,2014,2014 - 2015,Whole Year,All Crops,393943.0,1018732.0,2.59,"DES Area, Production & Yield Query Report"
West Bengal,24 paraganas south,2015,2015 - 2016,Whole Year,All Crops,391956.0,922807.0,2.35,"DES Area, Production & Yield Query Report"
West Bengal,24 paraganas south,2016,2016 - 2017,Whole Year,All Crops,357674.0,888416.0,2.48,"DES Area, Production & Yield Query Report"
West Bengal,24 paraganas south,2017,2017 - 2018,Whole Year,All Crops,380352.0,1000762.0,2.63,"DES Area, Production & Yield Query Report"
West Bengal,24 paraganas south,2018,2018 - 2019,Whole Year,All Crops,404236.0,1083847.0,2.68,"DES Area, Production & Yield Query Report"
West Bengal,24 paraganas south,2019,2019 - 2020,Whole Year,All Crops,417538.0,1017645.0,2.44,"DES Area, Production & Yield Query Report"
West Bengal,24 paraganas south,2020,2020 - 2021,Whole Year,All Crops,419149.0,1160610.0,2.77,"DES Area, Production & Yield Query Report"
West Bengal,24 paraganas south,2021,2021 - 2022,Whole Year,All Crops,401062.0,1159618.0,2.89,"DES Area, Production & Yield Query Report"
West Bengal,24 paraganas south,2022,2022 - 2023,Whole Year,All Crops,425188.0,1214730.0,2.86,"DES Area, Production & Yield Query Report"
West Bengal,Alipurduar,2016,2016 - 2017,Whole Year,All Crops,79339.0,162928.0,2.05,"DES Area, Production & Yield Query Report"
West Bengal,Alipurduar,2017,2017 - 2018,Whole Year,All Crops,79891.0,177850.0,2.23,"DES Area, Production & Yield Query Report"
West Bengal,Alipurduar,2018,2018 - 2019,Whole Year,All Crops,77976.0,165460.0,2.12,"DES Area, Production & Yield Query Report"
West Bengal,Alipurduar,2019,2019 - 2020,Whole Year,All Crops,81344.0,193773.0,2.38,"DES Area, Production & Yield Query Report"
West Bengal,Alipurduar,2020,2020 - 2021,Whole Year,All Crops,93962.0,201713.0,2.15,"DES Area, Production & Yield Query Report"
West Bengal,Alipurduar,2021,2021 - 2022,Whole Year,All Crops,96618.0,233569.0,2.42,"DES Area, Production & Yield Query Report"
West Bengal,Alipurduar,2022,2022 - 2023,Whole Year,All Crops,99262.0,238197.0,2.4,"DES Area, Production & Yield Query Report"
West Bengal,Bankura,2013,2013 - 2014,Whole Year,All Crops,377610.0,1045356.0,2.77,"DES Area, Production & Yield Query Report"
West Bengal,Bankura,2014,2014 - 2015,Whole Year,All Crops,356087.0,984156.0,2.76,"DES Area, Production & Yield Query Report"
West Bengal,Bankura,2015,2015 - 2016,Whole Year,All Crops,360613.0,990643.0,2.75,"DES Area, Production & Yield Query Report"
West Bengal,Bankura,2016,2016 - 2017,Whole Year,All Crops,376627.0,1058239.0,2.81,"DES Area, Production & Yield Query Report"
West Bengal,Bankura,2017,2017 - 2018,Whole Year,All Crops,384614.0,1081485.0,2.81,"DES Area, Production & Yield Query Report"
West Bengal,Bankura,2018,2018 - 2019,Whole Year,All Crops,384203.0,921936.0,2.4,"DES Area, Production & Yield Query Report"
West Bengal,Bankura,2019,2019 - 2020,Whole Year,All Crops,386585.0,997336.0,2.58,"DES Area, Production & Yield Query Report"
West Bengal,Bankura,2020,2020 - 2021,Whole Year,All Crops,418570.0,1308248.0,3.13,"DES Area, Production & Yield Query Report"
West Bengal,Bankura,2021,2021 - 2022,Whole Year,All Crops,414890.0,1277977.0,3.08,"DES Area, Production & Yield Query Report"
West Bengal,Bankura,2022,2022 - 2023,Whole Year,All Crops,355532.0,1050757.0,2.96,"DES Area, Production & Yield Query Report"
West Bengal,Birbhum,2013,2013 - 2014,Whole Year,All Crops,384605.0,1274099.0,3.31,"DES Area, Production & Yield Query Report"
West Bengal,Birbhum,2014,2014 - 2015,Whole Year,All Crops,384727.0,1261884.0,3.28,"DES Area, Production & Yield Query Report"
West Bengal,Birbhum,2015,2015 - 2016,Whole Year,All Crops,399512.0,1340667.0,3.36,"DES Area, Production & Yield Query Report"
West Bengal,Birbhum,2016,2016 - 2017,Whole Year,All Crops,401627.0,1309023.0,3.26,"DES Area, Production & Yield Query Report"
West Bengal,Birbhum,2017,2017 - 2018,Whole Year,All Crops,423813.0,1376106.0,3.25,"DES Area, Production & Yield Query Report"
West Bengal,Birbhum,2018,2018 - 2019,Whole Year,All Crops,388365.0,1197661.0,3.08,"DES Area, Production & Yield Query Report"
West Bengal,Birbhum,2019,2019 - 2020,Whole Year,All Crops,387173.0,1334010.0,3.45,"DES Area, Production & Yield Query Report"
West Bengal,Birbhum,2020,2020 - 2021,Whole Year,All Crops,389659.0,1299947.0,3.34,"DES Area, Production & Yield Query Report"
West Bengal,Birbhum,2021,2021 - 2022,Whole Year,All Crops,391218.0,1341135.0,3.43,"DES Area, Production & Yield Query Report"
West Bengal,Birbhum,2022,2022 - 2023,Whole Year,All Crops,269209.0,868762.0,3.23,"DES Area, Production & Yield Query Report"
West Bengal,Coochbehar,2013,2013 - 2014,Whole Year,All Crops,273134.0,727974.0,2.67,"DES Area, Production & Yield Query Report"
West Bengal,Coochbehar,2014,2014 - 2015,Whole Year,All Crops,277390.0,720100.0,2.6,"DES Area, Production & Yield Query Report"
West Bengal,Coochbehar,2015,2015 - 2016,Whole Year,All Crops,270145.0,722232.0,2.67,"DES Area, Production & Yield Query Report"
West Bengal,Coochbehar,2016,2016 - 2017,Whole Year,All Crops,270754.0,705705.0,2.61,"DES Area, Production & Yield Query Report"
West Bengal,Coochbehar,2017,2017 - 2018,Whole Year,All Crops,273053.0,745203.0,2.73,"DES Area, Production & Yield Query Report"
West Bengal,Coochbehar,2018,2018 - 2019,Whole Year,All Crops,287596.0,837955.0,2.91,"DES Area, Production & Yield Query Report"
West Bengal,Coochbehar,2019,2019 - 2020,Whole Year,All Crops,274868.0,835353.0,3.04,"DES Area, Production & Yield Query Report"
West Bengal,Coochbehar,2020,2020 - 2021,Whole Year,All Crops,266910.0,682216.0,2.56,"DES Area, Production & Yield Query Report"
West Bengal,Coochbehar,2021,2021 - 2022,Whole Year,All Crops,265486.0,829955.0,3.13,"DES Area, Production & Yield Query Report"
West Bengal,Coochbehar,2022,2022 - 2023,Whole Year,All Crops,265678.0,824634.0,3.1,"DES Area, Production & Yield Query Report"
West Bengal,Darjeeling,2013,2013 - 2014,Whole Year,All Crops,32155.0,72302.0,2.25,"DES Area, Production & Yield Query Report"
West Bengal,Darjeeling,2014,2014 - 2015,Whole Year,All Crops,32561.0,68540.0,2.1,"DES Area, Production & Yield Query Report"
West Bengal,Darjeeling,2015,2015 - 2016,Whole Year,All Crops,32594.0,76946.0,2.36,"DES Area, Production & Yield Query Report"
West Bengal,Darjeeling,2016,2016 - 2017,Whole Year,All Crops,27304.0,60200.0,2.2,"DES Area, Production & Yield Query Report"
West Bengal,Darjeeling,2017,2017 - 2018,Whole Year,All Crops,28270.0,65583.0,2.32,"DES Area, Production & Yield Query Report"
West Bengal,Darjeeling,2018,2018 - 2019,Whole Year,All Crops,26444.0,63114.0,2.39,"DES Area, Production & Yield Query Report"
West Bengal,Darjeeling,2019,2019 - 2020,Whole Year,All Crops,25569.0,66682.0,2.61,"DES Area, Production & Yield Query Report"
West Bengal,Darjeeling,2020,2020 - 2021,Whole Year,All Crops,26313.0,69099.0,2.63,"DES Area, Production & Yield Query Report"
West Bengal,Darjeeling,2021,2021 - 2022,Whole Year,All Crops,26767.0,68209.0,2.55,"DES Area, Production & Yield Query Report"
West Bengal,Darjeeling,2022,2022 - 2023,Whole Year,All Crops,26971.0,65136.0,2.42,"DES Area, Production & Yield Query Report"
West Bengal,Dinajpur dakshin,2013,2013 - 2014,Whole Year,All Crops,179922.0,514707.0,2.86,"DES Area, Production & Yield Query Report"
West Bengal,Dinajpur dakshin,2014,2014 - 2015,Whole Year,All Crops,181188.0,520762.0,2.87,"DES Area, Production & Yield Query Report"
West Bengal,Dinajpur dakshin,2015,2015 - 2016,Whole Year,All Crops,187217.0,559978.0,2.99,"DES Area, Production & Yield Query Report"
West Bengal,Dinajpur dakshin,2016,2016 - 2017,Whole Year,All Crops,181005.0,537653.0,2.97,"DES Area, Production & Yield Query Report"
West Bengal,Dinajpur dakshin,2017,2017 - 2018,Whole Year,All Crops,188841.0,558149.0,2.96,"DES Area, Production & Yield Query Report"
West Bengal,Dinajpur dakshin,2018,2018 - 2019,Whole Year,All Crops,186262.0,577112.0,3.1,"DES Area, Production & Yield Query Report"
West Bengal,Dinajpur dakshin,2019,2019 - 2020,Whole Year,All Crops,177495.0,555446.0,3.13,"DES Area, Production & Yield Query Report"
West Bengal,Dinajpur dakshin,2020,2020 - 2021,Whole Year,All Crops,203633.0,570805.0,2.8,"DES Area, Production & Yield Query Report"
West Bengal,Dinajpur dakshin,2021,2021 - 2022,Whole Year,All Crops,205026.0,633897.0,3.09,"DES Area, Production & Yield Query Report"
West Bengal,Dinajpur dakshin,2022,2022 - 2023,Whole Year,All Crops,216057.0,686046.0,3.18,"DES Area, Production & Yield Query Report"
West Bengal,Dinajpur uttar,2013,2013 - 2014,Whole Year,All Crops,227860.0,555048.0,2.44,"DES Area, Production & Yield Query Report"
West Bengal,Dinajpur uttar,2014,2014 - 2015,Whole Year,All Crops,218415.0,599873.0,2.75,"DES Area, Production & Yield Query Report"
West Bengal,Dinajpur uttar,2015,2015 - 2016,Whole Year,All Crops,227720.0,635050.0,2.79,"DES Area, Production & Yield Query Report"
West Bengal,Dinajpur uttar,2016,2016 - 2017,Whole Year,All Crops,221740.0,604102.0,2.72,"DES Area, Production & Yield Query Report"
West Bengal,Dinajpur uttar,2017,2017 - 2018,Whole Year,All Crops,229129.0,524008.0,2.29,"DES Area, Production & Yield Query Report"
West Bengal,Dinajpur uttar,2018,2018 - 2019,Whole Year,All Crops,221257.0,646243.0,2.92,"DES Area, Production & Yield Query Report"
West Bengal,Dinajpur uttar,2019,2019 - 2020,Whole Year,All Crops,231106.0,713283.0,3.09,"DES Area, Production & Yield Query Report"
West Bengal,Dinajpur uttar,2020,2020 - 2021,Whole Year,All Crops,240843.0,639870.0,2.66,"DES Area, Production & Yield Query Report"
West Bengal,Dinajpur uttar,2021,2021 - 2022,Whole Year,All Crops,245423.0,673511.0,2.74,"DES Area, Production & Yield Query Report"
West Bengal,Dinajpur uttar,2022,2022 - 2023,Whole Year,All Crops,246710.0,706768.0,2.86,"DES Area, Production & Yield Query Report"
West Bengal,Hooghly,2013,2013 - 2014,Whole Year,All Crops,286045.0,807732.0,2.82,"DES Area, Production & Yield Query Report"
West Bengal,Hooghly,2014,2014 - 2015,Whole Year,All Crops,276032.0,860046.0,3.12,"DES Area, Production & Yield Query Report"
West Bengal,Hooghly,2015,2015 - 2016,Whole Year,All Crops,277621.0,871277.0,3.14,"DES Area, Production & Yield Query Report"
West Bengal,Hooghly,2016,2016 - 2017,Whole Year,All Crops,266966.0,837096.0,3.14,"DES Area, Production & Yield Query Report"
West Bengal,Hooghly,2017,2017 - 2018,Whole Year,All Crops,260371.0,839674.0,3.22,"DES Area, Production & Yield Query Report"
West Bengal,Hooghly,2018,2018 - 2019,Whole Year,All Crops,270216.0,885094.0,3.28,"DES Area, Production & Yield Query Report"
West Bengal,Hooghly,2019,2019 - 2020,Whole Year,All Crops,267703.0,891622.0,3.33,"DES Area, Production & Yield Query Report"
West Bengal,Hooghly,2020,2020 - 2021,Whole Year,All Crops,263548.0,855194.0,3.24,"DES Area, Production & Yield Query Report"
West Bengal,Hooghly,2021,2021 - 2022,Whole Year,All Crops,250680.0,823039.0,3.28,"DES Area, Production & Yield Query Report"
West Bengal,Hooghly,2022,2022 - 2023,Whole Year,All Crops,246793.0,816833.0,3.31,"DES Area, Production & Yield Query Report"
West Bengal,Howrah,2013,2013 - 2014,Whole Year,All Crops,108641.0,275129.0,2.53,"DES Area, Production & Yield Query Report"
West Bengal,Howrah,2014,2014 - 2015,Whole Year,All Crops,117356.0,320391.0,2.73,"DES Area, Production & Yield Query Report"
West Bengal,Howrah,2015,2015 - 2016,Whole Year,All Crops,112815.0,222218.0,1.97,"DES Area, Production & Yield Query Report"
West Bengal,Howrah,2016,2016 - 2017,Whole Year,All Crops,115795.0,299339.0,2.59,"DES Area, Production & Yield Query Report"
West Bengal,Howrah,2017,2017 - 2018,Whole Year,All Crops,110375.0,300666.0,2.72,"DES Area, Production & Yield Query Report"
West Bengal,Howrah,2018,2018 - 2019,Whole Year,All Crops,111509.0,335216.0,3.01,"DES Area, Production & Yield Query Report"
West Bengal,Howrah,2019,2019 - 2020,Whole Year,All Crops,102398.0,273731.0,2.67,"DES Area, Production & Yield Query Report"
West Bengal,Howrah,2020,2020 - 2021,Whole Year,All Crops,92757.0,258161.0,2.78,"DES Area, Production & Yield Query Report"
West Bengal,Howrah,2021,2021 - 2022,Whole Year,All Crops,87811.0,189576.0,2.16,"DES Area, Production & Yield Query Report"
West Bengal,Howrah,2022,2022 - 2023,Whole Year,All Crops,91854.0,260740.0,2.84,"DES Area, Production & Yield Query Report"
West Bengal,Jalpaiguri,2013,2013 - 2014,Whole Year,All Crops,229647.0,523148.0,2.28,"DES Area, Production & Yield Query Report"
West Bengal,Jalpaiguri,2014,2014 - 2015,Whole Year,All Crops,230544.0,561852.0,2.44,"DES Area, Production & Yield Query Report"
West Bengal,Jalpaiguri,2015,2015 - 2016,Whole Year,All Crops,220263.0,556418.0,2.53,"DES Area, Production & Yield Query Report"
West Bengal,Jalpaiguri,2016,2016 - 2017,Whole Year,All Crops,131636.0,320480.0,2.43,"DES Area, Production & Yield Query Report"
West Bengal,Jalpaiguri,2017,2017 - 2018,Whole Year,All Crops,134337.0,336412.0,2.5,"DES Area, Production & Yield Query Report"
West Bengal,Jalpaiguri,2018,2018 - 2019,Whole Year,All Crops,126970.0,354064.0,2.79,"DES Area, Production & Yield Query Report"
West Bengal,Jalpaiguri,2019,2019 - 2020,Whole Year,All Crops,132186.0,353436.0,2.67,"DES Area, Production & Yield Query Report"
West Bengal,Jalpaiguri,2020,2020 - 2021,Whole Year,All Crops,132479.0,352903.0,2.66,"DES Area, Production & Yield Query Report"
West Bengal,Jalpaiguri,2021,2021 - 2022,Whole Year,All Crops,138411.0,372134.0,2.69,"DES Area, Production & Yield Query Report"
West Bengal,Jalpaiguri,2022,2022 - 2023,Whole Year,All Crops,134471.0,362896.0,2.7,"DES Area, Production & Yield Query Report"
West Bengal,Jhargram,2016,2016 - 2017,Whole Year,All Crops,137563.0,385219.0,2.8,"DES Area, Production & Yield Query Report"
West Bengal,Jhargram,2017,2017 - 2018,Whole Year,All Crops,184281.0,517864.0,2.81,"DES Area, Production & Yield Query Report"
West Bengal,Jhargram,2018,2018 - 2019,Whole Year,All Crops,160799.0,467627.0,2.91,"DES Area, Production & Yield Query Report"
West Bengal,Jhargram,2019,2019 - 2020,Whole Year,All Crops,158495.0,492048.0,3.1,"DES Area, Production & Yield Query Report"
West Bengal,Jhargram,2020,2020 - 2021,Whole Year,All Crops,154585.0,440765.0,2.85,"DES Area, Production & Yield Query Report"
West Bengal,Jhargram,2021,2021 - 2022,Whole Year,All Crops,169350.0,474139.0,2.8,"DES Area, Production & Yield Query Report"
West Bengal,Jhargram,2022,2022 - 2023,Whole Year,All Crops,177645.0,503728.0,2.84,"DES Area, Production & Yield Query Report"
West Bengal,Kalimpong,2016,2016 - 2017,Whole Year,All Crops,4776.0,9090.0,1.9,"DES Area, Production & Yield Query Report"
West Bengal,Kalimpong,2017,2017 - 2018,Whole Year,All Crops,4824.0,9296.0,1.93,"DES Area, Production & Yield Query Report"
West Bengal,Kalimpong,2018,2018 - 2019,Whole Year,All Crops,4752.0,8381.0,1.76,"DES Area, Production & Yield Query Report"
West Bengal,Kalimpong,2019,2019 - 2020,Whole Year,All Crops,4735.0,7630.0,1.61,"DES Area, Production & Yield Query Report"
West Bengal,Kalimpong,2020,2020 - 2021,Whole Year,All Crops,4763.0,9078.0,1.91,"DES Area, Production & Yield Query Report"
West Bengal,Kalimpong,2021,2021 - 2022,Whole Year,All Crops,4870.0,10153.0,2.08,"DES Area, Production & Yield Query Report"
West Bengal,Kalimpong,2022,2022 - 2023,Whole Year,All Crops,4754.0,7917.0,1.67,"DES Area, Production & Yield Query Report"
West Bengal,Maldah,2013,2013 - 2014,Whole Year,All Crops,198770.0,704366.0,3.54,"DES Area, Production & Yield Query Report"
West Bengal,Maldah,2014,2014 - 2015,Whole Year,All Crops,204194.0,707569.0,3.47,"DES Area, Production & Yield Query Report"
West Bengal,Maldah,2015,2015 - 2016,Whole Year,All Crops,206350.0,705355.0,3.42,"DES Area, Production & Yield Query Report"
West Bengal,Maldah,2016,2016 - 2017,Whole Year,All Crops,197174.0,670648.0,3.4,"DES Area, Production & Yield Query Report"
West Bengal,Maldah,2017,2017 - 2018,Whole Year,All Crops,213933.0,629947.0,2.94,"DES Area, Production & Yield Query Report"
West Bengal,Maldah,2018,2018 - 2019,Whole Year,All Crops,205374.0,666851.0,3.25,"DES Area, Production & Yield Query Report"
West Bengal,Maldah,2019,2019 - 2020,Whole Year,All Crops,204950.0,665346.0,3.25,"DES Area, Production & Yield Query Report"
West Bengal,Maldah,2020,2020 - 2021,Whole Year,All Crops,210554.0,637177.0,3.03,"DES Area, Production & Yield Query Report"
West Bengal,Maldah,2021,2021 - 2022,Whole Year,All Crops,214180.0,671935.0,3.14,"DES Area, Production & Yield Query Report"
West Bengal,Maldah,2022,2022 - 2023,Whole Year,All Crops,195088.0,633851.0,3.25,"DES Area, Production & Yield Query Report"
West Bengal,Medinipur east,2013,2013 - 2014,Whole Year,All Crops,388737.0,876357.0,2.25,"DES Area, Production & Yield Query Report"
West Bengal,Medinipur east,2014,2014 - 2015,Whole Year,All Crops,428994.0,1143656.0,2.67,"DES Area, Production & Yield Query Report"
West Bengal,Medinipur east,2015,2015 - 2016,Whole Year,All Crops,416332.0,1104842.0,2.65,"DES Area, Production & Yield Query Report"
West Bengal,Medinipur east,2016,2016 - 2017,Whole Year,All Crops,407868.0,1102470.0,2.7,"DES Area, Production & Yield Query Report"
West Bengal,Medinipur east,2017,2017 - 2018,Whole Year,All Crops,401033.0,1130449.0,2.82,"DES Area, Production & Yield Query Report"
West Bengal,Medinipur east,2018,2018 - 2019,Whole Year,All Crops,410215.0,1297004.0,3.16,"DES Area, Production & Yield Query Report"
West Bengal,Medinipur east,2019,2019 - 2020,Whole Year,All Crops,402582.0,1092049.0,2.71,"DES Area, Production & Yield Query Report"
West Bengal,Medinipur east,2020,2020 - 2021,Whole Year,All Crops,402796.0,1260253.0,3.13,"DES Area, Production & Yield Query Report"
West Bengal,Medinipur east,2021,2021 - 2022,Whole Year,All Crops,403055.0,1098444.0,2.73,"DES Area, Production & Yield Query Report"
West Bengal,Medinipur east,2022,2022 - 2023,Whole Year,All Crops,394278.0,1244062.0,3.16,"DES Area, Production & Yield Query Report"
West Bengal,Medinipur west,2013,2013 - 2014,Whole Year,All Crops,716799.0,1742564.0,2.43,"DES Area, Production & Yield Query Report"
West Bengal,Medinipur west,2014,2014 - 2015,Whole Year,All Crops,725235.0,2009071.0,2.77,"DES Area, Production & Yield Query Report"
West Bengal,Medinipur west,2015,2015 - 2016,Whole Year,All Crops,719784.0,2110172.0,2.93,"DES Area, Production & Yield Query Report"
West Bengal,Medinipur west,2016,2016 - 2017,Whole Year,All Crops,580467.0,1750247.0,3.02,"DES Area, Production & Yield Query Report"
West Bengal,Medinipur west,2017,2017 - 2018,Whole Year,All Crops,569920.0,1871328.0,3.28,"DES Area, Production & Yield Query Report"
West Bengal,Medinipur west,2018,2018 - 2019,Whole Year,All Crops,580754.0,1921251.0,3.31,"DES Area, Production & Yield Query Report"
West Bengal,Medinipur west,2019,2019 - 2020,Whole Year,All Crops,599663.0,1739539.0,2.9,"DES Area, Production & Yield Query Report"
West Bengal,Medinipur west,2020,2020 - 2021,Whole Year,All Crops,608426.0,1929369.0,3.17,"DES Area, Production & Yield Query Report"
West Bengal,Medinipur west,2021,2021 - 2022,Whole Year,All Crops,612847.0,1783515.0,2.91,"DES Area, Production & Yield Query Report"
West Bengal,Medinipur west,2022,2022 - 2023,Whole Year,All Crops,596968.0,1970165.0,3.3,"DES Area, Production & Yield Query Report"
West Bengal,Murshidabad,2013,2013 - 2014,Whole Year,All Crops,350732.0,1116699.0,3.18,"DES Area, Production & Yield Query Report"
West Bengal,Murshidabad,2014,2014 - 2015,Whole Year,All Crops,367456.0,1190485.0,3.24,"DES Area, Production & Yield Query Report"
West Bengal,Murshidabad,2015,2015 - 2016,Whole Year,All Crops,382995.0,1257254.0,3.28,"DES Area, Production & Yield Query Report"
West Bengal,Murshidabad,2016,2016 - 2017,Whole Year,All Crops,375285.0,1235657.0,3.29,"DES Area, Production & Yield Query Report"
West Bengal,Murshidabad,2017,2017 - 2018,Whole Year,All Crops,367542.0,1178186.0,3.21,"DES Area, Production & Yield Query Report"
West Bengal,Murshidabad,2018,2018 - 2019,Whole Year,All Crops,354267.0,1068505.0,3.02,"DES Area, Production & Yield Query Report"
West Bengal,Murshidabad,2019,2019 - 2020,Whole Year,All Crops,327366.0,1001925.0,3.06,"DES Area, Production & Yield Query Report"
West Bengal,Murshidabad,2020,2020 - 2021,Whole Year,All Crops,307631.0,978261.0,3.18,"DES Area, Production & Yield Query Report"
West Bengal,Murshidabad,2021,2021 - 2022,Whole Year,All Crops,306042.0,1005326.0,3.28,"DES Area, Production & Yield Query Report"
West Bengal,Murshidabad,2022,2022 - 2023,Whole Year,All Crops,218082.0,682619.0,3.13,"DES Area, Production & Yield Query Report"
West Bengal,Nadia,2013,2013 - 2014,Whole Year,All Crops,239033.0,734417.0,3.07,"DES Area, Production & Yield Query Report"
West Bengal,Nadia,2014,2014 - 2015,Whole Year,All Crops,242848.0,780861.0,3.22,"DES Area, Production & Yield Query Report"
West Bengal,Nadia,2015,2015 - 2016,Whole Year,All Crops,237127.0,743069.0,3.13,"DES Area, Production & Yield Query Report"
West Bengal,Nadia,2016,2016 - 2017,Whole Year,All Crops,226164.0,733953.0,3.25,"DES Area, Production & Yield Query Report"
West Bengal,Nadia,2017,2017 - 2018,Whole Year,All Crops,242660.0,804303.0,3.31,"DES Area, Production & Yield Query Report"
West Bengal,Nadia,2018,2018 - 2019,Whole Year,All Crops,229661.0,759896.0,3.31,"DES Area, Production & Yield Query Report"
West Bengal,Nadia,2019,2019 - 2020,Whole Year,All Crops,216480.0,723032.0,3.34,"DES Area, Production & Yield Query Report"
West Bengal,Nadia,2020,2020 - 2021,Whole Year,All Crops,215525.0,680511.0,3.16,"DES Area, Production & Yield Query Report"
West Bengal,Nadia,2021,2021 - 2022,Whole Year,All Crops,220570.0,702605.0,3.19,"DES Area, Production & Yield Query Report"
West Bengal,Nadia,2022,2022 - 2023,Whole Year,All Crops,196045.0,634213.0,3.24,"DES Area, Production & Yield Query Report"
West Bengal,Paschim bardhaman,2016,2016 - 2017,Whole Year,All Crops,42497.0,143968.0,3.39,"DES Area, Production & Yield Query Report"
West Bengal,Paschim bardhaman,2017,2017 - 2018,Whole Year,All Crops,40617.0,129826.0,3.2,"DES Area, Production & Yield Query Report"
West Bengal,Paschim bardhaman,2018,2018 - 2019,Whole Year,All Crops,42617.0,112826.0,2.65,"DES Area, Production & Yield Query Report"
West Bengal,Paschim bardhaman,2019,2019 - 2020,Whole Year,All Crops,41214.0,127472.0,3.09,"DES Area, Production & Yield Query Report"
West Bengal,Paschim bardhaman,2020,2020 - 2021,Whole Year,All Crops,41283.0,125050.0,3.03,"DES Area, Production & Yield Query Report"
West Bengal,Paschim bardhaman,2021,2021 - 2022,Whole Year,All Crops,40000.0,123412.0,3.09,"DES Area, Production & Yield Query Report"
West Bengal,Paschim bardhaman,2022,2022 - 2023,Whole Year,All Crops,18895.0,55067.0,2.91,"DES Area, Production & Yield Query Report"
West Bengal,Purba bardhaman,2013,2013 - 2014,Whole Year,All Crops,604191.0,2016619.0,3.34,"DES Area, Production & Yield Query Report"
West Bengal,Purba bardhaman,2014,2014 - 2015,Whole Year,All Crops,583279.0,1896032.0,3.25,"DES Area, Production & Yield Query Report"
West Bengal,Purba bardhaman,2015,2015 - 2016,Whole Year,All Crops,578473.0,1949434.0,3.37,"DES Area, Production & Yield Query Report"
West Bengal,Purba bardhaman,2016,2016 - 2017,Whole Year,All Crops,493442.0,1514452.0,3.07,"DES Area, Production & Yield Query Report"
West Bengal,Purba bardhaman,2017,2017 - 2018,Whole Year,All Crops,520613.0,1597429.0,3.07,"DES Area, Production & Yield Query Report"
West Bengal,Purba bardhaman,2018,2018 - 2019,Whole Year,All Crops,525302.0,1744632.0,3.32,"DES Area, Production & Yield Query Report"
West Bengal,Purba bardhaman,2019,2019 - 2020,Whole Year,All Crops,537831.0,1930147.0,3.59,"DES Area, Production & Yield Query Report"
West Bengal,Purba bardhaman,2020,2020 - 2021,Whole Year,All Crops,538879.0,1826429.0,3.39,"DES Area, Production & Yield Query Report"
West Bengal,Purba bardhaman,2021,2021 - 2022,Whole Year,All Crops,539684.0,1696899.0,3.14,"DES Area, Production & Yield Query Report"
West Bengal,Purba bardhaman,2022,2022 - 2023,Whole Year,All Crops,538441.0,1698091.0,3.15,"DES Area, Production & Yield Query Report"
West Bengal,Purulia,2013,2013 - 2014,Whole Year,All Crops,302882.0,731538.0,2.42,"DES Area, Production & Yield Query Report"
West Bengal,Purulia,2014,2014 - 2015,Whole Year,All Crops,279721.0,599421.0,2.14,"DES Area, Production & Yield Query Report"
West Bengal,Purulia,2015,2015 - 2016,Whole Year,All Crops,272129.0,500439.0,1.84,"DES Area, Production & Yield Query Report"
West Bengal,Purulia,2016,2016 - 2017,Whole Year,All Crops,276817.0,649815.0,2.35,"DES Area, Production & Yield Query Report"
West Bengal,Purulia,2017,2017 - 2018,Whole Year,All Crops,273173.0,751468.0,2.75,"DES Area, Production & Yield Query Report"
West Bengal,Purulia,2018,2018 - 2019,Whole Year,All Crops,282160.0,617545.0,2.19,"DES Area, Production & Yield Query Report"
West Bengal,Purulia,2019,2019 - 2020,Whole Year,All Crops,286521.0,796725.0,2.78,"DES Area, Production & Yield Query Report"
West Bengal,Purulia,2020,2020 - 2021,Whole Year,All Crops,322669.0,866299.0,2.68,"DES Area, Production & Yield Query Report"
West Bengal,Purulia,2021,2021 - 2022,Whole Year,All Crops,327125.0,964715.0,2.95,"DES Area, Production & Yield Query Report"
West Bengal,Purulia,2022,2022 - 2023,Whole Year,All Crops,248871.0,592602.0,2.38,"DES Area, Production & Yield Query Report"
