State,District,Latitude,Longitude,ResolvedLocation,CoordinateSource,Year,Rainfall,Temperature,WeatherAggregation,WeatherDataSource
Andhra Pradesh,West godavari,16.899804422856924,81.40941945782606,West Godavari,geoBoundaries India ADM2 centroid,2013,1313.9,26.77,Calendar year; proxy for DES reporting year starting this year,Open-Meteo Historical Weather API
Andhra Pradesh,West godavari,16.899804422856924,81.40941945782606,West Godavari,geoBoundaries India ADM2 centroid,2014,1062.3,27.3,Calendar year; proxy for DES reporting year starting this year,Open-Meteo Historical Weather API
Andhra Pradesh,West godavari,16.899804422856924,81.40941945782606,West Godavari,geoBoundaries India ADM2 centroid,2015,1205.3,27.5,Calendar year; proxy for DES reporting year starting this year,Open-Meteo Historical Weather API
Andhra Pradesh,West godavari,16.899804422856924,81.40941945782606,West Godavari,geoBoundaries India ADM2 centroid,2016,1317.3,27.66,Calendar year; proxy for DES reporting year starting this year,Open-Meteo Historical Weather API
Andhra Pradesh,West godavari,16.899804422856924,81.40941945782606,West Godavari,geoBoundaries India ADM2 centroid,2017,1182.9,27.97,Calendar year; proxy for DES reporting year starting this year,Open-Meteo Historical Weather API
Andhra Pradesh,West godavari,16.899804422856924,81.40941945782606,West Godavari,geoBoundaries India ADM2 centroid,2018,1363.2,27.7,Calendar year; proxy for DES reporting year starting this year,Open-Meteo Historical Weather API
Andhra Pradesh,West godavari,16.899804422856924,81.40941945782606,West Godavari,geoBoundaries India ADM2 centroid,2019,1208.6,28.0,Calendar year; proxy for DES reporting year starting this year,Open-Meteo Historical Weather API
Andhra Pradesh,West godavari,16.899804422856924,81.40941945782606,West Godavari,geoBoundaries India ADM2 centroid,2020,1761.9,27.66,Calendar year; proxy for DES reporting year starting this year,Open-Meteo Historical Weather API
Andhra Pradesh,West godavari,16.899804422856924,81.40941945782606,West Godavari,geoBoundaries India ADM2 centroid,2021,1248.0,27.69,Calendar year; proxy for DES reporting year starting this year,Open-Meteo Historical Weather API
Andhra Pradesh,West godavari,16.899804422856924,81.40941945782606,West Godavari,geoBoundaries India ADM2 centroid,2022,1470.5,27.78,Calendar year; proxy for DES reporting year starting this year,Open-Meteo Historical Weather API
Andhra Pradesh,West godavari,16.899804422856924,81.40941945782606,West Godavari,geoBoundaries India ADM2 centroid,2023,1751.6,28.15,Calendar year; proxy for DES reporting year starting this year,Open-Meteo Historical Weather API
Andhra Pradesh,East godavari,17.194085358659937,82.01404957496521,East Godavari,geoBoundaries India ADM2 centroid,2013,1471.4,26.74,Calendar year; proxy for DES reporting year starting this year,Open-Meteo Historical Weather API
Andhra Pradesh,East godavari,17.194085358659937,82.01404957496521,East Godavari,geoBoundaries India ADM2 centroid,2014,1040.6,27.18,Calendar year; proxy for DES reporting year starting this year,Open-Meteo Historical Weather API
Andhra Pradesh,East godavari,17.194085358659937,82.01404957496521,East Godavari,geoBoundaries India ADM2 centroid,2015,1107.7,27.43,Calendar year; proxy for DES reporting year starting this year,Open-Meteo Historical Weather API
Andhra Pradesh,East godavari,17.194085358659937,82.01404957496521,East Godavari,geoBoundaries India ADM2 centroid,2016,1400.7,27.63,Calendar year; proxy for DES reporting year starting this year,Open-Meteo Historical Weather API
Andhra Pradesh,East godavari,17.194085358659937,82.01404957496521,East Godavari,geoBoundaries India ADM2 centroid,2017,1245.3,27.6,Calendar year; proxy for DES reporting year starting this year,Open-Meteo Historical Weather API
Andhra Pradesh,East godavari,17.194085358659937,82.01404957496521,East Godavari,geoBoundaries India ADM2 centroid,2018,1451.7,27.33,Calendar year; proxy for DES reporting year starting this year,Open-Meteo Historical Weather API
Andhra Pradesh,East godavari,17.194085358659937,82.01404957496521,East Godavari,geoBoundaries India ADM2 centroid,2019,1585.0,27.72,Calendar year; proxy for DES reporting year starting this year,Open-Meteo Historical Weather API
Andhra Pradesh,East godavari,17.194085358659937,82.01404957496521,East Godavari,geoBoundaries India ADM2 centroid,2020,1918.1,27.43,Calendar year; proxy for DES reporting year starting this year,Open-Meteo Historical Weather API
Andhra Pradesh,East godavari,17.194085358659937,82.01404957496521,East Godavari,geoBoundaries India ADM2 centroid,2021,1415.8,27.36,Calendar year; proxy for DES reporting year starting this year,Open-Meteo Historical Weather API
Andhra Pradesh,East godavari,17.194085358659937,82.01404957496521,East Godavari,geoBoundaries India ADM2 centroid,2022,1570.9,27.27,Calendar year; proxy for DES reporting year starting this year,Open-Meteo Historical Weather API
Andhra Pradesh,East godavari,17.194085358659937,82.01404957496521,East Godavari,geoBoundaries India ADM2 centroid,2023,1760.9,27.64,Calendar year; proxy for DES reporting year starting this year,Open-Meteo Historical Weather API
Punjab,Sangrur,30.211755355744923,75.8702448008922,Sangrur,geoBoundaries India ADM2 centroid,2013,743.7,23.35,Calendar year; proxy for DES reporting year starting this year,Open-Meteo Historical Weather API
Punjab,Sangrur,30.211755355744923,75.8702448008922,Sangrur,geoBoundaries India ADM2 centroid,2014,482.1,23.73,Calendar year; proxy for DES reporting year starting this year,Open-Meteo Historical Weather API
Punjab,Sangrur,30.211755355744923,75.8702448008922,Sangrur,geoBoundaries India ADM2 centroid,2015,1023.8,23.16,Calendar year; proxy for DES reporting year starting this year,Open-Meteo Historical Weather API
Punjab,Sangrur,30.211755355744923,75.8702448008922,Sangrur,geoBoundaries India ADM2 centroid,2016,510.0,24.69,Calendar year; proxy for DES reporting year starting this year,Open-Meteo Historical Weather API
Punjab,Sangrur,30.211755355744923,75.8702448008922,Sangrur,geoBoundaries India ADM2 centroid,2017,612.8,23.75,Calendar year; proxy for DES reporting year starting this year,Open-Meteo Historical Weather API
Punjab,Sangrur,30.211755355744923,75.8702448008922,Sangrur,geoBoundaries India ADM2 centroid,2018,691.7,23.54,Calendar year; proxy for DES reporting year starting this year,Open-Meteo Historical Weather API
Punjab,Sangrur,30.211755355744923,75.8702448008922,Sangrur,geoBoundaries India ADM2 centroid,2019,700.3,23.12,Calendar year; proxy for DES reporting year starting this year,Open-Meteo Historical Weather API
Punjab,Sangrur,30.211755355744923,75.8702448008922,Sangrur,geoBoundaries India ADM2 centroid,2020,674.6,23.09,Calendar year; proxy for DES reporting year starting this year,Open-Meteo Historical Weather API
Punjab,Sangrur,30.211755355744923,75.8702448008922,Sangrur,geoBoundaries India ADM2 centroid,2021,599.3,23.5,Calendar year; proxy for DES reporting year starting this year,Open-Meteo Historical Weather API
Punjab,Sangrur,30.211755355744923,75.8702448008922,Sangrur,geoBoundaries India ADM2 centroid,2022,728.4,24.1,Calendar year; proxy for DES reporting year starting this year,Open-Meteo Historical Weather API
Punjab,Sangrur,30.211755355744923,75.8702448008922,Sangrur,geoBoundaries India ADM2 centroid,2023,614.6,23.28,Calendar year; proxy for DES reporting year starting this year,Open-Meteo Historical Weather API
West Bengal,Birbhum,23.95370624123209,87.66555570909533,Birbhum,geoBoundaries India ADM2 centroid,2013,1161.7,25.31,Calendar year; proxy for DES reporting year starting this year,Open-Meteo Historical Weather API
West Bengal,Birbhum,23.95370624123209,87.66555570909533,Birbhum,geoBoundaries India ADM2 centroid,2014,1328.1,25.56,Calendar year; proxy for DES reporting year starting this year,Open-Meteo Historical Weather API
West Bengal,Birbhum,23.95370624123209,87.66555570909533,Birbhum,geoBoundaries India ADM2 centroid,2015,1738.7,25.77,Calendar year; proxy for DES reporting year starting this year,Open-Meteo Historical Weather API
West Bengal,Birbhum,23.95370624123209,87.66555570909533,Birbhum,geoBoundaries India ADM2 centroid,2016,1372.6,26.16,Calendar year; proxy for DES reporting year starting this year,Open-Meteo Historical Weather API
West Bengal,Birbhum,23.95370624123209,87.66555570909533,Birbhum,geoBoundaries India ADM2 centroid,2017,1888.5,25.67,Calendar year; proxy for DES reporting year starting this year,Open-Meteo Historical Weather API
West Bengal,Birbhum,23.95370624123209,87.66555570909533,Birbhum,geoBoundaries India ADM2 centroid,2018,1336.9,25.25,Calendar year; proxy for DES reporting year starting this year,Open-Meteo Historical Weather API
West Bengal,Birbhum,23.95370624123209,87.66555570909533,Birbhum,geoBoundaries India ADM2 centroid,2019,1604.4,25.53,Calendar year; proxy for DES reporting year starting this year,Open-Meteo Historical Weather API
West Bengal,Birbhum,23.95370624123209,87.66555570909533,Birbhum,geoBoundaries India ADM2 centroid,2020,1844.9,25.15,Calendar year; proxy for DES reporting year starting this year,Open-Meteo Historical Weather API
West Bengal,Birbhum,23.95370624123209,87.66555570909533,Birbhum,geoBoundaries India ADM2 centroid,2021,1859.8,25.64,Calendar year; proxy for DES reporting year starting this year,Open-Meteo Historical Weather API
West Bengal,Birbhum,23.95370624123209,87.66555570909533,Birbhum,geoBoundaries India ADM2 centroid,2022,1282.6,25.54,Calendar year; proxy for DES reporting year starting this year,Open-Meteo Historical Weather API
West Bengal,Birbhum,23.95370624123209,87.66555570909533,Birbhum,geoBoundaries India ADM2 centroid,2023,1467.7,26.24,Calendar year; proxy for DES reporting year starting this year,Open-Meteo Historical Weather API
Punjab,Ludhiana,30.804715545305687,75.83614321635899,Ludhiana,geoBoundaries India ADM2 centroid,2013,735.3,23.16,Calendar year; proxy for DES reporting year starting this year,Open-Meteo Historical Weather API
Punjab,Ludhiana,30.804715545305687,75.83614321635899,Ludhiana,geoBoundaries India ADM2 centroid,2014,587.1,23.31,Calendar year; proxy for DES reporting year starting this year,Open-Meteo Historical Weather API
Punjab,Ludhiana,30.804715545305687,75.83614321635899,Ludhiana,geoBoundaries India ADM2 centroid,2015,1158.5,22.87,Calendar year; proxy for DES reporting year starting this year,Open-Meteo Historical Weather API
Punjab,Ludhiana,30.804715545305687,75.83614321635899,Ludhiana,geoBoundaries India ADM2 centroid,2016,611.4,24.34,Calendar year; proxy for DES reporting year starting this year,Open-Meteo Historical Weather API
Punjab,Ludhiana,30.804715545305687,75.83614321635899,Ludhiana,geoBoundaries India ADM2 centroid,2017,856.2,23.16,Calendar year; proxy for DES reporting year starting this year,Open-Meteo Historical Weather API
Punjab,Ludhiana,30.804715545305687,75.83614321635899,Ludhiana,geoBoundaries India ADM2 centroid,2018,913.8,22.96,Calendar year; proxy for DES reporting year starting this year,Open-Meteo Historical Weather API
Punjab,Ludhiana,30.804715545305687,75.83614321635899,Ludhiana,geoBoundaries India ADM2 centroid,2019,1001.3,22.39,Calendar year; proxy for DES reporting year starting this year,Open-Meteo Historical Weather API
Punjab,Ludhiana,30.804715545305687,75.83614321635899,Ludhiana,geoBoundaries India ADM2 centroid,2020,713.4,22.48,Calendar year; proxy for DES reporting year starting this year,Open-Meteo Historical Weather API
Punjab,Ludhiana,30.804715545305687,75.83614321635899,Ludhiana,geoBoundaries India ADM2 centroid,2021,578.6,23.0,Calendar year; proxy for DES reporting year starting this year,Open-Meteo Historical Weather API
Punjab,Ludhiana,30.804715545305687,75.83614321635899,Ludhiana,geoBoundaries India ADM2 centroid,2022,934.3,23.51,Calendar year; proxy for DES reporting year starting this year,Open-Meteo Historical Weather API
Punjab,Ludhiana,30.804715545305687,75.83614321635899,Ludhiana,geoBoundaries India ADM2 centroid,2023,735.5,22.56,Calendar year; proxy for DES reporting year starting this year,Open-Meteo Historical Weather API
West Bengal,Bankura,23.141454166601765,87.13443709055578,Bankura,geoBoundaries India ADM2 centroid,2013,1418.3,25.19,Calendar year; proxy for DES reporting year starting this year,Open-Meteo Historical Weather API
West Bengal,Bankura,23.141454166601765,87.13443709055578,Bankura,geoBoundaries India ADM2 centroid,2014,1184.7,25.59,Calendar year; proxy for DES reporting year starting this year,Open-Meteo Historical Weather API
West Bengal,Bankura,23.141454166601765,87.13443709055578,Bankura,geoBoundaries India ADM2 centroid,2015,1574.6,25.99,Calendar year; proxy for DES reporting year starting this year,Open-Meteo Historical Weather API
West Bengal,Bankura,23.141454166601765,87.13443709055578,Bankura,geoBoundaries India ADM2 centroid,2016,1237.6,26.26,Calendar year; proxy for DES reporting year starting this year,Open-Meteo Historical Weather API
West Bengal,Bankura,23.141454166601765,87.13443709055578,Bankura,geoBoundaries India ADM2 centroid,2017,1636.9,25.64,Calendar year; proxy for DES reporting year starting this year,Open-Meteo Historical Weather API
West Bengal,Bankura,23.141454166601765,87.13443709055578,Bankura,geoBoundaries India ADM2 centroid,2018,1473.8,25.27,Calendar year; proxy for DES reporting year starting this year,Open-Meteo Historical Weather API
West Bengal,Bankura,23.141454166601765,87.13443709055578,Bankura,geoBoundaries India ADM2 centroid,2019,1761.3,25.42,Calendar year; proxy for DES reporting year starting this year,Open-Meteo Historical Weather API
West Bengal,Bankura,23.141454166601765,87.13443709055578,Bankura,geoBoundaries India ADM2 centroid,2020,1596.2,25.2,Calendar year; proxy for DES reporting year starting this year,Open-Meteo Historical Weather API
West Bengal,Bankura,23.141454166601765,87.13443709055578,Bankura,geoBoundaries India ADM2 centroid,2021,1972.1,25.55,Calendar year; proxy for DES reporting year starting this year,Open-Meteo Historical Weather API
West Bengal,Bankura,23.141454166601765,87.13443709055578,Bankura,geoBoundaries India ADM2 centroid,2022,1561.7,25.25,Calendar year; proxy for DES reporting year starting this year,Open-Meteo Historical Weather API
West Bengal,Bankura,23.141454166601765,87.13443709055578,Bankura,geoBoundaries India ADM2 centroid,2023,1405.7,26.28,Calendar year; proxy for DES reporting year starting this year,Open-Meteo Historical Weather API
West Bengal,Murshidabad,24.173210084862134,88.23199173358435,Murshidabad,geoBoundaries India ADM2 centroid,2013,1090.8,25.06,Calendar year; proxy for DES reporting year starting this year,Open-Meteo Historical Weather API
West Bengal,Murshidabad,24.173210084862134,88.23199173358435,Murshidabad,geoBoundaries India ADM2 centroid,2014,1294.5,25.38,Calendar year; proxy for DES reporting year starting this year,Open-Meteo Historical Weather API
West Bengal,Murshidabad,24.173210084862134,88.23199173358435,Murshidabad,geoBoundaries India ADM2 centroid,2015,1689.5,25.5,Calendar year; proxy for DES reporting year starting this year,Open-Meteo Historical Weather API
West Bengal,Murshidabad,24.173210084862134,88.23199173358435,Murshidabad,geoBoundaries India ADM2 centroid,2016,1406.4,25.88,Calendar year; proxy for DES reporting year starting this year,Open-Meteo Historical Weather API
West Bengal,Murshidabad,24.173210084862134,88.23199173358435,Murshidabad,geoBoundaries India ADM2 centroid,2017,1736.1,25.37,Calendar year; proxy for DES reporting year starting this year,Open-Meteo Historical Weather API
West Bengal,Murshidabad,24.173210084862134,88.23199173358435,Murshidabad,geoBoundaries India ADM2 centroid,2018,1435.1,25.03,Calendar year; proxy for DES reporting year starting this year,Open-Meteo Historical Weather API
West Bengal,Murshidabad,24.173210084862134,88.23199173358435,Murshidabad,geoBoundaries India ADM2 centroid,2019,1577.4,25.37,Calendar year; proxy for DES reporting year starting this year,Open-Meteo Historical Weather API
West Bengal,Murshidabad,24.173210084862134,88.23199173358435,Murshidabad,geoBoundaries India ADM2 centroid,2020,2139.6,24.99,Calendar year; proxy for DES reporting year starting this year,Open-Meteo Historical Weather API
West Bengal,Murshidabad,24.173210084862134,88.23199173358435,Murshidabad,geoBoundaries India ADM2 centroid,2021,1747.3,25.54,Calendar year; proxy for DES reporting year starting this year,Open-Meteo Historical Weather API
West Bengal,Murshidabad,24.173210084862134,88.23199173358435,Murshidabad,geoBoundaries India ADM2 centroid,2022,1579.5,25.33,Calendar year; proxy for DES reporting year starting this year,Open-Meteo Historical Weather API
West Bengal,Murshidabad,24.173210084862134,88.23199173358435,Murshidabad,geoBoundaries India ADM2 centroid,2023,1656.9,26.09,Calendar year; proxy for DES reporting year starting this year,Open-Meteo Historical Weather API
Andhra Pradesh,Krishna,16.565652824874974,80.80563020824229,Krishna,geoBoundaries India ADM2 centroid,2013,1070.9,27.53,Calendar year; proxy for DES reporting year starting this year,Open-Meteo Historical Weather API
Andhra Pradesh,Krishna,16.565652824874974,80.80563020824229,Krishna,geoBoundaries India ADM2 centroid,2014,874.7,28.01,Calendar year; proxy for DES reporting year starting this year,Open-Meteo Historical Weather API
Andhra Pradesh,Krishna,16.565652824874974,80.80563020824229,Krishna,geoBoundaries India ADM2 centroid,2015,1118.4,28.16,Calendar year; proxy for DES reporting year starting this year,Open-Meteo Historical Weather API
Andhra Pradesh,Krishna,16.565652824874974,80.80563020824229,Krishna,geoBoundaries India ADM2 centroid,2016,1332.9,28.11,Calendar year; proxy for DES reporting year starting this year,Open-Meteo Historical Weather API
Andhra Pradesh,Krishna,16.565652824874974,80.80563020824229,Krishna,geoBoundaries India ADM2 centroid,2017,1073.2,28.26,Calendar year; proxy for DES reporting year starting this year,Open-Meteo Historical Weather API
Andhra Pradesh,Krishna,16.565652824874974,80.80563020824229,Krishna,geoBoundaries India ADM2 centroid,2018,996.7,28.09,Calendar year; proxy for DES reporting year starting this year,Open-Meteo Historical Weather API
Andhra Pradesh,Krishna,16.565652824874974,80.80563020824229,Krishna,geoBoundaries India ADM2 centroid,2019,1004.8,28.51,Calendar year; proxy for DES reporting year starting this year,Open-Meteo Historical Weather API
Andhra Pradesh,Krishna,16.565652824874974,80.80563020824229,Krishna,geoBoundaries India ADM2 centroid,2020,1585.8,27.97,Calendar year; proxy for DES reporting year starting this year,Open-Meteo Historical Weather API
Andhra Pradesh,Krishna,16.565652824874974,80.80563020824229,Krishna,geoBoundaries India ADM2 centroid,2021,1023.0,27.92,Calendar year; proxy for DES reporting year starting this year,Open-Meteo Historical Weather API
Andhra Pradesh,Krishna,16.565652824874974,80.80563020824229,Krishna,geoBoundaries India ADM2 centroid,2022,1335.2,27.86,Calendar year; proxy for DES reporting year starting this year,Open-Meteo Historical Weather API
Andhra Pradesh,Krishna,16.565652824874974,80.80563020824229,Krishna,geoBoundaries India ADM2 centroid,2023,1454.9,28.45,Calendar year; proxy for DES reporting year starting this year,Open-Meteo Historical Weather API
Punjab,Patiala,30.280251708225915,76.35158282406285,Patiala,geoBoundaries India ADM2 centroid,2013,811.4,23.03,Calendar year; proxy for DES reporting year starting this year,Open-Meteo Historical Weather API
Punjab,Patiala,30.280251708225915,76.35158282406285,Patiala,geoBoundaries India ADM2 centroid,2014,650.5,23.31,Calendar year; proxy for DES reporting year starting this year,Open-Meteo Historical Weather API
Punjab,Patiala,30.280251708225915,76.35158282406285,Patiala,geoBoundaries India ADM2 centroid,2015,1063.8,23.07,Calendar year; proxy for DES reporting year starting this year,Open-Meteo Historical Weather API
Punjab,Patiala,30.280251708225915,76.35158282406285,Patiala,geoBoundaries India ADM2 centroid,2016,692.7,24.35,Calendar year; proxy for DES reporting year starting this year,Open-Meteo Historical Weather API
Punjab,Patiala,30.280251708225915,76.35158282406285,Patiala,geoBoundaries India ADM2 centroid,2017,604.2,23.6,Calendar year; proxy for DES reporting year starting this year,Open-Meteo Historical Weather API
Punjab,Patiala,30.280251708225915,76.35158282406285,Patiala,geoBoundaries India ADM2 centroid,2018,763.9,23.28,Calendar year; proxy for DES reporting year starting this year,Open-Meteo Historical Weather API
Punjab,Patiala,30.280251708225915,76.35158282406285,Patiala,geoBoundaries India ADM2 centroid,2019,789.0,22.95,Calendar year; proxy for DES reporting year starting this year,Open-Meteo Historical Weather API
Punjab,Patiala,30.280251708225915,76.35158282406285,Patiala,geoBoundaries India ADM2 centroid,2020,650.1,22.66,Calendar year; proxy for DES reporting year starting this year,Open-Meteo Historical Weather API
Punjab,Patiala,30.280251708225915,76.35158282406285,Patiala,geoBoundaries India ADM2 centroid,2021,590.0,23.29,Calendar year; proxy for DES reporting year starting this year,Open-Meteo Historical Weather API
Punjab,Patiala,30.280251708225915,76.35158282406285,Patiala,geoBoundaries India ADM2 centroid,2022,770.5,23.78,Calendar year; proxy for DES reporting year starting this year,Open-Meteo Historical Weather API
Punjab,Patiala,30.280251708225915,76.35158282406285,Patiala,geoBoundaries India ADM2 centroid,2023,650.5,22.97,Calendar year; proxy for DES reporting year starting this year,Open-Meteo Historical Weather API
Telangana,Nalgonda,16.8759835692122,79.20093706029775,Nalgonda,geoBoundaries India ADM2 centroid,2013,1022.2,27.39,Calendar year; proxy for DES reporting year starting this year,Open-Meteo Historical Weather API
Telangana,Nalgonda,16.8759835692122,79.20093706029775,Nalgonda,geoBoundaries India ADM2 centroid,2014,708.6,27.92,Calendar year; proxy for DES reporting year starting this year,Open-Meteo Historical Weather API
Telangana,Nalgonda,16.8759835692122,79.20093706029775,Nalgonda,geoBoundaries India ADM2 centroid,2015,695.8,28.32,Calendar year; proxy for DES reporting year starting this year,Open-Meteo Historical Weather API
Telangana,Nalgonda,16.8759835692122,79.20093706029775,Nalgonda,geoBoundaries India ADM2 centroid,2016,905.0,27.95,Calendar year; proxy for DES reporting year starting this year,Open-Meteo Historical Weather API
Telangana,Nalgonda,16.8759835692122,79.20093706029775,Nalgonda,geoBoundaries India ADM2 centroid,2017,893.5,28.37,Calendar year; proxy for DES reporting year starting this year,Open-Meteo Historical Weather API
Telangana,Nalgonda,16.8759835692122,79.20093706029775,Nalgonda,geoBoundaries India ADM2 centroid,2018,620.2,28.42,Calendar year; proxy for DES reporting year starting this year,Open-Meteo Historical Weather API
Telangana,Nalgonda,16.8759835692122,79.20093706029775,Nalgonda,geoBoundaries India ADM2 centroid,2019,833.1,28.67,Calendar year; proxy for DES reporting year starting this year,Open-Meteo Historical Weather API
Telangana,Nalgonda,16.8759835692122,79.20093706029775,Nalgonda,geoBoundaries India ADM2 centroid,2020,1270.0,27.85,Calendar year; proxy for DES reporting year starting this year,Open-Meteo Historical Weather API
Telangana,Nalgonda,16.8759835692122,79.20093706029775,Nalgonda,geoBoundaries India ADM2 centroid,2021,904.2,27.95,Calendar year; proxy for DES reporting year starting this year,Open-Meteo Historical Weather API
Telangana,Nalgonda,16.8759835692122,79.20093706029775,Nalgonda,geoBoundaries India ADM2 centroid,2022,1277.0,27.67,Calendar year; proxy for DES reporting year starting this year,Open-Meteo Historical Weather API
Telangana,Nalgonda,16.8759835692122,79.20093706029775,Nalgonda,geoBoundaries India ADM2 centroid,2023,1069.3,28.59,Calendar year; proxy for DES reporting year starting this year,Open-Meteo Historical Weather API
Telangana,Nizamabad,18.69592319300049,78.21309030263654,Nizamabad,geoBoundaries India ADM2 centroid,2013,1438.7,25.94,Calendar year; proxy for DES reporting year starting this year,Open-Meteo Historical Weather API
Telangana,Nizamabad,18.69592319300049,78.21309030263654,Nizamabad,geoBoundaries India ADM2 centroid,2014,813.9,26.43,Calendar year; proxy for DES reporting year starting this year,Open-Meteo Historical Weather API
Telangana,Nizamabad,18.69592319300049,78.21309030263654,Nizamabad,geoBoundaries India ADM2 centroid,2015,674.7,26.6,Calendar year; proxy for DES reporting year starting this year,Open-Meteo Historical Weather API
Telangana,Nizamabad,18.69592319300049,78.21309030263654,Nizamabad,geoBoundaries India ADM2 centroid,2016,1049.6,26.82,Calendar year; proxy for DES reporting year starting this year,Open-Meteo Historical Weather API
Telangana,Nizamabad,18.69592319300049,78.21309030263654,Nizamabad,geoBoundaries India ADM2 centroid,2017,781.0,26.58,Calendar year; proxy for DES reporting year starting this year,Open-Meteo Historical Weather API
Telangana,Nizamabad,18.69592319300049,78.21309030263654,Nizamabad,geoBoundaries India ADM2 centroid,2018,1206.4,26.51,Calendar year; proxy for DES reporting year starting this year,Open-Meteo Historical Weather API
Telangana,Nizamabad,18.69592319300049,78.21309030263654,Nizamabad,geoBoundaries India ADM2 centroid,2019,954.6,27.0,Calendar year; proxy for DES reporting year starting this year,Open-Meteo Historical Weather API
Telangana,Nizamabad,18.69592319300049,78.21309030263654,Nizamabad,geoBoundaries India ADM2 centroid,2020,890.9,26.63,Calendar year; proxy for DES reporting year starting this year,Open-Meteo Historical Weather API
Telangana,Nizamabad,18.69592319300049,78.21309030263654,Nizamabad,geoBoundaries India ADM2 centroid,2021,1250.5,26.65,Calendar year; proxy for DES reporting year starting this year,Open-Meteo Historical Weather API
Telangana,Nizamabad,18.69592319300049,78.21309030263654,Nizamabad,geoBoundaries India ADM2 centroid,2022,1287.7,26.48,Calendar year; proxy for DES reporting year starting this year,Open-Meteo Historical Weather API
Telangana,Nizamabad,18.69592319300049,78.21309030263654,Nizamabad,geoBoundaries India ADM2 centroid,2023,902.5,26.56,Calendar year; proxy for DES reporting year starting this year,Open-Meteo Historical Weather API
Punjab,Moga,30.76240710875285,75.17424180496198,Moga,geoBoundaries India ADM2 centroid,2013,737.5,23.54,Calendar year; proxy for DES reporting year starting this year,Open-Meteo Historical Weather API
Punjab,Moga,30.76240710875285,75.17424180496198,Moga,geoBoundaries India ADM2 centroid,2014,527.7,23.57,Calendar year; proxy for DES reporting year starting this year,Open-Meteo Historical Weather API
Punjab,Moga,30.76240710875285,75.17424180496198,Moga,geoBoundaries India ADM2 centroid,2015,1012.4,23.02,Calendar year; proxy for DES reporting year starting this year,Open-Meteo Historical Weather API
Punjab,Moga,30.76240710875285,75.17424180496198,Moga,geoBoundaries India ADM2 centroid,2016,495.3,24.73,Calendar year; proxy for DES reporting year starting this year,Open-Meteo Historical Weather API
Punjab,Moga,30.76240710875285,75.17424180496198,Moga,geoBoundaries India ADM2 centroid,2017,512.4,24.07,Calendar year; proxy for DES reporting year starting this year,Open-Meteo Historical Weather API
Punjab,Moga,30.76240710875285,75.17424180496198,Moga,geoBoundaries India ADM2 centroid,2018,509.9,23.74,Calendar year; proxy for DES reporting year starting this year,Open-Meteo Historical Weather API
Punjab,Moga,30.76240710875285,75.17424180496198,Moga,geoBoundaries India ADM2 centroid,2019,700.0,23.18,Calendar year; proxy for DES reporting year starting this year,Open-Meteo Historical Weather API
Punjab,Moga,30.76240710875285,75.17424180496198,Moga,geoBoundaries India ADM2 centroid,2020,525.2,23.33,Calendar year; proxy for DES reporting year starting this year,Open-Meteo Historical Weather API
Punjab,Moga,30.76240710875285,75.17424180496198,Moga,geoBoundaries India ADM2 centroid,2021,479.5,23.83,Calendar year; proxy for DES reporting year starting this year,Open-Meteo Historical Weather API
Punjab,Moga,30.76240710875285,75.17424180496198,Moga,geoBoundaries India ADM2 centroid,2022,782.6,23.95,Calendar year; proxy for DES reporting year starting this year,Open-Meteo Historical Weather API
Punjab,Moga,30.76240710875285,75.17424180496198,Moga,geoBoundaries India ADM2 centroid,2023,604.3,23.24,Calendar year; proxy for DES reporting year starting this year,Open-Meteo Historical Weather API
Bihar,Rohtas,24.981550627226348,84.0246058110957,Rohtas,geoBoundaries India ADM2 centroid,2013,961.6,25.17,Calendar year; proxy for DES reporting year starting this year,Open-Meteo Historical Weather API
Bihar,Rohtas,24.981550627226348,84.0246058110957,Rohtas,geoBoundaries India ADM2 centroid,2014,863.1,25.04,Calendar year; proxy for DES reporting year starting this year,Open-Meteo Historical Weather API
Bihar,Rohtas,24.981550627226348,84.0246058110957,Rohtas,geoBoundaries India ADM2 centroid,2015,977.5,25.73,Calendar year; proxy for DES reporting year starting this year,Open-Meteo Historical Weather API
Bihar,Rohtas,24.981550627226348,84.0246058110957,Rohtas,geoBoundaries India ADM2 centroid,2016,1260.1,26.09,Calendar year; proxy for DES reporting year starting this year,Open-Meteo Historical Weather API
Bihar,Rohtas,24.981550627226348,84.0246058110957,Rohtas,geoBoundaries India ADM2 centroid,2017,1138.7,25.91,Calendar year; proxy for DES reporting year starting this year,Open-Meteo Historical Weather API
Bihar,Rohtas,24.981550627226348,84.0246058110957,Rohtas,geoBoundaries India ADM2 centroid,2018,1271.1,25.9,Calendar year; proxy for DES reporting year starting this year,Open-Meteo Historical Weather API
Bihar,Rohtas,24.981550627226348,84.0246058110957,Rohtas,geoBoundaries India ADM2 centroid,2019,1322.9,25.96,Calendar year; proxy for DES reporting year starting this year,Open-Meteo Historical Weather API
Bihar,Rohtas,24.981550627226348,84.0246058110957,Rohtas,geoBoundaries India ADM2 centroid,2020,1496.3,25.15,Calendar year; proxy for DES reporting year starting this year,Open-Meteo Historical Weather API
Bihar,Rohtas,24.981550627226348,84.0246058110957,Rohtas,geoBoundaries India ADM2 centroid,2021,1527.6,25.31,Calendar year; proxy for DES reporting year starting this year,Open-Meteo Historical Weather API
Bihar,Rohtas,24.981550627226348,84.0246058110957,Rohtas,geoBoundaries India ADM2 centroid,2022,1129.0,25.9,Calendar year; proxy for DES reporting year starting this year,Open-Meteo Historical Weather API
Bihar,Rohtas,24.981550627226348,84.0246058110957,Rohtas,geoBoundaries India ADM2 centroid,2023,1054.1,26.03,Calendar year; proxy for DES reporting year starting this year,Open-Meteo Historical Weather API
Andhra Pradesh,Guntur,16.294607741688004,80.09716925860874,Guntur,geoBoundaries India ADM2 centroid,2013,1016.6,27.49,Calendar year; proxy for DES reporting year starting this year,Open-Meteo Historical Weather API
Andhra Pradesh,Guntur,16.294607741688004,80.09716925860874,Guntur,geoBoundaries India ADM2 centroid,2014,769.3,28.02,Calendar year; proxy for DES reporting year starting this year,Open-Meteo Historical Weather API
Andhra Pradesh,Guntur,16.294607741688004,80.09716925860874,Guntur,geoBoundaries India ADM2 centroid,2015,978.6,28.2,Calendar year; proxy for DES reporting year starting this year,Open-Meteo Historical Weather API
Andhra Pradesh,Guntur,16.294607741688004,80.09716925860874,Guntur,geoBoundaries India ADM2 centroid,2016,1058.1,28.09,Calendar year; proxy for DES reporting year starting this year,Open-Meteo Historical Weather API
Andhra Pradesh,Guntur,16.294607741688004,80.09716925860874,Guntur,geoBoundaries India ADM2 centroid,2017,904.0,28.67,Calendar year; proxy for DES reporting year starting this year,Open-Meteo Historical Weather API
Andhra Pradesh,Guntur,16.294607741688004,80.09716925860874,Guntur,geoBoundaries India ADM2 centroid,2018,719.2,28.51,Calendar year; proxy for DES reporting year starting this year,Open-Meteo Historical Weather API
Andhra Pradesh,Guntur,16.294607741688004,80.09716925860874,Guntur,geoBoundaries India ADM2 centroid,2019,970.1,28.5,Calendar year; proxy for DES reporting year starting this year,Open-Meteo Historical Weather API
Andhra Pradesh,Guntur,16.294607741688004,80.09716925860874,Guntur,geoBoundaries India ADM2 centroid,2020,1595.5,27.81,Calendar year; proxy for DES reporting year starting this year,Open-Meteo Historical Weather API
Andhra Pradesh,Guntur,16.294607741688004,80.09716925860874,Guntur,geoBoundaries India ADM2 centroid,2021,1126.3,28.08,Calendar year; proxy for DES reporting year starting this year,Open-Meteo Historical Weather API
Andhra Pradesh,Guntur,16.294607741688004,80.09716925860874,Guntur,geoBoundaries India ADM2 centroid,2022,1193.5,27.89,Calendar year; proxy for DES reporting year starting this year,Open-Meteo Historical Weather API
Andhra Pradesh,Guntur,16.294607741688004,80.09716925860874,Guntur,geoBoundaries India ADM2 centroid,2023,1262.0,28.62,Calendar year; proxy for DES reporting year starting this year,Open-Meteo Historical Weather API
Odisha,Bargarh,21.220601346141414,83.35327253003422,Bargarh,geoBoundaries India ADM2 centroid,2013,1411.3,26.51,Calendar year; proxy for DES reporting year starting this year,Open-Meteo Historical Weather API
Odisha,Bargarh,21.220601346141414,83.35327253003422,Bargarh,geoBoundaries India ADM2 centroid,2014,1642.1,26.75,Calendar year; proxy for DES reporting year starting this year,Open-Meteo Historical Weather API
Odisha,Bargarh,21.220601346141414,83.35327253003422,Bargarh,geoBoundaries India ADM2 centroid,2015,1215.6,27.23,Calendar year; proxy for DES reporting year starting this year,Open-Meteo Historical Weather API
Odisha,Bargarh,21.220601346141414,83.35327253003422,Bargarh,geoBoundaries India ADM2 centroid,2016,1339.2,27.42,Calendar year; proxy for DES reporting year starting this year,Open-Meteo Historical Weather API
Odisha,Bargarh,21.220601346141414,83.35327253003422,Bargarh,geoBoundaries India ADM2 centroid,2017,1517.2,27.26,Calendar year; proxy for DES reporting year starting this year,Open-Meteo Historical Weather API
Odisha,Bargarh,21.220601346141414,83.35327253003422,Bargarh,geoBoundaries India ADM2 centroid,2018,1597.9,26.73,Calendar year; proxy for DES reporting year starting this year,Open-Meteo Historical Weather API
Odisha,Bargarh,21.220601346141414,83.35327253003422,Bargarh,geoBoundaries India ADM2 centroid,2019,1815.7,26.83,Calendar year; proxy for DES reporting year starting this year,Open-Meteo Historical Weather API
Odisha,Bargarh,21.220601346141414,83.35327253003422,Bargarh,geoBoundaries India ADM2 centroid,2020,1842.9,26.25,Calendar year; proxy for DES reporting year starting this year,Open-Meteo Historical Weather API
Odisha,Bargarh,21.220601346141414,83.35327253003422,Bargarh,geoBoundaries India ADM2 centroid,2021,1231.8,26.58,Calendar year; proxy for DES reporting year starting this year,Open-Meteo Historical Weather API
Odisha,Bargarh,21.220601346141414,83.35327253003422,Bargarh,geoBoundaries India ADM2 centroid,2022,1739.9,26.42,Calendar year; proxy for DES reporting year starting this year,Open-Meteo Historical Weather API
Odisha,Bargarh,21.220601346141414,83.35327253003422,Bargarh,geoBoundaries India ADM2 centroid,2023,1552.8,27.09,Calendar year; proxy for DES reporting year starting this year,Open-Meteo Historical Weather API
West Bengal,Nadia,23.47535291954276,88.5163386637047,Nadia,geoBoundaries India ADM2 centroid,2013,1324.8,25.15,Calendar year; proxy for DES reporting year starting this year,Open-Meteo Historical Weather API
West Bengal,Nadia,23.47535291954276,88.5163386637047,Nadia,geoBoundaries India ADM2 centroid,2014,1146.4,25.51,Calendar year; proxy for DES reporting year starting this year,Open-Meteo Historical Weather API
West Bengal,Nadia,23.47535291954276,88.5163386637047,Nadia,geoBoundaries India ADM2 centroid,2015,1887.0,25.62,Calendar year; proxy for DES reporting year starting this year,Open-Meteo Historical Weather API
West Bengal,Nadia,23.47535291954276,88.5163386637047,Nadia,geoBoundaries India ADM2 centroid,2016,1390.2,26.09,Calendar year; proxy for DES reporting year starting this year,Open-Meteo Historical Weather API
West Bengal,Nadia,23.47535291954276,88.5163386637047,Nadia,geoBoundaries India ADM2 centroid,2017,1990.6,25.68,Calendar year; proxy for DES reporting year starting this year,Open-Meteo Historical Weather API
West Bengal,Nadia,23.47535291954276,88.5163386637047,Nadia,geoBoundaries India ADM2 centroid,2018,1584.5,25.25,Calendar year; proxy for DES reporting year starting this year,Open-Meteo Historical Weather API
West Bengal,Nadia,23.47535291954276,88.5163386637047,Nadia,geoBoundaries India ADM2 centroid,2019,1412.1,25.44,Calendar year; proxy for DES reporting year starting this year,Open-Meteo Historical Weather API
West Bengal,Nadia,23.47535291954276,88.5163386637047,Nadia,geoBoundaries India ADM2 centroid,2020,1886.6,25.21,Calendar year; proxy for DES reporting year starting this year,Open-Meteo Historical Weather API
West Bengal,Nadia,23.47535291954276,88.5163386637047,Nadia,geoBoundaries India ADM2 centroid,2021,1874.6,25.68,Calendar year; proxy for DES reporting year starting this year,Open-Meteo Historical Weather API
West Bengal,Nadia,23.47535291954276,88.5163386637047,Nadia,geoBoundaries India ADM2 centroid,2022,1623.4,25.29,Calendar year; proxy for DES reporting year starting this year,Open-Meteo Historical Weather API
West Bengal,Nadia,23.47535291954276,88.5163386637047,Nadia,geoBoundaries India ADM2 centroid,2023,1664.7,26.08,Calendar year; proxy for DES reporting year starting this year,Open-Meteo Historical Weather API
Punjab,Bathinda,30.182541569135864,75.04161353165237,Bathinda,geoBoundaries India ADM2 centroid,2013,587.3,24.28,Calendar year; proxy for DES reporting year starting this year,Open-Meteo Historical Weather API
Punjab,Bathinda,30.182541569135864,75.04161353165237,Bathinda,geoBoundaries India ADM2 centroid,2014,402.9,24.42,Calendar year; proxy for DES reporting year starting this year,Open-Meteo Historical Weather API
Punjab,Bathinda,30.182541569135864,75.04161353165237,Bathinda,geoBoundaries India ADM2 centroid,2015,689.7,24.25,Calendar year; proxy for DES reporting year starting this year,Open-Meteo Historical Weather API
Punjab,Bathinda,30.182541569135864,75.04161353165237,Bathinda,geoBoundaries India ADM2 centroid,2016,397.4,25.77,Calendar year; proxy for DES reporting year starting this year,Open-Meteo Historical Weather API
Punjab,Bathinda,30.182541569135864,75.04161353165237,Bathinda,geoBoundaries India ADM2 centroid,2017,459.7,24.66,Calendar year; proxy for DES reporting year starting this year,Open-Meteo Historical Weather API
Punjab,Bathinda,30.182541569135864,75.04161353165237,Bathinda,geoBoundaries India ADM2 centroid,2018,375.9,24.47,Calendar year; proxy for DES reporting year starting this year,Open-Meteo Historical Weather API
Punjab,Bathinda,30.182541569135864,75.04161353165237,Bathinda,geoBoundaries India ADM2 centroid,2019,472.8,24.15,Calendar year; proxy for DES reporting year starting this year,Open-Meteo Historical Weather API
Punjab,Bathinda,30.182541569135864,75.04161353165237,Bathinda,geoBoundaries India ADM2 centroid,2020,511.5,23.87,Calendar year; proxy for DES reporting year starting this year,Open-Meteo Historical Weather API
Punjab,Bathinda,30.182541569135864,75.04161353165237,Bathinda,geoBoundaries India ADM2 centroid,2021,360.5,24.28,Calendar year; proxy for DES reporting year starting this year,Open-Meteo Historical Weather API
Punjab,Bathinda,30.182541569135864,75.04161353165237,Bathinda,geoBoundaries India ADM2 centroid,2022,575.0,24.52,Calendar year; proxy for DES reporting year starting this year,Open-Meteo Historical Weather API
Punjab,Bathinda,30.182541569135864,75.04161353165237,Bathinda,geoBoundaries India ADM2 centroid,2023,507.2,24.02,Calendar year; proxy for DES reporting year starting this year,Open-Meteo Historical Weather API
Chhattisgarh,Janjgir-champa,21.894846877485346,82.73208484364048,Janjgir-Champa,geoBoundaries India ADM2 centroid,2013,1625.3,26.08,Calendar year; proxy for DES reporting year starting this year,Open-Meteo Historical Weather API
Chhattisgarh,Janjgir-champa,21.894846877485346,82.73208484364048,Janjgir-Champa,geoBoundaries India ADM2 centroid,2014,1261.1,26.54,Calendar year; proxy for DES reporting year starting this year,Open-Meteo Historical Weather API
Chhattisgarh,Janjgir-champa,21.894846877485346,82.73208484364048,Janjgir-Champa,geoBoundaries India ADM2 centroid,2015,1234.5,26.75,Calendar year; proxy for DES reporting year starting this year,Open-Meteo Historical Weather API
Chhattisgarh,Janjgir-champa,21.894846877485346,82.73208484364048,Janjgir-Champa,geoBoundaries India ADM2 centroid,2016,1624.8,26.93,Calendar year; proxy for DES reporting year starting this year,Open-Meteo Historical Weather API
Chhattisgarh,Janjgir-champa,21.894846877485346,82.73208484364048,Janjgir-Champa,geoBoundaries India ADM2 centroid,2017,1169.4,26.83,Calendar year; proxy for DES reporting year starting this year,Open-Meteo Historical Weather API
Chhattisgarh,Janjgir-champa,21.894846877485346,82.73208484364048,Janjgir-Champa,geoBoundaries India ADM2 centroid,2018,1370.9,26.19,Calendar year; proxy for DES reporting year starting this year,Open-Meteo Historical Weather API
Chhattisgarh,Janjgir-champa,21.894846877485346,82.73208484364048,Janjgir-Champa,geoBoundaries India ADM2 centroid,2019,1492.7,26.26,Calendar year; proxy for DES reporting year starting this year,Open-Meteo Historical Weather API
Chhattisgarh,Janjgir-champa,21.894846877485346,82.73208484364048,Janjgir-Champa,geoBoundaries India ADM2 centroid,2020,1664.0,25.35,Calendar year; proxy for DES reporting year starting this year,Open-Meteo Historical Weather API
Chhattisgarh,Janjgir-champa,21.894846877485346,82.73208484364048,Janjgir-Champa,geoBoundaries India ADM2 centroid,2021,1451.9,26.12,Calendar year; proxy for DES reporting year starting this year,Open-Meteo Historical Weather API
Chhattisgarh,Janjgir-champa,21.894846877485346,82.73208484364048,Janjgir-Champa,geoBoundaries India ADM2 centroid,2022,1565.0,26.04,Calendar year; proxy for DES reporting year starting this year,Open-Meteo Historical Weather API
Chhattisgarh,Janjgir-champa,21.894846877485346,82.73208484364048,Janjgir-Champa,geoBoundaries India ADM2 centroid,2023,1597.7,26.34,Calendar year; proxy for DES reporting year starting this year,Open-Meteo Historical Weather API
Punjab,Jalandhar,31.212063308313816,75.56837041116721,Jalandhar,geoBoundaries India ADM2 centroid,2013,831.7,23.03,Calendar year; proxy for DES reporting year starting this year,Open-Meteo Historical Weather API
Punjab,Jalandhar,31.212063308313816,75.56837041116721,Jalandhar,geoBoundaries India ADM2 centroid,2014,759.6,22.9,Calendar year; proxy for DES reporting year starting this year,Open-Meteo Historical Weather API
Punjab,Jalandhar,31.212063308313816,75.56837041116721,Jalandhar,geoBoundaries India ADM2 centroid,2015,1196.1,22.73,Calendar year; proxy for DES reporting year starting this year,Open-Meteo Historical Weather API
Punjab,Jalandhar,31.212063308313816,75.56837041116721,Jalandhar,geoBoundaries India ADM2 centroid,2016,633.2,24.32,Calendar year; proxy for DES reporting year starting this year,Open-Meteo Historical Weather API
Punjab,Jalandhar,31.212063308313816,75.56837041116721,Jalandhar,geoBoundaries India ADM2 centroid,2017,796.1,23.48,Calendar year; proxy for DES reporting year starting this year,Open-Meteo Historical Weather API
Punjab,Jalandhar,31.212063308313816,75.56837041116721,Jalandhar,geoBoundaries India ADM2 centroid,2018,812.5,23.15,Calendar year; proxy for DES reporting year starting this year,Open-Meteo Historical Weather API
Punjab,Jalandhar,31.212063308313816,75.56837041116721,Jalandhar,geoBoundaries India ADM2 centroid,2019,882.6,22.6,Calendar year; proxy for DES reporting year starting this year,Open-Meteo Historical Weather API
Punjab,Jalandhar,31.212063308313816,75.56837041116721,Jalandhar,geoBoundaries India ADM2 centroid,2020,711.9,22.66,Calendar year; proxy for DES reporting year starting this year,Open-Meteo Historical Weather API
Punjab,Jalandhar,31.212063308313816,75.56837041116721,Jalandhar,geoBoundaries India ADM2 centroid,2021,616.8,23.05,Calendar year; proxy for DES reporting year starting this year,Open-Meteo Historical Weather API
Punjab,Jalandhar,31.212063308313816,75.56837041116721,Jalandhar,geoBoundaries India ADM2 centroid,2022,871.9,23.4,Calendar year; proxy for DES reporting year starting this year,Open-Meteo Historical Weather API
Punjab,Jalandhar,31.212063308313816,75.56837041116721,Jalandhar,geoBoundaries India ADM2 centroid,2023,864.7,22.54,Calendar year; proxy for DES reporting year starting this year,Open-Meteo Historical Weather API
Tamil Nadu,Thanjavur,10.668328201255331,79.24425811222847,Thanjavur,geoBoundaries India ADM2 centroid,2013,649.4,28.53,Calendar year; proxy for DES reporting year starting this year,Open-Meteo Historical Weather API
Tamil Nadu,Thanjavur,10.668328201255331,79.24425811222847,Thanjavur,geoBoundaries India ADM2 centroid,2014,1091.0,28.51,Calendar year; proxy for DES reporting year starting this year,Open-Meteo Historical Weather API
Tamil Nadu,Thanjavur,10.668328201255331,79.24425811222847,Thanjavur,geoBoundaries India ADM2 centroid,2015,1341.2,28.0,Calendar year; proxy for DES reporting year starting this year,Open-Meteo Historical Weather API
Tamil Nadu,Thanjavur,10.668328201255331,79.24425811222847,Thanjavur,geoBoundaries India ADM2 centroid,2016,601.8,28.84,Calendar year; proxy for DES reporting year starting this year,Open-Meteo Historical Weather API
Tamil Nadu,Thanjavur,10.668328201255331,79.24425811222847,Thanjavur,geoBoundaries India ADM2 centroid,2017,1402.9,28.37,Calendar year; proxy for DES reporting year starting this year,Open-Meteo Historical Weather API
Tamil Nadu,Thanjavur,10.668328201255331,79.24425811222847,Thanjavur,geoBoundaries India ADM2 centroid,2018,1174.7,28.11,Calendar year; proxy for DES reporting year starting this year,Open-Meteo Historical Weather API
Tamil Nadu,Thanjavur,10.668328201255331,79.24425811222847,Thanjavur,geoBoundaries India ADM2 centroid,2019,913.8,28.6,Calendar year; proxy for DES reporting year starting this year,Open-Meteo Historical Weather API
Tamil Nadu,Thanjavur,10.668328201255331,79.24425811222847,Thanjavur,geoBoundaries India ADM2 centroid,2020,1205.8,28.54,Calendar year; proxy for DES reporting year starting this year,Open-Meteo Historical Weather API
Tamil Nadu,Thanjavur,10.668328201255331,79.24425811222847,Thanjavur,geoBoundaries India ADM2 centroid,2021,1604.9,27.86,Calendar year; proxy for DES reporting year starting this year,Open-Meteo Historical Weather API
Tamil Nadu,Thanjavur,10.668328201255331,79.24425811222847,Thanjavur,geoBoundaries India ADM2 centroid,2022,1291.0,27.5,Calendar year; proxy for DES reporting year starting this year,Open-Meteo Historical Weather API
Tamil Nadu,Thanjavur,10.668328201255331,79.24425811222847,Thanjavur,geoBoundaries India ADM2 centroid,2023,1551.3,28.05,Calendar year; proxy for DES reporting year starting this year,Open-Meteo Historical Weather API
Telangana,Karimnagar,18.37597097917155,79.24486572878071,Karimnagar,geoBoundaries India ADM2 centroid,2013,1494.9,26.88,Calendar year; proxy for DES reporting year starting this year,Open-Meteo Historical Weather API
Telangana,Karimnagar,18.37597097917155,79.24486572878071,Karimnagar,geoBoundaries India ADM2 centroid,2014,892.8,27.29,Calendar year; proxy for DES reporting year starting this year,Open-Meteo Historical Weather API
Telangana,Karimnagar,18.37597097917155,79.24486572878071,Karimnagar,geoBoundaries India ADM2 centroid,2015,662.3,27.93,Calendar year; proxy for DES reporting year starting this year,Open-Meteo Historical Weather API
Telangana,Karimnagar,18.37597097917155,79.24486572878071,Karimnagar,geoBoundaries India ADM2 centroid,2016,1232.6,27.73,Calendar year; proxy for DES reporting year starting this year,Open-Meteo Historical Weather API
Telangana,Karimnagar,18.37597097917155,79.24486572878071,Karimnagar,geoBoundaries India ADM2 centroid,2017,763.4,27.55,Calendar year; proxy for DES reporting year starting this year,Open-Meteo Historical Weather API
Telangana,Karimnagar,18.37597097917155,79.24486572878071,Karimnagar,geoBoundaries India ADM2 centroid,2018,1206.4,27.49,Calendar year; proxy for DES reporting year starting this year,Open-Meteo Historical Weather API
Telangana,Karimnagar,18.37597097917155,79.24486572878071,Karimnagar,geoBoundaries India ADM2 centroid,2019,1162.4,27.88,Calendar year; proxy for DES reporting year starting this year,Open-Meteo Historical Weather API
Telangana,Karimnagar,18.37597097917155,79.24486572878071,Karimnagar,geoBoundaries India ADM2 centroid,2020,1243.4,27.1,Calendar year; proxy for DES reporting year starting this year,Open-Meteo Historical Weather API
Telangana,Karimnagar,18.37597097917155,79.24486572878071,Karimnagar,geoBoundaries India ADM2 centroid,2021,951.4,27.2,Calendar year; proxy for DES reporting year starting this year,Open-Meteo Historical Weather API
Telangana,Karimnagar,18.37597097917155,79.24486572878071,Karimnagar,geoBoundaries India ADM2 centroid,2022,1705.6,27.05,Calendar year; proxy for DES reporting year starting this year,Open-Meteo Historical Weather API
Telangana,Karimnagar,18.37597097917155,79.24486572878071,Karimnagar,geoBoundaries India ADM2 centroid,2023,1206.9,27.42,Calendar year; proxy for DES reporting year starting this year,Open-Meteo Historical Weather API
Odisha,Mayurbhanj,21.89486405126787,86.41200995195561,Mayurbhanj,geoBoundaries India ADM2 centroid,2013,1999.5,22.38,Calendar year; proxy for DES reporting year starting this year,Open-Meteo Historical Weather API
Odisha,Mayurbhanj,21.89486405126787,86.41200995195561,Mayurbhanj,geoBoundaries India ADM2 centroid,2014,1577.1,22.6,Calendar year; proxy for DES reporting year starting this year,Open-Meteo Historical Weather API
Odisha,Mayurbhanj,21.89486405126787,86.41200995195561,Mayurbhanj,geoBoundaries India ADM2 centroid,2015,1822.8,22.66,Calendar year; proxy for DES reporting year starting this year,Open-Meteo Historical Weather API
Odisha,Mayurbhanj,21.89486405126787,86.41200995195561,Mayurbhanj,geoBoundaries India ADM2 centroid,2016,1395.9,23.09,Calendar year; proxy for DES reporting year starting this year,Open-Meteo Historical Weather API
Odisha,Mayurbhanj,21.89486405126787,86.41200995195561,Mayurbhanj,geoBoundaries India ADM2 centroid,2017,1962.0,22.23,Calendar year; proxy for DES reporting year starting this year,Open-Meteo Historical Weather API
Odisha,Mayurbhanj,21.89486405126787,86.41200995195561,Mayurbhanj,geoBoundaries India ADM2 centroid,2018,1883.4,21.75,Calendar year; proxy for DES reporting year starting this year,Open-Meteo Historical Weather API
Odisha,Mayurbhanj,21.89486405126787,86.41200995195561,Mayurbhanj,geoBoundaries India ADM2 centroid,2019,2099.8,21.96,Calendar year; proxy for DES reporting year starting this year,Open-Meteo Historical Weather API
Odisha,Mayurbhanj,21.89486405126787,86.41200995195561,Mayurbhanj,geoBoundaries India ADM2 centroid,2020,1883.0,21.62,Calendar year; proxy for DES reporting year starting this year,Open-Meteo Historical Weather API
Odisha,Mayurbhanj,21.89486405126787,86.41200995195561,Mayurbhanj,geoBoundaries India ADM2 centroid,2021,2384.2,21.81,Calendar year; proxy for DES reporting year starting this year,Open-Meteo Historical Weather API
Odisha,Mayurbhanj,21.89486405126787,86.41200995195561,Mayurbhanj,geoBoundaries India ADM2 centroid,2022,1718.8,21.8,Calendar year; proxy for DES reporting year starting this year,Open-Meteo Historical Weather API
Odisha,Mayurbhanj,21.89486405126787,86.41200995195561,Mayurbhanj,geoBoundaries India ADM2 centroid,2023,1413.8,22.15,Calendar year; proxy for DES reporting year starting this year,Open-Meteo Historical Weather API
Tamil Nadu,Thiruvarur,10.680434087460858,79.53687063921394,Thiruvarur,geoBoundaries India ADM2 centroid,2013,652.3,28.5,Calendar year; proxy for DES reporting year starting this year,Open-Meteo Historical Weather API
Tamil Nadu,Thiruvarur,10.680434087460858,79.53687063921394,Thiruvarur,geoBoundaries India ADM2 centroid,2014,1199.0,28.52,Calendar year; proxy for DES reporting year starting this year,Open-Meteo Historical Weather API
Tamil Nadu,Thiruvarur,10.680434087460858,79.53687063921394,Thiruvarur,geoBoundaries India ADM2 centroid,2015,1437.5,28.08,Calendar year; proxy for DES reporting year starting this year,Open-Meteo Historical Weather API
Tamil Nadu,Thiruvarur,10.680434087460858,79.53687063921394,Thiruvarur,geoBoundaries India ADM2 centroid,2016,626.9,28.75,Calendar year; proxy for DES reporting year starting this year,Open-Meteo Historical Weather API
Tamil Nadu,Thiruvarur,10.680434087460858,79.53687063921394,Thiruvarur,geoBoundaries India ADM2 centroid,2017,1525.7,28.21,Calendar year; proxy for DES reporting year starting this year,Open-Meteo Historical Weather API
Tamil Nadu,Thiruvarur,10.680434087460858,79.53687063921394,Thiruvarur,geoBoundaries India ADM2 centroid,2018,1307.9,28.03,Calendar year; proxy for DES reporting year starting this year,Open-Meteo Historical Weather API
Tamil Nadu,Thiruvarur,10.680434087460858,79.53687063921394,Thiruvarur,geoBoundaries India ADM2 centroid,2019,990.2,28.45,Calendar year; proxy for DES reporting year starting this year,Open-Meteo Historical Weather API
Tamil Nadu,Thiruvarur,10.680434087460858,79.53687063921394,Thiruvarur,geoBoundaries India ADM2 centroid,2020,1397.8,28.37,Calendar year; proxy for DES reporting year starting this year,Open-Meteo Historical Weather API
Tamil Nadu,Thiruvarur,10.680434087460858,79.53687063921394,Thiruvarur,geoBoundaries India ADM2 centroid,2021,1650.5,27.79,Calendar year; proxy for DES reporting year starting this year,Open-Meteo Historical Weather API
Tamil Nadu,Thiruvarur,10.680434087460858,79.53687063921394,Thiruvarur,geoBoundaries India ADM2 centroid,2022,1208.0,27.48,Calendar year; proxy for DES reporting year starting this year,Open-Meteo Historical Weather API
Tamil Nadu,Thiruvarur,10.680434087460858,79.53687063921394,Thiruvarur,geoBoundaries India ADM2 centroid,2023,1653.2,27.93,Calendar year; proxy for DES reporting year starting this year,Open-Meteo Historical Weather API
Punjab,Muktsar,30.29799288157158,74.54064722092657,Muktsar,geoBoundaries India ADM2 centroid,2013,507.9,24.59,Calendar year; proxy for DES reporting year starting this year,Open-Meteo Historical Weather API
Punjab,Muktsar,30.29799288157158,74.54064722092657,Muktsar,geoBoundaries India ADM2 centroid,2014,403.3,24.53,Calendar year; proxy for DES reporting year starting this year,Open-Meteo Historical Weather API
Punjab,Muktsar,30.29799288157158,74.54064722092657,Muktsar,geoBoundaries India ADM2 centroid,2015,561.0,24.49,Calendar year; proxy for DES reporting year starting this year,Open-Meteo Historical Weather API
Punjab,Muktsar,30.29799288157158,74.54064722092657,Muktsar,geoBoundaries India ADM2 centroid,2016,330.7,25.88,Calendar year; proxy for DES reporting year starting this year,Open-Meteo Historical Weather API
Punjab,Muktsar,30.29799288157158,74.54064722092657,Muktsar,geoBoundaries India ADM2 centroid,2017,416.8,25.02,Calendar year; proxy for DES reporting year starting this year,Open-Meteo Historical Weather API
Punjab,Muktsar,30.29799288157158,74.54064722092657,Muktsar,geoBoundaries India ADM2 centroid,2018,345.3,24.74,Calendar year; proxy for DES reporting year starting this year,Open-Meteo Historical Weather API
Punjab,Muktsar,30.29799288157158,74.54064722092657,Muktsar,geoBoundaries India ADM2 centroid,2019,489.5,24.29,Calendar year; proxy for DES reporting year starting this year,Open-Meteo Historical Weather API
Punjab,Muktsar,30.29799288157158,74.54064722092657,Muktsar,geoBoundaries India ADM2 centroid,2020,395.9,24.12,Calendar year; proxy for DES reporting year starting this year,Open-Meteo Historical Weather API
Punjab,Muktsar,30.29799288157158,74.54064722092657,Muktsar,geoBoundaries India ADM2 centroid,2021,358.2,24.47,Calendar year; proxy for DES reporting year starting this year,Open-Meteo Historical Weather API
Punjab,Muktsar,30.29799288157158,74.54064722092657,Muktsar,geoBoundaries India ADM2 centroid,2022,594.3,24.74,Calendar year; proxy for DES reporting year starting this year,Open-Meteo Historical Weather API
Punjab,Muktsar,30.29799288157158,74.54064722092657,Muktsar,geoBoundaries India ADM2 centroid,2023,536.4,24.36,Calendar year; proxy for DES reporting year starting this year,Open-Meteo Historical Weather API
Punjab,Tarn taran,31.336883885989973,74.84178821790002,Tarn Taran,geoBoundaries India ADM2 centroid,2013,734.7,23.2,Calendar year; proxy for DES reporting year starting this year,Open-Meteo Historical Weather API
Punjab,Tarn taran,31.336883885989973,74.84178821790002,Tarn Taran,geoBoundaries India ADM2 centroid,2014,652.1,22.94,Calendar year; proxy for DES reporting year starting this year,Open-Meteo Historical Weather API
Punjab,Tarn taran,31.336883885989973,74.84178821790002,Tarn Taran,geoBoundaries India ADM2 centroid,2015,844.7,22.97,Calendar year; proxy for DES reporting year starting this year,Open-Meteo Historical Weather API
Punjab,Tarn taran,31.336883885989973,74.84178821790002,Tarn Taran,geoBoundaries India ADM2 centroid,2016,444.2,24.61,Calendar year; proxy for DES reporting year starting this year,Open-Meteo Historical Weather API
Punjab,Tarn taran,31.336883885989973,74.84178821790002,Tarn Taran,geoBoundaries India ADM2 centroid,2017,616.9,23.4,Calendar year; proxy for DES reporting year starting this year,Open-Meteo Historical Weather API
Punjab,Tarn taran,31.336883885989973,74.84178821790002,Tarn Taran,geoBoundaries India ADM2 centroid,2018,515.5,23.21,Calendar year; proxy for DES reporting year starting this year,Open-Meteo Historical Weather API
Punjab,Tarn taran,31.336883885989973,74.84178821790002,Tarn Taran,geoBoundaries India ADM2 centroid,2019,761.6,22.74,Calendar year; proxy for DES reporting year starting this year,Open-Meteo Historical Weather API
Punjab,Tarn taran,31.336883885989973,74.84178821790002,Tarn Taran,geoBoundaries India ADM2 centroid,2020,572.8,23.1,Calendar year; proxy for DES reporting year starting this year,Open-Meteo Historical Weather API
Punjab,Tarn taran,31.336883885989973,74.84178821790002,Tarn Taran,geoBoundaries India ADM2 centroid,2021,483.3,23.37,Calendar year; proxy for DES reporting year starting this year,Open-Meteo Historical Weather API
Punjab,Tarn taran,31.336883885989973,74.84178821790002,Tarn Taran,geoBoundaries India ADM2 centroid,2022,757.0,23.67,Calendar year; proxy for DES reporting year starting this year,Open-Meteo Historical Weather API
Punjab,Tarn taran,31.336883885989973,74.84178821790002,Tarn Taran,geoBoundaries India ADM2 centroid,2023,768.0,22.78,Calendar year; proxy for DES reporting year starting this year,Open-Meteo Historical Weather API
West Bengal,Maldah,25.13952004400626,88.09010251561412,Maldah,geoBoundaries India ADM2 centroid,2013,1373.0,24.69,Calendar year; proxy for DES reporting year starting this year,Open-Meteo Historical Weather API
West Bengal,Maldah,25.13952004400626,88.09010251561412,Maldah,geoBoundaries India ADM2 centroid,2014,1472.6,25.1,Calendar year; proxy for DES reporting year starting this year,Open-Meteo Historical Weather API
West Bengal,Maldah,25.13952004400626,88.09010251561412,Maldah,geoBoundaries India ADM2 centroid,2015,1681.2,24.91,Calendar year; proxy for DES reporting year starting this year,Open-Meteo Historical Weather API
West Bengal,Maldah,25.13952004400626,88.09010251561412,Maldah,geoBoundaries India ADM2 centroid,2016,1553.9,25.46,Calendar year; proxy for DES reporting year starting this year,Open-Meteo Historical Weather API
West Bengal,Maldah,25.13952004400626,88.09010251561412,Maldah,geoBoundaries India ADM2 centroid,2017,1710.4,24.81,Calendar year; proxy for DES reporting year starting this year,Open-Meteo Historical Weather API
West Bengal,Maldah,25.13952004400626,88.09010251561412,Maldah,geoBoundaries India ADM2 centroid,2018,1307.6,24.58,Calendar year; proxy for DES reporting year starting this year,Open-Meteo Historical Weather API
West Bengal,Maldah,25.13952004400626,88.09010251561412,Maldah,geoBoundaries India ADM2 centroid,2019,1588.8,24.85,Calendar year; proxy for DES reporting year starting this year,Open-Meteo Historical Weather API
West Bengal,Maldah,25.13952004400626,88.09010251561412,Maldah,geoBoundaries India ADM2 centroid,2020,2137.0,24.35,Calendar year; proxy for DES reporting year starting this year,Open-Meteo Historical Weather API
West Bengal,Maldah,25.13952004400626,88.09010251561412,Maldah,geoBoundaries India ADM2 centroid,2021,1724.3,24.98,Calendar year; proxy for DES reporting year starting this year,Open-Meteo Historical Weather API
West Bengal,Maldah,25.13952004400626,88.09010251561412,Maldah,geoBoundaries India ADM2 centroid,2022,1336.1,25.04,Calendar year; proxy for DES reporting year starting this year,Open-Meteo Historical Weather API
West Bengal,Maldah,25.13952004400626,88.09010251561412,Maldah,geoBoundaries India ADM2 centroid,2023,1454.8,25.72,Calendar year; proxy for DES reporting year starting this year,Open-Meteo Historical Weather API
Uttar Pradesh,Shahjahanpur,27.95984145689227,79.82905051426162,Shahjahanpur,geoBoundaries India ADM2 centroid,2013,1143.7,23.99,Calendar year; proxy for DES reporting year starting this year,Open-Meteo Historical Weather API
Uttar Pradesh,Shahjahanpur,27.95984145689227,79.82905051426162,Shahjahanpur,geoBoundaries India ADM2 centroid,2014,747.8,24.3,Calendar year; proxy for DES reporting year starting this year,Open-Meteo Historical Weather API
Uttar Pradesh,Shahjahanpur,27.95984145689227,79.82905051426162,Shahjahanpur,geoBoundaries India ADM2 centroid,2015,951.3,24.47,Calendar year; proxy for DES reporting year starting this year,Open-Meteo Historical Weather API
Uttar Pradesh,Shahjahanpur,27.95984145689227,79.82905051426162,Shahjahanpur,geoBoundaries India ADM2 centroid,2016,967.9,24.98,Calendar year; proxy for DES reporting year starting this year,Open-Meteo Historical Weather API
Uttar Pradesh,Shahjahanpur,27.95984145689227,79.82905051426162,Shahjahanpur,geoBoundaries India ADM2 centroid,2017,844.6,24.31,Calendar year; proxy for DES reporting year starting this year,Open-Meteo Historical Weather API
Uttar Pradesh,Shahjahanpur,27.95984145689227,79.82905051426162,Shahjahanpur,geoBoundaries India ADM2 centroid,2018,780.4,24.17,Calendar year; proxy for DES reporting year starting this year,Open-Meteo Historical Weather API
Uttar Pradesh,Shahjahanpur,27.95984145689227,79.82905051426162,Shahjahanpur,geoBoundaries India ADM2 centroid,2019,897.5,24.09,Calendar year; proxy for DES reporting year starting this year,Open-Meteo Historical Weather API
Uttar Pradesh,Shahjahanpur,27.95984145689227,79.82905051426162,Shahjahanpur,geoBoundaries India ADM2 centroid,2020,893.9,23.33,Calendar year; proxy for DES reporting year starting this year,Open-Meteo Historical Weather API
Uttar Pradesh,Shahjahanpur,27.95984145689227,79.82905051426162,Shahjahanpur,geoBoundaries India ADM2 centroid,2021,1225.7,23.92,Calendar year; proxy for DES reporting year starting this year,Open-Meteo Historical Weather API
Uttar Pradesh,Shahjahanpur,27.95984145689227,79.82905051426162,Shahjahanpur,geoBoundaries India ADM2 centroid,2022,1274.6,24.2,Calendar year; proxy for DES reporting year starting this year,Open-Meteo Historical Weather API
Uttar Pradesh,Shahjahanpur,27.95984145689227,79.82905051426162,Shahjahanpur,geoBoundaries India ADM2 centroid,2023,1207.8,23.91,Calendar year; proxy for DES reporting year starting this year,Open-Meteo Historical Weather API
Karnataka,Raichur,16.090359069268082,76.89388101179306,Raichur,geoBoundaries India ADM2 centroid,2013,828.2,26.71,Calendar year; proxy for DES reporting year starting this year,Open-Meteo Historical Weather API
Karnataka,Raichur,16.090359069268082,76.89388101179306,Raichur,geoBoundaries India ADM2 centroid,2014,723.9,27.09,Calendar year; proxy for DES reporting year starting this year,Open-Meteo Historical Weather API
Karnataka,Raichur,16.090359069268082,76.89388101179306,Raichur,geoBoundaries India ADM2 centroid,2015,546.0,27.44,Calendar year; proxy for DES reporting year starting this year,Open-Meteo Historical Weather API
Karnataka,Raichur,16.090359069268082,76.89388101179306,Raichur,geoBoundaries India ADM2 centroid,2016,846.9,27.52,Calendar year; proxy for DES reporting year starting this year,Open-Meteo Historical Weather API
Karnataka,Raichur,16.090359069268082,76.89388101179306,Raichur,geoBoundaries India ADM2 centroid,2017,649.1,27.64,Calendar year; proxy for DES reporting year starting this year,Open-Meteo Historical Weather API
Karnataka,Raichur,16.090359069268082,76.89388101179306,Raichur,geoBoundaries India ADM2 centroid,2018,498.4,27.54,Calendar year; proxy for DES reporting year starting this year,Open-Meteo Historical Weather API
Karnataka,Raichur,16.090359069268082,76.89388101179306,Raichur,geoBoundaries India ADM2 centroid,2019,831.2,27.8,Calendar year; proxy for DES reporting year starting this year,Open-Meteo Historical Weather API
Karnataka,Raichur,16.090359069268082,76.89388101179306,Raichur,geoBoundaries India ADM2 centroid,2020,1122.3,27.33,Calendar year; proxy for DES reporting year starting this year,Open-Meteo Historical Weather API
Karnataka,Raichur,16.090359069268082,76.89388101179306,Raichur,geoBoundaries India ADM2 centroid,2021,883.3,26.72,Calendar year; proxy for DES reporting year starting this year,Open-Meteo Historical Weather API
Karnataka,Raichur,16.090359069268082,76.89388101179306,Raichur,geoBoundaries India ADM2 centroid,2022,968.8,26.75,Calendar year; proxy for DES reporting year starting this year,Open-Meteo Historical Weather API
Karnataka,Raichur,16.090359069268082,76.89388101179306,Raichur,geoBoundaries India ADM2 centroid,2023,670.7,27.81,Calendar year; proxy for DES reporting year starting this year,Open-Meteo Historical Weather API
Telangana,Suryapet,17.08432877193315,79.75774206737448,Suryapet,geoBoundaries India ADM2 centroid,2013,1165.7,27.21,Calendar year; proxy for DES reporting year starting this year,Open-Meteo Historical Weather API
Telangana,Suryapet,17.08432877193315,79.75774206737448,Suryapet,geoBoundaries India ADM2 centroid,2014,809.8,27.74,Calendar year; proxy for DES reporting year starting this year,Open-Meteo Historical Weather API
Telangana,Suryapet,17.08432877193315,79.75774206737448,Suryapet,geoBoundaries India ADM2 centroid,2015,781.2,28.23,Calendar year; proxy for DES reporting year starting this year,Open-Meteo Historical Weather API
Telangana,Suryapet,17.08432877193315,79.75774206737448,Suryapet,geoBoundaries India ADM2 centroid,2016,1069.9,27.97,Calendar year; proxy for DES reporting year starting this year,Open-Meteo Historical Weather API
Telangana,Suryapet,17.08432877193315,79.75774206737448,Suryapet,geoBoundaries India ADM2 centroid,2017,819.9,28.07,Calendar year; proxy for DES reporting year starting this year,Open-Meteo Historical Weather API
Telangana,Suryapet,17.08432877193315,79.75774206737448,Suryapet,geoBoundaries India ADM2 centroid,2018,804.2,28.05,Calendar year; proxy for DES reporting year starting this year,Open-Meteo Historical Weather API
Telangana,Suryapet,17.08432877193315,79.75774206737448,Suryapet,geoBoundaries India ADM2 centroid,2019,848.7,28.28,Calendar year; proxy for DES reporting year starting this year,Open-Meteo Historical Weather API
Telangana,Suryapet,17.08432877193315,79.75774206737448,Suryapet,geoBoundaries India ADM2 centroid,2020,1327.8,27.76,Calendar year; proxy for DES reporting year starting this year,Open-Meteo Historical Weather API
Telangana,Suryapet,17.08432877193315,79.75774206737448,Suryapet,geoBoundaries India ADM2 centroid,2021,1065.2,27.86,Calendar year; proxy for DES reporting year starting this year,Open-Meteo Historical Weather API
Telangana,Suryapet,17.08432877193315,79.75774206737448,Suryapet,geoBoundaries India ADM2 centroid,2022,1284.8,27.5,Calendar year; proxy for DES reporting year starting this year,Open-Meteo Historical Weather API
Telangana,Suryapet,17.08432877193315,79.75774206737448,Suryapet,geoBoundaries India ADM2 centroid,2023,1090.9,28.37,Calendar year; proxy for DES reporting year starting this year,Open-Meteo Historical Weather API
Haryana,Karnal,29.687971179833628,76.89486871073805,Karnal,geoBoundaries India ADM2 centroid,2013,847.0,23.21,Calendar year; proxy for DES reporting year starting this year,Open-Meteo Historical Weather API
Haryana,Karnal,29.687971179833628,76.89486871073805,Karnal,geoBoundaries India ADM2 centroid,2014,611.4,23.53,Calendar year; proxy for DES reporting year starting this year,Open-Meteo Historical Weather API
Haryana,Karnal,29.687971179833628,76.89486871073805,Karnal,geoBoundaries India ADM2 centroid,2015,963.5,23.48,Calendar year; proxy for DES reporting year starting this year,Open-Meteo Historical Weather API
Haryana,Karnal,29.687971179833628,76.89486871073805,Karnal,geoBoundaries India ADM2 centroid,2016,720.5,24.43,Calendar year; proxy for DES reporting year starting this year,Open-Meteo Historical Weather API
Haryana,Karnal,29.687971179833628,76.89486871073805,Karnal,geoBoundaries India ADM2 centroid,2017,736.4,23.61,Calendar year; proxy for DES reporting year starting this year,Open-Meteo Historical Weather API
Haryana,Karnal,29.687971179833628,76.89486871073805,Karnal,geoBoundaries India ADM2 centroid,2018,795.9,23.24,Calendar year; proxy for DES reporting year starting this year,Open-Meteo Historical Weather API
Haryana,Karnal,29.687971179833628,76.89486871073805,Karnal,geoBoundaries India ADM2 centroid,2019,728.1,23.13,Calendar year; proxy for DES reporting year starting this year,Open-Meteo Historical Weather API
Haryana,Karnal,29.687971179833628,76.89486871073805,Karnal,geoBoundaries India ADM2 centroid,2020,983.7,22.79,Calendar year; proxy for DES reporting year starting this year,Open-Meteo Historical Weather API
Haryana,Karnal,29.687971179833628,76.89486871073805,Karnal,geoBoundaries India ADM2 centroid,2021,640.8,23.45,Calendar year; proxy for DES reporting year starting this year,Open-Meteo Historical Weather API
Haryana,Karnal,29.687971179833628,76.89486871073805,Karnal,geoBoundaries India ADM2 centroid,2022,643.8,24.11,Calendar year; proxy for DES reporting year starting this year,Open-Meteo Historical Weather API
Haryana,Karnal,29.687971179833628,76.89486871073805,Karnal,geoBoundaries India ADM2 centroid,2023,799.4,23.36,Calendar year; proxy for DES reporting year starting this year,Open-Meteo Historical Weather API
Madhya Pradesh,Balaghat,21.880829226126544,80.35513151961167,Balaghat,geoBoundaries India ADM2 centroid,2013,1871.1,24.25,Calendar year; proxy for DES reporting year starting this year,Open-Meteo Historical Weather API
Madhya Pradesh,Balaghat,21.880829226126544,80.35513151961167,Balaghat,geoBoundaries India ADM2 centroid,2014,1047.4,24.76,Calendar year; proxy for DES reporting year starting this year,Open-Meteo Historical Weather API
Madhya Pradesh,Balaghat,21.880829226126544,80.35513151961167,Balaghat,geoBoundaries India ADM2 centroid,2015,1422.4,24.71,Calendar year; proxy for DES reporting year starting this year,Open-Meteo Historical Weather API
Madhya Pradesh,Balaghat,21.880829226126544,80.35513151961167,Balaghat,geoBoundaries India ADM2 centroid,2016,1692.1,25.01,Calendar year; proxy for DES reporting year starting this year,Open-Meteo Historical Weather API
Madhya Pradesh,Balaghat,21.880829226126544,80.35513151961167,Balaghat,geoBoundaries India ADM2 centroid,2017,1431.9,25.35,Calendar year; proxy for DES reporting year starting this year,Open-Meteo Historical Weather API
Madhya Pradesh,Balaghat,21.880829226126544,80.35513151961167,Balaghat,geoBoundaries India ADM2 centroid,2018,1546.0,24.89,Calendar year; proxy for DES reporting year starting this year,Open-Meteo Historical Weather API
Madhya Pradesh,Balaghat,21.880829226126544,80.35513151961167,Balaghat,geoBoundaries India ADM2 centroid,2019,2239.0,24.95,Calendar year; proxy for DES reporting year starting this year,Open-Meteo Historical Weather API
Madhya Pradesh,Balaghat,21.880829226126544,80.35513151961167,Balaghat,geoBoundaries India ADM2 centroid,2020,1889.3,23.96,Calendar year; proxy for DES reporting year starting this year,Open-Meteo Historical Weather API
Madhya Pradesh,Balaghat,21.880829226126544,80.35513151961167,Balaghat,geoBoundaries India ADM2 centroid,2021,1526.3,24.46,Calendar year; proxy for DES reporting year starting this year,Open-Meteo Historical Weather API
Madhya Pradesh,Balaghat,21.880829226126544,80.35513151961167,Balaghat,geoBoundaries India ADM2 centroid,2022,1758.4,24.45,Calendar year; proxy for DES reporting year starting this year,Open-Meteo Historical Weather API
Madhya Pradesh,Balaghat,21.880829226126544,80.35513151961167,Balaghat,geoBoundaries India ADM2 centroid,2023,1513.3,24.61,Calendar year; proxy for DES reporting year starting this year,Open-Meteo Historical Weather API
Haryana,Kaithal,29.81205698466412,76.4170442443173,Kaithal,geoBoundaries India ADM2 centroid,2013,828.5,23.29,Calendar year; proxy for DES reporting year starting this year,Open-Meteo Historical Weather API
Haryana,Kaithal,29.81205698466412,76.4170442443173,Kaithal,geoBoundaries India ADM2 centroid,2014,552.8,23.8,Calendar year; proxy for DES reporting year starting this year,Open-Meteo Historical Weather API
Haryana,Kaithal,29.81205698466412,76.4170442443173,Kaithal,geoBoundaries India ADM2 centroid,2015,937.2,23.44,Calendar year; proxy for DES reporting year starting this year,Open-Meteo Historical Weather API
Haryana,Kaithal,29.81205698466412,76.4170442443173,Kaithal,geoBoundaries India ADM2 centroid,2016,550.2,24.84,Calendar year; proxy for DES reporting year starting this year,Open-Meteo Historical Weather API
Haryana,Kaithal,29.81205698466412,76.4170442443173,Kaithal,geoBoundaries India ADM2 centroid,2017,603.0,23.74,Calendar year; proxy for DES reporting year starting this year,Open-Meteo Historical Weather API
Haryana,Kaithal,29.81205698466412,76.4170442443173,Kaithal,geoBoundaries India ADM2 centroid,2018,747.6,23.39,Calendar year; proxy for DES reporting year starting this year,Open-Meteo Historical Weather API
Haryana,Kaithal,29.81205698466412,76.4170442443173,Kaithal,geoBoundaries India ADM2 centroid,2019,770.1,23.29,Calendar year; proxy for DES reporting year starting this year,Open-Meteo Historical Weather API
Haryana,Kaithal,29.81205698466412,76.4170442443173,Kaithal,geoBoundaries India ADM2 centroid,2020,574.2,22.92,Calendar year; proxy for DES reporting year starting this year,Open-Meteo Historical Weather API
Haryana,Kaithal,29.81205698466412,76.4170442443173,Kaithal,geoBoundaries India ADM2 centroid,2021,725.5,23.59,Calendar year; proxy for DES reporting year starting this year,Open-Meteo Historical Weather API
Haryana,Kaithal,29.81205698466412,76.4170442443173,Kaithal,geoBoundaries India ADM2 centroid,2022,698.0,24.08,Calendar year; proxy for DES reporting year starting this year,Open-Meteo Historical Weather API
Haryana,Kaithal,29.81205698466412,76.4170442443173,Kaithal,geoBoundaries India ADM2 centroid,2023,629.2,23.26,Calendar year; proxy for DES reporting year starting this year,Open-Meteo Historical Weather API
Punjab,Gurdaspur,31.91616985571162,75.29371377844795,Gurdaspur,geoBoundaries India ADM2 centroid,2013,1296.9,22.12,Calendar year; proxy for DES reporting year starting this year,Open-Meteo Historical Weather API
Punjab,Gurdaspur,31.91616985571162,75.29371377844795,Gurdaspur,geoBoundaries India ADM2 centroid,2014,1065.5,21.86,Calendar year; proxy for DES reporting year starting this year,Open-Meteo Historical Weather API
Punjab,Gurdaspur,31.91616985571162,75.29371377844795,Gurdaspur,geoBoundaries India ADM2 centroid,2015,1294.3,22.04,Calendar year; proxy for DES reporting year starting this year,Open-Meteo Historical Weather API
Punjab,Gurdaspur,31.91616985571162,75.29371377844795,Gurdaspur,geoBoundaries India ADM2 centroid,2016,773.6,23.42,Calendar year; proxy for DES reporting year starting this year,Open-Meteo Historical Weather API
Punjab,Gurdaspur,31.91616985571162,75.29371377844795,Gurdaspur,geoBoundaries India ADM2 centroid,2017,835.4,22.51,Calendar year; proxy for DES reporting year starting this year,Open-Meteo Historical Weather API
Punjab,Gurdaspur,31.91616985571162,75.29371377844795,Gurdaspur,geoBoundaries India ADM2 centroid,2018,855.9,22.29,Calendar year; proxy for DES reporting year starting this year,Open-Meteo Historical Weather API
Punjab,Gurdaspur,31.91616985571162,75.29371377844795,Gurdaspur,geoBoundaries India ADM2 centroid,2019,1096.8,21.86,Calendar year; proxy for DES reporting year starting this year,Open-Meteo Historical Weather API
Punjab,Gurdaspur,31.91616985571162,75.29371377844795,Gurdaspur,geoBoundaries India ADM2 centroid,2020,749.3,21.9,Calendar year; proxy for DES reporting year starting this year,Open-Meteo Historical Weather API
Punjab,Gurdaspur,31.91616985571162,75.29371377844795,Gurdaspur,geoBoundaries India ADM2 centroid,2021,627.3,22.47,Calendar year; proxy for DES reporting year starting this year,Open-Meteo Historical Weather API
Punjab,Gurdaspur,31.91616985571162,75.29371377844795,Gurdaspur,geoBoundaries India ADM2 centroid,2022,903.7,22.45,Calendar year; proxy for DES reporting year starting this year,Open-Meteo Historical Weather API
Punjab,Gurdaspur,31.91616985571162,75.29371377844795,Gurdaspur,geoBoundaries India ADM2 centroid,2023,1129.9,21.75,Calendar year; proxy for DES reporting year starting this year,Open-Meteo Historical Weather API
Punjab,Amritsar,31.706156026128703,74.900497452654,Amritsar,geoBoundaries India ADM2 centroid,2013,1025.9,22.79,Calendar year; proxy for DES reporting year starting this year,Open-Meteo Historical Weather API
Punjab,Amritsar,31.706156026128703,74.900497452654,Amritsar,geoBoundaries India ADM2 centroid,2014,944.8,22.42,Calendar year; proxy for DES reporting year starting this year,Open-Meteo Historical Weather API
Punjab,Amritsar,31.706156026128703,74.900497452654,Amritsar,geoBoundaries India ADM2 centroid,2015,1075.8,22.46,Calendar year; proxy for DES reporting year starting this year,Open-Meteo Historical Weather API
Punjab,Amritsar,31.706156026128703,74.900497452654,Amritsar,geoBoundaries India ADM2 centroid,2016,611.7,24.16,Calendar year; proxy for DES reporting year starting this year,Open-Meteo Historical Weather API
Punjab,Amritsar,31.706156026128703,74.900497452654,Amritsar,geoBoundaries India ADM2 centroid,2017,709.7,23.07,Calendar year; proxy for DES reporting year starting this year,Open-Meteo Historical Weather API
Punjab,Amritsar,31.706156026128703,74.900497452654,Amritsar,geoBoundaries India ADM2 centroid,2018,709.4,22.87,Calendar year; proxy for DES reporting year starting this year,Open-Meteo Historical Weather API
Punjab,Amritsar,31.706156026128703,74.900497452654,Amritsar,geoBoundaries India ADM2 centroid,2019,901.5,22.4,Calendar year; proxy for DES reporting year starting this year,Open-Meteo Historical Weather API
Punjab,Amritsar,31.706156026128703,74.900497452654,Amritsar,geoBoundaries India ADM2 centroid,2020,591.6,22.55,Calendar year; proxy for DES reporting year starting this year,Open-Meteo Historical Weather API
Punjab,Amritsar,31.706156026128703,74.900497452654,Amritsar,geoBoundaries India ADM2 centroid,2021,595.7,23.05,Calendar year; proxy for DES reporting year starting this year,Open-Meteo Historical Weather API
Punjab,Amritsar,31.706156026128703,74.900497452654,Amritsar,geoBoundaries India ADM2 centroid,2022,839.5,23.18,Calendar year; proxy for DES reporting year starting this year,Open-Meteo Historical Weather API
Punjab,Amritsar,31.706156026128703,74.900497452654,Amritsar,geoBoundaries India ADM2 centroid,2023,947.0,22.31,Calendar year; proxy for DES reporting year starting this year,Open-Meteo Historical Weather API
Odisha,Ganjam,19.62772937048724,84.67371936061599,Ganjam,geoBoundaries India ADM2 centroid,2013,1645.3,26.18,Calendar year; proxy for DES reporting year starting this year,Open-Meteo Historical Weather API
Odisha,Ganjam,19.62772937048724,84.67371936061599,Ganjam,geoBoundaries India ADM2 centroid,2014,1450.0,26.41,Calendar year; proxy for DES reporting year starting this year,Open-Meteo Historical Weather API
Odisha,Ganjam,19.62772937048724,84.67371936061599,Ganjam,geoBoundaries India ADM2 centroid,2015,1221.8,26.74,Calendar year; proxy for DES reporting year starting this year,Open-Meteo Historical Weather API
Odisha,Ganjam,19.62772937048724,84.67371936061599,Ganjam,geoBoundaries India ADM2 centroid,2016,1418.0,26.84,Calendar year; proxy for DES reporting year starting this year,Open-Meteo Historical Weather API
Odisha,Ganjam,19.62772937048724,84.67371936061599,Ganjam,geoBoundaries India ADM2 centroid,2017,1381.2,26.81,Calendar year; proxy for DES reporting year starting this year,Open-Meteo Historical Weather API
Odisha,Ganjam,19.62772937048724,84.67371936061599,Ganjam,geoBoundaries India ADM2 centroid,2018,1837.4,26.47,Calendar year; proxy for DES reporting year starting this year,Open-Meteo Historical Weather API
Odisha,Ganjam,19.62772937048724,84.67371936061599,Ganjam,geoBoundaries India ADM2 centroid,2019,1529.5,26.82,Calendar year; proxy for DES reporting year starting this year,Open-Meteo Historical Weather API
Odisha,Ganjam,19.62772937048724,84.67371936061599,Ganjam,geoBoundaries India ADM2 centroid,2020,1457.9,26.58,Calendar year; proxy for DES reporting year starting this year,Open-Meteo Historical Weather API
Odisha,Ganjam,19.62772937048724,84.67371936061599,Ganjam,geoBoundaries India ADM2 centroid,2021,1549.6,26.85,Calendar year; proxy for DES reporting year starting this year,Open-Meteo Historical Weather API
Odisha,Ganjam,19.62772937048724,84.67371936061599,Ganjam,geoBoundaries India ADM2 centroid,2022,1630.7,26.45,Calendar year; proxy for DES reporting year starting this year,Open-Meteo Historical Weather API
Odisha,Ganjam,19.62772937048724,84.67371936061599,Ganjam,geoBoundaries India ADM2 centroid,2023,1353.6,27.32,Calendar year; proxy for DES reporting year starting this year,Open-Meteo Historical Weather API
Madhya Pradesh,Rewa,24.751558992774736,81.58928308171846,Rewa,geoBoundaries India ADM2 centroid,2013,1274.2,24.43,Calendar year; proxy for DES reporting year starting this year,Open-Meteo Historical Weather API
Madhya Pradesh,Rewa,24.751558992774736,81.58928308171846,Rewa,geoBoundaries India ADM2 centroid,2014,822.8,24.58,Calendar year; proxy for DES reporting year starting this year,Open-Meteo Historical Weather API
Madhya Pradesh,Rewa,24.751558992774736,81.58928308171846,Rewa,geoBoundaries India ADM2 centroid,2015,867.8,25.0,Calendar year; proxy for DES reporting year starting this year,Open-Meteo Historical Weather API
Madhya Pradesh,Rewa,24.751558992774736,81.58928308171846,Rewa,geoBoundaries India ADM2 centroid,2016,1505.9,25.56,Calendar year; proxy for DES reporting year starting this year,Open-Meteo Historical Weather API
Madhya Pradesh,Rewa,24.751558992774736,81.58928308171846,Rewa,geoBoundaries India ADM2 centroid,2017,976.9,25.67,Calendar year; proxy for DES reporting year starting this year,Open-Meteo Historical Weather API
Madhya Pradesh,Rewa,24.751558992774736,81.58928308171846,Rewa,geoBoundaries India ADM2 centroid,2018,1073.8,25.4,Calendar year; proxy for DES reporting year starting this year,Open-Meteo Historical Weather API
Madhya Pradesh,Rewa,24.751558992774736,81.58928308171846,Rewa,geoBoundaries India ADM2 centroid,2019,1340.6,25.27,Calendar year; proxy for DES reporting year starting this year,Open-Meteo Historical Weather API
Madhya Pradesh,Rewa,24.751558992774736,81.58928308171846,Rewa,geoBoundaries India ADM2 centroid,2020,1275.2,24.48,Calendar year; proxy for DES reporting year starting this year,Open-Meteo Historical Weather API
Madhya Pradesh,Rewa,24.751558992774736,81.58928308171846,Rewa,geoBoundaries India ADM2 centroid,2021,1464.2,24.66,Calendar year; proxy for DES reporting year starting this year,Open-Meteo Historical Weather API
Madhya Pradesh,Rewa,24.751558992774736,81.58928308171846,Rewa,geoBoundaries India ADM2 centroid,2022,1011.2,25.33,Calendar year; proxy for DES reporting year starting this year,Open-Meteo Historical Weather API
Madhya Pradesh,Rewa,24.751558992774736,81.58928308171846,Rewa,geoBoundaries India ADM2 centroid,2023,860.8,24.89,Calendar year; proxy for DES reporting year starting this year,Open-Meteo Historical Weather API
Tamil Nadu,Tiruvannamalai,12.43367184935026,79.16865625344214,Tiruvannamalai,geoBoundaries India ADM2 centroid,2013,929.1,27.19,Calendar year; proxy for DES reporting year starting this year,Open-Meteo Historical Weather API
Tamil Nadu,Tiruvannamalai,12.43367184935026,79.16865625344214,Tiruvannamalai,geoBoundaries India ADM2 centroid,2014,964.0,27.36,Calendar year; proxy for DES reporting year starting this year,Open-Meteo Historical Weather API
Tamil Nadu,Tiruvannamalai,12.43367184935026,79.16865625344214,Tiruvannamalai,geoBoundaries India ADM2 centroid,2015,1276.7,27.12,Calendar year; proxy for DES reporting year starting this year,Open-Meteo Historical Weather API
Tamil Nadu,Tiruvannamalai,12.43367184935026,79.16865625344214,Tiruvannamalai,geoBoundaries India ADM2 centroid,2016,926.7,27.54,Calendar year; proxy for DES reporting year starting this year,Open-Meteo Historical Weather API
Tamil Nadu,Tiruvannamalai,12.43367184935026,79.16865625344214,Tiruvannamalai,geoBoundaries India ADM2 centroid,2017,1329.8,27.98,Calendar year; proxy for DES reporting year starting this year,Open-Meteo Historical Weather API
Tamil Nadu,Tiruvannamalai,12.43367184935026,79.16865625344214,Tiruvannamalai,geoBoundaries India ADM2 centroid,2018,859.4,27.9,Calendar year; proxy for DES reporting year starting this year,Open-Meteo Historical Weather API
Tamil Nadu,Tiruvannamalai,12.43367184935026,79.16865625344214,Tiruvannamalai,geoBoundaries India ADM2 centroid,2019,947.1,28.6,Calendar year; proxy for DES reporting year starting this year,Open-Meteo Historical Weather API
Tamil Nadu,Tiruvannamalai,12.43367184935026,79.16865625344214,Tiruvannamalai,geoBoundaries India ADM2 centroid,2020,1307.0,27.76,Calendar year; proxy for DES reporting year starting this year,Open-Meteo Historical Weather API
Tamil Nadu,Tiruvannamalai,12.43367184935026,79.16865625344214,Tiruvannamalai,geoBoundaries India ADM2 centroid,2021,1534.1,27.4,Calendar year; proxy for DES reporting year starting this year,Open-Meteo Historical Weather API
Tamil Nadu,Tiruvannamalai,12.43367184935026,79.16865625344214,Tiruvannamalai,geoBoundaries India ADM2 centroid,2022,1355.5,27.09,Calendar year; proxy for DES reporting year starting this year,Open-Meteo Historical Weather API
Tamil Nadu,Tiruvannamalai,12.43367184935026,79.16865625344214,Tiruvannamalai,geoBoundaries India ADM2 centroid,2023,1255.8,27.77,Calendar year; proxy for DES reporting year starting this year,Open-Meteo Historical Weather API
Punjab,Barnala,30.38647546804211,75.50068209451841,Barnala,geoBoundaries India ADM2 centroid,2013,733.1,23.58,Calendar year; proxy for DES reporting year starting this year,Open-Meteo Historical Weather API
Punjab,Barnala,30.38647546804211,75.50068209451841,Barnala,geoBoundaries India ADM2 centroid,2014,478.2,23.9,Calendar year; proxy for DES reporting year starting this year,Open-Meteo Historical Weather API
Punjab,Barnala,30.38647546804211,75.50068209451841,Barnala,geoBoundaries India ADM2 centroid,2015,1051.8,23.19,Calendar year; proxy for DES reporting year starting this year,Open-Meteo Historical Weather API
Punjab,Barnala,30.38647546804211,75.50068209451841,Barnala,geoBoundaries India ADM2 centroid,2016,421.3,24.98,Calendar year; proxy for DES reporting year starting this year,Open-Meteo Historical Weather API
Punjab,Barnala,30.38647546804211,75.50068209451841,Barnala,geoBoundaries India ADM2 centroid,2017,643.8,23.62,Calendar year; proxy for DES reporting year starting this year,Open-Meteo Historical Weather API
Punjab,Barnala,30.38647546804211,75.50068209451841,Barnala,geoBoundaries India ADM2 centroid,2018,685.2,23.25,Calendar year; proxy for DES reporting year starting this year,Open-Meteo Historical Weather API
Punjab,Barnala,30.38647546804211,75.50068209451841,Barnala,geoBoundaries India ADM2 centroid,2019,772.4,23.03,Calendar year; proxy for DES reporting year starting this year,Open-Meteo Historical Weather API
Punjab,Barnala,30.38647546804211,75.50068209451841,Barnala,geoBoundaries India ADM2 centroid,2020,533.1,23.12,Calendar year; proxy for DES reporting year starting this year,Open-Meteo Historical Weather API
Punjab,Barnala,30.38647546804211,75.50068209451841,Barnala,geoBoundaries India ADM2 centroid,2021,639.4,23.45,Calendar year; proxy for DES reporting year starting this year,Open-Meteo Historical Weather API
Punjab,Barnala,30.38647546804211,75.50068209451841,Barnala,geoBoundaries India ADM2 centroid,2022,775.8,23.72,Calendar year; proxy for DES reporting year starting this year,Open-Meteo Historical Weather API
Punjab,Barnala,30.38647546804211,75.50068209451841,Barnala,geoBoundaries India ADM2 centroid,2023,662.9,23.06,Calendar year; proxy for DES reporting year starting this year,Open-Meteo Historical Weather API
Odisha,Kalahandi,19.868253526215224,83.10904887421434,Kalahandi,geoBoundaries India ADM2 centroid,2013,1915.3,25.79,Calendar year; proxy for DES reporting year starting this year,Open-Meteo Historical Weather API
Odisha,Kalahandi,19.868253526215224,83.10904887421434,Kalahandi,geoBoundaries India ADM2 centroid,2014,1911.6,25.81,Calendar year; proxy for DES reporting year starting this year,Open-Meteo Historical Weather API
Odisha,Kalahandi,19.868253526215224,83.10904887421434,Kalahandi,geoBoundaries India ADM2 centroid,2015,1298.7,26.27,Calendar year; proxy for DES reporting year starting this year,Open-Meteo Historical Weather API
Odisha,Kalahandi,19.868253526215224,83.10904887421434,Kalahandi,geoBoundaries India ADM2 centroid,2016,1447.0,26.48,Calendar year; proxy for DES reporting year starting this year,Open-Meteo Historical Weather API
Odisha,Kalahandi,19.868253526215224,83.10904887421434,Kalahandi,geoBoundaries India ADM2 centroid,2017,1195.2,26.85,Calendar year; proxy for DES reporting year starting this year,Open-Meteo Historical Weather API
Odisha,Kalahandi,19.868253526215224,83.10904887421434,Kalahandi,geoBoundaries India ADM2 centroid,2018,1980.5,26.24,Calendar year; proxy for DES reporting year starting this year,Open-Meteo Historical Weather API
Odisha,Kalahandi,19.868253526215224,83.10904887421434,Kalahandi,geoBoundaries India ADM2 centroid,2019,1471.9,26.95,Calendar year; proxy for DES reporting year starting this year,Open-Meteo Historical Weather API
Odisha,Kalahandi,19.868253526215224,83.10904887421434,Kalahandi,geoBoundaries India ADM2 centroid,2020,1336.0,26.49,Calendar year; proxy for DES reporting year starting this year,Open-Meteo Historical Weather API
Odisha,Kalahandi,19.868253526215224,83.10904887421434,Kalahandi,geoBoundaries India ADM2 centroid,2021,1172.9,26.55,Calendar year; proxy for DES reporting year starting this year,Open-Meteo Historical Weather API
Odisha,Kalahandi,19.868253526215224,83.10904887421434,Kalahandi,geoBoundaries India ADM2 centroid,2022,1572.1,26.43,Calendar year; proxy for DES reporting year starting this year,Open-Meteo Historical Weather API
Odisha,Kalahandi,19.868253526215224,83.10904887421434,Kalahandi,geoBoundaries India ADM2 centroid,2023,1436.2,26.61,Calendar year; proxy for DES reporting year starting this year,Open-Meteo Historical Weather API
Odisha,Baleshwar,21.496717791481057,86.91315627222545,Baleshwar,geoBoundaries India ADM2 centroid,2013,2127.3,25.83,Calendar year; proxy for DES reporting year starting this year,Open-Meteo Historical Weather API
Odisha,Baleshwar,21.496717791481057,86.91315627222545,Baleshwar,geoBoundaries India ADM2 centroid,2014,1712.5,26.09,Calendar year; proxy for DES reporting year starting this year,Open-Meteo Historical Weather API
Odisha,Baleshwar,21.496717791481057,86.91315627222545,Baleshwar,geoBoundaries India ADM2 centroid,2015,1510.3,26.42,Calendar year; proxy for DES reporting year starting this year,Open-Meteo Historical Weather API
Odisha,Baleshwar,21.496717791481057,86.91315627222545,Baleshwar,geoBoundaries India ADM2 centroid,2016,1747.4,26.67,Calendar year; proxy for DES reporting year starting this year,Open-Meteo Historical Weather API
Odisha,Baleshwar,21.496717791481057,86.91315627222545,Baleshwar,geoBoundaries India ADM2 centroid,2017,1857.8,26.38,Calendar year; proxy for DES reporting year starting this year,Open-Meteo Historical Weather API
Odisha,Baleshwar,21.496717791481057,86.91315627222545,Baleshwar,geoBoundaries India ADM2 centroid,2018,1646.7,26.09,Calendar year; proxy for DES reporting year starting this year,Open-Meteo Historical Weather API
Odisha,Baleshwar,21.496717791481057,86.91315627222545,Baleshwar,geoBoundaries India ADM2 centroid,2019,1861.7,26.19,Calendar year; proxy for DES reporting year starting this year,Open-Meteo Historical Weather API
Odisha,Baleshwar,21.496717791481057,86.91315627222545,Baleshwar,geoBoundaries India ADM2 centroid,2020,1554.3,26.01,Calendar year; proxy for DES reporting year starting this year,Open-Meteo Historical Weather API
Odisha,Baleshwar,21.496717791481057,86.91315627222545,Baleshwar,geoBoundaries India ADM2 centroid,2021,1866.1,26.42,Calendar year; proxy for DES reporting year starting this year,Open-Meteo Historical Weather API
Odisha,Baleshwar,21.496717791481057,86.91315627222545,Baleshwar,geoBoundaries India ADM2 centroid,2022,1555.9,26.28,Calendar year; proxy for DES reporting year starting this year,Open-Meteo Historical Weather API
Odisha,Baleshwar,21.496717791481057,86.91315627222545,Baleshwar,geoBoundaries India ADM2 centroid,2023,1447.9,26.88,Calendar year; proxy for DES reporting year starting this year,Open-Meteo Historical Weather API
Haryana,Fatehabad,29.575846481200724,75.58057912462931,Fatehabad,geoBoundaries India ADM2 centroid,2013,526.2,24.24,Calendar year; proxy for DES reporting year starting this year,Open-Meteo Historical Weather API
Haryana,Fatehabad,29.575846481200724,75.58057912462931,Fatehabad,geoBoundaries India ADM2 centroid,2014,373.3,24.57,Calendar year; proxy for DES reporting year starting this year,Open-Meteo Historical Weather API
Haryana,Fatehabad,29.575846481200724,75.58057912462931,Fatehabad,geoBoundaries India ADM2 centroid,2015,565.5,24.54,Calendar year; proxy for DES reporting year starting this year,Open-Meteo Historical Weather API
Haryana,Fatehabad,29.575846481200724,75.58057912462931,Fatehabad,geoBoundaries India ADM2 centroid,2016,366.6,25.88,Calendar year; proxy for DES reporting year starting this year,Open-Meteo Historical Weather API
Haryana,Fatehabad,29.575846481200724,75.58057912462931,Fatehabad,geoBoundaries India ADM2 centroid,2017,456.2,24.92,Calendar year; proxy for DES reporting year starting this year,Open-Meteo Historical Weather API
Haryana,Fatehabad,29.575846481200724,75.58057912462931,Fatehabad,geoBoundaries India ADM2 centroid,2018,443.2,24.41,Calendar year; proxy for DES reporting year starting this year,Open-Meteo Historical Weather API
Haryana,Fatehabad,29.575846481200724,75.58057912462931,Fatehabad,geoBoundaries India ADM2 centroid,2019,437.8,24.38,Calendar year; proxy for DES reporting year starting this year,Open-Meteo Historical Weather API
Haryana,Fatehabad,29.575846481200724,75.58057912462931,Fatehabad,geoBoundaries India ADM2 centroid,2020,451.1,24.06,Calendar year; proxy for DES reporting year starting this year,Open-Meteo Historical Weather API
Haryana,Fatehabad,29.575846481200724,75.58057912462931,Fatehabad,geoBoundaries India ADM2 centroid,2021,410.3,24.42,Calendar year; proxy for DES reporting year starting this year,Open-Meteo Historical Weather API
Haryana,Fatehabad,29.575846481200724,75.58057912462931,Fatehabad,geoBoundaries India ADM2 centroid,2022,489.8,24.67,Calendar year; proxy for DES reporting year starting this year,Open-Meteo Historical Weather API
Haryana,Fatehabad,29.575846481200724,75.58057912462931,Fatehabad,geoBoundaries India ADM2 centroid,2023,517.5,23.96,Calendar year; proxy for DES reporting year starting this year,Open-Meteo Historical Weather API
Madhya Pradesh,Satna,24.5304600865736,80.83124806117443,Satna,geoBoundaries India ADM2 centroid,2013,1188.7,24.41,Calendar year; proxy for DES reporting year starting this year,Open-Meteo Historical Weather API
Madhya Pradesh,Satna,24.5304600865736,80.83124806117443,Satna,geoBoundaries India ADM2 centroid,2014,934.9,24.73,Calendar year; proxy for DES reporting year starting this year,Open-Meteo Historical Weather API
Madhya Pradesh,Satna,24.5304600865736,80.83124806117443,Satna,geoBoundaries India ADM2 centroid,2015,794.2,25.34,Calendar year; proxy for DES reporting year starting this year,Open-Meteo Historical Weather API
Madhya Pradesh,Satna,24.5304600865736,80.83124806117443,Satna,geoBoundaries India ADM2 centroid,2016,1298.7,25.8,Calendar year; proxy for DES reporting year starting this year,Open-Meteo Historical Weather API
Madhya Pradesh,Satna,24.5304600865736,80.83124806117443,Satna,geoBoundaries India ADM2 centroid,2017,897.7,25.7,Calendar year; proxy for DES reporting year starting this year,Open-Meteo Historical Weather API
Madhya Pradesh,Satna,24.5304600865736,80.83124806117443,Satna,geoBoundaries India ADM2 centroid,2018,1025.2,25.5,Calendar year; proxy for DES reporting year starting this year,Open-Meteo Historical Weather API
Madhya Pradesh,Satna,24.5304600865736,80.83124806117443,Satna,geoBoundaries India ADM2 centroid,2019,1219.4,25.14,Calendar year; proxy for DES reporting year starting this year,Open-Meteo Historical Weather API
Madhya Pradesh,Satna,24.5304600865736,80.83124806117443,Satna,geoBoundaries India ADM2 centroid,2020,1078.2,24.53,Calendar year; proxy for DES reporting year starting this year,Open-Meteo Historical Weather API
Madhya Pradesh,Satna,24.5304600865736,80.83124806117443,Satna,geoBoundaries India ADM2 centroid,2021,1167.1,24.85,Calendar year; proxy for DES reporting year starting this year,Open-Meteo Historical Weather API
Madhya Pradesh,Satna,24.5304600865736,80.83124806117443,Satna,geoBoundaries India ADM2 centroid,2022,1048.4,25.26,Calendar year; proxy for DES reporting year starting this year,Open-Meteo Historical Weather API
Madhya Pradesh,Satna,24.5304600865736,80.83124806117443,Satna,geoBoundaries India ADM2 centroid,2023,965.4,24.88,Calendar year; proxy for DES reporting year starting this year,Open-Meteo Historical Weather API
Chhattisgarh,Mahasamund,21.20414839495232,82.60457202864289,Mahasamund,geoBoundaries India ADM2 centroid,2013,1420.5,25.91,Calendar year; proxy for DES reporting year starting this year,Open-Meteo Historical Weather API
Chhattisgarh,Mahasamund,21.20414839495232,82.60457202864289,Mahasamund,geoBoundaries India ADM2 centroid,2014,1421.8,26.28,Calendar year; proxy for DES reporting year starting this year,Open-Meteo Historical Weather API
Chhattisgarh,Mahasamund,21.20414839495232,82.60457202864289,Mahasamund,geoBoundaries India ADM2 centroid,2015,1234.0,26.61,Calendar year; proxy for DES reporting year starting this year,Open-Meteo Historical Weather API
Chhattisgarh,Mahasamund,21.20414839495232,82.60457202864289,Mahasamund,geoBoundaries India ADM2 centroid,2016,1416.0,26.82,Calendar year; proxy for DES reporting year starting this year,Open-Meteo Historical Weather API
Chhattisgarh,Mahasamund,21.20414839495232,82.60457202864289,Mahasamund,geoBoundaries India ADM2 centroid,2017,1402.1,26.69,Calendar year; proxy for DES reporting year starting this year,Open-Meteo Historical Weather API
Chhattisgarh,Mahasamund,21.20414839495232,82.60457202864289,Mahasamund,geoBoundaries India ADM2 centroid,2018,1343.8,26.11,Calendar year; proxy for DES reporting year starting this year,Open-Meteo Historical Weather API
Chhattisgarh,Mahasamund,21.20414839495232,82.60457202864289,Mahasamund,geoBoundaries India ADM2 centroid,2019,1501.4,26.42,Calendar year; proxy for DES reporting year starting this year,Open-Meteo Historical Weather API
Chhattisgarh,Mahasamund,21.20414839495232,82.60457202864289,Mahasamund,geoBoundaries India ADM2 centroid,2020,1877.7,25.75,Calendar year; proxy for DES reporting year starting this year,Open-Meteo Historical Weather API
Chhattisgarh,Mahasamund,21.20414839495232,82.60457202864289,Mahasamund,geoBoundaries India ADM2 centroid,2021,1184.1,26.05,Calendar year; proxy for DES reporting year starting this year,Open-Meteo Historical Weather API
Chhattisgarh,Mahasamund,21.20414839495232,82.60457202864289,Mahasamund,geoBoundaries India ADM2 centroid,2022,1534.3,26.19,Calendar year; proxy for DES reporting year starting this year,Open-Meteo Historical Weather API
Chhattisgarh,Mahasamund,21.20414839495232,82.60457202864289,Mahasamund,geoBoundaries India ADM2 centroid,2023,1384.7,26.48,Calendar year; proxy for DES reporting year starting this year,Open-Meteo Historical Weather API
Punjab,Faridkot,30.610222868303147,74.78160165200046,Faridkot,geoBoundaries India ADM2 centroid,2013,525.4,24.11,Calendar year; proxy for DES reporting year starting this year,Open-Meteo Historical Weather API
Punjab,Faridkot,30.610222868303147,74.78160165200046,Faridkot,geoBoundaries India ADM2 centroid,2014,394.8,24.12,Calendar year; proxy for DES reporting year starting this year,Open-Meteo Historical Weather API
Punjab,Faridkot,30.610222868303147,74.78160165200046,Faridkot,geoBoundaries India ADM2 centroid,2015,696.8,23.82,Calendar year; proxy for DES reporting year starting this year,Open-Meteo Historical Weather API
Punjab,Faridkot,30.610222868303147,74.78160165200046,Faridkot,geoBoundaries India ADM2 centroid,2016,357.1,25.49,Calendar year; proxy for DES reporting year starting this year,Open-Meteo Historical Weather API
Punjab,Faridkot,30.610222868303147,74.78160165200046,Faridkot,geoBoundaries India ADM2 centroid,2017,418.7,24.89,Calendar year; proxy for DES reporting year starting this year,Open-Meteo Historical Weather API
Punjab,Faridkot,30.610222868303147,74.78160165200046,Faridkot,geoBoundaries India ADM2 centroid,2018,387.5,24.5,Calendar year; proxy for DES reporting year starting this year,Open-Meteo Historical Weather API
Punjab,Faridkot,30.610222868303147,74.78160165200046,Faridkot,geoBoundaries India ADM2 centroid,2019,517.1,23.72,Calendar year; proxy for DES reporting year starting this year,Open-Meteo Historical Weather API
Punjab,Faridkot,30.610222868303147,74.78160165200046,Faridkot,geoBoundaries India ADM2 centroid,2020,508.2,23.61,Calendar year; proxy for DES reporting year starting this year,Open-Meteo Historical Weather API
Punjab,Faridkot,30.610222868303147,74.78160165200046,Faridkot,geoBoundaries India ADM2 centroid,2021,442.2,24.09,Calendar year; proxy for DES reporting year starting this year,Open-Meteo Historical Weather API
Punjab,Faridkot,30.610222868303147,74.78160165200046,Faridkot,geoBoundaries India ADM2 centroid,2022,627.8,24.38,Calendar year; proxy for DES reporting year starting this year,Open-Meteo Historical Weather API
Punjab,Faridkot,30.610222868303147,74.78160165200046,Faridkot,geoBoundaries India ADM2 centroid,2023,459.5,23.61,Calendar year; proxy for DES reporting year starting this year,Open-Meteo Historical Weather API
Chhattisgarh,Rajnandgaon,21.038706096606944,80.81968353192259,Rajnandgaon,geoBoundaries India ADM2 centroid,2013,1541.3,25.52,Calendar year; proxy for DES reporting year starting this year,Open-Meteo Historical Weather API
Chhattisgarh,Rajnandgaon,21.038706096606944,80.81968353192259,Rajnandgaon,geoBoundaries India ADM2 centroid,2014,1251.1,26.22,Calendar year; proxy for DES reporting year starting this year,Open-Meteo Historical Weather API
Chhattisgarh,Rajnandgaon,21.038706096606944,80.81968353192259,Rajnandgaon,geoBoundaries India ADM2 centroid,2015,1195.2,26.15,Calendar year; proxy for DES reporting year starting this year,Open-Meteo Historical Weather API
Chhattisgarh,Rajnandgaon,21.038706096606944,80.81968353192259,Rajnandgaon,geoBoundaries India ADM2 centroid,2016,1470.2,26.38,Calendar year; proxy for DES reporting year starting this year,Open-Meteo Historical Weather API
Chhattisgarh,Rajnandgaon,21.038706096606944,80.81968353192259,Rajnandgaon,geoBoundaries India ADM2 centroid,2017,922.1,26.42,Calendar year; proxy for DES reporting year starting this year,Open-Meteo Historical Weather API
Chhattisgarh,Rajnandgaon,21.038706096606944,80.81968353192259,Rajnandgaon,geoBoundaries India ADM2 centroid,2018,1377.1,25.86,Calendar year; proxy for DES reporting year starting this year,Open-Meteo Historical Weather API
Chhattisgarh,Rajnandgaon,21.038706096606944,80.81968353192259,Rajnandgaon,geoBoundaries India ADM2 centroid,2019,1358.1,26.19,Calendar year; proxy for DES reporting year starting this year,Open-Meteo Historical Weather API
Chhattisgarh,Rajnandgaon,21.038706096606944,80.81968353192259,Rajnandgaon,geoBoundaries India ADM2 centroid,2020,1580.7,25.43,Calendar year; proxy for DES reporting year starting this year,Open-Meteo Historical Weather API
Chhattisgarh,Rajnandgaon,21.038706096606944,80.81968353192259,Rajnandgaon,geoBoundaries India ADM2 centroid,2021,963.8,25.65,Calendar year; proxy for DES reporting year starting this year,Open-Meteo Historical Weather API
Chhattisgarh,Rajnandgaon,21.038706096606944,80.81968353192259,Rajnandgaon,geoBoundaries India ADM2 centroid,2022,1494.3,25.74,Calendar year; proxy for DES reporting year starting this year,Open-Meteo Historical Weather API
Chhattisgarh,Rajnandgaon,21.038706096606944,80.81968353192259,Rajnandgaon,geoBoundaries India ADM2 centroid,2023,1456.6,25.81,Calendar year; proxy for DES reporting year starting this year,Open-Meteo Historical Weather API
Punjab,Mansa,29.90820713218236,75.43996956110492,Mansa,geoBoundaries India ADM2 centroid,2013,674.9,24.13,Calendar year; proxy for DES reporting year starting this year,Open-Meteo Historical Weather API
Punjab,Mansa,29.90820713218236,75.43996956110492,Mansa,geoBoundaries India ADM2 centroid,2014,412.0,24.42,Calendar year; proxy for DES reporting year starting this year,Open-Meteo Historical Weather API
Punjab,Mansa,29.90820713218236,75.43996956110492,Mansa,geoBoundaries India ADM2 centroid,2015,753.6,24.28,Calendar year; proxy for DES reporting year starting this year,Open-Meteo Historical Weather API
Punjab,Mansa,29.90820713218236,75.43996956110492,Mansa,geoBoundaries India ADM2 centroid,2016,372.1,25.74,Calendar year; proxy for DES reporting year starting this year,Open-Meteo Historical Weather API
Punjab,Mansa,29.90820713218236,75.43996956110492,Mansa,geoBoundaries India ADM2 centroid,2017,429.5,24.73,Calendar year; proxy for DES reporting year starting this year,Open-Meteo Historical Weather API
Punjab,Mansa,29.90820713218236,75.43996956110492,Mansa,geoBoundaries India ADM2 centroid,2018,518.8,24.34,Calendar year; proxy for DES reporting year starting this year,Open-Meteo Historical Weather API
Punjab,Mansa,29.90820713218236,75.43996956110492,Mansa,geoBoundaries India ADM2 centroid,2019,436.8,24.19,Calendar year; proxy for DES reporting year starting this year,Open-Meteo Historical Weather API
Punjab,Mansa,29.90820713218236,75.43996956110492,Mansa,geoBoundaries India ADM2 centroid,2020,462.4,23.82,Calendar year; proxy for DES reporting year starting this year,Open-Meteo Historical Weather API
Punjab,Mansa,29.90820713218236,75.43996956110492,Mansa,geoBoundaries India ADM2 centroid,2021,391.3,24.13,Calendar year; proxy for DES reporting year starting this year,Open-Meteo Historical Weather API
Punjab,Mansa,29.90820713218236,75.43996956110492,Mansa,geoBoundaries India ADM2 centroid,2022,602.2,24.55,Calendar year; proxy for DES reporting year starting this year,Open-Meteo Historical Weather API
Punjab,Mansa,29.90820713218236,75.43996956110492,Mansa,geoBoundaries India ADM2 centroid,2023,432.3,23.88,Calendar year; proxy for DES reporting year starting this year,Open-Meteo Historical Weather API
Uttar Pradesh,Siddharth nagar,27.273430000780333,82.86344391918092,Siddharthnagar,geoBoundaries India ADM2 centroid,2013,1615.7,24.24,Calendar year; proxy for DES reporting year starting this year,Open-Meteo Historical Weather API
Uttar Pradesh,Siddharth nagar,27.273430000780333,82.86344391918092,Siddharthnagar,geoBoundaries India ADM2 centroid,2014,1064.5,24.28,Calendar year; proxy for DES reporting year starting this year,Open-Meteo Historical Weather API
Uttar Pradesh,Siddharth nagar,27.273430000780333,82.86344391918092,Siddharthnagar,geoBoundaries India ADM2 centroid,2015,1012.6,24.87,Calendar year; proxy for DES reporting year starting this year,Open-Meteo Historical Weather API
Uttar Pradesh,Siddharth nagar,27.273430000780333,82.86344391918092,Siddharthnagar,geoBoundaries India ADM2 centroid,2016,1426.8,25.26,Calendar year; proxy for DES reporting year starting this year,Open-Meteo Historical Weather API
Uttar Pradesh,Siddharth nagar,27.273430000780333,82.86344391918092,Siddharthnagar,geoBoundaries India ADM2 centroid,2017,1370.3,24.88,Calendar year; proxy for DES reporting year starting this year,Open-Meteo Historical Weather API
Uttar Pradesh,Siddharth nagar,27.273430000780333,82.86344391918092,Siddharthnagar,geoBoundaries India ADM2 centroid,2018,1313.2,24.49,Calendar year; proxy for DES reporting year starting this year,Open-Meteo Historical Weather API
Uttar Pradesh,Siddharth nagar,27.273430000780333,82.86344391918092,Siddharthnagar,geoBoundaries India ADM2 centroid,2019,1584.9,24.44,Calendar year; proxy for DES reporting year starting this year,Open-Meteo Historical Weather API
Uttar Pradesh,Siddharth nagar,27.273430000780333,82.86344391918092,Siddharthnagar,geoBoundaries India ADM2 centroid,2020,1687.1,23.52,Calendar year; proxy for DES reporting year starting this year,Open-Meteo Historical Weather API
Uttar Pradesh,Siddharth nagar,27.273430000780333,82.86344391918092,Siddharthnagar,geoBoundaries India ADM2 centroid,2021,1912.2,24.18,Calendar year; proxy for DES reporting year starting this year,Open-Meteo Historical Weather API
Uttar Pradesh,Siddharth nagar,27.273430000780333,82.86344391918092,Siddharthnagar,geoBoundaries India ADM2 centroid,2022,1539.0,24.25,Calendar year; proxy for DES reporting year starting this year,Open-Meteo Historical Weather API
Uttar Pradesh,Siddharth nagar,27.273430000780333,82.86344391918092,Siddharthnagar,geoBoundaries India ADM2 centroid,2023,1200.5,24.93,Calendar year; proxy for DES reporting year starting this year,Open-Meteo Historical Weather API
Uttar Pradesh,Pilibhit,28.534750413534574,79.97523016979608,Pilibhit,geoBoundaries India ADM2 centroid,2013,1730.3,23.48,Calendar year; proxy for DES reporting year starting this year,Open-Meteo Historical Weather API
Uttar Pradesh,Pilibhit,28.534750413534574,79.97523016979608,Pilibhit,geoBoundaries India ADM2 centroid,2014,1029.4,23.64,Calendar year; proxy for DES reporting year starting this year,Open-Meteo Historical Weather API
Uttar Pradesh,Pilibhit,28.534750413534574,79.97523016979608,Pilibhit,geoBoundaries India ADM2 centroid,2015,1247.8,23.81,Calendar year; proxy for DES reporting year starting this year,Open-Meteo Historical Weather API
Uttar Pradesh,Pilibhit,28.534750413534574,79.97523016979608,Pilibhit,geoBoundaries India ADM2 centroid,2016,1653.2,24.35,Calendar year; proxy for DES reporting year starting this year,Open-Meteo Historical Weather API
Uttar Pradesh,Pilibhit,28.534750413534574,79.97523016979608,Pilibhit,geoBoundaries India ADM2 centroid,2017,1165.1,23.89,Calendar year; proxy for DES reporting year starting this year,Open-Meteo Historical Weather API
Uttar Pradesh,Pilibhit,28.534750413534574,79.97523016979608,Pilibhit,geoBoundaries India ADM2 centroid,2018,1050.9,23.56,Calendar year; proxy for DES reporting year starting this year,Open-Meteo Historical Weather API
Uttar Pradesh,Pilibhit,28.534750413534574,79.97523016979608,Pilibhit,geoBoundaries India ADM2 centroid,2019,1087.4,23.67,Calendar year; proxy for DES reporting year starting this year,Open-Meteo Historical Weather API
Uttar Pradesh,Pilibhit,28.534750413534574,79.97523016979608,Pilibhit,geoBoundaries India ADM2 centroid,2020,1277.4,22.72,Calendar year; proxy for DES reporting year starting this year,Open-Meteo Historical Weather API
Uttar Pradesh,Pilibhit,28.534750413534574,79.97523016979608,Pilibhit,geoBoundaries India ADM2 centroid,2021,1175.1,23.55,Calendar year; proxy for DES reporting year starting this year,Open-Meteo Historical Weather API
Uttar Pradesh,Pilibhit,28.534750413534574,79.97523016979608,Pilibhit,geoBoundaries India ADM2 centroid,2022,1396.0,23.46,Calendar year; proxy for DES reporting year starting this year,Open-Meteo Historical Weather API
Uttar Pradesh,Pilibhit,28.534750413534574,79.97523016979608,Pilibhit,geoBoundaries India ADM2 centroid,2023,1343.9,23.38,Calendar year; proxy for DES reporting year starting this year,Open-Meteo Historical Weather API
Chhattisgarh,Raipur,21.284527823259378,81.8203049299982,Raipur,geoBoundaries India ADM2 centroid,2013,1487.6,25.85,Calendar year; proxy for DES reporting year starting this year,Open-Meteo Historical Weather API
Chhattisgarh,Raipur,21.284527823259378,81.8203049299982,Raipur,geoBoundaries India ADM2 centroid,2014,1276.7,26.38,Calendar year; proxy for DES reporting year starting this year,Open-Meteo Historical Weather API
Chhattisgarh,Raipur,21.284527823259378,81.8203049299982,Raipur,geoBoundaries India ADM2 centroid,2015,1155.0,26.63,Calendar year; proxy for DES reporting year starting this year,Open-Meteo Historical Weather API
Chhattisgarh,Raipur,21.284527823259378,81.8203049299982,Raipur,geoBoundaries India ADM2 centroid,2016,1414.3,26.77,Calendar year; proxy for DES reporting year starting this year,Open-Meteo Historical Weather API
Chhattisgarh,Raipur,21.284527823259378,81.8203049299982,Raipur,geoBoundaries India ADM2 centroid,2017,1330.5,26.68,Calendar year; proxy for DES reporting year starting this year,Open-Meteo Historical Weather API
Chhattisgarh,Raipur,21.284527823259378,81.8203049299982,Raipur,geoBoundaries India ADM2 centroid,2018,1383.3,26.0,Calendar year; proxy for DES reporting year starting this year,Open-Meteo Historical Weather API
Chhattisgarh,Raipur,21.284527823259378,81.8203049299982,Raipur,geoBoundaries India ADM2 centroid,2019,1485.7,26.43,Calendar year; proxy for DES reporting year starting this year,Open-Meteo Historical Weather API
Chhattisgarh,Raipur,21.284527823259378,81.8203049299982,Raipur,geoBoundaries India ADM2 centroid,2020,1421.0,25.57,Calendar year; proxy for DES reporting year starting this year,Open-Meteo Historical Weather API
Chhattisgarh,Raipur,21.284527823259378,81.8203049299982,Raipur,geoBoundaries India ADM2 centroid,2021,1131.6,26.06,Calendar year; proxy for DES reporting year starting this year,Open-Meteo Historical Weather API
Chhattisgarh,Raipur,21.284527823259378,81.8203049299982,Raipur,geoBoundaries India ADM2 centroid,2022,1460.9,25.97,Calendar year; proxy for DES reporting year starting this year,Open-Meteo Historical Weather API
Chhattisgarh,Raipur,21.284527823259378,81.8203049299982,Raipur,geoBoundaries India ADM2 centroid,2023,1562.7,26.26,Calendar year; proxy for DES reporting year starting this year,Open-Meteo Historical Weather API
Uttar Pradesh,Allahabad,25.303092486865996,81.96136300049122,Allahabad,geoBoundaries India ADM2 centroid,2013,1115.1,25.21,Calendar year; proxy for DES reporting year starting this year,Open-Meteo Historical Weather API
Uttar Pradesh,Allahabad,25.303092486865996,81.96136300049122,Allahabad,geoBoundaries India ADM2 centroid,2014,761.4,25.33,Calendar year; proxy for DES reporting year starting this year,Open-Meteo Historical Weather API
Uttar Pradesh,Allahabad,25.303092486865996,81.96136300049122,Allahabad,geoBoundaries India ADM2 centroid,2015,741.3,25.95,Calendar year; proxy for DES reporting year starting this year,Open-Meteo Historical Weather API
Uttar Pradesh,Allahabad,25.303092486865996,81.96136300049122,Allahabad,geoBoundaries India ADM2 centroid,2016,1185.6,26.21,Calendar year; proxy for DES reporting year starting this year,Open-Meteo Historical Weather API
Uttar Pradesh,Allahabad,25.303092486865996,81.96136300049122,Allahabad,geoBoundaries India ADM2 centroid,2017,793.0,26.23,Calendar year; proxy for DES reporting year starting this year,Open-Meteo Historical Weather API
Uttar Pradesh,Allahabad,25.303092486865996,81.96136300049122,Allahabad,geoBoundaries India ADM2 centroid,2018,1131.8,26.1,Calendar year; proxy for DES reporting year starting this year,Open-Meteo Historical Weather API
Uttar Pradesh,Allahabad,25.303092486865996,81.96136300049122,Allahabad,geoBoundaries India ADM2 centroid,2019,1498.7,26.03,Calendar year; proxy for DES reporting year starting this year,Open-Meteo Historical Weather API
Uttar Pradesh,Allahabad,25.303092486865996,81.96136300049122,Allahabad,geoBoundaries India ADM2 centroid,2020,1336.7,25.15,Calendar year; proxy for DES reporting year starting this year,Open-Meteo Historical Weather API
Uttar Pradesh,Allahabad,25.303092486865996,81.96136300049122,Allahabad,geoBoundaries India ADM2 centroid,2021,1085.7,25.45,Calendar year; proxy for DES reporting year starting this year,Open-Meteo Historical Weather API
Uttar Pradesh,Allahabad,25.303092486865996,81.96136300049122,Allahabad,geoBoundaries India ADM2 centroid,2022,992.6,25.96,Calendar year; proxy for DES reporting year starting this year,Open-Meteo Historical Weather API
Uttar Pradesh,Allahabad,25.303092486865996,81.96136300049122,Allahabad,geoBoundaries India ADM2 centroid,2023,960.0,25.83,Calendar year; proxy for DES reporting year starting this year,Open-Meteo Historical Weather API
Chhattisgarh,Baloda bazar,21.553992751183127,82.30810820147455,Baloda Bazar,geoBoundaries India ADM2 centroid,2013,1538.8,26.14,Calendar year; proxy for DES reporting year starting this year,Open-Meteo Historical Weather API
Chhattisgarh,Baloda bazar,21.553992751183127,82.30810820147455,Baloda Bazar,geoBoundaries India ADM2 centroid,2014,1310.9,26.67,Calendar year; proxy for DES reporting year starting this year,Open-Meteo Historical Weather API
Chhattisgarh,Baloda bazar,21.553992751183127,82.30810820147455,Baloda Bazar,geoBoundaries India ADM2 centroid,2015,1257.4,26.89,Calendar year; proxy for DES reporting year starting this year,Open-Meteo Historical Weather API
Chhattisgarh,Baloda bazar,21.553992751183127,82.30810820147455,Baloda Bazar,geoBoundaries India ADM2 centroid,2016,1427.4,27.08,Calendar year; proxy for DES reporting year starting this year,Open-Meteo Historical Weather API
Chhattisgarh,Baloda bazar,21.553992751183127,82.30810820147455,Baloda Bazar,geoBoundaries India ADM2 centroid,2017,1447.7,26.68,Calendar year; proxy for DES reporting year starting this year,Open-Meteo Historical Weather API
Chhattisgarh,Baloda bazar,21.553992751183127,82.30810820147455,Baloda Bazar,geoBoundaries India ADM2 centroid,2018,1303.5,26.02,Calendar year; proxy for DES reporting year starting this year,Open-Meteo Historical Weather API
Chhattisgarh,Baloda bazar,21.553992751183127,82.30810820147455,Baloda Bazar,geoBoundaries India ADM2 centroid,2019,1594.5,26.29,Calendar year; proxy for DES reporting year starting this year,Open-Meteo Historical Weather API
Chhattisgarh,Baloda bazar,21.553992751183127,82.30810820147455,Baloda Bazar,geoBoundaries India ADM2 centroid,2020,1567.9,25.56,Calendar year; proxy for DES reporting year starting this year,Open-Meteo Historical Weather API
Chhattisgarh,Baloda bazar,21.553992751183127,82.30810820147455,Baloda Bazar,geoBoundaries India ADM2 centroid,2021,1256.3,26.07,Calendar year; proxy for DES reporting year starting this year,Open-Meteo Historical Weather API
Chhattisgarh,Baloda bazar,21.553992751183127,82.30810820147455,Baloda Bazar,geoBoundaries India ADM2 centroid,2022,1458.9,26.1,Calendar year; proxy for DES reporting year starting this year,Open-Meteo Historical Weather API
Chhattisgarh,Baloda bazar,21.553992751183127,82.30810820147455,Baloda Bazar,geoBoundaries India ADM2 centroid,2023,1632.6,26.28,Calendar year; proxy for DES reporting year starting this year,Open-Meteo Historical Weather API
Odisha,Kendujhar,21.537622517759782,85.7047895887223,Kendujhar,geoBoundaries India ADM2 centroid,2013,1631.9,23.88,Calendar year; proxy for DES reporting year starting this year,Open-Meteo Historical Weather API
Odisha,Kendujhar,21.537622517759782,85.7047895887223,Kendujhar,geoBoundaries India ADM2 centroid,2014,1657.7,24.14,Calendar year; proxy for DES reporting year starting this year,Open-Meteo Historical Weather API
Odisha,Kendujhar,21.537622517759782,85.7047895887223,Kendujhar,geoBoundaries India ADM2 centroid,2015,1719.2,24.36,Calendar year; proxy for DES reporting year starting this year,Open-Meteo Historical Weather API
Odisha,Kendujhar,21.537622517759782,85.7047895887223,Kendujhar,geoBoundaries India ADM2 centroid,2016,1415.2,24.62,Calendar year; proxy for DES reporting year starting this year,Open-Meteo Historical Weather API
Odisha,Kendujhar,21.537622517759782,85.7047895887223,Kendujhar,geoBoundaries India ADM2 centroid,2017,1563.1,24.61,Calendar year; proxy for DES reporting year starting this year,Open-Meteo Historical Weather API
Odisha,Kendujhar,21.537622517759782,85.7047895887223,Kendujhar,geoBoundaries India ADM2 centroid,2018,1506.5,24.14,Calendar year; proxy for DES reporting year starting this year,Open-Meteo Historical Weather API
Odisha,Kendujhar,21.537622517759782,85.7047895887223,Kendujhar,geoBoundaries India ADM2 centroid,2019,1937.8,24.23,Calendar year; proxy for DES reporting year starting this year,Open-Meteo Historical Weather API
Odisha,Kendujhar,21.537622517759782,85.7047895887223,Kendujhar,geoBoundaries India ADM2 centroid,2020,1793.2,23.94,Calendar year; proxy for DES reporting year starting this year,Open-Meteo Historical Weather API
Odisha,Kendujhar,21.537622517759782,85.7047895887223,Kendujhar,geoBoundaries India ADM2 centroid,2021,1737.5,24.28,Calendar year; proxy for DES reporting year starting this year,Open-Meteo Historical Weather API
Odisha,Kendujhar,21.537622517759782,85.7047895887223,Kendujhar,geoBoundaries India ADM2 centroid,2022,1436.4,24.18,Calendar year; proxy for DES reporting year starting this year,Open-Meteo Historical Weather API
Odisha,Kendujhar,21.537622517759782,85.7047895887223,Kendujhar,geoBoundaries India ADM2 centroid,2023,1117.6,24.8,Calendar year; proxy for DES reporting year starting this year,Open-Meteo Historical Weather API
Telangana,Medak,17.955394591515116,78.25685850516787,Medak,geoBoundaries India ADM2 centroid,2013,1093.1,25.82,Calendar year; proxy for DES reporting year starting this year,Open-Meteo Historical Weather API
Telangana,Medak,17.955394591515116,78.25685850516787,Medak,geoBoundaries India ADM2 centroid,2014,769.1,26.16,Calendar year; proxy for DES reporting year starting this year,Open-Meteo Historical Weather API
Telangana,Medak,17.955394591515116,78.25685850516787,Medak,geoBoundaries India ADM2 centroid,2015,568.9,26.52,Calendar year; proxy for DES reporting year starting this year,Open-Meteo Historical Weather API
Telangana,Medak,17.955394591515116,78.25685850516787,Medak,geoBoundaries India ADM2 centroid,2016,1081.1,26.51,Calendar year; proxy for DES reporting year starting this year,Open-Meteo Historical Weather API
Telangana,Medak,17.955394591515116,78.25685850516787,Medak,geoBoundaries India ADM2 centroid,2017,816.2,26.18,Calendar year; proxy for DES reporting year starting this year,Open-Meteo Historical Weather API
Telangana,Medak,17.955394591515116,78.25685850516787,Medak,geoBoundaries India ADM2 centroid,2018,895.2,25.83,Calendar year; proxy for DES reporting year starting this year,Open-Meteo Historical Weather API
Telangana,Medak,17.955394591515116,78.25685850516787,Medak,geoBoundaries India ADM2 centroid,2019,952.1,26.53,Calendar year; proxy for DES reporting year starting this year,Open-Meteo Historical Weather API
Telangana,Medak,17.955394591515116,78.25685850516787,Medak,geoBoundaries India ADM2 centroid,2020,1129.9,25.66,Calendar year; proxy for DES reporting year starting this year,Open-Meteo Historical Weather API
Telangana,Medak,17.955394591515116,78.25685850516787,Medak,geoBoundaries India ADM2 centroid,2021,891.7,25.46,Calendar year; proxy for DES reporting year starting this year,Open-Meteo Historical Weather API
Telangana,Medak,17.955394591515116,78.25685850516787,Medak,geoBoundaries India ADM2 centroid,2022,1022.1,25.68,Calendar year; proxy for DES reporting year starting this year,Open-Meteo Historical Weather API
Telangana,Medak,17.955394591515116,78.25685850516787,Medak,geoBoundaries India ADM2 centroid,2023,924.1,25.77,Calendar year; proxy for DES reporting year starting this year,Open-Meteo Historical Weather API
Chhattisgarh,Balod,20.738523566543563,81.18871354929118,Balod,geoBoundaries India ADM2 centroid,2013,1540.6,25.82,Calendar year; proxy for DES reporting year starting this year,Open-Meteo Historical Weather API
Chhattisgarh,Balod,20.738523566543563,81.18871354929118,Balod,geoBoundaries India ADM2 centroid,2014,1390.0,26.43,Calendar year; proxy for DES reporting year starting this year,Open-Meteo Historical Weather API
Chhattisgarh,Balod,20.738523566543563,81.18871354929118,Balod,geoBoundaries India ADM2 centroid,2015,1182.1,26.41,Calendar year; proxy for DES reporting year starting this year,Open-Meteo Historical Weather API
Chhattisgarh,Balod,20.738523566543563,81.18871354929118,Balod,geoBoundaries India ADM2 centroid,2016,1510.9,26.67,Calendar year; proxy for DES reporting year starting this year,Open-Meteo Historical Weather API
Chhattisgarh,Balod,20.738523566543563,81.18871354929118,Balod,geoBoundaries India ADM2 centroid,2017,959.4,26.17,Calendar year; proxy for DES reporting year starting this year,Open-Meteo Historical Weather API
Chhattisgarh,Balod,20.738523566543563,81.18871354929118,Balod,geoBoundaries India ADM2 centroid,2018,1530.4,25.66,Calendar year; proxy for DES reporting year starting this year,Open-Meteo Historical Weather API
Chhattisgarh,Balod,20.738523566543563,81.18871354929118,Balod,geoBoundaries India ADM2 centroid,2019,1502.2,25.98,Calendar year; proxy for DES reporting year starting this year,Open-Meteo Historical Weather API
Chhattisgarh,Balod,20.738523566543563,81.18871354929118,Balod,geoBoundaries India ADM2 centroid,2020,1532.9,25.63,Calendar year; proxy for DES reporting year starting this year,Open-Meteo Historical Weather API
Chhattisgarh,Balod,20.738523566543563,81.18871354929118,Balod,geoBoundaries India ADM2 centroid,2021,1045.6,25.7,Calendar year; proxy for DES reporting year starting this year,Open-Meteo Historical Weather API
Chhattisgarh,Balod,20.738523566543563,81.18871354929118,Balod,geoBoundaries India ADM2 centroid,2022,1583.6,25.64,Calendar year; proxy for DES reporting year starting this year,Open-Meteo Historical Weather API
Chhattisgarh,Balod,20.738523566543563,81.18871354929118,Balod,geoBoundaries India ADM2 centroid,2023,1396.8,25.94,Calendar year; proxy for DES reporting year starting this year,Open-Meteo Historical Weather API
West Bengal,Jalpaiguri,26.68663276460142,88.76984600702465,Jalpaiguri,geoBoundaries India ADM2 centroid,2013,2795.9,23.33,Calendar year; proxy for DES reporting year starting this year,Open-Meteo Historical Weather API
West Bengal,Jalpaiguri,26.68663276460142,88.76984600702465,Jalpaiguri,geoBoundaries India ADM2 centroid,2014,2879.6,23.46,Calendar year; proxy for DES reporting year starting this year,Open-Meteo Historical Weather API
West Bengal,Jalpaiguri,26.68663276460142,88.76984600702465,Jalpaiguri,geoBoundaries India ADM2 centroid,2015,3024.9,23.32,Calendar year; proxy for DES reporting year starting this year,Open-Meteo Historical Weather API
West Bengal,Jalpaiguri,26.68663276460142,88.76984600702465,Jalpaiguri,geoBoundaries India ADM2 centroid,2016,3485.1,23.6,Calendar year; proxy for DES reporting year starting this year,Open-Meteo Historical Weather API
West Bengal,Jalpaiguri,26.68663276460142,88.76984600702465,Jalpaiguri,geoBoundaries India ADM2 centroid,2017,3520.3,23.58,Calendar year; proxy for DES reporting year starting this year,Open-Meteo Historical Weather API
West Bengal,Jalpaiguri,26.68663276460142,88.76984600702465,Jalpaiguri,geoBoundaries India ADM2 centroid,2018,3340.8,23.05,Calendar year; proxy for DES reporting year starting this year,Open-Meteo Historical Weather API
West Bengal,Jalpaiguri,26.68663276460142,88.76984600702465,Jalpaiguri,geoBoundaries India ADM2 centroid,2019,3909.7,23.38,Calendar year; proxy for DES reporting year starting this year,Open-Meteo Historical Weather API
West Bengal,Jalpaiguri,26.68663276460142,88.76984600702465,Jalpaiguri,geoBoundaries India ADM2 centroid,2020,4542.0,23.07,Calendar year; proxy for DES reporting year starting this year,Open-Meteo Historical Weather API
West Bengal,Jalpaiguri,26.68663276460142,88.76984600702465,Jalpaiguri,geoBoundaries India ADM2 centroid,2021,3168.8,23.49,Calendar year; proxy for DES reporting year starting this year,Open-Meteo Historical Weather API
West Bengal,Jalpaiguri,26.68663276460142,88.76984600702465,Jalpaiguri,geoBoundaries India ADM2 centroid,2022,2978.2,23.24,Calendar year; proxy for DES reporting year starting this year,Open-Meteo Historical Weather API
West Bengal,Jalpaiguri,26.68663276460142,88.76984600702465,Jalpaiguri,geoBoundaries India ADM2 centroid,2023,3486.9,23.83,Calendar year; proxy for DES reporting year starting this year,Open-Meteo Historical Weather API
Uttar Pradesh,Sitapur,27.517779275777812,80.85752661253565,Sitapur,geoBoundaries India ADM2 centroid,2013,1204.2,24.12,Calendar year; proxy for DES reporting year starting this year,Open-Meteo Historical Weather API
Uttar Pradesh,Sitapur,27.517779275777812,80.85752661253565,Sitapur,geoBoundaries India ADM2 centroid,2014,853.4,24.29,Calendar year; proxy for DES reporting year starting this year,Open-Meteo Historical Weather API
Uttar Pradesh,Sitapur,27.517779275777812,80.85752661253565,Sitapur,geoBoundaries India ADM2 centroid,2015,904.6,24.74,Calendar year; proxy for DES reporting year starting this year,Open-Meteo Historical Weather API
Uttar Pradesh,Sitapur,27.517779275777812,80.85752661253565,Sitapur,geoBoundaries India ADM2 centroid,2016,1012.9,25.11,Calendar year; proxy for DES reporting year starting this year,Open-Meteo Historical Weather API
Uttar Pradesh,Sitapur,27.517779275777812,80.85752661253565,Sitapur,geoBoundaries India ADM2 centroid,2017,1131.0,24.55,Calendar year; proxy for DES reporting year starting this year,Open-Meteo Historical Weather API
Uttar Pradesh,Sitapur,27.517779275777812,80.85752661253565,Sitapur,geoBoundaries India ADM2 centroid,2018,972.0,24.37,Calendar year; proxy for DES reporting year starting this year,Open-Meteo Historical Weather API
Uttar Pradesh,Sitapur,27.517779275777812,80.85752661253565,Sitapur,geoBoundaries India ADM2 centroid,2019,985.5,24.38,Calendar year; proxy for DES reporting year starting this year,Open-Meteo Historical Weather API
Uttar Pradesh,Sitapur,27.517779275777812,80.85752661253565,Sitapur,geoBoundaries India ADM2 centroid,2020,1211.5,23.44,Calendar year; proxy for DES reporting year starting this year,Open-Meteo Historical Weather API
Uttar Pradesh,Sitapur,27.517779275777812,80.85752661253565,Sitapur,geoBoundaries India ADM2 centroid,2021,1114.0,24.12,Calendar year; proxy for DES reporting year starting this year,Open-Meteo Historical Weather API
Uttar Pradesh,Sitapur,27.517779275777812,80.85752661253565,Sitapur,geoBoundaries India ADM2 centroid,2022,1018.9,24.56,Calendar year; proxy for DES reporting year starting this year,Open-Meteo Historical Weather API
Uttar Pradesh,Sitapur,27.517779275777812,80.85752661253565,Sitapur,geoBoundaries India ADM2 centroid,2023,1078.5,24.28,Calendar year; proxy for DES reporting year starting this year,Open-Meteo Historical Weather API
Assam,Nagaon,26.36289200858228,92.7620466046533,Nagaon,geoBoundaries India ADM2 centroid,2013,2274.3,24.28,Calendar year; proxy for DES reporting year starting this year,Open-Meteo Historical Weather API
Assam,Nagaon,26.36289200858228,92.7620466046533,Nagaon,geoBoundaries India ADM2 centroid,2014,2146.6,24.73,Calendar year; proxy for DES reporting year starting this year,Open-Meteo Historical Weather API
Assam,Nagaon,26.36289200858228,92.7620466046533,Nagaon,geoBoundaries India ADM2 centroid,2015,2725.3,24.31,Calendar year; proxy for DES reporting year starting this year,Open-Meteo Historical Weather API
Assam,Nagaon,26.36289200858228,92.7620466046533,Nagaon,geoBoundaries India ADM2 centroid,2016,2568.3,24.4,Calendar year; proxy for DES reporting year starting this year,Open-Meteo Historical Weather API
Assam,Nagaon,26.36289200858228,92.7620466046533,Nagaon,geoBoundaries India ADM2 centroid,2017,3065.0,24.22,Calendar year; proxy for DES reporting year starting this year,Open-Meteo Historical Weather API
Assam,Nagaon,26.36289200858228,92.7620466046533,Nagaon,geoBoundaries India ADM2 centroid,2018,2055.3,24.0,Calendar year; proxy for DES reporting year starting this year,Open-Meteo Historical Weather API
Assam,Nagaon,26.36289200858228,92.7620466046533,Nagaon,geoBoundaries India ADM2 centroid,2019,2156.5,24.04,Calendar year; proxy for DES reporting year starting this year,Open-Meteo Historical Weather API
Assam,Nagaon,26.36289200858228,92.7620466046533,Nagaon,geoBoundaries India ADM2 centroid,2020,2194.3,24.14,Calendar year; proxy for DES reporting year starting this year,Open-Meteo Historical Weather API
Assam,Nagaon,26.36289200858228,92.7620466046533,Nagaon,geoBoundaries India ADM2 centroid,2021,1931.4,24.68,Calendar year; proxy for DES reporting year starting this year,Open-Meteo Historical Weather API
Assam,Nagaon,26.36289200858228,92.7620466046533,Nagaon,geoBoundaries India ADM2 centroid,2022,2616.8,23.9,Calendar year; proxy for DES reporting year starting this year,Open-Meteo Historical Weather API
Assam,Nagaon,26.36289200858228,92.7620466046533,Nagaon,geoBoundaries India ADM2 centroid,2023,2596.9,24.49,Calendar year; proxy for DES reporting year starting this year,Open-Meteo Historical Weather API
Haryana,Jind,29.433607142669636,76.30787005277395,Jind,geoBoundaries India ADM2 centroid,2013,700.0,23.79,Calendar year; proxy for DES reporting year starting this year,Open-Meteo Historical Weather API
Haryana,Jind,29.433607142669636,76.30787005277395,Jind,geoBoundaries India ADM2 centroid,2014,523.5,24.18,Calendar year; proxy for DES reporting year starting this year,Open-Meteo Historical Weather API
Haryana,Jind,29.433607142669636,76.30787005277395,Jind,geoBoundaries India ADM2 centroid,2015,818.0,24.08,Calendar year; proxy for DES reporting year starting this year,Open-Meteo Historical Weather API
Haryana,Jind,29.433607142669636,76.30787005277395,Jind,geoBoundaries India ADM2 centroid,2016,443.0,25.39,Calendar year; proxy for DES reporting year starting this year,Open-Meteo Historical Weather API
Haryana,Jind,29.433607142669636,76.30787005277395,Jind,geoBoundaries India ADM2 centroid,2017,512.4,24.27,Calendar year; proxy for DES reporting year starting this year,Open-Meteo Historical Weather API
Haryana,Jind,29.433607142669636,76.30787005277395,Jind,geoBoundaries India ADM2 centroid,2018,645.2,23.85,Calendar year; proxy for DES reporting year starting this year,Open-Meteo Historical Weather API
Haryana,Jind,29.433607142669636,76.30787005277395,Jind,geoBoundaries India ADM2 centroid,2019,555.8,23.72,Calendar year; proxy for DES reporting year starting this year,Open-Meteo Historical Weather API
Haryana,Jind,29.433607142669636,76.30787005277395,Jind,geoBoundaries India ADM2 centroid,2020,459.9,23.4,Calendar year; proxy for DES reporting year starting this year,Open-Meteo Historical Weather API
Haryana,Jind,29.433607142669636,76.30787005277395,Jind,geoBoundaries India ADM2 centroid,2021,608.6,23.89,Calendar year; proxy for DES reporting year starting this year,Open-Meteo Historical Weather API
Haryana,Jind,29.433607142669636,76.30787005277395,Jind,geoBoundaries India ADM2 centroid,2022,559.6,24.38,Calendar year; proxy for DES reporting year starting this year,Open-Meteo Historical Weather API
Haryana,Jind,29.433607142669636,76.30787005277395,Jind,geoBoundaries India ADM2 centroid,2023,469.2,23.47,Calendar year; proxy for DES reporting year starting this year,Open-Meteo Historical Weather API
Tamil Nadu,Nagapattinam,10.577816152444253,79.763630723555,Nagapattinam,geoBoundaries India ADM2 centroid,2013,672.5,28.06,Calendar year; proxy for DES reporting year starting this year,Open-Meteo Historical Weather API
Tamil Nadu,Nagapattinam,10.577816152444253,79.763630723555,Nagapattinam,geoBoundaries India ADM2 centroid,2014,1478.4,27.99,Calendar year; proxy for DES reporting year starting this year,Open-Meteo Historical Weather API
Tamil Nadu,Nagapattinam,10.577816152444253,79.763630723555,Nagapattinam,geoBoundaries India ADM2 centroid,2015,1592.1,27.93,Calendar year; proxy for DES reporting year starting this year,Open-Meteo Historical Weather API
Tamil Nadu,Nagapattinam,10.577816152444253,79.763630723555,Nagapattinam,geoBoundaries India ADM2 centroid,2016,709.8,28.47,Calendar year; proxy for DES reporting year starting this year,Open-Meteo Historical Weather API
Tamil Nadu,Nagapattinam,10.577816152444253,79.763630723555,Nagapattinam,geoBoundaries India ADM2 centroid,2017,1660.2,28.2,Calendar year; proxy for DES reporting year starting this year,Open-Meteo Historical Weather API
Tamil Nadu,Nagapattinam,10.577816152444253,79.763630723555,Nagapattinam,geoBoundaries India ADM2 centroid,2018,1286.0,28.07,Calendar year; proxy for DES reporting year starting this year,Open-Meteo Historical Weather API
Tamil Nadu,Nagapattinam,10.577816152444253,79.763630723555,Nagapattinam,geoBoundaries India ADM2 centroid,2019,1052.2,28.42,Calendar year; proxy for DES reporting year starting this year,Open-Meteo Historical Weather API
Tamil Nadu,Nagapattinam,10.577816152444253,79.763630723555,Nagapattinam,geoBoundaries India ADM2 centroid,2020,1421.6,28.28,Calendar year; proxy for DES reporting year starting this year,Open-Meteo Historical Weather API
Tamil Nadu,Nagapattinam,10.577816152444253,79.763630723555,Nagapattinam,geoBoundaries India ADM2 centroid,2021,1727.6,27.89,Calendar year; proxy for DES reporting year starting this year,Open-Meteo Historical Weather API
Tamil Nadu,Nagapattinam,10.577816152444253,79.763630723555,Nagapattinam,geoBoundaries India ADM2 centroid,2022,1387.4,27.64,Calendar year; proxy for DES reporting year starting this year,Open-Meteo Historical Weather API
Tamil Nadu,Nagapattinam,10.577816152444253,79.763630723555,Nagapattinam,geoBoundaries India ADM2 centroid,2023,1829.8,27.96,Calendar year; proxy for DES reporting year starting this year,Open-Meteo Historical Weather API
Telangana,Kamareddy,18.324270839097633,78.06246461622374,Kamareddy,geoBoundaries India ADM2 centroid,2013,1170.0,25.8,Calendar year; proxy for DES reporting year starting this year,Open-Meteo Historical Weather API
Telangana,Kamareddy,18.324270839097633,78.06246461622374,Kamareddy,geoBoundaries India ADM2 centroid,2014,796.2,26.16,Calendar year; proxy for DES reporting year starting this year,Open-Meteo Historical Weather API
Telangana,Kamareddy,18.324270839097633,78.06246461622374,Kamareddy,geoBoundaries India ADM2 centroid,2015,620.3,26.39,Calendar year; proxy for DES reporting year starting this year,Open-Meteo Historical Weather API
Telangana,Kamareddy,18.324270839097633,78.06246461622374,Kamareddy,geoBoundaries India ADM2 centroid,2016,1168.6,26.51,Calendar year; proxy for DES reporting year starting this year,Open-Meteo Historical Weather API
Telangana,Kamareddy,18.324270839097633,78.06246461622374,Kamareddy,geoBoundaries India ADM2 centroid,2017,911.8,26.4,Calendar year; proxy for DES reporting year starting this year,Open-Meteo Historical Weather API
Telangana,Kamareddy,18.324270839097633,78.06246461622374,Kamareddy,geoBoundaries India ADM2 centroid,2018,1148.5,26.0,Calendar year; proxy for DES reporting year starting this year,Open-Meteo Historical Weather API
Telangana,Kamareddy,18.324270839097633,78.06246461622374,Kamareddy,geoBoundaries India ADM2 centroid,2019,1011.0,26.61,Calendar year; proxy for DES reporting year starting this year,Open-Meteo Historical Weather API
Telangana,Kamareddy,18.324270839097633,78.06246461622374,Kamareddy,geoBoundaries India ADM2 centroid,2020,1100.2,25.78,Calendar year; proxy for DES reporting year starting this year,Open-Meteo Historical Weather API
Telangana,Kamareddy,18.324270839097633,78.06246461622374,Kamareddy,geoBoundaries India ADM2 centroid,2021,960.8,25.46,Calendar year; proxy for DES reporting year starting this year,Open-Meteo Historical Weather API
Telangana,Kamareddy,18.324270839097633,78.06246461622374,Kamareddy,geoBoundaries India ADM2 centroid,2022,1241.8,25.5,Calendar year; proxy for DES reporting year starting this year,Open-Meteo Historical Weather API
Telangana,Kamareddy,18.324270839097633,78.06246461622374,Kamareddy,geoBoundaries India ADM2 centroid,2023,960.3,25.87,Calendar year; proxy for DES reporting year starting this year,Open-Meteo Historical Weather API
Andhra Pradesh,Vizianagaram,18.46330814569388,83.38338455199599,Vizianagaram,geoBoundaries India ADM2 centroid,2013,1487.0,26.33,Calendar year; proxy for DES reporting year starting this year,Open-Meteo Historical Weather API
Andhra Pradesh,Vizianagaram,18.46330814569388,83.38338455199599,Vizianagaram,geoBoundaries India ADM2 centroid,2014,1174.8,26.57,Calendar year; proxy for DES reporting year starting this year,Open-Meteo Historical Weather API
Andhra Pradesh,Vizianagaram,18.46330814569388,83.38338455199599,Vizianagaram,geoBoundaries India ADM2 centroid,2015,1335.2,26.66,Calendar year; proxy for DES reporting year starting this year,Open-Meteo Historical Weather API
Andhra Pradesh,Vizianagaram,18.46330814569388,83.38338455199599,Vizianagaram,geoBoundaries India ADM2 centroid,2016,1212.6,26.88,Calendar year; proxy for DES reporting year starting this year,Open-Meteo Historical Weather API
Andhra Pradesh,Vizianagaram,18.46330814569388,83.38338455199599,Vizianagaram,geoBoundaries India ADM2 centroid,2017,1311.1,27.25,Calendar year; proxy for DES reporting year starting this year,Open-Meteo Historical Weather API
Andhra Pradesh,Vizianagaram,18.46330814569388,83.38338455199599,Vizianagaram,geoBoundaries India ADM2 centroid,2018,1379.2,26.94,Calendar year; proxy for DES reporting year starting this year,Open-Meteo Historical Weather API
Andhra Pradesh,Vizianagaram,18.46330814569388,83.38338455199599,Vizianagaram,geoBoundaries India ADM2 centroid,2019,1446.8,27.23,Calendar year; proxy for DES reporting year starting this year,Open-Meteo Historical Weather API
Andhra Pradesh,Vizianagaram,18.46330814569388,83.38338455199599,Vizianagaram,geoBoundaries India ADM2 centroid,2020,1830.0,26.81,Calendar year; proxy for DES reporting year starting this year,Open-Meteo Historical Weather API
Andhra Pradesh,Vizianagaram,18.46330814569388,83.38338455199599,Vizianagaram,geoBoundaries India ADM2 centroid,2021,1677.6,26.99,Calendar year; proxy for DES reporting year starting this year,Open-Meteo Historical Weather API
Andhra Pradesh,Vizianagaram,18.46330814569388,83.38338455199599,Vizianagaram,geoBoundaries India ADM2 centroid,2022,1712.7,26.69,Calendar year; proxy for DES reporting year starting this year,Open-Meteo Historical Weather API
Andhra Pradesh,Vizianagaram,18.46330814569388,83.38338455199599,Vizianagaram,geoBoundaries India ADM2 centroid,2023,1342.7,27.37,Calendar year; proxy for DES reporting year starting this year,Open-Meteo Historical Weather API
Uttar Pradesh,Chandauli,25.137616688245384,83.26096988991786,Chandauli,geoBoundaries India ADM2 centroid,2013,897.6,25.32,Calendar year; proxy for DES reporting year starting this year,Open-Meteo Historical Weather API
Uttar Pradesh,Chandauli,25.137616688245384,83.26096988991786,Chandauli,geoBoundaries India ADM2 centroid,2014,779.3,25.47,Calendar year; proxy for DES reporting year starting this year,Open-Meteo Historical Weather API
Uttar Pradesh,Chandauli,25.137616688245384,83.26096988991786,Chandauli,geoBoundaries India ADM2 centroid,2015,913.8,26.09,Calendar year; proxy for DES reporting year starting this year,Open-Meteo Historical Weather API
Uttar Pradesh,Chandauli,25.137616688245384,83.26096988991786,Chandauli,geoBoundaries India ADM2 centroid,2016,1121.7,26.29,Calendar year; proxy for DES reporting year starting this year,Open-Meteo Historical Weather API
Uttar Pradesh,Chandauli,25.137616688245384,83.26096988991786,Chandauli,geoBoundaries India ADM2 centroid,2017,1213.3,26.08,Calendar year; proxy for DES reporting year starting this year,Open-Meteo Historical Weather API
Uttar Pradesh,Chandauli,25.137616688245384,83.26096988991786,Chandauli,geoBoundaries India ADM2 centroid,2018,1125.9,26.04,Calendar year; proxy for DES reporting year starting this year,Open-Meteo Historical Weather API
Uttar Pradesh,Chandauli,25.137616688245384,83.26096988991786,Chandauli,geoBoundaries India ADM2 centroid,2019,1550.6,26.03,Calendar year; proxy for DES reporting year starting this year,Open-Meteo Historical Weather API
Uttar Pradesh,Chandauli,25.137616688245384,83.26096988991786,Chandauli,geoBoundaries India ADM2 centroid,2020,1376.6,25.22,Calendar year; proxy for DES reporting year starting this year,Open-Meteo Historical Weather API
Uttar Pradesh,Chandauli,25.137616688245384,83.26096988991786,Chandauli,geoBoundaries India ADM2 centroid,2021,1562.0,25.5,Calendar year; proxy for DES reporting year starting this year,Open-Meteo Historical Weather API
Uttar Pradesh,Chandauli,25.137616688245384,83.26096988991786,Chandauli,geoBoundaries India ADM2 centroid,2022,1072.0,26.07,Calendar year; proxy for DES reporting year starting this year,Open-Meteo Historical Weather API
Uttar Pradesh,Chandauli,25.137616688245384,83.26096988991786,Chandauli,geoBoundaries India ADM2 centroid,2023,1041.2,26.02,Calendar year; proxy for DES reporting year starting this year,Open-Meteo Historical Weather API
Odisha,Sundargarh,22.08016214169095,84.51032976245804,Sundargarh,geoBoundaries India ADM2 centroid,2013,1503.2,24.44,Calendar year; proxy for DES reporting year starting this year,Open-Meteo Historical Weather API
Odisha,Sundargarh,22.08016214169095,84.51032976245804,Sundargarh,geoBoundaries India ADM2 centroid,2014,1545.3,24.81,Calendar year; proxy for DES reporting year starting this year,Open-Meteo Historical Weather API
Odisha,Sundargarh,22.08016214169095,84.51032976245804,Sundargarh,geoBoundaries India ADM2 centroid,2015,1628.7,25.15,Calendar year; proxy for DES reporting year starting this year,Open-Meteo Historical Weather API
Odisha,Sundargarh,22.08016214169095,84.51032976245804,Sundargarh,geoBoundaries India ADM2 centroid,2016,1366.6,25.35,Calendar year; proxy for DES reporting year starting this year,Open-Meteo Historical Weather API
Odisha,Sundargarh,22.08016214169095,84.51032976245804,Sundargarh,geoBoundaries India ADM2 centroid,2017,1759.7,25.85,Calendar year; proxy for DES reporting year starting this year,Open-Meteo Historical Weather API
Odisha,Sundargarh,22.08016214169095,84.51032976245804,Sundargarh,geoBoundaries India ADM2 centroid,2018,1955.7,25.39,Calendar year; proxy for DES reporting year starting this year,Open-Meteo Historical Weather API
Odisha,Sundargarh,22.08016214169095,84.51032976245804,Sundargarh,geoBoundaries India ADM2 centroid,2019,1958.9,25.22,Calendar year; proxy for DES reporting year starting this year,Open-Meteo Historical Weather API
Odisha,Sundargarh,22.08016214169095,84.51032976245804,Sundargarh,geoBoundaries India ADM2 centroid,2020,1878.3,24.86,Calendar year; proxy for DES reporting year starting this year,Open-Meteo Historical Weather API
Odisha,Sundargarh,22.08016214169095,84.51032976245804,Sundargarh,geoBoundaries India ADM2 centroid,2021,1710.7,25.04,Calendar year; proxy for DES reporting year starting this year,Open-Meteo Historical Weather API
Odisha,Sundargarh,22.08016214169095,84.51032976245804,Sundargarh,geoBoundaries India ADM2 centroid,2022,1470.0,25.02,Calendar year; proxy for DES reporting year starting this year,Open-Meteo Historical Weather API
Odisha,Sundargarh,22.08016214169095,84.51032976245804,Sundargarh,geoBoundaries India ADM2 centroid,2023,1642.8,25.55,Calendar year; proxy for DES reporting year starting this year,Open-Meteo Historical Weather API
Gujarat,Ahmadabad,22.761087559557858,72.24774386705248,Ahmadabad,geoBoundaries India ADM2 centroid,2013,955.3,26.54,Calendar year; proxy for DES reporting year starting this year,Open-Meteo Historical Weather API
Gujarat,Ahmadabad,22.761087559557858,72.24774386705248,Ahmadabad,geoBoundaries India ADM2 centroid,2014,778.9,27.23,Calendar year; proxy for DES reporting year starting this year,Open-Meteo Historical Weather API
Gujarat,Ahmadabad,22.761087559557858,72.24774386705248,Ahmadabad,geoBoundaries India ADM2 centroid,2015,547.2,27.61,Calendar year; proxy for DES reporting year starting this year,Open-Meteo Historical Weather API
Gujarat,Ahmadabad,22.761087559557858,72.24774386705248,Ahmadabad,geoBoundaries India ADM2 centroid,2016,666.7,27.29,Calendar year; proxy for DES reporting year starting this year,Open-Meteo Historical Weather API
Gujarat,Ahmadabad,22.761087559557858,72.24774386705248,Ahmadabad,geoBoundaries India ADM2 centroid,2017,1133.7,27.52,Calendar year; proxy for DES reporting year starting this year,Open-Meteo Historical Weather API
Gujarat,Ahmadabad,22.761087559557858,72.24774386705248,Ahmadabad,geoBoundaries India ADM2 centroid,2018,779.2,27.64,Calendar year; proxy for DES reporting year starting this year,Open-Meteo Historical Weather API
Gujarat,Ahmadabad,22.761087559557858,72.24774386705248,Ahmadabad,geoBoundaries India ADM2 centroid,2019,1553.0,27.35,Calendar year; proxy for DES reporting year starting this year,Open-Meteo Historical Weather API
Gujarat,Ahmadabad,22.761087559557858,72.24774386705248,Ahmadabad,geoBoundaries India ADM2 centroid,2020,1047.7,27.42,Calendar year; proxy for DES reporting year starting this year,Open-Meteo Historical Weather API
Gujarat,Ahmadabad,22.761087559557858,72.24774386705248,Ahmadabad,geoBoundaries India ADM2 centroid,2021,1027.8,27.6,Calendar year; proxy for DES reporting year starting this year,Open-Meteo Historical Weather API
Gujarat,Ahmadabad,22.761087559557858,72.24774386705248,Ahmadabad,geoBoundaries India ADM2 centroid,2022,884.9,27.65,Calendar year; proxy for DES reporting year starting this year,Open-Meteo Historical Weather API
Gujarat,Ahmadabad,22.761087559557858,72.24774386705248,Ahmadabad,geoBoundaries India ADM2 centroid,2023,898.7,27.71,Calendar year; proxy for DES reporting year starting this year,Open-Meteo Historical Weather API
Uttar Pradesh,Gorakhpur,26.657933363649843,83.36138710543345,Gorakhpur,geoBoundaries India ADM2 centroid,2013,1242.4,24.55,Calendar year; proxy for DES reporting year starting this year,Open-Meteo Historical Weather API
Uttar Pradesh,Gorakhpur,26.657933363649843,83.36138710543345,Gorakhpur,geoBoundaries India ADM2 centroid,2014,1047.7,24.56,Calendar year; proxy for DES reporting year starting this year,Open-Meteo Historical Weather API
Uttar Pradesh,Gorakhpur,26.657933363649843,83.36138710543345,Gorakhpur,geoBoundaries India ADM2 centroid,2015,963.3,25.14,Calendar year; proxy for DES reporting year starting this year,Open-Meteo Historical Weather API
Uttar Pradesh,Gorakhpur,26.657933363649843,83.36138710543345,Gorakhpur,geoBoundaries India ADM2 centroid,2016,1273.5,25.63,Calendar year; proxy for DES reporting year starting this year,Open-Meteo Historical Weather API
Uttar Pradesh,Gorakhpur,26.657933363649843,83.36138710543345,Gorakhpur,geoBoundaries India ADM2 centroid,2017,1190.3,25.15,Calendar year; proxy for DES reporting year starting this year,Open-Meteo Historical Weather API
Uttar Pradesh,Gorakhpur,26.657933363649843,83.36138710543345,Gorakhpur,geoBoundaries India ADM2 centroid,2018,1121.0,24.79,Calendar year; proxy for DES reporting year starting this year,Open-Meteo Historical Weather API
Uttar Pradesh,Gorakhpur,26.657933363649843,83.36138710543345,Gorakhpur,geoBoundaries India ADM2 centroid,2019,1598.3,24.71,Calendar year; proxy for DES reporting year starting this year,Open-Meteo Historical Weather API
Uttar Pradesh,Gorakhpur,26.657933363649843,83.36138710543345,Gorakhpur,geoBoundaries India ADM2 centroid,2020,1771.1,23.77,Calendar year; proxy for DES reporting year starting this year,Open-Meteo Historical Weather API
Uttar Pradesh,Gorakhpur,26.657933363649843,83.36138710543345,Gorakhpur,geoBoundaries India ADM2 centroid,2021,1893.0,24.39,Calendar year; proxy for DES reporting year starting this year,Open-Meteo Historical Weather API
Uttar Pradesh,Gorakhpur,26.657933363649843,83.36138710543345,Gorakhpur,geoBoundaries India ADM2 centroid,2022,1443.9,24.35,Calendar year; proxy for DES reporting year starting this year,Open-Meteo Historical Weather API
Uttar Pradesh,Gorakhpur,26.657933363649843,83.36138710543345,Gorakhpur,geoBoundaries India ADM2 centroid,2023,1224.8,24.94,Calendar year; proxy for DES reporting year starting this year,Open-Meteo Historical Weather API
Telangana,Peddapalli,18.624808432708605,79.45751168510544,Peddapalli,geoBoundaries India ADM2 centroid,2013,1611.3,26.55,Calendar year; proxy for DES reporting year starting this year,Open-Meteo Historical Weather API
Telangana,Peddapalli,18.624808432708605,79.45751168510544,Peddapalli,geoBoundaries India ADM2 centroid,2014,1004.0,27.01,Calendar year; proxy for DES reporting year starting this year,Open-Meteo Historical Weather API
Telangana,Peddapalli,18.624808432708605,79.45751168510544,Peddapalli,geoBoundaries India ADM2 centroid,2015,709.8,27.55,Calendar year; proxy for DES reporting year starting this year,Open-Meteo Historical Weather API
Telangana,Peddapalli,18.624808432708605,79.45751168510544,Peddapalli,geoBoundaries India ADM2 centroid,2016,1233.4,27.55,Calendar year; proxy for DES reporting year starting this year,Open-Meteo Historical Weather API
Telangana,Peddapalli,18.624808432708605,79.45751168510544,Peddapalli,geoBoundaries India ADM2 centroid,2017,879.0,27.69,Calendar year; proxy for DES reporting year starting this year,Open-Meteo Historical Weather API
Telangana,Peddapalli,18.624808432708605,79.45751168510544,Peddapalli,geoBoundaries India ADM2 centroid,2018,1309.6,27.54,Calendar year; proxy for DES reporting year starting this year,Open-Meteo Historical Weather API
Telangana,Peddapalli,18.624808432708605,79.45751168510544,Peddapalli,geoBoundaries India ADM2 centroid,2019,1191.1,27.89,Calendar year; proxy for DES reporting year starting this year,Open-Meteo Historical Weather API
Telangana,Peddapalli,18.624808432708605,79.45751168510544,Peddapalli,geoBoundaries India ADM2 centroid,2020,1362.5,27.46,Calendar year; proxy for DES reporting year starting this year,Open-Meteo Historical Weather API
Telangana,Peddapalli,18.624808432708605,79.45751168510544,Peddapalli,geoBoundaries India ADM2 centroid,2021,1114.0,27.6,Calendar year; proxy for DES reporting year starting this year,Open-Meteo Historical Weather API
Telangana,Peddapalli,18.624808432708605,79.45751168510544,Peddapalli,geoBoundaries India ADM2 centroid,2022,1720.0,27.42,Calendar year; proxy for DES reporting year starting this year,Open-Meteo Historical Weather API
Telangana,Peddapalli,18.624808432708605,79.45751168510544,Peddapalli,geoBoundaries India ADM2 centroid,2023,1334.2,27.85,Calendar year; proxy for DES reporting year starting this year,Open-Meteo Historical Weather API
Haryana,Ambala,30.324767034623605,76.94225953222933,Ambala,geoBoundaries India ADM2 centroid,2013,1274.8,22.75,Calendar year; proxy for DES reporting year starting this year,Open-Meteo Historical Weather API
Haryana,Ambala,30.324767034623605,76.94225953222933,Ambala,geoBoundaries India ADM2 centroid,2014,924.3,23.03,Calendar year; proxy for DES reporting year starting this year,Open-Meteo Historical Weather API
Haryana,Ambala,30.324767034623605,76.94225953222933,Ambala,geoBoundaries India ADM2 centroid,2015,1361.7,23.05,Calendar year; proxy for DES reporting year starting this year,Open-Meteo Historical Weather API
Haryana,Ambala,30.324767034623605,76.94225953222933,Ambala,geoBoundaries India ADM2 centroid,2016,887.8,24.17,Calendar year; proxy for DES reporting year starting this year,Open-Meteo Historical Weather API
Haryana,Ambala,30.324767034623605,76.94225953222933,Ambala,geoBoundaries India ADM2 centroid,2017,894.0,23.52,Calendar year; proxy for DES reporting year starting this year,Open-Meteo Historical Weather API
Haryana,Ambala,30.324767034623605,76.94225953222933,Ambala,geoBoundaries India ADM2 centroid,2018,981.3,23.19,Calendar year; proxy for DES reporting year starting this year,Open-Meteo Historical Weather API
Haryana,Ambala,30.324767034623605,76.94225953222933,Ambala,geoBoundaries India ADM2 centroid,2019,1044.9,22.91,Calendar year; proxy for DES reporting year starting this year,Open-Meteo Historical Weather API
Haryana,Ambala,30.324767034623605,76.94225953222933,Ambala,geoBoundaries India ADM2 centroid,2020,1014.8,22.7,Calendar year; proxy for DES reporting year starting this year,Open-Meteo Historical Weather API
Haryana,Ambala,30.324767034623605,76.94225953222933,Ambala,geoBoundaries India ADM2 centroid,2021,812.5,23.2,Calendar year; proxy for DES reporting year starting this year,Open-Meteo Historical Weather API
Haryana,Ambala,30.324767034623605,76.94225953222933,Ambala,geoBoundaries India ADM2 centroid,2022,898.9,23.58,Calendar year; proxy for DES reporting year starting this year,Open-Meteo Historical Weather API
Haryana,Ambala,30.324767034623605,76.94225953222933,Ambala,geoBoundaries India ADM2 centroid,2023,1132.2,22.77,Calendar year; proxy for DES reporting year starting this year,Open-Meteo Historical Weather API
Odisha,Bhadrak,20.98681828107341,86.6195769186693,Bhadrak,geoBoundaries India ADM2 centroid,2013,1669.7,26.3,Calendar year; proxy for DES reporting year starting this year,Open-Meteo Historical Weather API
Odisha,Bhadrak,20.98681828107341,86.6195769186693,Bhadrak,geoBoundaries India ADM2 centroid,2014,1465.6,26.58,Calendar year; proxy for DES reporting year starting this year,Open-Meteo Historical Weather API
Odisha,Bhadrak,20.98681828107341,86.6195769186693,Bhadrak,geoBoundaries India ADM2 centroid,2015,1671.3,26.68,Calendar year; proxy for DES reporting year starting this year,Open-Meteo Historical Weather API
Odisha,Bhadrak,20.98681828107341,86.6195769186693,Bhadrak,geoBoundaries India ADM2 centroid,2016,1493.1,27.01,Calendar year; proxy for DES reporting year starting this year,Open-Meteo Historical Weather API
Odisha,Bhadrak,20.98681828107341,86.6195769186693,Bhadrak,geoBoundaries India ADM2 centroid,2017,1995.3,26.55,Calendar year; proxy for DES reporting year starting this year,Open-Meteo Historical Weather API
Odisha,Bhadrak,20.98681828107341,86.6195769186693,Bhadrak,geoBoundaries India ADM2 centroid,2018,1995.0,26.25,Calendar year; proxy for DES reporting year starting this year,Open-Meteo Historical Weather API
Odisha,Bhadrak,20.98681828107341,86.6195769186693,Bhadrak,geoBoundaries India ADM2 centroid,2019,2158.5,26.42,Calendar year; proxy for DES reporting year starting this year,Open-Meteo Historical Weather API
Odisha,Bhadrak,20.98681828107341,86.6195769186693,Bhadrak,geoBoundaries India ADM2 centroid,2020,1768.3,26.24,Calendar year; proxy for DES reporting year starting this year,Open-Meteo Historical Weather API
Odisha,Bhadrak,20.98681828107341,86.6195769186693,Bhadrak,geoBoundaries India ADM2 centroid,2021,1842.3,26.68,Calendar year; proxy for DES reporting year starting this year,Open-Meteo Historical Weather API
Odisha,Bhadrak,20.98681828107341,86.6195769186693,Bhadrak,geoBoundaries India ADM2 centroid,2022,1564.9,26.64,Calendar year; proxy for DES reporting year starting this year,Open-Meteo Historical Weather API
Odisha,Bhadrak,20.98681828107341,86.6195769186693,Bhadrak,geoBoundaries India ADM2 centroid,2023,1654.1,27.22,Calendar year; proxy for DES reporting year starting this year,Open-Meteo Historical Weather API
Odisha,Koraput,18.814848720083674,82.72099035697273,Koraput,geoBoundaries India ADM2 centroid,2013,2005.5,22.32,Calendar year; proxy for DES reporting year starting this year,Open-Meteo Historical Weather API
Odisha,Koraput,18.814848720083674,82.72099035697273,Koraput,geoBoundaries India ADM2 centroid,2014,1582.0,22.35,Calendar year; proxy for DES reporting year starting this year,Open-Meteo Historical Weather API
Odisha,Koraput,18.814848720083674,82.72099035697273,Koraput,geoBoundaries India ADM2 centroid,2015,1614.3,22.7,Calendar year; proxy for DES reporting year starting this year,Open-Meteo Historical Weather API
Odisha,Koraput,18.814848720083674,82.72099035697273,Koraput,geoBoundaries India ADM2 centroid,2016,1721.5,22.99,Calendar year; proxy for DES reporting year starting this year,Open-Meteo Historical Weather API
Odisha,Koraput,18.814848720083674,82.72099035697273,Koraput,geoBoundaries India ADM2 centroid,2017,1325.9,22.75,Calendar year; proxy for DES reporting year starting this year,Open-Meteo Historical Weather API
Odisha,Koraput,18.814848720083674,82.72099035697273,Koraput,geoBoundaries India ADM2 centroid,2018,1928.8,22.19,Calendar year; proxy for DES reporting year starting this year,Open-Meteo Historical Weather API
Odisha,Koraput,18.814848720083674,82.72099035697273,Koraput,geoBoundaries India ADM2 centroid,2019,1600.6,22.82,Calendar year; proxy for DES reporting year starting this year,Open-Meteo Historical Weather API
Odisha,Koraput,18.814848720083674,82.72099035697273,Koraput,geoBoundaries India ADM2 centroid,2020,1636.0,22.36,Calendar year; proxy for DES reporting year starting this year,Open-Meteo Historical Weather API
Odisha,Koraput,18.814848720083674,82.72099035697273,Koraput,geoBoundaries India ADM2 centroid,2021,1368.4,22.49,Calendar year; proxy for DES reporting year starting this year,Open-Meteo Historical Weather API
Odisha,Koraput,18.814848720083674,82.72099035697273,Koraput,geoBoundaries India ADM2 centroid,2022,1301.9,22.63,Calendar year; proxy for DES reporting year starting this year,Open-Meteo Historical Weather API
Odisha,Koraput,18.814848720083674,82.72099035697273,Koraput,geoBoundaries India ADM2 centroid,2023,1579.9,22.77,Calendar year; proxy for DES reporting year starting this year,Open-Meteo Historical Weather API
Madhya Pradesh,Mandla,22.637601835407033,80.50142516171897,Mandla,geoBoundaries India ADM2 centroid,2013,1445.6,24.8,Calendar year; proxy for DES reporting year starting this year,Open-Meteo Historical Weather API
Madhya Pradesh,Mandla,22.637601835407033,80.50142516171897,Mandla,geoBoundaries India ADM2 centroid,2014,944.7,25.25,Calendar year; proxy for DES reporting year starting this year,Open-Meteo Historical Weather API
Madhya Pradesh,Mandla,22.637601835407033,80.50142516171897,Mandla,geoBoundaries India ADM2 centroid,2015,1184.8,25.32,Calendar year; proxy for DES reporting year starting this year,Open-Meteo Historical Weather API
Madhya Pradesh,Mandla,22.637601835407033,80.50142516171897,Mandla,geoBoundaries India ADM2 centroid,2016,1687.5,25.69,Calendar year; proxy for DES reporting year starting this year,Open-Meteo Historical Weather API
Madhya Pradesh,Mandla,22.637601835407033,80.50142516171897,Mandla,geoBoundaries India ADM2 centroid,2017,1067.3,25.15,Calendar year; proxy for DES reporting year starting this year,Open-Meteo Historical Weather API
Madhya Pradesh,Mandla,22.637601835407033,80.50142516171897,Mandla,geoBoundaries India ADM2 centroid,2018,1313.6,24.79,Calendar year; proxy for DES reporting year starting this year,Open-Meteo Historical Weather API
Madhya Pradesh,Mandla,22.637601835407033,80.50142516171897,Mandla,geoBoundaries India ADM2 centroid,2019,1875.3,25.04,Calendar year; proxy for DES reporting year starting this year,Open-Meteo Historical Weather API
Madhya Pradesh,Mandla,22.637601835407033,80.50142516171897,Mandla,geoBoundaries India ADM2 centroid,2020,1725.3,24.13,Calendar year; proxy for DES reporting year starting this year,Open-Meteo Historical Weather API
Madhya Pradesh,Mandla,22.637601835407033,80.50142516171897,Mandla,geoBoundaries India ADM2 centroid,2021,1244.7,24.55,Calendar year; proxy for DES reporting year starting this year,Open-Meteo Historical Weather API
Madhya Pradesh,Mandla,22.637601835407033,80.50142516171897,Mandla,geoBoundaries India ADM2 centroid,2022,1676.1,24.72,Calendar year; proxy for DES reporting year starting this year,Open-Meteo Historical Weather API
Madhya Pradesh,Mandla,22.637601835407033,80.50142516171897,Mandla,geoBoundaries India ADM2 centroid,2023,1423.9,24.89,Calendar year; proxy for DES reporting year starting this year,Open-Meteo Historical Weather API
Bihar,Darbhanga,26.08719175541917,86.0478020880389,Darbhanga,geoBoundaries India ADM2 centroid,2013,1461.6,24.73,Calendar year; proxy for DES reporting year starting this year,Open-Meteo Historical Weather API
Bihar,Darbhanga,26.08719175541917,86.0478020880389,Darbhanga,geoBoundaries India ADM2 centroid,2014,1234.6,24.92,Calendar year; proxy for DES reporting year starting this year,Open-Meteo Historical Weather API
Bihar,Darbhanga,26.08719175541917,86.0478020880389,Darbhanga,geoBoundaries India ADM2 centroid,2015,1187.9,25.26,Calendar year; proxy for DES reporting year starting this year,Open-Meteo Historical Weather API
Bihar,Darbhanga,26.08719175541917,86.0478020880389,Darbhanga,geoBoundaries India ADM2 centroid,2016,1452.4,25.54,Calendar year; proxy for DES reporting year starting this year,Open-Meteo Historical Weather API
Bihar,Darbhanga,26.08719175541917,86.0478020880389,Darbhanga,geoBoundaries India ADM2 centroid,2017,1690.4,24.67,Calendar year; proxy for DES reporting year starting this year,Open-Meteo Historical Weather API
Bihar,Darbhanga,26.08719175541917,86.0478020880389,Darbhanga,geoBoundaries India ADM2 centroid,2018,1076.6,24.55,Calendar year; proxy for DES reporting year starting this year,Open-Meteo Historical Weather API
Bihar,Darbhanga,26.08719175541917,86.0478020880389,Darbhanga,geoBoundaries India ADM2 centroid,2019,1819.7,24.86,Calendar year; proxy for DES reporting year starting this year,Open-Meteo Historical Weather API
Bihar,Darbhanga,26.08719175541917,86.0478020880389,Darbhanga,geoBoundaries India ADM2 centroid,2020,1821.9,24.18,Calendar year; proxy for DES reporting year starting this year,Open-Meteo Historical Weather API
Bihar,Darbhanga,26.08719175541917,86.0478020880389,Darbhanga,geoBoundaries India ADM2 centroid,2021,1884.4,24.59,Calendar year; proxy for DES reporting year starting this year,Open-Meteo Historical Weather API
Bihar,Darbhanga,26.08719175541917,86.0478020880389,Darbhanga,geoBoundaries India ADM2 centroid,2022,1362.4,24.27,Calendar year; proxy for DES reporting year starting this year,Open-Meteo Historical Weather API
Bihar,Darbhanga,26.08719175541917,86.0478020880389,Darbhanga,geoBoundaries India ADM2 centroid,2023,1443.8,25.08,Calendar year; proxy for DES reporting year starting this year,Open-Meteo Historical Weather API
Telangana,Sangareddy,17.785977142843986,77.87429819521883,Sangareddy,geoBoundaries India ADM2 centroid,2013,1104.8,25.78,Calendar year; proxy for DES reporting year starting this year,Open-Meteo Historical Weather API
Telangana,Sangareddy,17.785977142843986,77.87429819521883,Sangareddy,geoBoundaries India ADM2 centroid,2014,808.3,26.06,Calendar year; proxy for DES reporting year starting this year,Open-Meteo Historical Weather API
Telangana,Sangareddy,17.785977142843986,77.87429819521883,Sangareddy,geoBoundaries India ADM2 centroid,2015,644.7,26.43,Calendar year; proxy for DES reporting year starting this year,Open-Meteo Historical Weather API
Telangana,Sangareddy,17.785977142843986,77.87429819521883,Sangareddy,geoBoundaries India ADM2 centroid,2016,1089.2,26.48,Calendar year; proxy for DES reporting year starting this year,Open-Meteo Historical Weather API
Telangana,Sangareddy,17.785977142843986,77.87429819521883,Sangareddy,geoBoundaries India ADM2 centroid,2017,799.6,26.13,Calendar year; proxy for DES reporting year starting this year,Open-Meteo Historical Weather API
Telangana,Sangareddy,17.785977142843986,77.87429819521883,Sangareddy,geoBoundaries India ADM2 centroid,2018,719.7,25.78,Calendar year; proxy for DES reporting year starting this year,Open-Meteo Historical Weather API
Telangana,Sangareddy,17.785977142843986,77.87429819521883,Sangareddy,geoBoundaries India ADM2 centroid,2019,885.5,26.25,Calendar year; proxy for DES reporting year starting this year,Open-Meteo Historical Weather API
Telangana,Sangareddy,17.785977142843986,77.87429819521883,Sangareddy,geoBoundaries India ADM2 centroid,2020,1069.4,26.07,Calendar year; proxy for DES reporting year starting this year,Open-Meteo Historical Weather API
Telangana,Sangareddy,17.785977142843986,77.87429819521883,Sangareddy,geoBoundaries India ADM2 centroid,2021,1025.0,25.76,Calendar year; proxy for DES reporting year starting this year,Open-Meteo Historical Weather API
Telangana,Sangareddy,17.785977142843986,77.87429819521883,Sangareddy,geoBoundaries India ADM2 centroid,2022,984.5,26.02,Calendar year; proxy for DES reporting year starting this year,Open-Meteo Historical Weather API
Telangana,Sangareddy,17.785977142843986,77.87429819521883,Sangareddy,geoBoundaries India ADM2 centroid,2023,932.0,26.11,Calendar year; proxy for DES reporting year starting this year,Open-Meteo Historical Weather API
Karnataka,Udupi,13.522149514093462,74.87521285794242,Udupi,geoBoundaries India ADM2 centroid,2013,4352.4,26.01,Calendar year; proxy for DES reporting year starting this year,Open-Meteo Historical Weather API
Karnataka,Udupi,13.522149514093462,74.87521285794242,Udupi,geoBoundaries India ADM2 centroid,2014,3797.0,26.38,Calendar year; proxy for DES reporting year starting this year,Open-Meteo Historical Weather API
Karnataka,Udupi,13.522149514093462,74.87521285794242,Udupi,geoBoundaries India ADM2 centroid,2015,3016.0,26.33,Calendar year; proxy for DES reporting year starting this year,Open-Meteo Historical Weather API
Karnataka,Udupi,13.522149514093462,74.87521285794242,Udupi,geoBoundaries India ADM2 centroid,2016,3182.4,26.4,Calendar year; proxy for DES reporting year starting this year,Open-Meteo Historical Weather API
Karnataka,Udupi,13.522149514093462,74.87521285794242,Udupi,geoBoundaries India ADM2 centroid,2017,2743.4,27.14,Calendar year; proxy for DES reporting year starting this year,Open-Meteo Historical Weather API
Karnataka,Udupi,13.522149514093462,74.87521285794242,Udupi,geoBoundaries India ADM2 centroid,2018,2711.4,26.85,Calendar year; proxy for DES reporting year starting this year,Open-Meteo Historical Weather API
Karnataka,Udupi,13.522149514093462,74.87521285794242,Udupi,geoBoundaries India ADM2 centroid,2019,3252.0,27.23,Calendar year; proxy for DES reporting year starting this year,Open-Meteo Historical Weather API
Karnataka,Udupi,13.522149514093462,74.87521285794242,Udupi,geoBoundaries India ADM2 centroid,2020,3776.7,27.29,Calendar year; proxy for DES reporting year starting this year,Open-Meteo Historical Weather API
Karnataka,Udupi,13.522149514093462,74.87521285794242,Udupi,geoBoundaries India ADM2 centroid,2021,4436.8,26.6,Calendar year; proxy for DES reporting year starting this year,Open-Meteo Historical Weather API
Karnataka,Udupi,13.522149514093462,74.87521285794242,Udupi,geoBoundaries India ADM2 centroid,2022,3873.0,26.4,Calendar year; proxy for DES reporting year starting this year,Open-Meteo Historical Weather API
Karnataka,Udupi,13.522149514093462,74.87521285794242,Udupi,geoBoundaries India ADM2 centroid,2023,2662.9,27.28,Calendar year; proxy for DES reporting year starting this year,Open-Meteo Historical Weather API
Bihar,Saran,25.913214622510562,84.81564111334738,Saran,geoBoundaries India ADM2 centroid,2013,1224.3,24.91,Calendar year; proxy for DES reporting year starting this year,Open-Meteo Historical Weather API
Bihar,Saran,25.913214622510562,84.81564111334738,Saran,geoBoundaries India ADM2 centroid,2014,963.8,25.07,Calendar year; proxy for DES reporting year starting this year,Open-Meteo Historical Weather API
Bihar,Saran,25.913214622510562,84.81564111334738,Saran,geoBoundaries India ADM2 centroid,2015,863.5,25.69,Calendar year; proxy for DES reporting year starting this year,Open-Meteo Historical Weather API
Bihar,Saran,25.913214622510562,84.81564111334738,Saran,geoBoundaries India ADM2 centroid,2016,1229.2,26.03,Calendar year; proxy for DES reporting year starting this year,Open-Meteo Historical Weather API
Bihar,Saran,25.913214622510562,84.81564111334738,Saran,geoBoundaries India ADM2 centroid,2017,1446.1,25.34,Calendar year; proxy for DES reporting year starting this year,Open-Meteo Historical Weather API
Bihar,Saran,25.913214622510562,84.81564111334738,Saran,geoBoundaries India ADM2 centroid,2018,970.4,25.21,Calendar year; proxy for DES reporting year starting this year,Open-Meteo Historical Weather API
Bihar,Saran,25.913214622510562,84.81564111334738,Saran,geoBoundaries India ADM2 centroid,2019,1308.5,25.34,Calendar year; proxy for DES reporting year starting this year,Open-Meteo Historical Weather API
Bihar,Saran,25.913214622510562,84.81564111334738,Saran,geoBoundaries India ADM2 centroid,2020,1686.1,24.33,Calendar year; proxy for DES reporting year starting this year,Open-Meteo Historical Weather API
Bihar,Saran,25.913214622510562,84.81564111334738,Saran,geoBoundaries India ADM2 centroid,2021,1869.4,24.89,Calendar year; proxy for DES reporting year starting this year,Open-Meteo Historical Weather API
Bihar,Saran,25.913214622510562,84.81564111334738,Saran,geoBoundaries India ADM2 centroid,2022,1173.2,24.88,Calendar year; proxy for DES reporting year starting this year,Open-Meteo Historical Weather API
Bihar,Saran,25.913214622510562,84.81564111334738,Saran,geoBoundaries India ADM2 centroid,2023,1196.3,25.44,Calendar year; proxy for DES reporting year starting this year,Open-Meteo Historical Weather API
Uttar Pradesh,Kaushambi,25.497477705937275,81.41806298228751,Kaushambi,geoBoundaries India ADM2 centroid,2013,1273.1,25.17,Calendar year; proxy for DES reporting year starting this year,Open-Meteo Historical Weather API
Uttar Pradesh,Kaushambi,25.497477705937275,81.41806298228751,Kaushambi,geoBoundaries India ADM2 centroid,2014,847.8,25.34,Calendar year; proxy for DES reporting year starting this year,Open-Meteo Historical Weather API
Uttar Pradesh,Kaushambi,25.497477705937275,81.41806298228751,Kaushambi,geoBoundaries India ADM2 centroid,2015,771.2,25.96,Calendar year; proxy for DES reporting year starting this year,Open-Meteo Historical Weather API
Uttar Pradesh,Kaushambi,25.497477705937275,81.41806298228751,Kaushambi,geoBoundaries India ADM2 centroid,2016,1045.8,26.35,Calendar year; proxy for DES reporting year starting this year,Open-Meteo Historical Weather API
Uttar Pradesh,Kaushambi,25.497477705937275,81.41806298228751,Kaushambi,geoBoundaries India ADM2 centroid,2017,994.2,26.24,Calendar year; proxy for DES reporting year starting this year,Open-Meteo Historical Weather API
Uttar Pradesh,Kaushambi,25.497477705937275,81.41806298228751,Kaushambi,geoBoundaries India ADM2 centroid,2018,1202.4,26.0,Calendar year; proxy for DES reporting year starting this year,Open-Meteo Historical Weather API
Uttar Pradesh,Kaushambi,25.497477705937275,81.41806298228751,Kaushambi,geoBoundaries India ADM2 centroid,2019,1498.7,25.82,Calendar year; proxy for DES reporting year starting this year,Open-Meteo Historical Weather API
Uttar Pradesh,Kaushambi,25.497477705937275,81.41806298228751,Kaushambi,geoBoundaries India ADM2 centroid,2020,1178.0,25.05,Calendar year; proxy for DES reporting year starting this year,Open-Meteo Historical Weather API
Uttar Pradesh,Kaushambi,25.497477705937275,81.41806298228751,Kaushambi,geoBoundaries India ADM2 centroid,2021,1299.1,25.23,Calendar year; proxy for DES reporting year starting this year,Open-Meteo Historical Weather API
Uttar Pradesh,Kaushambi,25.497477705937275,81.41806298228751,Kaushambi,geoBoundaries India ADM2 centroid,2022,1089.7,25.82,Calendar year; proxy for DES reporting year starting this year,Open-Meteo Historical Weather API
Uttar Pradesh,Kaushambi,25.497477705937275,81.41806298228751,Kaushambi,geoBoundaries India ADM2 centroid,2023,979.3,25.44,Calendar year; proxy for DES reporting year starting this year,Open-Meteo Historical Weather API
Uttar Pradesh,Varanasi,25.38869795669767,82.91767105175711,Varanasi,geoBoundaries India ADM2 centroid,2013,966.8,25.08,Calendar year; proxy for DES reporting year starting this year,Open-Meteo Historical Weather API
Uttar Pradesh,Varanasi,25.38869795669767,82.91767105175711,Varanasi,geoBoundaries India ADM2 centroid,2014,775.3,25.31,Calendar year; proxy for DES reporting year starting this year,Open-Meteo Historical Weather API
Uttar Pradesh,Varanasi,25.38869795669767,82.91767105175711,Varanasi,geoBoundaries India ADM2 centroid,2015,859.9,25.85,Calendar year; proxy for DES reporting year starting this year,Open-Meteo Historical Weather API
Uttar Pradesh,Varanasi,25.38869795669767,82.91767105175711,Varanasi,geoBoundaries India ADM2 centroid,2016,1135.5,26.02,Calendar year; proxy for DES reporting year starting this year,Open-Meteo Historical Weather API
Uttar Pradesh,Varanasi,25.38869795669767,82.91767105175711,Varanasi,geoBoundaries India ADM2 centroid,2017,1096.5,25.89,Calendar year; proxy for DES reporting year starting this year,Open-Meteo Historical Weather API
Uttar Pradesh,Varanasi,25.38869795669767,82.91767105175711,Varanasi,geoBoundaries India ADM2 centroid,2018,1178.2,25.67,Calendar year; proxy for DES reporting year starting this year,Open-Meteo Historical Weather API
Uttar Pradesh,Varanasi,25.38869795669767,82.91767105175711,Varanasi,geoBoundaries India ADM2 centroid,2019,1546.9,25.78,Calendar year; proxy for DES reporting year starting this year,Open-Meteo Historical Weather API
Uttar Pradesh,Varanasi,25.38869795669767,82.91767105175711,Varanasi,geoBoundaries India ADM2 centroid,2020,1600.7,24.93,Calendar year; proxy for DES reporting year starting this year,Open-Meteo Historical Weather API
Uttar Pradesh,Varanasi,25.38869795669767,82.91767105175711,Varanasi,geoBoundaries India ADM2 centroid,2021,1596.7,25.14,Calendar year; proxy for DES reporting year starting this year,Open-Meteo Historical Weather API
Uttar Pradesh,Varanasi,25.38869795669767,82.91767105175711,Varanasi,geoBoundaries India ADM2 centroid,2022,1128.4,25.82,Calendar year; proxy for DES reporting year starting this year,Open-Meteo Historical Weather API
Uttar Pradesh,Varanasi,25.38869795669767,82.91767105175711,Varanasi,geoBoundaries India ADM2 centroid,2023,1067.1,25.69,Calendar year; proxy for DES reporting year starting this year,Open-Meteo Historical Weather API
Gujarat,Surat,21.262249920894366,73.06937941690983,Surat,geoBoundaries India ADM2 centroid,2013,1822.0,26.68,Calendar year; proxy for DES reporting year starting this year,Open-Meteo Historical Weather API
Gujarat,Surat,21.262249920894366,73.06937941690983,Surat,geoBoundaries India ADM2 centroid,2014,838.2,27.35,Calendar year; proxy for DES reporting year starting this year,Open-Meteo Historical Weather API
Gujarat,Surat,21.262249920894366,73.06937941690983,Surat,geoBoundaries India ADM2 centroid,2015,836.8,27.2,Calendar year; proxy for DES reporting year starting this year,Open-Meteo Historical Weather API
Gujarat,Surat,21.262249920894366,73.06937941690983,Surat,geoBoundaries India ADM2 centroid,2016,962.0,27.07,Calendar year; proxy for DES reporting year starting this year,Open-Meteo Historical Weather API
Gujarat,Surat,21.262249920894366,73.06937941690983,Surat,geoBoundaries India ADM2 centroid,2017,1110.7,27.42,Calendar year; proxy for DES reporting year starting this year,Open-Meteo Historical Weather API
Gujarat,Surat,21.262249920894366,73.06937941690983,Surat,geoBoundaries India ADM2 centroid,2018,857.8,27.99,Calendar year; proxy for DES reporting year starting this year,Open-Meteo Historical Weather API
Gujarat,Surat,21.262249920894366,73.06937941690983,Surat,geoBoundaries India ADM2 centroid,2019,1571.8,27.51,Calendar year; proxy for DES reporting year starting this year,Open-Meteo Historical Weather API
Gujarat,Surat,21.262249920894366,73.06937941690983,Surat,geoBoundaries India ADM2 centroid,2020,1245.5,27.58,Calendar year; proxy for DES reporting year starting this year,Open-Meteo Historical Weather API
Gujarat,Surat,21.262249920894366,73.06937941690983,Surat,geoBoundaries India ADM2 centroid,2021,1588.2,27.21,Calendar year; proxy for DES reporting year starting this year,Open-Meteo Historical Weather API
Gujarat,Surat,21.262249920894366,73.06937941690983,Surat,geoBoundaries India ADM2 centroid,2022,1434.1,27.15,Calendar year; proxy for DES reporting year starting this year,Open-Meteo Historical Weather API
Gujarat,Surat,21.262249920894366,73.06937941690983,Surat,geoBoundaries India ADM2 centroid,2023,1093.6,27.48,Calendar year; proxy for DES reporting year starting this year,Open-Meteo Historical Weather API
Madhya Pradesh,Umaria,23.55386507564919,80.97226374564003,Umaria,geoBoundaries India ADM2 centroid,2013,1236.3,24.03,Calendar year; proxy for DES reporting year starting this year,Open-Meteo Historical Weather API
Madhya Pradesh,Umaria,23.55386507564919,80.97226374564003,Umaria,geoBoundaries India ADM2 centroid,2014,1027.4,24.26,Calendar year; proxy for DES reporting year starting this year,Open-Meteo Historical Weather API
Madhya Pradesh,Umaria,23.55386507564919,80.97226374564003,Umaria,geoBoundaries India ADM2 centroid,2015,998.7,24.5,Calendar year; proxy for DES reporting year starting this year,Open-Meteo Historical Weather API
Madhya Pradesh,Umaria,23.55386507564919,80.97226374564003,Umaria,geoBoundaries India ADM2 centroid,2016,1462.4,24.97,Calendar year; proxy for DES reporting year starting this year,Open-Meteo Historical Weather API
Madhya Pradesh,Umaria,23.55386507564919,80.97226374564003,Umaria,geoBoundaries India ADM2 centroid,2017,1176.4,25.52,Calendar year; proxy for DES reporting year starting this year,Open-Meteo Historical Weather API
Madhya Pradesh,Umaria,23.55386507564919,80.97226374564003,Umaria,geoBoundaries India ADM2 centroid,2018,1224.8,25.37,Calendar year; proxy for DES reporting year starting this year,Open-Meteo Historical Weather API
Madhya Pradesh,Umaria,23.55386507564919,80.97226374564003,Umaria,geoBoundaries India ADM2 centroid,2019,1498.3,25.13,Calendar year; proxy for DES reporting year starting this year,Open-Meteo Historical Weather API
Madhya Pradesh,Umaria,23.55386507564919,80.97226374564003,Umaria,geoBoundaries India ADM2 centroid,2020,1330.7,24.5,Calendar year; proxy for DES reporting year starting this year,Open-Meteo Historical Weather API
Madhya Pradesh,Umaria,23.55386507564919,80.97226374564003,Umaria,geoBoundaries India ADM2 centroid,2021,1214.0,24.69,Calendar year; proxy for DES reporting year starting this year,Open-Meteo Historical Weather API
Madhya Pradesh,Umaria,23.55386507564919,80.97226374564003,Umaria,geoBoundaries India ADM2 centroid,2022,1278.2,25.06,Calendar year; proxy for DES reporting year starting this year,Open-Meteo Historical Weather API
Madhya Pradesh,Umaria,23.55386507564919,80.97226374564003,Umaria,geoBoundaries India ADM2 centroid,2023,1181.7,24.82,Calendar year; proxy for DES reporting year starting this year,Open-Meteo Historical Weather API
Assam,Dhemaji,27.574113623764195,94.76343796974326,Dhemaji,geoBoundaries India ADM2 centroid,2013,2626.6,23.24,Calendar year; proxy for DES reporting year starting this year,Open-Meteo Historical Weather API
Assam,Dhemaji,27.574113623764195,94.76343796974326,Dhemaji,geoBoundaries India ADM2 centroid,2014,2372.2,23.36,Calendar year; proxy for DES reporting year starting this year,Open-Meteo Historical Weather API
Assam,Dhemaji,27.574113623764195,94.76343796974326,Dhemaji,geoBoundaries India ADM2 centroid,2015,2645.8,23.16,Calendar year; proxy for DES reporting year starting this year,Open-Meteo Historical Weather API
Assam,Dhemaji,27.574113623764195,94.76343796974326,Dhemaji,geoBoundaries India ADM2 centroid,2016,2693.5,23.35,Calendar year; proxy for DES reporting year starting this year,Open-Meteo Historical Weather API
Assam,Dhemaji,27.574113623764195,94.76343796974326,Dhemaji,geoBoundaries India ADM2 centroid,2017,3714.3,23.03,Calendar year; proxy for DES reporting year starting this year,Open-Meteo Historical Weather API
Assam,Dhemaji,27.574113623764195,94.76343796974326,Dhemaji,geoBoundaries India ADM2 centroid,2018,3615.4,22.54,Calendar year; proxy for DES reporting year starting this year,Open-Meteo Historical Weather API
Assam,Dhemaji,27.574113623764195,94.76343796974326,Dhemaji,geoBoundaries India ADM2 centroid,2019,3800.3,22.75,Calendar year; proxy for DES reporting year starting this year,Open-Meteo Historical Weather API
Assam,Dhemaji,27.574113623764195,94.76343796974326,Dhemaji,geoBoundaries India ADM2 centroid,2020,3886.7,22.65,Calendar year; proxy for DES reporting year starting this year,Open-Meteo Historical Weather API
Assam,Dhemaji,27.574113623764195,94.76343796974326,Dhemaji,geoBoundaries India ADM2 centroid,2021,2465.4,23.2,Calendar year; proxy for DES reporting year starting this year,Open-Meteo Historical Weather API
Assam,Dhemaji,27.574113623764195,94.76343796974326,Dhemaji,geoBoundaries India ADM2 centroid,2022,4671.4,22.57,Calendar year; proxy for DES reporting year starting this year,Open-Meteo Historical Weather API
Assam,Dhemaji,27.574113623764195,94.76343796974326,Dhemaji,geoBoundaries India ADM2 centroid,2023,4257.1,22.92,Calendar year; proxy for DES reporting year starting this year,Open-Meteo Historical Weather API
Tripura,Gomati,23.520677564038273,91.63393778534265,Gomati,geoBoundaries India ADM2 centroid,2013,2063.1,24.79,Calendar year; proxy for DES reporting year starting this year,Open-Meteo Historical Weather API
Tripura,Gomati,23.520677564038273,91.63393778534265,Gomati,geoBoundaries India ADM2 centroid,2014,1490.2,25.1,Calendar year; proxy for DES reporting year starting this year,Open-Meteo Historical Weather API
Tripura,Gomati,23.520677564038273,91.63393778534265,Gomati,geoBoundaries India ADM2 centroid,2015,2365.3,24.85,Calendar year; proxy for DES reporting year starting this year,Open-Meteo Historical Weather API
Tripura,Gomati,23.520677564038273,91.63393778534265,Gomati,geoBoundaries India ADM2 centroid,2016,2317.1,25.17,Calendar year; proxy for DES reporting year starting this year,Open-Meteo Historical Weather API
Tripura,Gomati,23.520677564038273,91.63393778534265,Gomati,geoBoundaries India ADM2 centroid,2017,3023.0,24.43,Calendar year; proxy for DES reporting year starting this year,Open-Meteo Historical Weather API
Tripura,Gomati,23.520677564038273,91.63393778534265,Gomati,geoBoundaries India ADM2 centroid,2018,1914.6,24.09,Calendar year; proxy for DES reporting year starting this year,Open-Meteo Historical Weather API
Tripura,Gomati,23.520677564038273,91.63393778534265,Gomati,geoBoundaries India ADM2 centroid,2019,1751.3,24.56,Calendar year; proxy for DES reporting year starting this year,Open-Meteo Historical Weather API
Tripura,Gomati,23.520677564038273,91.63393778534265,Gomati,geoBoundaries India ADM2 centroid,2020,1954.9,24.49,Calendar year; proxy for DES reporting year starting this year,Open-Meteo Historical Weather API
Tripura,Gomati,23.520677564038273,91.63393778534265,Gomati,geoBoundaries India ADM2 centroid,2021,1853.7,24.96,Calendar year; proxy for DES reporting year starting this year,Open-Meteo Historical Weather API
Tripura,Gomati,23.520677564038273,91.63393778534265,Gomati,geoBoundaries India ADM2 centroid,2022,1477.5,24.94,Calendar year; proxy for DES reporting year starting this year,Open-Meteo Historical Weather API
Tripura,Gomati,23.520677564038273,91.63393778534265,Gomati,geoBoundaries India ADM2 centroid,2023,1711.4,25.26,Calendar year; proxy for DES reporting year starting this year,Open-Meteo Historical Weather API
